省份,年份,月份,年月,供应链环节,抽检总批次数,合格批次数,不合格批次数,AFB1相关记录数,AFB1相关不合格批次数,浓度可用记录数,不合格率,AFB1相关不合格率,数据完整性标记,年月排序,总体不合格_观测成功数,总体不合格_观测试验数,总体不合格_观测率,总体不合格_先验alpha,总体不合格_先验beta,总体不合格_先验均值,总体不合格_先验方差,总体不合格_先验95下限_正态近似,总体不合格_先验95上限_正态近似,总体不合格_后验alpha,总体不合格_后验beta,总体不合格_后验均值,总体不合格_后验方差,总体不合格_后验标准差,总体不合格_后验95下限_正态近似,总体不合格_后验95上限_正态近似,总体不合格_后验强度,总体不合格_风险等级_经验阈值,总体不合格_不确定性等级,总体不合格_较上期后验均值变化,总体不合格_本期是否更新,AFB1全样本不合格_观测成功数,AFB1全样本不合格_观测试验数,AFB1全样本不合格_观测率,AFB1全样本不合格_先验alpha,AFB1全样本不合格_先验beta,AFB1全样本不合格_先验均值,AFB1全样本不合格_先验方差,AFB1全样本不合格_先验95下限_正态近似,AFB1全样本不合格_先验95上限_正态近似,AFB1全样本不合格_后验alpha,AFB1全样本不合格_后验beta,AFB1全样本不合格_后验均值,AFB1全样本不合格_后验方差,AFB1全样本不合格_后验标准差,AFB1全样本不合格_后验95下限_正态近似,AFB1全样本不合格_后验95上限_正态近似,AFB1全样本不合格_后验强度,AFB1全样本不合格_风险等级_经验阈值,AFB1全样本不合格_不确定性等级,AFB1全样本不合格_较上期后验均值变化,AFB1全样本不合格_本期是否更新,AFB1条件不合格_观测成功数,AFB1条件不合格_观测试验数,AFB1条件不合格_观测率,AFB1条件不合格_先验alpha,AFB1条件不合格_先验beta,AFB1条件不合格_先验均值,AFB1条件不合格_先验方差,AFB1条件不合格_先验95下限_正态近似,AFB1条件不合格_先验95上限_正态近似,AFB1条件不合格_后验alpha,AFB1条件不合格_后验beta,AFB1条件不合格_后验均值,AFB1条件不合格_后验方差,AFB1条件不合格_后验标准差,AFB1条件不合格_后验95下限_正态近似,AFB1条件不合格_后验95上限_正态近似,AFB1条件不合格_后验强度,AFB1条件不合格_风险等级_经验阈值,AFB1条件不合格_不确定性等级,AFB1条件不合格_较上期后验均值变化,AFB1条件不合格_本期是否更新,状态ID,时间步序号,样本覆盖强度,AFB1记录覆盖强度,浓度可用率,总体观测不合格率,AFB1全样本观测不合格率,AFB1条件观测不合格率,belief_mdp_state_vector_columns
安徽,2024,1,2024-01,其他,1,0,1,1,1,1,1.0,1.0,基本完整,2024-01,1,1,1.0,1.0,1.0,0.5,0.08333333333333333,0.0,1.0,2.0,1.0,0.6666666666666666,0.05555555555555555,0.23570226039551584,0.2046902362914556,1.0,3.0,高,高,,True,1,1,1.0,1.0,1.0,0.5,0.08333333333333333,0.0,1.0,2.0,1.0,0.6666666666666666,0.05555555555555555,0.23570226039551584,0.2046902362914556,1.0,3.0,高,高,,True,1,1,1.0,1.0,1.0,0.5,0.08333333333333333,0.0,1.0,2.0,1.0,0.6666666666666666,0.05555555555555555,0.23570226039551584,0.2046902362914556,1.0,3.0,高,高,,True,安徽|其他|2024-01,1,0.6931471805599453,0.6931471805599453,1.0,1.0,1.0,1.0,"总体不合格_后验alpha,总体不合格_后验beta,总体不合格_后验均值,总体不合格_后验方差,AFB1全样本不合格_后验alpha,AFB1全样本不合格_后验beta,AFB1全样本不合格_后验均值,AFB1全样本不合格_后验方差,AFB1条件不合格_后验alpha,AFB1条件不合格_后验beta,AFB1条件不合格_后验均值,AFB1条件不合格_后验方差,抽检总批次数,AFB1相关记录数,浓度可用记录数,样本覆盖强度,AFB1记录覆盖强度,浓度可用率"
广西,2024,4,2024-04,其他,1,0,1,1,1,1,1.0,1.0,基本完整,2024-04,1,1,1.0,1.0,1.0,0.5,0.08333333333333333,0.0,1.0,2.0,1.0,0.6666666666666666,0.05555555555555555,0.23570226039551584,0.2046902362914556,1.0,3.0,高,高,,True,1,1,1.0,1.0,1.0,0.5,0.08333333333333333,0.0,1.0,2.0,1.0,0.6666666666666666,0.05555555555555555,0.23570226039551584,0.2046902362914556,1.0,3.0,高,高,,True,1,1,1.0,1.0,1.0,0.5,0.08333333333333333,0.0,1.0,2.0,1.0,0.6666666666666666,0.05555555555555555,0.23570226039551584,0.2046902362914556,1.0,3.0,高,高,,True,广西|其他|2024-04,1,0.6931471805599453,0.6931471805599453,1.0,1.0,1.0,1.0,"总体不合格_后验alpha,总体不合格_后验beta,总体不合格_后验均值,总体不合格_后验方差,AFB1全样本不合格_后验alpha,AFB1全样本不合格_后验beta,AFB1全样本不合格_后验均值,AFB1全样本不合格_后验方差,AFB1条件不合格_后验alpha,AFB1条件不合格_后验beta,AFB1条件不合格_后验均值,AFB1条件不合格_后验方差,抽检总批次数,AFB1相关记录数,浓度可用记录数,样本覆盖强度,AFB1记录覆盖强度,浓度可用率"
海南,2024,7,2024-07,餐饮,1,0,1,1,1,1,1.0,1.0,基本完整,2024-07,1,1,1.0,1.95,3.7074999999999996,0.34467520989836503,0.033927782137421404,0.0,0.7056973253693124,2.95,3.7074999999999996,0.44310927525347354,0.03222506633206856,0.17951341546544247,0.09126298094120633,0.7949555695657408,6.6575,高,高,0.10122893337313166,True,1,1,1.0,1.95,3.7074999999999996,0.34467520989836503,0.033927782137421404,0.0,0.7056973253693124,2.95,3.7074999999999996,0.44310927525347354,0.03222506633206856,0.17951341546544247,0.09126298094120633,0.7949555695657408,6.6575,高,高,0.10122893337313166,True,1,1,1.0,1.95,1.0,0.6610169491525423,0.05672747900901457,0.19419333860886984,1.0,2.95,1.0,0.7468354430379747,0.03819641698186803,0.19543903648418867,0.3637749315289649,1.0,3.95,高,高,0.08016877637130804,True,海南|餐饮|2024-07,3,0.6931471805599453,0.6931471805599453,1.0,1.0,1.0,1.0,"总体不合格_后验alpha,总体不合格_后验beta,总体不合格_后验均值,总体不合格_后验方差,AFB1全样本不合格_后验alpha,AFB1全样本不合格_后验beta,AFB1全样本不合格_后验均值,AFB1全样本不合格_后验方差,AFB1条件不合格_后验alpha,AFB1条件不合格_后验beta,AFB1条件不合格_后验均值,AFB1条件不合格_后验方差,抽检总批次数,AFB1相关记录数,浓度可用记录数,样本覆盖强度,AFB1记录覆盖强度,浓度可用率"
海南,2023,9,2023-09,流通,1,1,0,0,0,0,0.0,,基本完整,2023-09,0,1,0.0,1.0,1.0,0.5,0.08333333333333333,0.0,1.0,1.0,2.0,0.3333333333333333,0.05555555555555555,0.23570226039551584,0.0,0.7953097637085443,3.0,高,高,,True,0,1,0.0,1.0,1.0,0.5,0.08333333333333333,0.0,1.0,1.0,2.0,0.3333333333333333,0.05555555555555555,0.23570226039551584,0.0,0.7953097637085443,3.0,高,高,,True,0,0,,1.0,1.0,0.5,0.08333333333333333,0.0,1.0,1.0,1.0,0.5,0.08333333333333333,0.28867513459481287,0.0,1.0,2.0,高,高,,False,海南|流通|2023-09,1,0.6931471805599453,0.0,,0.0,0.0,,"总体不合格_后验alpha,总体不合格_后验beta,总体不合格_后验均值,总体不合格_后验方差,AFB1全样本不合格_后验alpha,AFB1全样本不合格_后验beta,AFB1全样本不合格_后验均值,AFB1全样本不合格_后验方差,AFB1条件不合格_后验alpha,AFB1条件不合格_后验beta,AFB1条件不合格_后验均值,AFB1条件不合格_后验方差,抽检总批次数,AFB1相关记录数,浓度可用记录数,样本覆盖强度,AFB1记录覆盖强度,浓度可用率"
西藏,2024,12,2024-12,流通,1,1,0,0,0,0,0.0,,基本完整,2024-12,0,1,0.0,1.0,1.0,0.5,0.08333333333333333,0.0,1.0,1.0,2.0,0.3333333333333333,0.05555555555555555,0.23570226039551584,0.0,0.7953097637085443,3.0,高,高,,True,0,1,0.0,1.0,1.0,0.5,0.08333333333333333,0.0,1.0,1.0,2.0,0.3333333333333333,0.05555555555555555,0.23570226039551584,0.0,0.7953097637085443,3.0,高,高,,True,0,0,,1.0,1.0,0.5,0.08333333333333333,0.0,1.0,1.0,1.0,0.5,0.08333333333333333,0.28867513459481287,0.0,1.0,2.0,高,高,,False,西藏|流通|2024-12,1,0.6931471805599453,0.0,,0.0,0.0,,"总体不合格_后验alpha,总体不合格_后验beta,总体不合格_后验均值,总体不合格_后验方差,AFB1全样本不合格_后验alpha,AFB1全样本不合格_后验beta,AFB1全样本不合格_后验均值,AFB1全样本不合格_后验方差,AFB1条件不合格_后验alpha,AFB1条件不合格_后验beta,AFB1条件不合格_后验均值,AFB1条件不合格_后验方差,抽检总批次数,AFB1相关记录数,浓度可用记录数,样本覆盖强度,AFB1记录覆盖强度,浓度可用率"
进口,2023,11,2023-11,餐饮,1,1,0,0,0,0,0.0,,基本完整,2023-11,0,1,0.0,1.0,1.0,0.5,0.08333333333333333,0.0,1.0,1.0,2.0,0.3333333333333333,0.05555555555555555,0.23570226039551584,0.0,0.7953097637085443,3.0,高,高,,True,0,1,0.0,1.0,1.0,0.5,0.08333333333333333,0.0,1.0,1.0,2.0,0.3333333333333333,0.05555555555555555,0.23570226039551584,0.0,0.7953097637085443,3.0,高,高,,True,0,0,,1.0,1.0,0.5,0.08333333333333333,0.0,1.0,1.0,1.0,0.5,0.08333333333333333,0.28867513459481287,0.0,1.0,2.0,高,高,,False,进口|餐饮|2023-11,1,0.6931471805599453,0.0,,0.0,0.0,,"总体不合格_后验alpha,总体不合格_后验beta,总体不合格_后验均值,总体不合格_后验方差,AFB1全样本不合格_后验alpha,AFB1全样本不合格_后验beta,AFB1全样本不合格_后验均值,AFB1全样本不合格_后验方差,AFB1条件不合格_后验alpha,AFB1条件不合格_后验beta,AFB1条件不合格_后验均值,AFB1条件不合格_后验方差,抽检总批次数,AFB1相关记录数,浓度可用记录数,样本覆盖强度,AFB1记录覆盖强度,浓度可用率"
香港,2023,10,2023-10,流通,1,1,0,0,0,0,0.0,,基本完整,2023-10,0,1,0.0,1.0,1.0,0.5,0.08333333333333333,0.0,1.0,1.0,2.0,0.3333333333333333,0.05555555555555555,0.23570226039551584,0.0,0.7953097637085443,3.0,高,高,,True,0,1,0.0,1.0,1.0,0.5,0.08333333333333333,0.0,1.0,1.0,2.0,0.3333333333333333,0.05555555555555555,0.23570226039551584,0.0,0.7953097637085443,3.0,高,高,,True,0,0,,1.0,1.0,0.5,0.08333333333333333,0.0,1.0,1.0,1.0,0.5,0.08333333333333333,0.28867513459481287,0.0,1.0,2.0,高,高,,False,香港|流通|2023-10,1,0.6931471805599453,0.0,,0.0,0.0,,"总体不合格_后验alpha,总体不合格_后验beta,总体不合格_后验均值,总体不合格_后验方差,AFB1全样本不合格_后验alpha,AFB1全样本不合格_后验beta,AFB1全样本不合格_后验均值,AFB1全样本不合格_后验方差,AFB1条件不合格_后验alpha,AFB1条件不合格_后验beta,AFB1条件不合格_后验均值,AFB1条件不合格_后验方差,抽检总批次数,AFB1相关记录数,浓度可用记录数,样本覆盖强度,AFB1记录覆盖强度,浓度可用率"
宁夏,2023,11,2023-11,生产,1,1,0,0,0,0,0.0,,基本完整,2023-11,0,1,0.0,1.0,1.95,0.3389830508474576,0.05672747900901457,0.0,0.8058066613911301,1.0,2.95,0.2531645569620253,0.03819641698186803,0.19543903648418867,0.0,0.6362250684710351,3.95,高,高,-0.08016877637130804,True,0,1,0.0,1.0,1.95,0.3389830508474576,0.05672747900901457,0.0,0.8058066613911301,1.0,2.95,0.2531645569620253,0.03819641698186803,0.19543903648418867,0.0,0.6362250684710351,3.95,高,高,-0.08016877637130804,True,0,0,,1.0,1.0,0.5,0.08333333333333333,0.0,1.0,1.0,1.0,0.5,0.08333333333333333,0.28867513459481287,0.0,1.0,2.0,高,高,0.0,False,宁夏|生产|2023-11,2,0.6931471805599453,0.0,,0.0,0.0,,"总体不合格_后验alpha,总体不合格_后验beta,总体不合格_后验均值,总体不合格_后验方差,AFB1全样本不合格_后验alpha,AFB1全样本不合格_后验beta,AFB1全样本不合格_后验均值,AFB1全样本不合格_后验方差,AFB1条件不合格_后验alpha,AFB1条件不合格_后验beta,AFB1条件不合格_后验均值,AFB1条件不合格_后验方差,抽检总批次数,AFB1相关记录数,浓度可用记录数,样本覆盖强度,AFB1记录覆盖强度,浓度可用率"
青海,2024,11,2024-11,生产,1,1,0,0,0,0,0.0,,基本完整,2024-11,0,1,0.0,1.0,1.95,0.3389830508474576,0.05672747900901457,0.0,0.8058066613911301,1.0,2.95,0.2531645569620253,0.03819641698186803,0.19543903648418867,0.0,0.6362250684710351,3.95,高,高,-0.08016877637130804,True,0,1,0.0,1.0,1.95,0.3389830508474576,0.05672747900901457,0.0,0.8058066613911301,1.0,2.95,0.2531645569620253,0.03819641698186803,0.19543903648418867,0.0,0.6362250684710351,3.95,高,高,-0.08016877637130804,True,0,0,,1.0,1.0,0.5,0.08333333333333333,0.0,1.0,1.0,1.0,0.5,0.08333333333333333,0.28867513459481287,0.0,1.0,2.0,高,高,0.0,False,青海|生产|2024-11,2,0.6931471805599453,0.0,,0.0,0.0,,"总体不合格_后验alpha,总体不合格_后验beta,总体不合格_后验均值,总体不合格_后验方差,AFB1全样本不合格_后验alpha,AFB1全样本不合格_后验beta,AFB1全样本不合格_后验均值,AFB1全样本不合格_后验方差,AFB1条件不合格_后验alpha,AFB1条件不合格_后验beta,AFB1条件不合格_后验均值,AFB1条件不合格_后验方差,抽检总批次数,AFB1相关记录数,浓度可用记录数,样本覆盖强度,AFB1记录覆盖强度,浓度可用率"
台湾,2023,12,2023-12,流通,2,2,0,1,0,0,0.0,0.0,基本完整,2023-12,0,2,0.0,1.0,1.0,0.5,0.08333333333333333,0.0,1.0,1.0,3.0,0.25,0.0375,0.19364916731037085,0.0,0.6295523679283268,4.0,高,高,,True,0,2,0.0,1.0,1.0,0.5,0.08333333333333333,0.0,1.0,1.0,3.0,0.25,0.0375,0.19364916731037085,0.0,0.6295523679283268,4.0,高,高,,True,0,1,0.0,1.0,1.0,0.5,0.08333333333333333,0.0,1.0,1.0,2.0,0.3333333333333333,0.05555555555555555,0.23570226039551584,0.0,0.7953097637085443,3.0,高,高,,True,台湾|流通|2023-12,1,1.0986122886681098,0.6931471805599453,0.0,0.0,0.0,0.0,"总体不合格_后验alpha,总体不合格_后验beta,总体不合格_后验均值,总体不合格_后验方差,AFB1全样本不合格_后验alpha,AFB1全样本不合格_后验beta,AFB1全样本不合格_后验均值,AFB1全样本不合格_后验方差,AFB1条件不合格_后验alpha,AFB1条件不合格_后验beta,AFB1条件不合格_后验均值,AFB1条件不合格_后验方差,抽检总批次数,AFB1相关记录数,浓度可用记录数,样本覆盖强度,AFB1记录覆盖强度,浓度可用率"
未知,2024,6,2024-06,流通,2,2,0,0,0,0,0.0,,基本完整,2024-06,0,2,0.0,1.0,1.0,0.5,0.08333333333333333,0.0,1.0,1.0,3.0,0.25,0.0375,0.19364916731037085,0.0,0.6295523679283268,4.0,高,高,,True,0,2,0.0,1.0,1.0,0.5,0.08333333333333333,0.0,1.0,1.0,3.0,0.25,0.0375,0.19364916731037085,0.0,0.6295523679283268,4.0,高,高,,True,0,0,,1.0,1.0,0.5,0.08333333333333333,0.0,1.0,1.0,1.0,0.5,0.08333333333333333,0.28867513459481287,0.0,1.0,2.0,高,高,,False,未知|流通|2024-06,1,1.0986122886681098,0.0,,0.0,0.0,,"总体不合格_后验alpha,总体不合格_后验beta,总体不合格_后验均值,总体不合格_后验方差,AFB1全样本不合格_后验alpha,AFB1全样本不合格_后验beta,AFB1全样本不合格_后验均值,AFB1全样本不合格_后验方差,AFB1条件不合格_后验alpha,AFB1条件不合格_后验beta,AFB1条件不合格_后验均值,AFB1条件不合格_后验方差,抽检总批次数,AFB1相关记录数,浓度可用记录数,样本覆盖强度,AFB1记录覆盖强度,浓度可用率"
不详,2024,4,2024-04,其他,7,7,0,0,0,0,0.0,,基本完整,2024-04,0,7,0.0,3.8025,1.0,0.7917751171264966,0.02841314623452291,0.46139360648381067,1.0,3.8025,8.0,0.3221775047659394,0.017057540338897285,0.13060451883031185,0.06619264785852819,0.5781623616733507,11.8025,高,高,-0.4758022932138586,True,0,7,0.0,2.9,1.9025,0.6038521603331598,0.041226148865857064,0.20588938131598022,1.0,2.9,8.9025,0.24571065452234694,0.014476620095805255,0.12031882685517364,0.009885753886206605,0.4815355551584873,11.8025,高,高,-0.3603499515382591,True,0,0,,2.9,1.0,0.7435897435897436,0.038911027922016936,0.35696252666726636,1.0,2.9,1.0,0.7435897435897436,0.038911027922016936,0.19725878414412104,0.35696252666726636,1.0,3.9,高,高,-0.0064102564102563875,False,不详|其他|2024-04,3,2.0794415416798357,0.0,,0.0,0.0,,"总体不合格_后验alpha,总体不合格_后验beta,总体不合格_后验均值,总体不合格_后验方差,AFB1全样本不合格_后验alpha,AFB1全样本不合格_后验beta,AFB1全样本不合格_后验均值,AFB1全样本不合格_后验方差,AFB1条件不合格_后验alpha,AFB1条件不合格_后验beta,AFB1条件不合格_后验均值,AFB1条件不合格_后验方差,抽检总批次数,AFB1相关记录数,浓度可用记录数,样本覆盖强度,AFB1记录覆盖强度,浓度可用率"
甘肃,2024,12,2024-12,餐饮,2,1,1,1,1,1,0.5,1.0,基本完整,2024-12,1,2,0.5,3.61725,14.812585977382806,0.19627141578683113,0.008118902666779627,0.019665706692530843,0.37287712488113145,4.61725,15.812585977382806,0.22600524082090548,0.008162772320189896,0.09034806207213243,0.04892303915952592,0.403087442482285,20.429835977382808,高,高,0.031390842503231986,True,1,2,0.5,3.61725,14.812585977382806,0.19627141578683113,0.008118902666779627,0.019665706692530843,0.37287712488113145,4.61725,15.812585977382806,0.22600524082090548,0.008162772320189896,0.09034806207213243,0.04892303915952592,0.403087442482285,20.429835977382808,高,高,0.031390842503231986,True,1,1,1.0,3.61725,1.0,0.783420867399426,0.030205636552148633,0.4427773978029369,1.0,4.61725,1.0,0.8219769460145089,0.022113543577040314,0.14870623247544237,0.5305127303626418,1.0,5.61725,高,高,0.03228188818064981,True,甘肃|餐饮|2024-12,9,1.0986122886681098,0.6931471805599453,1.0,0.5,0.5,1.0,"总体不合格_后验alpha,总体不合格_后验beta,总体不合格_后验均值,总体不合格_后验方差,AFB1全样本不合格_后验alpha,AFB1全样本不合格_后验beta,AFB1全样本不合格_后验均值,AFB1全样本不合格_后验方差,AFB1条件不合格_后验alpha,AFB1条件不合格_后验beta,AFB1条件不合格_后验均值,AFB1条件不合格_后验方差,抽检总批次数,AFB1相关记录数,浓度可用记录数,样本覆盖强度,AFB1记录覆盖强度,浓度可用率"
进口,2024,11,2024-11,流通,2,2,0,0,0,0,0.0,,基本完整,2024-11,0,2,0.0,1.0,1.95,0.3389830508474576,0.05672747900901457,0.0,0.8058066613911301,1.0,3.95,0.20202020202020202,0.027093788234608195,0.16460190835651994,0.0,0.5246399423989812,4.95,高,高,-0.1313131313131313,True,0,2,0.0,1.0,1.95,0.3389830508474576,0.05672747900901457,0.0,0.8058066613911301,1.0,3.95,0.20202020202020202,0.027093788234608195,0.16460190835651994,0.0,0.5246399423989812,4.95,高,高,-0.1313131313131313,True,0,0,,1.0,1.0,0.5,0.08333333333333333,0.0,1.0,1.0,1.0,0.5,0.08333333333333333,0.28867513459481287,0.0,1.0,2.0,高,高,0.0,False,进口|流通|2024-11,2,1.0986122886681098,0.0,,0.0,0.0,,"总体不合格_后验alpha,总体不合格_后验beta,总体不合格_后验均值,总体不合格_后验方差,AFB1全样本不合格_后验alpha,AFB1全样本不合格_后验beta,AFB1全样本不合格_后验均值,AFB1全样本不合格_后验方差,AFB1条件不合格_后验alpha,AFB1条件不合格_后验beta,AFB1条件不合格_后验均值,AFB1条件不合格_后验方差,抽检总批次数,AFB1相关记录数,浓度可用记录数,样本覆盖强度,AFB1记录覆盖强度,浓度可用率"
甘肃,2024,10,2024-10,生产,1,1,0,0,0,0,0.0,,基本完整,2024-10,0,1,0.0,1.9024999999999999,2.8073749999999995,0.40393853340056796,0.042167682240813714,0.00145702066201997,0.806420046139116,1.9024999999999999,3.8073749999999995,0.3331946846472121,0.03311179221223301,0.18196645903086922,0.0,0.6898489443477158,5.709874999999999,高,高,-0.06866002941770288,True,0,1,0.0,1.0,3.709875,0.21231985986889249,0.029289631905102354,0.0,0.5477584532457447,1.0,4.709875,0.17513518246896823,0.02152988696965732,0.14673066131404616,0.0,0.4627272786444987,5.709875,高,高,-0.030944158077142014,True,0,0,,1.0,1.0,0.5,0.08333333333333333,0.0,1.0,1.0,1.0,0.5,0.08333333333333333,0.28867513459481287,0.0,1.0,2.0,高,高,0.0,False,甘肃|生产|2024-10,4,0.6931471805599453,0.0,,0.0,0.0,,"总体不合格_后验alpha,总体不合格_后验beta,总体不合格_后验均值,总体不合格_后验方差,AFB1全样本不合格_后验alpha,AFB1全样本不合格_后验beta,AFB1全样本不合格_后验均值,AFB1全样本不合格_后验方差,AFB1条件不合格_后验alpha,AFB1条件不合格_后验beta,AFB1条件不合格_后验均值,AFB1条件不合格_后验方差,抽检总批次数,AFB1相关记录数,浓度可用记录数,样本覆盖强度,AFB1记录覆盖强度,浓度可用率"
云南,2024,10,2024-10,生产,2,2,0,0,0,0,0.0,,基本完整,2024-10,0,2,0.0,2.5882871875,12.911581186132809,0.16698768822469462,0.008430539993176943,0.0,0.34695091346193174,2.5882871875,14.911581186132809,0.147903237455191,0.006812365756347075,0.08253705686748877,0.0,0.30967586891546894,17.499868373632808,高,高,-0.0169220146778713,True,0,2,0.0,2.5882871875,12.911581186132809,0.16698768822469462,0.008430539993176943,0.0,0.34695091346193174,2.5882871875,14.911581186132809,0.147903237455191,0.006812365756347075,0.08253705686748877,0.0,0.30967586891546894,17.499868373632808,高,高,-0.0169220146778713,True,0,0,,2.5882871875,1.0,0.7213155057701189,0.04381143522431625,0.31106435152709516,1.0,2.5882871875,1.0,0.7213155057701189,0.04381143522431625,0.20931181338929786,0.31106435152709516,1.0,3.5882871875,高,高,-0.006344532255348256,False,云南|生产|2024-10,9,1.0986122886681098,0.0,,0.0,0.0,,"总体不合格_后验alpha,总体不合格_后验beta,总体不合格_后验均值,总体不合格_后验方差,AFB1全样本不合格_后验alpha,AFB1全样本不合格_后验beta,AFB1全样本不合格_后验均值,AFB1全样本不合格_后验方差,AFB1条件不合格_后验alpha,AFB1条件不合格_后验beta,AFB1条件不合格_后验均值,AFB1条件不合格_后验方差,抽检总批次数,AFB1相关记录数,浓度可用记录数,样本覆盖强度,AFB1记录覆盖强度,浓度可用率"
宁夏,2024,10,2024-10,流通,1,1,0,0,0,0,0.0,,基本完整,2024-10,0,1,0.0,1.0,5.2981621875,0.15877647641159606,0.018301389242716657,0.0,0.42393042587269747,1.0,6.2981621875,0.13702079705939668,0.014249673067456455,0.11937199448554277,0.0,0.37098990625106054,7.2981621875,高,高,-0.016250442263106124,True,0,1,0.0,1.0,5.2981621875,0.15877647641159606,0.018301389242716657,0.0,0.42393042587269747,1.0,6.2981621875,0.13702079705939668,0.014249673067456455,0.11937199448554277,0.0,0.37098990625106054,7.2981621875,高,高,-0.016250442263106124,True,0,0,,1.0,1.0,0.5,0.08333333333333333,0.0,1.0,1.0,1.0,0.5,0.08333333333333333,0.28867513459481287,0.0,1.0,2.0,高,高,0.0,False,宁夏|流通|2024-10,6,0.6931471805599453,0.0,,0.0,0.0,,"总体不合格_后验alpha,总体不合格_后验beta,总体不合格_后验均值,总体不合格_后验方差,AFB1全样本不合格_后验alpha,AFB1全样本不合格_后验beta,AFB1全样本不合格_后验均值,AFB1全样本不合格_后验方差,AFB1条件不合格_后验alpha,AFB1条件不合格_后验beta,AFB1条件不合格_后验均值,AFB1条件不合格_后验方差,抽检总批次数,AFB1相关记录数,浓度可用记录数,样本覆盖强度,AFB1记录覆盖强度,浓度可用率"
内蒙古,2024,10,2024-10,生产,1,0,1,0,0,0,1.0,,基本完整,2024-10,1,1,1.0,1.0,6.847760328124999,0.12742489043863572,0.012566772110891947,0.0,0.34714405605966775,2.0,6.847760328124999,0.22604590606308123,0.017765374926474477,0.13328681452594807,0.0,0.4872880625339394,8.847760328124998,高,高,0.10342982609072807,True,0,1,0.0,1.0,6.847760328124999,0.12742489043863572,0.012566772110891947,0.0,0.34714405605966775,1.0,7.847760328124999,0.11302295303154061,0.010179854279481437,0.10089526391006387,0.0,0.3107776702952658,8.847760328124998,高,高,-0.009593126940812546,True,0,0,,1.0,1.0,0.5,0.08333333333333333,0.0,1.0,1.0,1.0,0.5,0.08333333333333333,0.28867513459481287,0.0,1.0,2.0,高,高,0.0,False,内蒙古|生产|2024-10,7,0.6931471805599453,0.0,,1.0,0.0,,"总体不合格_后验alpha,总体不合格_后验beta,总体不合格_后验均值,总体不合格_后验方差,AFB1全样本不合格_后验alpha,AFB1全样本不合格_后验beta,AFB1全样本不合格_后验均值,AFB1全样本不合格_后验方差,AFB1条件不合格_后验alpha,AFB1条件不合格_后验beta,AFB1条件不合格_后验均值,AFB1条件不合格_后验方差,抽检总批次数,AFB1相关记录数,浓度可用记录数,样本覆盖强度,AFB1记录覆盖强度,浓度可用率"
陕西,2024,12,2024-12,生产,2,2,0,0,0,0,0.0,,基本完整,2024-12,0,2,0.0,1.0,7.838254078124999,0.1131445182680408,0.010199252373146414,0.0,0.3110875603702558,1.0,9.838254078124999,0.09226578310415458,0.007074760164768897,0.08411159352175476,0.0,0.2571245064067939,10.838254078124999,中,高,-0.016451586693799966,True,0,2,0.0,1.0,7.838254078124999,0.1131445182680408,0.010199252373146414,0.0,0.3110875603702558,1.0,9.838254078124999,0.09226578310415458,0.007074760164768897,0.08411159352175476,0.0,0.2571245064067939,10.838254078124999,中,高,-0.016451586693799966,True,0,0,,1.0,1.0,0.5,0.08333333333333333,0.0,1.0,1.0,1.0,0.5,0.08333333333333333,0.28867513459481287,0.0,1.0,2.0,高,高,0.0,False,陕西|生产|2024-12,7,1.0986122886681098,0.0,,0.0,0.0,,"总体不合格_后验alpha,总体不合格_后验beta,总体不合格_后验均值,总体不合格_后验方差,AFB1全样本不合格_后验alpha,AFB1全样本不合格_后验beta,AFB1全样本不合格_后验均值,AFB1全样本不合格_后验方差,AFB1条件不合格_后验alpha,AFB1条件不合格_后验beta,AFB1条件不合格_后验均值,AFB1条件不合格_后验方差,抽检总批次数,AFB1相关记录数,浓度可用记录数,样本覆盖强度,AFB1记录覆盖强度,浓度可用率"
上海,2024,6,2024-06,餐饮,1,1,0,0,0,0,0.0,,基本完整,2024-06,0,1,0.0,1.0,9.514535015624999,0.09510644060949552,0.007474136423859465,0.0,0.26455449307956236,1.0,10.514535015624999,0.08684675487486204,0.006336983031615023,0.0796051696287058,0.0,0.2428728873471254,11.514535015624999,中,高,-0.004371911976294385,True,0,1,0.0,1.0,9.514535015624999,0.09510644060949552,0.007474136423859465,0.0,0.26455449307956236,1.0,10.514535015624999,0.08684675487486204,0.006336983031615023,0.0796051696287058,0.0,0.2428728873471254,11.514535015624999,中,高,-0.004371911976294385,True,0,0,,1.0,1.0,0.5,0.08333333333333333,0.0,1.0,1.0,1.0,0.5,0.08333333333333333,0.28867513459481287,0.0,1.0,2.0,高,高,0.0,False,上海|餐饮|2024-06,7,0.6931471805599453,0.0,,0.0,0.0,,"总体不合格_后验alpha,总体不合格_后验beta,总体不合格_后验均值,总体不合格_后验方差,AFB1全样本不合格_后验alpha,AFB1全样本不合格_后验beta,AFB1全样本不合格_后验均值,AFB1全样本不合格_后验方差,AFB1条件不合格_后验alpha,AFB1条件不合格_后验beta,AFB1条件不合格_后验均值,AFB1条件不合格_后验方差,抽检总批次数,AFB1相关记录数,浓度可用记录数,样本覆盖强度,AFB1记录覆盖强度,浓度可用率"
北京,2024,11,2024-11,生产,3,3,0,0,0,0,0.0,,基本完整,2024-11,0,3,0.0,1.0,7.876943125,0.11265139202973096,0.010120647110995166,0.0,0.30983018891620917,1.0,10.876943125,0.08419674906879711,0.005988040466323262,0.07738242995876558,0.0,0.23586631178797762,11.876943125,中,高,-0.024041391075240795,True,0,3,0.0,1.0,7.876943125,0.11265139202973096,0.010120647110995166,0.0,0.30983018891620917,1.0,10.876943125,0.08419674906879711,0.005988040466323262,0.07738242995876558,0.0,0.23586631178797762,11.876943125,中,高,-0.024041391075240795,True,0,0,,1.0,1.0,0.5,0.08333333333333333,0.0,1.0,1.0,1.0,0.5,0.08333333333333333,0.28867513459481287,0.0,1.0,2.0,高,高,0.0,False,北京|生产|2024-11,6,1.3862943611198906,0.0,,0.0,0.0,,"总体不合格_后验alpha,总体不合格_后验beta,总体不合格_后验均值,总体不合格_后验方差,AFB1全样本不合格_后验alpha,AFB1全样本不合格_后验beta,AFB1全样本不合格_后验均值,AFB1全样本不合格_后验方差,AFB1条件不合格_后验alpha,AFB1条件不合格_后验beta,AFB1条件不合格_后验均值,AFB1条件不合格_后验方差,抽检总批次数,AFB1相关记录数,浓度可用记录数,样本覆盖强度,AFB1记录覆盖强度,浓度可用率"
海南,2024,5,2024-05,生产,1,0,1,1,1,1,1.0,1.0,基本完整,2024-05,1,1,1.0,1.0,21.9,0.04366812227074236,0.001747331270631375,0.0,0.12559826208056746,2.0,21.9,0.08368200836820085,0.003079491158380129,0.055493163167908616,0.0,0.19244860817730175,23.9,中,高,0.04201534170153418,True,1,1,1.0,1.0,21.9,0.04366812227074236,0.001747331270631375,0.0,0.12559826208056746,2.0,21.9,0.08368200836820085,0.003079491158380129,0.055493163167908616,0.0,0.19244860817730175,23.9,中,高,0.04201534170153418,True,1,1,1.0,1.0,1.0,0.5,0.08333333333333333,0.0,1.0,2.0,1.0,0.6666666666666666,0.05555555555555555,0.23570226039551584,0.2046902362914556,1.0,3.0,高,高,0.16666666666666663,True,海南|生产|2024-05,2,0.6931471805599453,0.6931471805599453,1.0,1.0,1.0,1.0,"总体不合格_后验alpha,总体不合格_后验beta,总体不合格_后验均值,总体不合格_后验方差,AFB1全样本不合格_后验alpha,AFB1全样本不合格_后验beta,AFB1全样本不合格_后验均值,AFB1全样本不合格_后验方差,AFB1条件不合格_后验alpha,AFB1条件不合格_后验beta,AFB1条件不合格_后验均值,AFB1条件不合格_后验方差,抽检总批次数,AFB1相关记录数,浓度可用记录数,样本覆盖强度,AFB1记录覆盖强度,浓度可用率"
吉林,2024,12,2024-12,生产,2,2,0,0,0,0,0.0,,基本完整,2024-12,0,2,0.0,1.0,13.22688,0.07028948019523606,0.0042916782143892634,0.0,0.19869084712097324,1.0,15.22688,0.06162614131613717,0.0033568678729184068,0.057938483522771,0.0,0.17518556902076832,16.22688,中,高,-0.005621545363441061,True,0,2,0.0,1.0,13.22688,0.07028948019523606,0.0042916782143892634,0.0,0.19869084712097324,1.0,15.22688,0.06162614131613717,0.0033568678729184068,0.057938483522771,0.0,0.17518556902076832,16.22688,中,高,-0.005621545363441061,True,0,0,,1.0,1.0,0.5,0.08333333333333333,0.0,1.0,1.0,1.0,0.5,0.08333333333333333,0.28867513459481287,0.0,1.0,2.0,高,高,0.0,False,吉林|生产|2024-12,6,1.0986122886681098,0.0,,0.0,0.0,,"总体不合格_后验alpha,总体不合格_后验beta,总体不合格_后验均值,总体不合格_后验方差,AFB1全样本不合格_后验alpha,AFB1全样本不合格_后验beta,AFB1全样本不合格_后验均值,AFB1全样本不合格_后验方差,AFB1条件不合格_后验alpha,AFB1条件不合格_后验beta,AFB1条件不合格_后验均值,AFB1条件不合格_后验方差,抽检总批次数,AFB1相关记录数,浓度可用记录数,样本覆盖强度,AFB1记录覆盖强度,浓度可用率"
山西,2024,9,2024-09,生产,2,2,0,0,0,0,0.0,,基本完整,2024-09,0,2,0.0,1.6983372960937497,13.570505984374998,0.1112289428149538,0.0060764655108518075,0.0,0.2640142493941151,1.6983372960937497,15.570505984374998,0.09834690537811458,0.004853881015853103,0.06966979988383132,0.0,0.23489971315042396,17.268843280468747,中,高,-0.010319079602832015,True,0,2,0.0,1.0,14.268843280468746,0.06549284589744643,0.0037620088889279866,0.0,0.18570987192831176,1.0,16.268843280468744,0.05790775813751296,0.0029862016356188535,0.05464614932105329,0.0,0.16501421080677742,17.268843280468744,中,高,-0.004720616514047357,True,0,0,,1.0,1.0,0.5,0.08333333333333333,0.0,1.0,1.0,1.0,0.5,0.08333333333333333,0.28867513459481287,0.0,1.0,2.0,高,高,0.0,False,山西|生产|2024-09,8,1.0986122886681098,0.0,,0.0,0.0,,"总体不合格_后验alpha,总体不合格_后验beta,总体不合格_后验均值,总体不合格_后验方差,AFB1全样本不合格_后验alpha,AFB1全样本不合格_后验beta,AFB1全样本不合格_后验均值,AFB1全样本不合格_后验方差,AFB1条件不合格_后验alpha,AFB1条件不合格_后验beta,AFB1条件不合格_后验均值,AFB1条件不合格_后验方差,抽检总批次数,AFB1相关记录数,浓度可用记录数,样本覆盖强度,AFB1记录覆盖强度,浓度可用率"
天津,2024,11,2024-11,生产,3,2,1,0,0,0,0.3333333333333333,,基本完整,2024-11,1,3,0.3333333333333333,1.0,13.969680576562498,0.06680169258692566,0.00390359883252381,0.0,0.18926011522507444,2.0,15.969680576562496,0.11129858382728076,0.005214173673937859,0.07220923537843245,0.0,0.25282868516900836,17.969680576562496,高,高,0.047410190589205134,True,0,3,0.0,1.0,13.969680576562498,0.06680169258692566,0.00390359883252381,0.0,0.18926011522507444,1.0,16.969680576562496,0.05564929191364038,0.0027703391214758065,0.05263401107150971,0.0,0.1588119536137994,17.969680576562496,中,高,-0.008239101324435248,True,0,0,,1.0,1.0,0.5,0.08333333333333333,0.0,1.0,1.0,1.0,0.5,0.08333333333333333,0.28867513459481287,0.0,1.0,2.0,高,高,0.0,False,天津|生产|2024-11,8,1.3862943611198906,0.0,,0.3333333333333333,0.0,,"总体不合格_后验alpha,总体不合格_后验beta,总体不合格_后验均值,总体不合格_后验方差,AFB1全样本不合格_后验alpha,AFB1全样本不合格_后验beta,AFB1全样本不合格_后验均值,AFB1全样本不合格_后验方差,AFB1条件不合格_后验alpha,AFB1条件不合格_后验beta,AFB1条件不合格_后验均值,AFB1条件不合格_后验方差,抽检总批次数,AFB1相关记录数,浓度可用记录数,样本覆盖强度,AFB1记录覆盖强度,浓度可用率"
天津,2024,12,2024-12,餐饮,1,1,0,0,0,0,0.0,,基本完整,2024-12,0,1,0.0,1.0,17.41854405089427,0.05429310792627213,0.002644140890450215,0.0,0.1550786805284732,1.0,18.41854405089427,0.051497166696900104,0.0023921984053976914,0.04891010535050698,0.0,0.1473609731838938,19.41854405089427,中,高,-0.00036284998131527746,True,0,1,0.0,1.0,17.41854405089427,0.05429310792627213,0.002644140890450215,0.0,0.1550786805284732,1.0,18.41854405089427,0.051497166696900104,0.0023921984053976914,0.04891010535050698,0.0,0.1473609731838938,19.41854405089427,中,高,-0.00036284998131527746,True,0,0,,1.0,1.0,0.5,0.08333333333333333,0.0,1.0,1.0,1.0,0.5,0.08333333333333333,0.28867513459481287,0.0,1.0,2.0,高,高,0.0,False,天津|餐饮|2024-12,13,0.6931471805599453,0.0,,0.0,0.0,,"总体不合格_后验alpha,总体不合格_后验beta,总体不合格_后验均值,总体不合格_后验方差,AFB1全样本不合格_后验alpha,AFB1全样本不合格_后验beta,AFB1全样本不合格_后验均值,AFB1全样本不合格_后验方差,AFB1条件不合格_后验alpha,AFB1条件不合格_后验beta,AFB1条件不合格_后验均值,AFB1条件不合格_后验方差,抽检总批次数,AFB1相关记录数,浓度可用记录数,样本覆盖强度,AFB1记录覆盖强度,浓度可用率"
贵州,2024,12,2024-12,餐饮,10,4,6,5,5,5,0.6,1.0,基本完整,2024-12,6,10,0.6,5.296060004124754,212.4564559545295,0.024321464120902938,0.00010847843463616984,0.003907479833206672,0.04473544840859921,11.296060004124755,216.4564559545295,0.04959795924351246,0.00020606550045950648,0.014354981729682085,0.021462195053335572,0.07773372343368934,227.75251595865427,中,低,0.025495044645818095,True,5,10,0.5,5.296060004124754,212.4564559545295,0.024321464120902938,0.00010847843463616984,0.003907479833206672,0.04473544840859921,10.296060004124755,217.4564559545295,0.04520722838466417,0.00018869097332351327,0.013736483295353045,0.018283721125772204,0.07213073564355614,227.75251595865427,中,低,0.02110431378696981,True,5,5,1.0,5.296060004124754,1.0,0.841170509914952,0.018311620667708427,0.5759424534106132,1.0,10.296060004124755,1.0,0.9114735580693755,0.006562224890140476,0.08100756069738477,0.7526987391025013,1.0,11.296060004124755,高,高,0.06479679886555556,True,贵州|餐饮|2024-12,22,2.3978952727983707,1.791759469228055,1.0,0.6,0.5,1.0,"总体不合格_后验alpha,总体不合格_后验beta,总体不合格_后验均值,总体不合格_后验方差,AFB1全样本不合格_后验alpha,AFB1全样本不合格_后验beta,AFB1全样本不合格_后验均值,AFB1全样本不合格_后验方差,AFB1条件不合格_后验alpha,AFB1条件不合格_后验beta,AFB1条件不合格_后验均值,AFB1条件不合格_后验方差,抽检总批次数,AFB1相关记录数,浓度可用记录数,样本覆盖强度,AFB1记录覆盖强度,浓度可用率"
不详,2024,12,2024-12,生产,6,6,0,0,0,0,0.0,,基本完整,2024-12,0,6,0.0,7.231180396033299,81.64522996179606,0.08136220136388851,0.0008316130256597367,0.024840306496727124,0.1378840962310499,7.231180396033299,87.64522996179606,0.07621684219249733,0.0007343603592992853,0.027099084104435806,0.02310263734780315,0.1293310470371915,94.87641035782936,中,中,-0.00467379493833793,True,0,6,0.0,4.219247642830174,84.65716271499919,0.0474732004346583,0.0005031297477849245,0.0035093148114497263,0.09143708605786688,4.219247642830174,90.65716271499919,0.04447098732885392,0.0004432093197508911,0.021052537133345497,0.0032080145474967445,0.08573396011021109,94.87641035782936,中,低,-0.002492475442678166,True,0,0,,4.219247642830174,1.0,0.8084015037351738,0.02490470252819824,0.4990895168476199,1.0,4.219247642830174,1.0,0.8084015037351738,0.02490470252819824,0.1578122382079357,0.4990895168476199,1.0,5.219247642830174,高,高,-0.006024352116801968,False,不详|生产|2024-12,14,1.9459101490553132,0.0,,0.0,0.0,,"总体不合格_后验alpha,总体不合格_后验beta,总体不合格_后验均值,总体不合格_后验方差,AFB1全样本不合格_后验alpha,AFB1全样本不合格_后验beta,AFB1全样本不合格_后验均值,AFB1全样本不合格_后验方差,AFB1条件不合格_后验alpha,AFB1条件不合格_后验beta,AFB1条件不合格_后验均值,AFB1条件不合格_后验方差,抽检总批次数,AFB1相关记录数,浓度可用记录数,样本覆盖强度,AFB1记录覆盖强度,浓度可用率"
新疆,2024,12,2024-12,生产,5,5,0,0,0,0,0.0,,基本完整,2024-12,0,5,0.0,2.5487369392383785,15.845966308305606,0.13855819824539325,0.00615424852965969,0.0,0.29231827483076916,2.5487369392383785,20.845966308305606,0.10894504248545872,0.003979389264063861,0.06308240058894288,0.0,0.23258654763978676,23.394703247543983,高,高,-0.027637492110932027,True,0,5,0.0,1.0,17.394703247543983,0.05436347553655249,0.0026506251427512372,0.0,0.15527255118583763,1.0,22.394703247543983,0.04274471829878764,0.001677315232783758,0.040955039162278405,0.0,0.1230165950568533,23.394703247543983,中,中,-0.009182879932549341,True,0,0,,1.0,1.0,0.5,0.08333333333333333,0.0,1.0,1.0,1.0,0.5,0.08333333333333333,0.28867513459481287,0.0,1.0,2.0,高,高,0.0,False,新疆|生产|2024-12,14,1.791759469228055,0.0,,0.0,0.0,,"总体不合格_后验alpha,总体不合格_后验beta,总体不合格_后验均值,总体不合格_后验方差,AFB1全样本不合格_后验alpha,AFB1全样本不合格_后验beta,AFB1全样本不合格_后验均值,AFB1全样本不合格_后验方差,AFB1条件不合格_后验alpha,AFB1条件不合格_后验beta,AFB1条件不合格_后验均值,AFB1条件不合格_后验方差,抽检总批次数,AFB1相关记录数,浓度可用记录数,样本覆盖强度,AFB1记录覆盖强度,浓度可用率"
青海,2024,12,2024-12,流通,1,0,1,0,0,0,1.0,,基本完整,2024-12,1,1,1.0,2.4721182335937493,20.045166926208985,0.10978757945504504,0.004155848185210634,0.0,0.23614068146803552,3.4721182335937493,20.045166926208985,0.1476411163108452,0.00513283653818485,0.07164381716648584,0.0072192346645329475,0.28806299795715745,23.517285159802736,高,高,0.039594213381808144,True,0,1,0.0,1.0,21.51728515980273,0.04441032712883052,0.0018045471526483275,0.0,0.1276710522134334,1.0,22.51728515980273,0.042521914974661484,0.0016606162328405504,0.040750659293323714,0.0,0.12239320718957596,23.51728515980273,中,中,0.00014390206061422328,True,0,0,,1.0,1.0,0.5,0.08333333333333333,0.0,1.0,1.0,1.0,0.5,0.08333333333333333,0.28867513459481287,0.0,1.0,2.0,高,高,0.0,False,青海|流通|2024-12,10,0.6931471805599453,0.0,,1.0,0.0,,"总体不合格_后验alpha,总体不合格_后验beta,总体不合格_后验均值,总体不合格_后验方差,AFB1全样本不合格_后验alpha,AFB1全样本不合格_后验beta,AFB1全样本不合格_后验均值,AFB1全样本不合格_后验方差,AFB1条件不合格_后验alpha,AFB1条件不合格_后验beta,AFB1条件不合格_后验均值,AFB1条件不合格_后验方差,抽检总批次数,AFB1相关记录数,浓度可用记录数,样本覆盖强度,AFB1记录覆盖强度,浓度可用率"
北京,2024,11,2024-11,流通,2,2,0,0,0,0,0.0,,基本完整,2024-11,0,2,0.0,1.5987369392383783,22.135347259046487,0.0673603803661365,0.0025399347321467536,0.0,0.16614000006076263,1.5987369392383783,24.135347259046487,0.06212527039702977,0.0021794545398665186,0.04668462851803063,0.0,0.15362714229236982,25.734084198284865,中,中,-0.003404535041793659,True,0,2,0.0,1.0,22.734084198284865,0.042133498459243884,0.001631686317685752,0.0,0.12130600731188532,1.0,24.734084198284865,0.03885896977311702,0.0013970536624435832,0.0373771810392863,0.0,0.11211824461011817,25.734084198284865,中,中,-0.0013372143493437863,True,0,0,,1.0,1.0,0.5,0.08333333333333333,0.0,1.0,1.0,1.0,0.5,0.08333333333333333,0.28867513459481287,0.0,1.0,2.0,高,高,0.0,False,北京|流通|2024-11,15,1.0986122886681098,0.0,,0.0,0.0,,"总体不合格_后验alpha,总体不合格_后验beta,总体不合格_后验均值,总体不合格_后验方差,AFB1全样本不合格_后验alpha,AFB1全样本不合格_后验beta,AFB1全样本不合格_后验均值,AFB1全样本不合格_后验方差,AFB1条件不合格_后验alpha,AFB1条件不合格_后验beta,AFB1条件不合格_后验均值,AFB1条件不合格_后验方差,抽检总批次数,AFB1相关记录数,浓度可用记录数,样本覆盖强度,AFB1记录覆盖强度,浓度可用率"
甘肃,2024,11,2024-11,流通,2,2,0,0,0,0,0.0,,基本完整,2024-11,0,2,0.0,1.0,23.337261065623043,0.04108925804360638,0.0015550588050928084,0.0,0.11838035653265963,1.0,25.337261065623043,0.037969020298213904,0.0013361753289081826,0.0365537320790666,0.0,0.10961433517318443,26.337261065623043,中,中,-0.0012268276743705037,True,0,2,0.0,1.0,23.337261065623043,0.04108925804360638,0.0015550588050928084,0.0,0.11838035653265963,1.0,25.337261065623043,0.037969020298213904,0.0013361753289081826,0.0365537320790666,0.0,0.10961433517318443,26.337261065623043,中,中,-0.0012268276743705037,True,0,0,,1.0,1.0,0.5,0.08333333333333333,0.0,1.0,1.0,1.0,0.5,0.08333333333333333,0.28867513459481287,0.0,1.0,2.0,高,高,0.0,False,甘肃|流通|2024-11,17,1.0986122886681098,0.0,,0.0,0.0,,"总体不合格_后验alpha,总体不合格_后验beta,总体不合格_后验均值,总体不合格_后验方差,AFB1全样本不合格_后验alpha,AFB1全样本不合格_后验beta,AFB1全样本不合格_后验均值,AFB1全样本不合格_后验方差,AFB1条件不合格_后验alpha,AFB1条件不合格_后验beta,AFB1条件不合格_后验均值,AFB1条件不合格_后验方差,抽检总批次数,AFB1相关记录数,浓度可用记录数,样本覆盖强度,AFB1记录覆盖强度,浓度可用率"
西藏,2024,12,2024-12,餐饮,30,30,0,0,0,0,0.0,,基本完整,2024-12,0,30,0.0,1.95,22.893236875,0.078492187222282,0.002798843044205322,0.0,0.18218420928096868,1.95,52.893236875,0.035555888220902894,0.0006140701892063371,0.024780439649173643,0.0,0.08412554993328324,54.843236875,中,中,-0.04123277162981035,True,0,30,0.0,1.95,22.893236875,0.078492187222282,0.002798843044205322,0.0,0.18218420928096868,1.95,52.893236875,0.035555888220902894,0.0006140701892063371,0.024780439649173643,0.0,0.08412554993328324,54.843236875,中,中,-0.04123277162981035,True,0,0,,1.95,1.0,0.6610169491525423,0.05672747900901457,0.19419333860886984,1.0,1.95,1.0,0.6610169491525423,0.05672747900901457,0.2381753115018737,0.19419333860886984,1.0,2.95,高,高,-0.005649717514124353,False,西藏|餐饮|2024-12,6,3.4339872044851463,0.0,,0.0,0.0,,"总体不合格_后验alpha,总体不合格_后验beta,总体不合格_后验均值,总体不合格_后验方差,AFB1全样本不合格_后验alpha,AFB1全样本不合格_后验beta,AFB1全样本不合格_后验均值,AFB1全样本不合格_后验方差,AFB1条件不合格_后验alpha,AFB1条件不合格_后验beta,AFB1条件不合格_后验均值,AFB1条件不合格_后验方差,抽检总批次数,AFB1相关记录数,浓度可用记录数,样本覆盖强度,AFB1记录覆盖强度,浓度可用率"
上海,2024,12,2024-12,生产,2,2,0,0,0,0,0.0,,基本完整,2024-12,0,2,0.0,1.0,25.491080853906247,0.037748554146009666,0.0013212867474701043,0.0,0.10899359024734905,1.0,27.491080853906247,0.035098703525068116,0.0011483737982916843,0.03388766439711779,0.0,0.10151852574341899,28.491080853906247,中,中,-0.0008983064215474929,True,0,2,0.0,1.0,25.491080853906247,0.037748554146009666,0.0013212867474701043,0.0,0.10899359024734905,1.0,27.491080853906247,0.035098703525068116,0.0011483737982916843,0.03388766439711779,0.0,0.10151852574341899,28.491080853906247,中,中,-0.0008983064215474929,True,0,0,,1.0,1.0,0.5,0.08333333333333333,0.0,1.0,1.0,1.0,0.5,0.08333333333333333,0.28867513459481287,0.0,1.0,2.0,高,高,0.0,False,上海|生产|2024-12,8,1.0986122886681098,0.0,,0.0,0.0,,"总体不合格_后验alpha,总体不合格_后验beta,总体不合格_后验均值,总体不合格_后验方差,AFB1全样本不合格_后验alpha,AFB1全样本不合格_后验beta,AFB1全样本不合格_后验均值,AFB1全样本不合格_后验方差,AFB1条件不合格_后验alpha,AFB1条件不合格_后验beta,AFB1条件不合格_后验均值,AFB1条件不合格_后验方差,抽检总批次数,AFB1相关记录数,浓度可用记录数,样本覆盖强度,AFB1记录覆盖强度,浓度可用率"
河南,2024,12,2024-12,餐饮,71,70,1,1,1,1,0.0140845070422535,1.0,基本完整,2024-12,1,71,0.014084507042253521,32.686339035277676,936.4747281003969,0.033726426023159534,3.359128222603309e-05,0.022366660629476058,0.04508619141684301,33.686339035277676,1006.4747281003969,0.03238569496553149,3.0097996089444153e-05,0.005486164059654446,0.021632813408608773,0.0431385765224542,1040.1610671356746,中,低,-0.0012926150420548427,True,1,71,0.014084507042253521,32.22304780511792,936.9380193305565,0.033248392757204065,3.3131547147285865e-05,0.021966630859299403,0.04453015465510873,33.22304780511792,1006.9380193305565,0.03194029160945749,2.9697719553060358e-05,0.005449561409238394,0.021259151247350234,0.04262143197156474,1040.1610671356743,中,低,-0.0012599358026437746,True,1,1,1.0,32.22304780511792,1.0,0.9699004135362334,0.0008530392010880779,0.9126550172593277,1.0,33.22304780511792,1.0,0.9707799256894223,0.0008053323984002436,0.028378379065764903,0.9151583027205231,1.0,34.22304780511792,高,中,-0.0005391387399925618,True,河南|餐饮|2024-12,24,4.276666119016055,0.6931471805599453,1.0,0.014084507042253521,0.014084507042253521,1.0,"总体不合格_后验alpha,总体不合格_后验beta,总体不合格_后验均值,总体不合格_后验方差,AFB1全样本不合格_后验alpha,AFB1全样本不合格_后验beta,AFB1全样本不合格_后验均值,AFB1全样本不合格_后验方差,AFB1条件不合格_后验alpha,AFB1条件不合格_后验beta,AFB1条件不合格_后验均值,AFB1条件不合格_后验方差,抽检总批次数,AFB1相关记录数,浓度可用记录数,样本覆盖强度,AFB1记录覆盖强度,浓度可用率"
新疆,2024,12,2024-12,流通,2,2,0,0,0,0,0.0,,基本完整,2024-12,0,2,0.0,3.4280358509640565,27.89797875404436,0.10943095999246519,0.003014780082803446,0.0018132144014256085,0.21704870558350475,3.4280358509640565,29.89797875404436,0.10286366046448507,0.0026884195232751394,0.051849971294834284,0.0012377167266098832,0.20448960420236026,33.32601460500842,高,高,-0.00531651858475693,True,0,2,0.0,1.0,30.326014605008417,0.031922349925742534,0.000955988972923776,0.0,0.09252372976468662,1.0,32.32601460500842,0.030006588302032206,0.0008479339444276104,0.02911930535619987,0.0,0.08708042680018395,33.32601460500842,中,中,-0.0004167626128049086,True,0,0,,1.0,1.0,0.5,0.08333333333333333,0.0,1.0,1.0,1.0,0.5,0.08333333333333333,0.28867513459481287,0.0,1.0,2.0,高,高,0.0,False,新疆|流通|2024-12,19,1.0986122886681098,0.0,,0.0,0.0,,"总体不合格_后验alpha,总体不合格_后验beta,总体不合格_后验均值,总体不合格_后验方差,AFB1全样本不合格_后验alpha,AFB1全样本不合格_后验beta,AFB1全样本不合格_后验均值,AFB1全样本不合格_后验方差,AFB1条件不合格_后验alpha,AFB1条件不合格_后验beta,AFB1条件不合格_后验均值,AFB1条件不合格_后验方差,抽检总批次数,AFB1相关记录数,浓度可用记录数,样本覆盖强度,AFB1记录覆盖强度,浓度可用率"
江西,2024,12,2024-12,生产,5,4,1,1,1,1,0.2,1.0,基本完整,2024-12,1,5,0.2,2.1990495020010687,85.53284810498639,0.025065564087672534,0.0002754058263565742,0.0,0.057592460996714064,3.1990495020010687,89.53284810498639,0.03449783283373699,0.00035535109406586394,0.01885075844802707,0.0,0.07144531939187004,92.73189760698746,中,低,0.009974233999450067,True,1,5,0.2,1.630249409724609,86.10164819726286,0.018582174262634057,0.00020552786037645874,0.0,0.046681210339022935,2.630249409724609,90.10164819726286,0.02836402012252595,0.00029402480040007645,0.01714715137858404,0.0,0.06197243682455067,92.73189760698747,低,低,0.010331209549237566,True,1,1,1.0,1.630249409724609,1.0,0.619807917719597,0.06491181080298568,0.12044310880656417,1.0,2.630249409724609,1.0,0.7245368328354442,0.043104203043805,0.2076155173483066,0.3176104188327633,1.0,3.630249409724609,高,高,0.09999389107991097,True,江西|生产|2024-12,18,1.791759469228055,0.6931471805599453,1.0,0.2,0.2,1.0,"总体不合格_后验alpha,总体不合格_后验beta,总体不合格_后验均值,总体不合格_后验方差,AFB1全样本不合格_后验alpha,AFB1全样本不合格_后验beta,AFB1全样本不合格_后验均值,AFB1全样本不合格_后验方差,AFB1条件不合格_后验alpha,AFB1条件不合格_后验beta,AFB1条件不合格_后验均值,AFB1条件不合格_后验方差,抽检总批次数,AFB1相关记录数,浓度可用记录数,样本覆盖强度,AFB1记录覆盖强度,浓度可用率"
贵州,2024,12,2024-12,生产,7,7,0,0,0,0,0.0,,基本完整,2024-12,0,7,0.0,1.5403600876626364,27.6099609093826,0.052841959710109944,0.0016600051126822158,0.0,0.13269855393300428,1.5403600876626364,34.6099609093826,0.042609859198443595,0.001098086315345081,0.03313738546332648,0.0,0.10755913470656349,36.150320997045235,中,中,-0.008692847157683203,True,0,7,0.0,1.0,28.150320997045235,0.03430493956143272,0.0010987647755513368,0.0,0.09927427665023189,1.0,35.150320997045235,0.027662271659544477,0.000724006405982799,0.026907367132121995,0.0,0.08040071123850359,36.150320997045235,低,中,-0.005039604512378934,True,0,0,,1.0,1.0,0.5,0.08333333333333333,0.0,1.0,1.0,1.0,0.5,0.08333333333333333,0.28867513459481287,0.0,1.0,2.0,高,高,0.0,False,贵州|生产|2024-12,14,2.0794415416798357,0.0,,0.0,0.0,,"总体不合格_后验alpha,总体不合格_后验beta,总体不合格_后验均值,总体不合格_后验方差,AFB1全样本不合格_后验alpha,AFB1全样本不合格_后验beta,AFB1全样本不合格_后验均值,AFB1全样本不合格_后验方差,AFB1条件不合格_后验alpha,AFB1条件不合格_后验beta,AFB1条件不合格_后验均值,AFB1条件不合格_后验方差,抽检总批次数,AFB1相关记录数,浓度可用记录数,样本覆盖强度,AFB1记录覆盖强度,浓度可用率"
黑龙江,2024,12,2024-12,生产,4,4,0,0,0,0,0.0,,基本完整,2024-12,0,4,0.0,1.0,33.819477467568355,0.02871955792361969,0.0007787591246005188,0.0,0.08341581970690204,1.0,37.819477467568355,0.025760264311528863,0.0006302612362146,0.025105004206623826,0.0,0.07496607255651155,38.819477467568355,低,中,-0.0016018986382851097,True,0,4,0.0,1.0,33.819477467568355,0.02871955792361969,0.0007787591246005188,0.0,0.08341581970690204,1.0,37.819477467568355,0.025760264311528863,0.0006302612362146,0.025105004206623826,0.0,0.07496607255651155,38.819477467568355,低,中,-0.0016018986382851097,True,0,0,,1.0,1.0,0.5,0.08333333333333333,0.0,1.0,1.0,1.0,0.5,0.08333333333333333,0.28867513459481287,0.0,1.0,2.0,高,高,0.0,False,黑龙江|生产|2024-12,10,1.6094379124341003,0.0,,0.0,0.0,,"总体不合格_后验alpha,总体不合格_后验beta,总体不合格_后验均值,总体不合格_后验方差,AFB1全样本不合格_后验alpha,AFB1全样本不合格_后验beta,AFB1全样本不合格_后验均值,AFB1全样本不合格_后验方差,AFB1条件不合格_后验alpha,AFB1条件不合格_后验beta,AFB1条件不合格_后验均值,AFB1条件不合格_后验方差,抽检总批次数,AFB1相关记录数,浓度可用记录数,样本覆盖强度,AFB1记录覆盖强度,浓度可用率"
北京,2024,12,2024-12,餐饮,2,2,0,0,0,0,0.0,,基本完整,2024-12,0,2,0.0,3.5790124999999993,65.64050604291246,0.05170524983904936,0.0006982647844297962,0.0,0.10349766237086241,3.5790124999999993,67.64050604291246,0.05025325322641023,0.0006608720845765936,0.025707432477332186,0.0,0.10063982088198131,71.21951854291247,中,中,-0.0008034175142725489,True,0,2,0.0,1.8145062499999998,67.40501229291247,0.026213794724317552,0.00036352615654675974,0.0,0.06358386407118968,1.8145062499999998,69.40501229291247,0.025477653979178345,0.00034379269798292286,0.018541647660952974,0.0,0.06181928339464617,71.21951854291247,低,中,-5.0681391163039796e-05,True,0,0,,1.8145062499999998,1.0,0.6446978932805709,0.06005037209734929,0.1643964156134946,1.0,1.8145062499999998,1.0,0.6446978932805709,0.06005037209734929,0.2450517743199369,0.1643964156134946,1.0,2.81450625,高,高,-0.005330541909069897,False,北京|餐饮|2024-12,15,1.0986122886681098,0.0,,0.0,0.0,,"总体不合格_后验alpha,总体不合格_后验beta,总体不合格_后验均值,总体不合格_后验方差,AFB1全样本不合格_后验alpha,AFB1全样本不合格_后验beta,AFB1全样本不合格_后验均值,AFB1全样本不合格_后验方差,AFB1条件不合格_后验alpha,AFB1条件不合格_后验beta,AFB1条件不合格_后验均值,AFB1条件不合格_后验方差,抽检总批次数,AFB1相关记录数,浓度可用记录数,样本覆盖强度,AFB1记录覆盖强度,浓度可用率"
陕西,2024,12,2024-12,餐饮,29,25,4,3,3,3,0.1379310344827586,1.0,基本完整,2024-12,4,29,0.13793103448275862,3.0135557520010683,157.9786022854082,0.018718649335086355,0.00011338981914121174,0.0,0.039589641865698764,7.013555752001068,182.9786022854082,0.03691497493607134,0.00018614512724955454,0.013643501282645689,0.010173712422085791,0.06365623745005689,189.99215803740924,中,低,0.018495458483864843,True,3,29,0.10344827586206896,1.8145062499999998,159.17765178740925,0.011270774130367074,6.879187187750082e-05,0.0,0.027527183789470992,4.81450625,185.17765178740925,0.025340552471918496,0.00012931635060900676,0.011371734722943847,0.0030519524149485583,0.047629152528888434,189.99215803740924,低,低,0.014373540334572858,True,3,3,1.0,1.8145062499999998,1.0,0.6446978932805709,0.06005037209734929,0.1643964156134946,1.0,4.81450625,1.0,0.8280163513453959,0.020897372168387673,0.14455923411663357,0.5446802524767941,1.0,5.81450625,高,高,0.17798791615575504,True,陕西|餐饮|2024-12,18,3.4011973816621555,1.3862943611198906,1.0,0.13793103448275862,0.10344827586206896,1.0,"总体不合格_后验alpha,总体不合格_后验beta,总体不合格_后验均值,总体不合格_后验方差,AFB1全样本不合格_后验alpha,AFB1全样本不合格_后验beta,AFB1全样本不合格_后验均值,AFB1全样本不合格_后验方差,AFB1条件不合格_后验alpha,AFB1条件不合格_后验beta,AFB1条件不合格_后验均值,AFB1条件不合格_后验方差,抽检总批次数,AFB1相关记录数,浓度可用记录数,样本覆盖强度,AFB1记录覆盖强度,浓度可用率"
山西,2024,12,2024-12,餐饮,35,34,1,1,1,1,0.0285714285714285,1.0,基本完整,2024-12,1,35,0.02857142857142857,5.542129450128804,224.56046024772894,0.024085471864554165,0.00010170964306521495,0.004318636892831209,0.043852306836277125,6.542129450128804,258.56046024772894,0.024677727432180076,9.044909043648014e-05,0.009510472671559503,0.006037200995923451,0.0433182538684367,265.10258969785775,低,低,0.000799172597890932,True,1,35,0.02857142857142857,5.542129450128804,224.56046024772894,0.024085471864554165,0.00010170964306521495,0.004318636892831209,0.043852306836277125,6.542129450128804,258.56046024772894,0.024677727432180076,9.044909043648014e-05,0.009510472671559503,0.006037200995923451,0.0433182538684367,265.10258969785775,低,低,0.000799172597890932,True,1,1,1.0,5.542129450128804,1.0,0.8471445715614337,0.01716897691715132,0.5903249038470461,1.0,6.542129450128804,1.0,0.8674114510215782,0.013463718424038191,0.11603326429967482,0.6399862529942155,1.0,7.542129450128804,高,高,0.014878217617056322,True,山西|餐饮|2024-12,24,3.58351893845611,0.6931471805599453,1.0,0.02857142857142857,0.02857142857142857,1.0,"总体不合格_后验alpha,总体不合格_后验beta,总体不合格_后验均值,总体不合格_后验方差,AFB1全样本不合格_后验alpha,AFB1全样本不合格_后验beta,AFB1全样本不合格_后验均值,AFB1全样本不合格_后验方差,AFB1条件不合格_后验alpha,AFB1条件不合格_后验beta,AFB1条件不合格_后验均值,AFB1条件不合格_后验方差,抽检总批次数,AFB1相关记录数,浓度可用记录数,样本覆盖强度,AFB1记录覆盖强度,浓度可用率"
湖北,2024,12,2024-12,餐饮,49,47,2,2,2,2,0.0408163265306122,1.0,基本完整,2024-12,2,49,0.04081632653061224,7.6367881443401116,311.5579776380945,0.02392516721137401,7.293296481039136e-05,0.007186610594520828,0.040663723828227194,9.636788144340112,358.5579776380945,0.026173072080102482,6.903684651101547e-05,0.008308841466234356,0.009887742806283146,0.042458401353921815,368.1947657824346,低,低,0.0023971003065230284,True,2,49,0.04081632653061224,6.863007206840111,312.3317585755945,0.021501001716043126,6.570597301876316e-05,0.005613394408808956,0.0373886090232773,8.863007206840111,359.3317585755945,0.024071518746350783,6.363058989151184e-05,0.007976878455355317,0.008436836973854361,0.039706200518847205,368.1947657824346,低,低,0.0027204721689043816,True,2,2,1.0,6.863007206840111,1.0,0.8728221946521822,0.012524373340130228,0.6534739951532024,1.0,8.863007206840111,1.0,0.8986110443773692,0.008387109901115988,0.09158116564619599,0.7191119597108251,1.0,9.863007206840111,高,高,0.020986301115884065,True,湖北|餐饮|2024-12,22,3.912023005428146,1.0986122886681098,1.0,0.04081632653061224,0.04081632653061224,1.0,"总体不合格_后验alpha,总体不合格_后验beta,总体不合格_后验均值,总体不合格_后验方差,AFB1全样本不合格_后验alpha,AFB1全样本不合格_后验beta,AFB1全样本不合格_后验均值,AFB1全样本不合格_后验方差,AFB1条件不合格_后验alpha,AFB1条件不合格_后验beta,AFB1条件不合格_后验均值,AFB1条件不合格_后验方差,抽检总批次数,AFB1相关记录数,浓度可用记录数,样本覆盖强度,AFB1记录覆盖强度,浓度可用率"
浙江,2024,12,2024-12,生产,22,22,0,0,0,0,0.0,,基本完整,2024-12,0,22,0.0,5.134752992352417,82.87075015698291,0.05834581712054217,0.0006172829858946616,0.009649263663311418,0.10704237057777291,5.134752992352417,104.87075015698291,0.04667723745949197,0.00040086726964138464,0.020021670001310696,0.007434764256923007,0.08591971066206093,110.00550314933533,中,低,-0.011166160395979653,True,0,22,0.0,2.6134204312890623,85.39208271804627,0.02969610237730685,0.000323735531639636,0.0,0.06496170060485469,2.6134204312890623,107.39208271804627,0.023757179018046727,0.000208933564599496,0.014454534395804523,0.0,0.05208806643382359,110.00550314933533,低,低,-0.00540391260251178,True,0,0,,2.6134204312890623,1.0,0.723253903326368,0.04338596441200863,0.3149996677265737,1.0,2.6134204312890623,1.0,0.723253903326368,0.04338596441200863,0.20829297734683383,0.3149996677265737,1.0,3.6134204312890623,高,高,-0.006354317898824791,False,浙江|生产|2024-12,24,3.1354942159291497,0.0,,0.0,0.0,,"总体不合格_后验alpha,总体不合格_后验beta,总体不合格_后验均值,总体不合格_后验方差,AFB1全样本不合格_后验alpha,AFB1全样本不合格_后验beta,AFB1全样本不合格_后验均值,AFB1全样本不合格_后验方差,AFB1条件不合格_后验alpha,AFB1条件不合格_后验beta,AFB1条件不合格_后验均值,AFB1条件不合格_后验方差,抽检总批次数,AFB1相关记录数,浓度可用记录数,样本覆盖强度,AFB1记录覆盖强度,浓度可用率"
四川,2024,12,2024-12,生产,8,7,1,0,0,0,0.125,,基本完整,2024-12,1,8,0.125,2.637591890625,65.16085389698355,0.03890342706214468,0.0005434708589259941,0.0,0.08459585150701408,3.637591890625,72.16085389698355,0.047990322925851724,0.0005948981305907604,0.02439053362660933,0.0001848770176974407,0.095795768834006,75.79844578760856,中,中,0.009767999495516343,True,0,8,0.0,1.7350918906249997,66.06335389698354,0.025591912476290436,0.00036246409648672297,0.0,0.06290735261925799,1.7350918906249997,74.06335389698354,0.02289086369246704,0.0002912412070647508,0.0170657905490707,0.0,0.05633981316864561,75.79844578760854,低,中,-0.0020002821975237985,True,0,0,,1.7350918906249997,1.0,0.6343815710807842,0.0620979617492219,0.14596010364122658,1.0,1.7350918906249997,1.0,0.6343815710807842,0.0620979617492219,0.24919462624467226,0.14596010364122658,1.0,2.7350918906249997,高,高,-0.0050996920281558555,False,四川|生产|2024-12,16,2.1972245773362196,0.0,,0.125,0.0,,"总体不合格_后验alpha,总体不合格_后验beta,总体不合格_后验均值,总体不合格_后验方差,AFB1全样本不合格_后验alpha,AFB1全样本不合格_后验beta,AFB1全样本不合格_后验均值,AFB1全样本不合格_后验方差,AFB1条件不合格_后验alpha,AFB1条件不合格_后验beta,AFB1条件不合格_后验均值,AFB1条件不合格_后验方差,抽检总批次数,AFB1相关记录数,浓度可用记录数,样本覆盖强度,AFB1记录覆盖强度,浓度可用率"
山东,2024,12,2024-12,生产,125,124,1,1,1,0,0.008,1.0,基本完整,2024-12,1,125,0.008,13.68744536306671,368.45620914677403,0.03581753929846881,9.013497358125883e-05,0.01720940896493546,0.054425669632002155,14.68744536306671,492.45620914677403,0.028961114336059805,5.534334226725811e-05,0.007439310604300516,0.014380065551630794,0.043542163120488815,507.14365450984076,低,低,-0.006734925114100555,True,1,125,0.008,10.281051625754994,371.8626028840857,0.02690363036105378,6.832900591278659e-05,0.010702003618205978,0.043105257103901576,11.281051625754994,495.8626028840857,0.02224429217527772,4.2801840479299736e-05,0.006542311554741163,0.009421361527985039,0.035067222822570396,507.14365450984064,低,低,-0.0045355051200899055,True,1,1,1.0,10.281051625754994,2.3898736904792592,0.8113891739684312,0.011194325094697618,0.6040148281978168,1.0,11.281051625754994,2.3898736904792592,0.8251856670125116,0.009832664188536353,0.0991597911884467,0.6308324762831561,1.0,13.670925316234253,高,高,0.011319434544923568,True,山东|生产|2024-12,24,4.836281906951478,0.6931471805599453,0.0,0.008,0.008,1.0,"总体不合格_后验alpha,总体不合格_后验beta,总体不合格_后验均值,总体不合格_后验方差,AFB1全样本不合格_后验alpha,AFB1全样本不合格_后验beta,AFB1全样本不合格_后验均值,AFB1全样本不合格_后验方差,AFB1条件不合格_后验alpha,AFB1条件不合格_后验beta,AFB1条件不合格_后验均值,AFB1条件不合格_后验方差,抽检总批次数,AFB1相关记录数,浓度可用记录数,样本覆盖强度,AFB1记录覆盖强度,浓度可用率"
山西,2024,12,2024-12,流通,2,1,1,0,0,0,0.5,,基本完整,2024-12,1,2,0.5,4.970373819449218,42.48202437515131,0.10474441774398627,0.0019353639487324594,0.018518585504160273,0.19097024998381226,5.970373819449218,43.48202437515131,0.1207297125602514,0.0021040436701526546,0.0458698557895341,0.030824795212764572,0.21063462990773824,49.45239819460053,高,中,0.016820005617250666,True,0,2,0.0,1.0,46.452398194600526,0.02107375049621385,0.000425771443827854,0.0,0.06151684111264775,1.0,48.452398194600526,0.020221466228288708,0.0003926980528348254,0.019816610528413416,0.0,0.059062022863979,49.452398194600526,低,中,0.00015912437823377076,True,0,0,,1.0,1.0,0.5,0.08333333333333333,0.0,1.0,1.0,1.0,0.5,0.08333333333333333,0.28867513459481287,0.0,1.0,2.0,高,高,0.0,False,山西|流通|2024-12,21,1.0986122886681098,0.0,,0.5,0.0,,"总体不合格_后验alpha,总体不合格_后验beta,总体不合格_后验均值,总体不合格_后验方差,AFB1全样本不合格_后验alpha,AFB1全样本不合格_后验beta,AFB1全样本不合格_后验均值,AFB1全样本不合格_后验方差,AFB1条件不合格_后验alpha,AFB1条件不合格_后验beta,AFB1条件不合格_后验均值,AFB1条件不合格_后验方差,抽检总批次数,AFB1相关记录数,浓度可用记录数,样本覆盖强度,AFB1记录覆盖强度,浓度可用率"
青海,2024,12,2024-12,餐饮,5,5,0,0,0,0,0.0,,基本完整,2024-12,0,5,0.0,1.0,44.70503855112968,0.021879425807316888,0.0004582100175387045,0.0,0.06383487364638407,1.0,49.70503855112968,0.01972190592048609,0.00037390847950401906,0.019336713254946382,0.0,0.057621863900180995,50.70503855112968,低,中,-0.001109125697542606,True,0,5,0.0,1.0,44.70503855112968,0.021879425807316888,0.0004582100175387045,0.0,0.06383487364638407,1.0,49.70503855112968,0.01972190592048609,0.00037390847950401906,0.019336713254946382,0.0,0.057621863900180995,50.70503855112968,低,中,-0.001109125697542606,True,0,0,,1.0,1.0,0.5,0.08333333333333333,0.0,1.0,1.0,1.0,0.5,0.08333333333333333,0.28867513459481287,0.0,1.0,2.0,高,高,0.0,False,青海|餐饮|2024-12,11,1.791759469228055,0.0,,0.0,0.0,,"总体不合格_后验alpha,总体不合格_后验beta,总体不合格_后验均值,总体不合格_后验方差,AFB1全样本不合格_后验alpha,AFB1全样本不合格_后验beta,AFB1全样本不合格_后验均值,AFB1全样本不合格_后验方差,AFB1条件不合格_后验alpha,AFB1条件不合格_后验beta,AFB1条件不合格_后验均值,AFB1条件不合格_后验方差,抽检总批次数,AFB1相关记录数,浓度可用记录数,样本覆盖强度,AFB1记录覆盖强度,浓度可用率"
内蒙古,2024,12,2024-12,流通,6,6,0,0,0,0,0.0,,基本完整,2024-12,0,6,0.0,2.480148504617308,83.08258884610396,0.028986315555230437,0.0003251527149808708,0.0,0.06432901876070855,2.480148504617308,89.08258884610396,0.027086875910200946,0.00028470611196138067,0.016873236558567557,0.0,0.060158419564993355,91.56273735072126,低,低,-0.0013483062516397755,True,0,6,0.0,1.5987369392383783,83.96400041148289,0.018684967180107422,0.00021182138807943963,0.0,0.047210973638179596,1.5987369392383783,89.96400041148289,0.017460562948381365,0.00018534123104963792,0.013614008632641523,0.0,0.04414401986835875,91.56273735072126,低,低,-0.000661217224452143,True,0,0,,1.5987369392383783,1.0,0.6151976812654713,0.0657812722152343,0.11249962542872538,1.0,1.5987369392383783,1.0,0.6151976812654713,0.0657812722152343,0.2564785999167071,0.11249962542872538,1.0,2.5987369392383783,高,高,-0.004610236454125727,False,内蒙古|流通|2024-12,23,1.9459101490553132,0.0,,0.0,0.0,,"总体不合格_后验alpha,总体不合格_后验beta,总体不合格_后验均值,总体不合格_后验方差,AFB1全样本不合格_后验alpha,AFB1全样本不合格_后验beta,AFB1全样本不合格_后验均值,AFB1全样本不合格_后验方差,AFB1条件不合格_后验alpha,AFB1条件不合格_后验beta,AFB1条件不合格_后验均值,AFB1条件不合格_后验方差,抽检总批次数,AFB1相关记录数,浓度可用记录数,样本覆盖强度,AFB1记录覆盖强度,浓度可用率"
安徽,2024,12,2024-12,餐饮,18,17,1,1,1,1,0.0555555555555555,1.0,基本完整,2024-12,1,18,0.05555555555555555,1.9461536948117675,151.82248500361152,0.012656375911791974,8.074111244798778e-05,0.0,0.030268163373040474,2.9461536948117675,168.82248500361152,0.017151871943191985,9.757375736149837e-05,0.009877942972172819,0.0,0.03651264016865071,171.76863869842327,低,低,0.004812635317734569,True,1,18,0.05555555555555555,1.9461536948117675,151.82248500361152,0.012656375911791974,8.074111244798778e-05,0.0,0.030268163373040474,2.9461536948117675,168.82248500361152,0.017151871943191985,9.757375736149837e-05,0.009877942972172819,0.0,0.03651264016865071,171.76863869842327,低,低,0.004812635317734569,True,1,1,1.0,1.9461536948117675,1.0,0.6605743950965562,0.056818837019491766,0.19337503262473144,1.0,2.9461536948117675,1.0,0.7465886842383365,0.03825073632549261,0.19557795459993085,0.363255893222472,1.0,3.9461536948117675,高,高,0.08037248577082146,True,安徽|餐饮|2024-12,24,2.9444389791664403,0.6931471805599453,1.0,0.05555555555555555,0.05555555555555555,1.0,"总体不合格_后验alpha,总体不合格_后验beta,总体不合格_后验均值,总体不合格_后验方差,AFB1全样本不合格_后验alpha,AFB1全样本不合格_后验beta,AFB1全样本不合格_后验均值,AFB1全样本不合格_后验方差,AFB1条件不合格_后验alpha,AFB1条件不合格_后验beta,AFB1条件不合格_后验均值,AFB1条件不合格_后验方差,抽检总批次数,AFB1相关记录数,浓度可用记录数,样本覆盖强度,AFB1记录覆盖强度,浓度可用率"
山东,2024,12,2024-12,餐饮,83,81,2,1,1,1,0.0240963855421686,1.0,基本完整,2024-12,2,83,0.024096385542168676,15.175937772825284,681.3190880561565,0.021789010990800103,3.055828242719099e-05,0.010954219909644135,0.03262380207195607,17.175937772825286,762.3190880561565,0.02203469836713701,2.760961917997931e-05,0.005254485624681003,0.011735906542762246,0.03233349019151177,779.4950258289817,低,低,0.00031435687730584083,True,1,83,0.012048192771084338,12.266984355165533,684.2280414738161,0.017612450771726813,2.4806273462633468e-05,0.007850495018187836,0.02737440652526579,13.266984355165533,766.2280414738161,0.01701997307943856,2.14354903518368e-05,0.004629847767674095,0.007945471454797334,0.026094474704079787,779.4950258289816,低,低,-0.0005232084512200759,True,1,1,1.0,12.266984355165533,1.0,0.9246249205373753,0.004884962030072895,0.7876356138936521,1.0,13.266984355165533,1.0,0.9299081028544103,0.004269279484659239,0.06533972363470203,0.8018422445303943,1.0,14.266984355165533,高,高,0.002058260732231809,True,山东|餐饮|2024-12,24,4.430816798843313,0.6931471805599453,1.0,0.024096385542168676,0.012048192771084338,1.0,"总体不合格_后验alpha,总体不合格_后验beta,总体不合格_后验均值,总体不合格_后验方差,AFB1全样本不合格_后验alpha,AFB1全样本不合格_后验beta,AFB1全样本不合格_后验均值,AFB1全样本不合格_后验方差,AFB1条件不合格_后验alpha,AFB1条件不合格_后验beta,AFB1条件不合格_后验均值,AFB1条件不合格_后验方差,抽检总批次数,AFB1相关记录数,浓度可用记录数,样本覆盖强度,AFB1记录覆盖强度,浓度可用率"
不详,2024,12,2024-12,流通,1416,1381,35,40,22,20,0.0247175141242937,0.55,基本完整,2024-12,35,1416,0.024717514124293787,321.60300257661896,10853.222917990528,0.02877924048773879,2.5010228329745886e-06,0.025679574487158217,0.03187890648831937,356.60300257661896,12234.222917990528,0.028322447218820414,2.185567555965545e-06,0.0014783665161134925,0.025424848847237967,0.03122004559040286,12590.825920567147,低,低,-0.00045257642491824956,True,22,1416,0.015536723163841809,190.6840585504508,10984.141862016695,0.017063716240939275,1.5007880355510062e-06,0.01466258581604088,0.01946484666583767,212.6840585504508,12378.141862016695,0.01689198626779764,1.3188434443491894e-06,0.0011484090927666802,0.014641104445974946,0.019142868089620332,12590.825920567146,低,低,-0.0001674082896641893,True,22,40,0.55,190.6840585504508,178.64215017613458,0.5163025370117057,0.0006743628222958495,0.4654042834254407,0.5672007905979707,212.6840585504508,196.64215017613458,0.5195955060197863,0.0006083355409309386,0.024664459064227186,0.471253166253901,0.5679378457856716,409.3262087265854,高,中,0.003288553683104656,True,不详|流通|2024-12,24,7.256297239690681,3.713572066704308,0.5,0.024717514124293787,0.015536723163841809,0.55,"总体不合格_后验alpha,总体不合格_后验beta,总体不合格_后验均值,总体不合格_后验方差,AFB1全样本不合格_后验alpha,AFB1全样本不合格_后验beta,AFB1全样本不合格_后验均值,AFB1全样本不合格_后验方差,AFB1条件不合格_后验alpha,AFB1条件不合格_后验beta,AFB1条件不合格_后验均值,AFB1条件不合格_后验方差,抽检总批次数,AFB1相关记录数,浓度可用记录数,样本覆盖强度,AFB1记录覆盖强度,浓度可用率"
不详,2024,12,2024-12,餐饮,571,563,8,4,4,3,0.0140105078809106,1.0,基本完整,2024-12,8,571,0.014010507880910683,42.16589626626332,1725.860576592771,0.023849131737308113,1.3159978671805746e-05,0.01673890149732228,0.030959361977293945,50.16589626626332,2288.860576592771,0.02144734009997956,8.968852252758113e-06,0.0029948042094197266,0.015577523849516897,0.027317156350442226,2339.026472859034,低,低,-0.002374858907061062,True,4,571,0.0070052539404553416,34.27302742306753,1733.7534454359666,0.0193849062495345,1.074553261405377e-05,0.012959951923615213,0.02580986057545379,38.27302742306753,2300.7534454359666,0.016362802160287532,6.878153325370694e-06,0.002622623367045046,0.011222460360879243,0.02150314395969582,2339.026472859034,低,低,-0.002994918847036461,True,4,4,1.0,34.27302742306753,29.45286682383114,0.5378194818307392,0.003840343801908376,0.41635728709751696,0.6592816765639615,38.27302742306753,29.452866823831144,0.5651166049360824,0.003575942233340796,0.05979918254742949,0.4479102071431206,0.6823230027290442,67.72589424689868,高,高,0.027237682711964917,True,不详|餐饮|2024-12,24,6.349138991379798,1.6094379124341003,0.75,0.014010507880910683,0.0070052539404553416,1.0,"总体不合格_后验alpha,总体不合格_后验beta,总体不合格_后验均值,总体不合格_后验方差,AFB1全样本不合格_后验alpha,AFB1全样本不合格_后验beta,AFB1全样本不合格_后验均值,AFB1全样本不合格_后验方差,AFB1条件不合格_后验alpha,AFB1条件不合格_后验beta,AFB1条件不合格_后验均值,AFB1条件不合格_后验方差,抽检总批次数,AFB1相关记录数,浓度可用记录数,样本覆盖强度,AFB1记录覆盖强度,浓度可用率"
宁夏,2024,12,2024-12,餐饮,4,4,0,0,0,0,0.0,,基本完整,2024-12,0,4,0.0,1.0,56.99460171401651,0.017242984182065924,0.00028724092012196486,0.0,0.05046142362073523,1.0,60.99460171401651,0.01613043672113644,0.0002519302495850318,0.015872310782776143,0.0,0.04724016585537768,61.99460171401651,低,中,-0.000278692487364552,True,0,4,0.0,1.0,56.99460171401651,0.017242984182065924,0.00028724092012196486,0.0,0.05046142362073523,1.0,60.99460171401651,0.01613043672113644,0.0002519302495850318,0.015872310782776143,0.0,0.04724016585537768,61.99460171401651,低,中,-0.000278692487364552,True,0,0,,1.0,1.0,0.5,0.08333333333333333,0.0,1.0,1.0,1.0,0.5,0.08333333333333333,0.28867513459481287,0.0,1.0,2.0,高,高,0.0,False,宁夏|餐饮|2024-12,17,1.6094379124341003,0.0,,0.0,0.0,,"总体不合格_后验alpha,总体不合格_后验beta,总体不合格_后验均值,总体不合格_后验方差,AFB1全样本不合格_后验alpha,AFB1全样本不合格_后验beta,AFB1全样本不合格_后验均值,AFB1全样本不合格_后验方差,AFB1条件不合格_后验alpha,AFB1条件不合格_后验beta,AFB1条件不合格_后验均值,AFB1条件不合格_后验方差,抽检总批次数,AFB1相关记录数,浓度可用记录数,样本覆盖强度,AFB1记录覆盖强度,浓度可用率"
广西,2024,12,2024-12,生产,392,363,29,3,3,3,0.0739795918367346,1.0,基本完整,2024-12,29,392,0.07397959183673469,241.18801951317613,5282.062217612496,0.04366776972949384,7.559559003263834e-06,0.03827881789570108,0.0490567215632866,270.18801951317613,5645.062217612496,0.045676515562673034,7.367871496575439e-06,0.002714382341634177,0.04035632617307005,0.05099670495227602,5915.250237125672,中,低,0.0020170080062267906,True,3,392,0.007653061224489796,88.26566362028817,5434.984573505383,0.015980746812265034,2.8466057598016043e-06,0.012673856930993835,0.019287636693536232,91.26566362028817,5823.984573505383,0.015428876203322858,2.567644263439007e-06,0.0016023870516947542,0.012288197582001139,0.018569554824644577,5915.250237125671,低,低,-0.0005431071454764496,True,3,3,1.0,88.26566362028817,1.0,0.98879748427958,0.00012271575832589396,0.9670851638788317,1.0,91.26566362028817,1.0,0.9891617318863557,0.00011494905672454738,0.010721429789190776,0.9681477294995418,1.0,92.26566362028817,高,低,-0.00018394265440058177,True,广西|生产|2024-12,24,5.973809611869261,1.3862943611198906,1.0,0.07397959183673469,0.007653061224489796,1.0,"总体不合格_后验alpha,总体不合格_后验beta,总体不合格_后验均值,总体不合格_后验方差,AFB1全样本不合格_后验alpha,AFB1全样本不合格_后验beta,AFB1全样本不合格_后验均值,AFB1全样本不合格_后验方差,AFB1条件不合格_后验alpha,AFB1条件不合格_后验beta,AFB1条件不合格_后验均值,AFB1条件不合格_后验方差,抽检总批次数,AFB1相关记录数,浓度可用记录数,样本覆盖强度,AFB1记录覆盖强度,浓度可用率"
浙江,2024,12,2024-12,餐饮,11,11,0,0,0,0,0.0,,基本完整,2024-12,0,11,0.0,3.148548953749139,192.9120448255565,0.01605906058457256,8.018430704319208e-05,0.0,0.033610015941393644,3.148548953749139,203.9120448255565,0.015205930284856626,7.197283107301283e-05,0.008483680278806647,0.0,0.031833943631317654,207.06059377930563,低,低,-0.0006061720056619504,True,0,11,0.0,3.148548953749139,192.9120448255565,0.01605906058457256,8.018430704319208e-05,0.0,0.033610015941393644,3.148548953749139,203.9120448255565,0.015205930284856626,7.197283107301283e-05,0.008483680278806647,0.0,0.031833943631317654,207.06059377930563,低,低,-0.0006061720056619504,True,0,0,,3.148548953749139,1.0,0.7589518621694756,0.03553310548707948,0.38948741457111125,1.0,3.148548953749139,1.0,0.7589518621694756,0.03553310548707948,0.18850226918283897,0.38948741457111125,1.0,4.148548953749139,高,高,-0.006396164777251245,False,浙江|餐饮|2024-12,23,2.4849066497880004,0.0,,0.0,0.0,,"总体不合格_后验alpha,总体不合格_后验beta,总体不合格_后验均值,总体不合格_后验方差,AFB1全样本不合格_后验alpha,AFB1全样本不合格_后验beta,AFB1全样本不合格_后验均值,AFB1全样本不合格_后验方差,AFB1条件不合格_后验alpha,AFB1条件不合格_后验beta,AFB1条件不合格_后验均值,AFB1条件不合格_后验方差,抽检总批次数,AFB1相关记录数,浓度可用记录数,样本覆盖强度,AFB1记录覆盖强度,浓度可用率"
贵州,2024,12,2024-12,流通,11,10,1,0,0,0,0.0909090909090909,,基本完整,2024-12,1,11,0.09090909090909091,9.378200026259696,187.61407045156704,0.04760694418878378,0.00022900148043338649,0.017946666252916466,0.07726722212465109,10.378200026259696,197.61407045156704,0.04989704666628982,0.00022683772606461853,0.015061132960857178,0.020377226063009752,0.0794168672695699,207.99227047782674,中,低,0.002519869270642884,True,0,11,0.0,3.1206094973872456,193.8716609804395,0.01584127889798853,7.874212838329283e-05,0.0,0.03323368414847812,3.1206094973872456,204.8716609804395,0.0150034878229762,7.071258253874002e-05,0.00840907738927048,0.0,0.031485279505946345,207.99227047782674,低,低,-0.0005918907560576881,True,0,0,,3.1206094973872456,1.8145062499999998,0.6323275191750796,0.0391718439141335,0.24440670820905874,1.0,3.1206094973872456,1.8145062499999998,0.6323275191750796,0.0391718439141335,0.19791878110511266,0.24440670820905874,1.0,4.935115747387245,高,高,-0.002736801476708961,False,贵州|流通|2024-12,24,2.4849066497880004,0.0,,0.09090909090909091,0.0,,"总体不合格_后验alpha,总体不合格_后验beta,总体不合格_后验均值,总体不合格_后验方差,AFB1全样本不合格_后验alpha,AFB1全样本不合格_后验beta,AFB1全样本不合格_后验均值,AFB1全样本不合格_后验方差,AFB1条件不合格_后验alpha,AFB1条件不合格_后验beta,AFB1条件不合格_后验均值,AFB1条件不合格_后验方差,抽检总批次数,AFB1相关记录数,浓度可用记录数,样本覆盖强度,AFB1记录覆盖强度,浓度可用率"
河北,2024,12,2024-12,生产,29,29,0,0,0,0,0.0,,基本完整,2024-12,0,29,0.0,2.2754519782876366,86.8555204215712,0.025529307232053045,0.00027601568075774424,0.0,0.058092197754839106,2.2754519782876366,115.8555204215712,0.019262111638135942,0.00015857406611245219,0.012592619509556072,0.0,0.04394364587686585,118.13097239985883,低,低,-0.00573426791720142,True,0,29,0.0,1.7350918906249997,87.39588050923385,0.01946676720681382,0.00021177861142613645,0.0,0.04798989315146872,1.7350918906249997,116.39588050923385,0.014687865979397228,0.0001214808565802124,0.011021835445161228,0.0,0.03629066345191323,118.13097239985885,低,低,-0.004239164077703118,True,0,0,,1.7350918906249997,1.0,0.6343815710807842,0.0620979617492219,0.14596010364122658,1.0,1.7350918906249997,1.0,0.6343815710807842,0.0620979617492219,0.24919462624467226,0.14596010364122658,1.0,2.7350918906249997,高,高,-0.0050996920281558555,False,河北|生产|2024-12,18,3.4011973816621555,0.0,,0.0,0.0,,"总体不合格_后验alpha,总体不合格_后验beta,总体不合格_后验均值,总体不合格_后验方差,AFB1全样本不合格_后验alpha,AFB1全样本不合格_后验beta,AFB1全样本不合格_后验均值,AFB1全样本不合格_后验方差,AFB1条件不合格_后验alpha,AFB1条件不合格_后验beta,AFB1条件不合格_后验均值,AFB1条件不合格_后验方差,抽检总批次数,AFB1相关记录数,浓度可用记录数,样本覆盖强度,AFB1记录覆盖强度,浓度可用率"
广西,2024,12,2024-12,流通,177,174,3,0,0,0,0.0169491525423728,,基本完整,2024-12,3,177,0.01694915254237288,34.185950539961134,1206.098767578728,0.027562986176122267,2.1593166803665015e-05,0.01845517032417623,0.0366708020280683,37.185950539961134,1380.098767578728,0.026237459604674176,1.801405246194664e-05,0.004244296462542012,0.017918638538091832,0.03455628067125652,1417.2847181186892,低,低,-0.0012874324870006948,True,0,177,0.0,19.05151764038538,1221.2332004783038,0.015360600160649761,1.218467600751387e-05,0.008518915327915554,0.022202284993383968,19.05151764038538,1398.2332004783038,0.013442265620188482,9.350429392467719e-06,0.003057847182654444,0.007448885142185772,0.019435646098191192,1417.2847181186892,低,低,-0.0018792565391959112,True,0,0,,19.05151764038538,5.120479103327163,0.7881648273571331,0.006632808432884339,0.6285383982303483,0.9477912564839179,19.05151764038538,5.120479103327163,0.7881648273571331,0.006632808432884339,0.08144205567693107,0.6285383982303483,0.9477912564839179,24.171996743712544,高,高,-0.0011970956561067059,False,广西|流通|2024-12,24,5.181783550292085,0.0,,0.01694915254237288,0.0,,"总体不合格_后验alpha,总体不合格_后验beta,总体不合格_后验均值,总体不合格_后验方差,AFB1全样本不合格_后验alpha,AFB1全样本不合格_后验beta,AFB1全样本不合格_后验均值,AFB1全样本不合格_后验方差,AFB1条件不合格_后验alpha,AFB1条件不合格_后验beta,AFB1条件不合格_后验均值,AFB1条件不合格_后验方差,抽检总批次数,AFB1相关记录数,浓度可用记录数,样本覆盖强度,AFB1记录覆盖强度,浓度可用率"
江苏,2024,12,2024-12,餐饮,31,31,0,0,0,0,0.0,,基本完整,2024-12,0,31,0.0,7.050929197037636,502.82311097629537,0.013828766796286892,2.6694509669259696e-05,0.003702087757953148,0.023955445834620635,7.050929197037636,533.8231109762953,0.013036176028670257,2.3743957431701604e-05,0.004872777178540139,0.003485532758731584,0.02258681929860893,540.8740401733329,低,低,-0.0006972208203673766,True,0,31,0.0,7.050929197037636,502.82311097629537,0.013828766796286892,2.6694509669259696e-05,0.003702087757953148,0.023955445834620635,7.050929197037636,533.8231109762953,0.013036176028670257,2.3743957431701604e-05,0.004872777178540139,0.003485532758731584,0.02258681929860893,540.8740401733329,低,低,-0.0006972208203673766,True,0,0,,7.050929197037636,18.457201753252736,0.27641888818817484,0.007545288153889899,0.10616619666177507,0.4466715797145746,7.050929197037636,18.457201753252736,0.27641888818817484,0.007545288153889899,0.08686361812571416,0.10616619666177507,0.4466715797145746,25.508130950290372,高,高,0.0008799589086235793,False,江苏|餐饮|2024-12,24,3.4657359027997265,0.0,,0.0,0.0,,"总体不合格_后验alpha,总体不合格_后验beta,总体不合格_后验均值,总体不合格_后验方差,AFB1全样本不合格_后验alpha,AFB1全样本不合格_后验beta,AFB1全样本不合格_后验均值,AFB1全样本不合格_后验方差,AFB1条件不合格_后验alpha,AFB1条件不合格_后验beta,AFB1条件不合格_后验均值,AFB1条件不合格_后验方差,抽检总批次数,AFB1相关记录数,浓度可用记录数,样本覆盖强度,AFB1记录覆盖强度,浓度可用率"
上海,2024,12,2024-12,流通,4,4,0,0,0,0,0.0,,基本完整,2024-12,0,4,0.0,1.440126668651765,71.97049281007084,0.019617416102436957,0.0002584654344048335,0.0,0.051128062125798776,1.440126668651765,75.97049281007084,0.018603735228441158,0.0002328464739262209,0.01525930778004759,0.0,0.04851197847733443,77.41061947872261,低,中,-0.0003584107544505853,True,0,4,0.0,1.0,72.41061947872264,0.013622007375783559,0.00018057164938238077,0.0,0.039959889755871635,1.0,76.41061947872264,0.012918124241014033,0.0001626214203111597,0.012752310391107947,0.0,0.03791265260758561,77.41061947872264,低,中,-4.0434924834019045e-05,True,0,0,,1.0,1.0,0.5,0.08333333333333333,0.0,1.0,1.0,1.0,0.5,0.08333333333333333,0.28867513459481287,0.0,1.0,2.0,高,高,0.0,False,上海|流通|2024-12,24,1.6094379124341003,0.0,,0.0,0.0,,"总体不合格_后验alpha,总体不合格_后验beta,总体不合格_后验均值,总体不合格_后验方差,AFB1全样本不合格_后验alpha,AFB1全样本不合格_后验beta,AFB1全样本不合格_后验均值,AFB1全样本不合格_后验方差,AFB1条件不合格_后验alpha,AFB1条件不合格_后验beta,AFB1条件不合格_后验均值,AFB1条件不合格_后验方差,抽检总批次数,AFB1相关记录数,浓度可用记录数,样本覆盖强度,AFB1记录覆盖强度,浓度可用率"
湖南,2024,12,2024-12,生产,46,46,0,0,0,0,0.0,,基本完整,2024-12,0,46,0.0,5.144701368789062,225.3143377206311,0.022323712661115765,9.42947166807681e-05,0.0032910411828172247,0.04135638413941431,5.144701368789062,271.3143377206311,0.018609271687170328,6.582220840373332e-05,0.008113088709223715,0.0027076178170918445,0.034510925557248814,276.4590390894202,低,低,-0.003507079331343057,True,0,46,0.0,3.468420431289062,226.99061865813113,0.015050051605670729,6.404393455815979e-05,0.0,0.03073543266570962,3.468420431289062,272.9906186581311,0.012545874581323448,4.46497459696044e-05,0.006682046540514694,0.0,0.02564268580073225,276.4590390894202,低,低,-0.0022936578494491423,True,0,0,,3.468420431289062,1.754707205070614,0.6640504833051373,0.035848122031745706,0.29295191742653637,1.0,3.468420431289062,1.754707205070614,0.6640504833051373,0.035848122031745706,0.18933600299928618,0.29295191742653637,1.0,5.223127636359676,高,高,-0.0032021549129644944,False,湖南|生产|2024-12,20,3.8501476017100584,0.0,,0.0,0.0,,"总体不合格_后验alpha,总体不合格_后验beta,总体不合格_后验均值,总体不合格_后验方差,AFB1全样本不合格_后验alpha,AFB1全样本不合格_后验beta,AFB1全样本不合格_后验均值,AFB1全样本不合格_后验方差,AFB1条件不合格_后验alpha,AFB1条件不合格_后验beta,AFB1条件不合格_后验均值,AFB1条件不合格_后验方差,抽检总批次数,AFB1相关记录数,浓度可用记录数,样本覆盖强度,AFB1记录覆盖强度,浓度可用率"
湖南,2024,12,2024-12,餐饮,10,10,0,0,0,0,0.0,,基本完整,2024-12,0,10,0.0,1.0,68.76302374897077,0.014334241067278184,0.00019966318356356047,0.0,0.04202947686655915,1.0,78.76302374897077,0.012537137548185084,0.00015328744709661442,0.012380930784743708,0.0,0.036803761886282746,79.76302374897077,低,中,-0.0010999391802570344,True,0,10,0.0,1.0,68.76302374897077,0.014334241067278184,0.00019966318356356047,0.0,0.04202947686655915,1.0,78.76302374897077,0.012537137548185084,0.00015328744709661442,0.012380930784743708,0.0,0.036803761886282746,79.76302374897077,低,中,-0.0010999391802570344,True,0,0,,1.0,1.4632912301597527,0.40596093054540966,0.06963221900486574,0.0,0.9231641135683801,1.0,1.4632912301597527,0.40596093054540966,0.06963221900486574,0.2638791750117196,0.0,0.9231641135683801,2.4632912301597525,高,高,0.003979157043976944,False,湖南|餐饮|2024-12,20,2.3978952727983707,0.0,,0.0,0.0,,"总体不合格_后验alpha,总体不合格_后验beta,总体不合格_后验均值,总体不合格_后验方差,AFB1全样本不合格_后验alpha,AFB1全样本不合格_后验beta,AFB1全样本不合格_后验均值,AFB1全样本不合格_后验方差,AFB1条件不合格_后验alpha,AFB1条件不合格_后验beta,AFB1条件不合格_后验均值,AFB1条件不合格_后验方差,抽检总批次数,AFB1相关记录数,浓度可用记录数,样本覆盖强度,AFB1记录覆盖强度,浓度可用率"
新疆,2024,12,2024-12,餐饮,5,4,1,1,1,1,0.2,1.0,基本完整,2024-12,1,5,0.2,1.7737809374999998,161.0670324115218,0.010892729537638698,6.575942685237456e-05,0.0,0.026786798060080715,2.7737809374999998,165.0670324115218,0.01652626010416176,9.626311617874896e-05,0.00981137687476885,0.0,0.0357565587787087,167.8408133490218,低,低,0.005934074271815599,True,1,5,0.2,1.0,161.8408133490218,0.006140966625219863,3.725112827123449e-05,0.0,0.018103572293165893,2.0,165.8408133490218,0.01191605283657103,6.973468255585901e-05,0.00835072946249961,0.0,0.028283482583070264,167.8408133490218,低,低,0.006078549751450125,True,1,1,1.0,1.0,1.0,0.5,0.08333333333333333,0.0,1.0,2.0,1.0,0.6666666666666666,0.05555555555555555,0.23570226039551584,0.2046902362914556,1.0,3.0,高,高,0.16666666666666663,True,新疆|餐饮|2024-12,22,1.791759469228055,0.6931471805599453,1.0,0.2,0.2,1.0,"总体不合格_后验alpha,总体不合格_后验beta,总体不合格_后验均值,总体不合格_后验方差,AFB1全样本不合格_后验alpha,AFB1全样本不合格_后验beta,AFB1全样本不合格_后验均值,AFB1全样本不合格_后验方差,AFB1条件不合格_后验alpha,AFB1条件不合格_后验beta,AFB1条件不合格_后验均值,AFB1条件不合格_后验方差,抽检总批次数,AFB1相关记录数,浓度可用记录数,样本覆盖强度,AFB1记录覆盖强度,浓度可用率"
福建,2024,12,2024-12,生产,7,7,0,0,0,0,0.0,,基本完整,2024-12,0,7,0.0,2.370717083279504,151.57442010494015,0.015399752967714517,9.785786667076301e-05,0.0,0.03478868745629339,2.370717083279504,158.57442010494015,0.014729970253820307,8.961675837956306e-05,0.009466612825058552,0.0,0.03328453139093507,160.94513718821966,低,低,-0.0003547904717673689,True,0,7,0.0,1.8573749999999998,152.0877621882197,0.012065174866349278,7.692791550672767e-05,0.0,0.029256052686014132,1.8573749999999998,159.0877621882197,0.0115404232302332,7.043892802191586e-05,0.008392790240552653,0.0,0.0279902921017164,160.9451371882197,低,低,-0.00020759190389997573,True,0,0,,1.8573749999999998,1.0,0.6500284351896408,0.05897572018135331,0.17404405871422873,1.0,1.8573749999999998,1.0,0.6500284351896408,0.05897572018135331,0.24284917167112863,0.17404405871422873,1.0,2.8573749999999998,高,高,-0.005440987721642587,False,福建|生产|2024-12,24,2.0794415416798357,0.0,,0.0,0.0,,"总体不合格_后验alpha,总体不合格_后验beta,总体不合格_后验均值,总体不合格_后验方差,AFB1全样本不合格_后验alpha,AFB1全样本不合格_后验beta,AFB1全样本不合格_后验均值,AFB1全样本不合格_后验方差,AFB1条件不合格_后验alpha,AFB1条件不合格_后验beta,AFB1条件不合格_后验均值,AFB1条件不合格_后验方差,抽检总批次数,AFB1相关记录数,浓度可用记录数,样本覆盖强度,AFB1记录覆盖强度,浓度可用率"
重庆,2024,12,2024-12,生产,16,16,0,0,0,0,0.0,,基本完整,2024-12,0,16,0.0,3.008123226827746,71.1021166681414,0.04058984603330028,0.0005184687265910543,0.0,0.08521886641323012,3.008123226827746,87.1021166681414,0.03338270134819261,0.00035416761755965637,0.018819341581459655,0.0,0.07026861084785353,90.11023989496915,中,低,-0.006586406048645119,True,0,16,0.0,1.0,73.11023989496917,0.013493411995659767,0.00017722403559074156,0.0,0.03958601353566326,1.0,89.11023989496917,0.011097517897694885,0.00012045147731864548,0.010975038829937937,0.0,0.03260859400437324,90.11023989496917,低,低,-0.0017385437249695206,True,0,0,,1.0,1.0,0.5,0.08333333333333333,0.0,1.0,1.0,1.0,0.5,0.08333333333333333,0.28867513459481287,0.0,1.0,2.0,高,高,0.0,False,重庆|生产|2024-12,20,2.833213344056216,0.0,,0.0,0.0,,"总体不合格_后验alpha,总体不合格_后验beta,总体不合格_后验均值,总体不合格_后验方差,AFB1全样本不合格_后验alpha,AFB1全样本不合格_后验beta,AFB1全样本不合格_后验均值,AFB1全样本不合格_后验方差,AFB1条件不合格_后验alpha,AFB1条件不合格_后验beta,AFB1条件不合格_后验均值,AFB1条件不合格_后验方差,抽检总批次数,AFB1相关记录数,浓度可用记录数,样本覆盖强度,AFB1记录覆盖强度,浓度可用率"
湖北,2024,12,2024-12,生产,24,24,0,0,0,0,0.0,,基本完整,2024-12,0,24,0.0,5.241408852641987,67.78835529906358,0.07177085827299057,0.0008999056384838426,0.012973940829985701,0.13056777571599543,5.241408852641987,91.78835529906358,0.05401856737945967,0.0005212759838802629,0.022831469157289525,0.009268887831172197,0.09876824692774713,97.02976415170556,中,中,-0.017165110684314498,True,0,24,0.0,1.0,72.02976415170559,0.01369304709683422,0.0001824340211372528,0.0,0.04016640229788251,1.0,96.02976415170559,0.010306115950529413,0.00010404901014307082,0.010200441664117824,0.0,0.03029898161220035,97.02976415170559,低,低,-0.0027201156717729397,True,0,0,,1.0,1.0,0.5,0.08333333333333333,0.0,1.0,1.0,1.0,0.5,0.08333333333333333,0.28867513459481287,0.0,1.0,2.0,高,高,0.0,False,湖北|生产|2024-12,17,3.2188758248682006,0.0,,0.0,0.0,,"总体不合格_后验alpha,总体不合格_后验beta,总体不合格_后验均值,总体不合格_后验方差,AFB1全样本不合格_后验alpha,AFB1全样本不合格_后验beta,AFB1全样本不合格_后验均值,AFB1全样本不合格_后验方差,AFB1条件不合格_后验alpha,AFB1条件不合格_后验beta,AFB1条件不合格_后验均值,AFB1条件不合格_后验方差,抽检总批次数,AFB1相关记录数,浓度可用记录数,样本覆盖强度,AFB1记录覆盖强度,浓度可用率"
云南,2024,12,2024-12,流通,15,14,1,1,0,0,0.0666666666666666,0.0,基本完整,2024-12,1,15,0.06666666666666667,3.043492598962988,79.95770209070457,0.03666805773509979,0.0004205120106628686,0.0,0.07686058117121258,4.043492598962988,93.95770209070457,0.041259625576679844,0.00039956355070208563,0.0199890857895524,0.002081017429157145,0.08043823372420254,98.00119468966756,中,低,0.005150464422020586,True,0,15,0.0,1.0,82.00119468966753,0.012048019353683903,0.00014169875353929056,0.0,0.03537932732380291,1.0,97.00119468966753,0.010203957239160392,0.00010201731936145889,0.010100362338127226,0.0,0.030000667421889754,98.00119468966753,低,低,-0.0012554674839238954,True,0,1,0.0,1.0,1.0,0.5,0.08333333333333333,0.0,1.0,1.0,2.0,0.3333333333333333,0.05555555555555555,0.23570226039551584,0.0,0.7953097637085443,3.0,高,高,-0.16666666666666669,True,云南|流通|2024-12,24,2.772588722239781,0.6931471805599453,0.0,0.06666666666666667,0.0,0.0,"总体不合格_后验alpha,总体不合格_后验beta,总体不合格_后验均值,总体不合格_后验方差,AFB1全样本不合格_后验alpha,AFB1全样本不合格_后验beta,AFB1全样本不合格_后验均值,AFB1全样本不合格_后验方差,AFB1条件不合格_后验alpha,AFB1条件不合格_后验beta,AFB1条件不合格_后验均值,AFB1条件不合格_后验方差,抽检总批次数,AFB1相关记录数,浓度可用记录数,样本覆盖强度,AFB1记录覆盖强度,浓度可用率"
黑龙江,2024,12,2024-12,流通,13,13,0,0,0,0,0.0,,基本完整,2024-12,0,13,0.0,3.8230280730925683,162.61989619416929,0.022969003277987534,0.00013402434450191363,0.0002783020583568066,0.04565970449761826,3.8230280730925683,175.61989619416929,0.021304980894083957,0.0001155549809883553,0.010749650272839358,0.00023566635931881671,0.0423742954288491,179.44292426726184,低,低,-0.001377246737254742,True,0,13,0.0,1.8145062499999998,164.62841801726185,0.0109016724981736,6.439702413286392e-05,0.0,0.026630232759965206,1.8145062499999998,177.62841801726185,0.010111885199203946,5.547258235571689e-05,0.007447991833757398,0.0,0.024709949193368448,179.44292426726184,低,低,-0.0004957571623369732,True,0,0,,1.8145062499999998,1.0,0.6446978932805709,0.06005037209734929,0.1643964156134946,1.0,1.8145062499999998,1.0,0.6446978932805709,0.06005037209734929,0.2450517743199369,0.1643964156134946,1.0,2.81450625,高,高,-0.005330541909069897,False,黑龙江|流通|2024-12,22,2.6390573296152584,0.0,,0.0,0.0,,"总体不合格_后验alpha,总体不合格_后验beta,总体不合格_后验均值,总体不合格_后验方差,AFB1全样本不合格_后验alpha,AFB1全样本不合格_后验beta,AFB1全样本不合格_后验均值,AFB1全样本不合格_后验方差,AFB1条件不合格_后验alpha,AFB1条件不合格_后验beta,AFB1条件不合格_后验均值,AFB1条件不合格_后验方差,抽检总批次数,AFB1相关记录数,浓度可用记录数,样本覆盖强度,AFB1记录覆盖强度,浓度可用率"
河北,2024,12,2024-12,餐饮,27,27,0,0,0,0,0.0,,基本完整,2024-12,0,27,0.0,4.0729555296874995,227.151202203641,0.01761474912316407,7.451623425140556e-05,0.0006954830190979873,0.03453401522723015,4.0729555296874995,254.151202203641,0.01577294535662188,5.9887009324837165e-05,0.007738669738710728,0.0006051526687488543,0.03094073804449491,258.22415773332847,低,低,-0.0016330911613313508,True,0,27,0.0,2.3966745921874995,228.82748314114104,0.010365156546279177,4.417163216856024e-05,0.0,0.02339165807734042,2.3966745921874995,255.82748314114104,0.009281372483602316,3.5472112972905657e-05,0.005955846956806871,0.0,0.020954832518943783,258.2241577333285,极低,低,-0.0008719347915943192,True,0,0,,2.3966745921874995,1.0,0.7055944062760549,0.0472472855910501,0.2795601678320326,1.0,2.3966745921874995,1.0,0.7055944062760549,0.0472472855910501,0.21736440736939913,0.2795601678320326,1.0,3.3966745921874995,高,高,-0.006236417957758866,False,河北|餐饮|2024-12,23,3.332204510175204,0.0,,0.0,0.0,,"总体不合格_后验alpha,总体不合格_后验beta,总体不合格_后验均值,总体不合格_后验方差,AFB1全样本不合格_后验alpha,AFB1全样本不合格_后验beta,AFB1全样本不合格_后验均值,AFB1全样本不合格_后验方差,AFB1条件不合格_后验alpha,AFB1条件不合格_后验beta,AFB1条件不合格_后验均值,AFB1条件不合格_后验方差,抽检总批次数,AFB1相关记录数,浓度可用记录数,样本覆盖强度,AFB1记录覆盖强度,浓度可用率"
河南,2024,12,2024-12,生产,5,5,0,0,0,0,0.0,,基本完整,2024-12,0,5,0.0,2.4040303472246096,106.49005121387063,0.022076776926355027,0.0001964563745400287,0.0,0.04954870456955062,2.4040303472246096,111.49005121387063,0.021107596762480023,0.0001798357743118862,0.013410286138330016,0.0,0.04739175759360685,113.89408156109523,低,低,-0.0005298885992826192,True,0,5,0.0,1.0,107.89408156109523,0.009183235541033036,8.279703143951789e-05,0.0,0.027017838872143374,1.0,112.89408156109523,0.008780087483857345,7.574800572303905e-05,0.008703333023792613,0.0,0.025838620210490867,113.89408156109523,极低,低,4.799483351854324e-05,True,0,0,,1.0,1.0,0.5,0.08333333333333333,0.0,1.0,1.0,1.0,0.5,0.08333333333333333,0.28867513459481287,0.0,1.0,2.0,高,高,0.0,False,河南|生产|2024-12,18,1.791759469228055,0.0,,0.0,0.0,,"总体不合格_后验alpha,总体不合格_后验beta,总体不合格_后验均值,总体不合格_后验方差,AFB1全样本不合格_后验alpha,AFB1全样本不合格_后验beta,AFB1全样本不合格_后验均值,AFB1全样本不合格_后验方差,AFB1条件不合格_后验alpha,AFB1条件不合格_后验beta,AFB1条件不合格_后验均值,AFB1条件不合格_后验方差,抽检总批次数,AFB1相关记录数,浓度可用记录数,样本覆盖强度,AFB1记录覆盖强度,浓度可用率"
辽宁,2024,12,2024-12,生产,16,16,0,0,0,0,0.0,,基本完整,2024-12,0,16,0.0,2.0483697449437868,96.70997053148677,0.02074123298559166,0.00020360236731632812,0.0,0.04870833605835209,2.0483697449437868,112.70997053148677,0.017849419397402068,0.00015144323581967552,0.012306227521855572,0.0,0.041969625340238986,114.75834027643056,低,低,-0.002406037357136466,True,0,16,0.0,1.0,97.75834027643057,0.010125727074806436,0.00010047477432201326,0.0,0.02977219986346359,1.0,113.75834027643057,0.008713963600302984,7.462123608586637e-05,0.008638358413834563,0.0,0.025645146091418727,114.75834027643057,极低,低,-0.0009152273767416043,True,0,0,,1.0,1.0,0.5,0.08333333333333333,0.0,1.0,1.0,1.0,0.5,0.08333333333333333,0.28867513459481287,0.0,1.0,2.0,高,高,0.0,False,辽宁|生产|2024-12,19,2.833213344056216,0.0,,0.0,0.0,,"总体不合格_后验alpha,总体不合格_后验beta,总体不合格_后验均值,总体不合格_后验方差,AFB1全样本不合格_后验alpha,AFB1全样本不合格_后验beta,AFB1全样本不合格_后验均值,AFB1全样本不合格_后验方差,AFB1条件不合格_后验alpha,AFB1条件不合格_后验beta,AFB1条件不合格_后验均值,AFB1条件不合格_后验方差,抽检总批次数,AFB1相关记录数,浓度可用记录数,样本覆盖强度,AFB1记录覆盖强度,浓度可用率"
云南,2024,12,2024-12,餐饮,24,24,0,0,0,0,0.0,,基本完整,2024-12,0,24,0.0,2.9239192507382805,314.5289423349704,0.009210561959129972,2.8656446866535364e-05,0.0,0.019702778420987888,2.9239192507382805,338.5289423349704,0.008563171025012313,2.4791275177836054e-05,0.00497908376891131,0.0,0.018322175212078483,341.45286158570866,极低,低,-0.000492739913928791,True,0,24,0.0,2.9239192507382805,314.5289423349704,0.009210561959129972,2.8656446866535364e-05,0.0,0.019702778420987888,2.9239192507382805,338.5289423349704,0.008563171025012313,2.4791275177836054e-05,0.00497908376891131,0.0,0.018322175212078483,341.45286158570866,极低,低,-0.000492739913928791,True,0,0,,2.9239192507382805,1.0,0.745152757714917,0.038566864262913746,0.360239175527422,1.0,2.9239192507382805,1.0,0.745152757714917,0.038566864262913746,0.1963844807079056,0.360239175527422,1.0,3.9239192507382805,高,高,-0.006411033854012205,False,云南|餐饮|2024-12,20,3.2188758248682006,0.0,,0.0,0.0,,"总体不合格_后验alpha,总体不合格_后验beta,总体不合格_后验均值,总体不合格_后验方差,AFB1全样本不合格_后验alpha,AFB1全样本不合格_后验beta,AFB1全样本不合格_后验均值,AFB1全样本不合格_后验方差,AFB1条件不合格_后验alpha,AFB1条件不合格_后验beta,AFB1条件不合格_后验均值,AFB1条件不合格_后验方差,抽检总批次数,AFB1相关记录数,浓度可用记录数,样本覆盖强度,AFB1记录覆盖强度,浓度可用率"
江苏,2024,12,2024-12,生产,18,18,0,0,0,0,0.0,,基本完整,2024-12,0,18,0.0,1.4632912301597527,102.68299321233732,0.014050345031441699,0.00013174914272425005,0.0,0.036547622793194984,1.4632912301597527,120.68299321233732,0.011979825967187956,9.611584945959767e-05,0.009803869106612842,0.0,0.031195409416149122,122.14628444249708,低,低,-0.001603467638465323,True,0,18,0.0,1.0,103.14628444249709,0.009601878793401755,9.044240381351068e-05,0.0,0.02824171619853978,1.0,121.14628444249709,0.00818690478031504,6.593686043548197e-05,0.008120151503234528,0.0,0.024102401726654715,122.14628444249709,极低,低,-0.00094364711868173,True,0,0,,1.0,8.064808683768568,0.11031672425592372,0.009751496296561203,0.0,0.3038660672485299,1.0,8.064808683768568,0.11031672425592372,0.009751496296561203,0.09874966479214602,0.0,0.3038660672485299,9.064808683768568,高,高,0.0043468108410347345,False,江苏|生产|2024-12,24,2.9444389791664403,0.0,,0.0,0.0,,"总体不合格_后验alpha,总体不合格_后验beta,总体不合格_后验均值,总体不合格_后验方差,AFB1全样本不合格_后验alpha,AFB1全样本不合格_后验beta,AFB1全样本不合格_后验均值,AFB1全样本不合格_后验方差,AFB1条件不合格_后验alpha,AFB1条件不合格_后验beta,AFB1条件不合格_后验均值,AFB1条件不合格_后验方差,抽检总批次数,AFB1相关记录数,浓度可用记录数,样本覆盖强度,AFB1记录覆盖强度,浓度可用率"
广西,2024,12,2024-12,餐饮,46,46,0,0,0,0,0.0,,基本完整,2024-12,0,46,0.0,2.038863607890144,186.03869007102105,0.010840547253027985,5.67123361797485e-05,0.0,0.025600835551978035,2.038863607890144,232.03869007102105,0.00871020555301468,3.6729741896295307e-05,0.006060506735933498,0.0,0.020588798755444337,234.0775536789112,极低,低,-0.001870119432421444,True,0,46,0.0,1.5987369392383783,186.47881673967282,0.008500413302736624,4.457512863071973e-05,0.0,0.02158627644384325,1.5987369392383783,232.47881673967282,0.006829945520668749,2.8855572378971775e-05,0.005371738301422713,0.0,0.017358552591457268,234.07755367891122,极低,低,-0.001409000613739467,True,0,0,,1.5987369392383783,1.0,0.6151976812654713,0.0657812722152343,0.11249962542872538,1.0,1.5987369392383783,1.0,0.6151976812654713,0.0657812722152343,0.2564785999167071,0.11249962542872538,1.0,2.5987369392383783,高,高,-0.004610236454125727,False,广西|餐饮|2024-12,21,3.8501476017100584,0.0,,0.0,0.0,,"总体不合格_后验alpha,总体不合格_后验beta,总体不合格_后验均值,总体不合格_后验方差,AFB1全样本不合格_后验alpha,AFB1全样本不合格_后验beta,AFB1全样本不合格_后验均值,AFB1全样本不合格_后验方差,AFB1条件不合格_后验alpha,AFB1条件不合格_后验beta,AFB1条件不合格_后验均值,AFB1条件不合格_后验方差,抽检总批次数,AFB1相关记录数,浓度可用记录数,样本覆盖强度,AFB1记录覆盖强度,浓度可用率"
广东,2024,12,2024-12,生产,316,313,3,29,1,1,0.0094936708860759,0.0344827586206896,基本完整,2024-12,3,316,0.00949367088607595,34.96702501853677,2241.759847015351,0.015358462821365736,6.639330038560247e-06,0.010308150922469485,0.020408774720261987,37.96702501853677,2554.759847015351,0.014643665489050607,5.563125672820214e-06,0.0023586279216570413,0.010020754762602807,0.019266576215498408,2592.726872033888,低,低,-0.0006935096306222421,True,1,316,0.0031645569620253164,15.563613856147635,2261.1632581777408,0.006835960012297854,2.9807040283744376e-06,0.003452075765547791,0.010219844259047917,16.563613856147633,2576.1632581777408,0.006388491605039043,2.447319665186571e-06,0.0015643911483981783,0.0033222849541786133,0.009454698255899473,2592.7268720338884,极低,低,-0.00042580635775716844,True,1,29,0.034482758620689655,15.563613856147635,150.85243623676286,0.09352231258618643,0.0005063785078412146,0.049416715710927955,0.1376279094614449,16.563613856147633,178.85243623676286,0.08476076477992707,0.000394959462310504,0.019873587051926586,0.04580853415815096,0.12371299540170318,195.4160500929105,中,低,-0.008517147048072313,True,广东|生产|2024-12,24,5.75890177387728,3.4011973816621555,0.034482758620689655,0.00949367088607595,0.0031645569620253164,0.034482758620689655,"总体不合格_后验alpha,总体不合格_后验beta,总体不合格_后验均值,总体不合格_后验方差,AFB1全样本不合格_后验alpha,AFB1全样本不合格_后验beta,AFB1全样本不合格_后验均值,AFB1全样本不合格_后验方差,AFB1条件不合格_后验alpha,AFB1条件不合格_后验beta,AFB1条件不合格_后验均值,AFB1条件不合格_后验方差,抽检总批次数,AFB1相关记录数,浓度可用记录数,样本覆盖强度,AFB1记录覆盖强度,浓度可用率"
江西,2024,12,2024-12,餐饮,11,10,1,0,0,0,0.0909090909090909,,基本完整,2024-12,1,11,0.09090909090909091,1.0,145.98097799402925,0.006803601484000349,4.5663385811113525e-05,0.0,0.020048240510111018,2.0,155.98097799402925,0.01265975198656884,7.862250455319781e-05,0.008866933210146437,0.0,0.030038941078455856,157.98097799402925,低,低,0.0061919301285293495,True,0,11,0.0,1.0,145.98097799402925,0.006803601484000349,4.5663385811113525e-05,0.0,0.020048240510111018,1.0,156.98097799402925,0.00632987599328442,3.9563278214518745e-05,0.006289934674900745,0.0,0.01865814795608988,157.98097799402925,极低,低,-0.00013794586475507093,True,0,0,,1.0,1.4632912301597527,0.40596093054540966,0.06963221900486574,0.0,0.9231641135683801,1.0,1.4632912301597527,0.40596093054540966,0.06963221900486574,0.2638791750117196,0.0,0.9231641135683801,2.4632912301597525,高,高,0.003979157043976944,False,江西|餐饮|2024-12,23,2.4849066497880004,0.0,,0.09090909090909091,0.0,,"总体不合格_后验alpha,总体不合格_后验beta,总体不合格_后验均值,总体不合格_后验方差,AFB1全样本不合格_后验alpha,AFB1全样本不合格_后验beta,AFB1全样本不合格_后验均值,AFB1全样本不合格_后验方差,AFB1条件不合格_后验alpha,AFB1条件不合格_后验beta,AFB1条件不合格_后验均值,AFB1条件不合格_后验方差,抽检总批次数,AFB1相关记录数,浓度可用记录数,样本覆盖强度,AFB1记录覆盖强度,浓度可用率"
陕西,2024,12,2024-12,流通,26,25,1,0,0,0,0.0384615384615384,,基本完整,2024-12,1,26,0.038461538461538464,3.001346928886675,130.50035784628793,0.022481712379187477,0.0001633903824819267,0.0,0.04753526488861355,4.001346928886675,155.50035784628793,0.025086546470000227,0.00015237976251073214,0.012344219801621006,0.0008918756588230554,0.0492812172811774,159.5017047751746,低,低,0.0029627892521996192,True,0,26,0.0,1.0,132.50170477517463,0.007490541051023009,5.527389305743687e-05,0.0,0.02206243823599688,1.0,158.50170477517463,0.006269525466260993,3.881714854939378e-05,0.006230340965741263,0.0,0.01848099375911387,159.50170477517463,极低,低,-0.0008518228073690903,True,0,0,,1.0,1.0,0.5,0.08333333333333333,0.0,1.0,1.0,1.0,0.5,0.08333333333333333,0.28867513459481287,0.0,1.0,2.0,高,高,0.0,False,陕西|流通|2024-12,23,3.295836866004329,0.0,,0.038461538461538464,0.0,,"总体不合格_后验alpha,总体不合格_后验beta,总体不合格_后验均值,总体不合格_后验方差,AFB1全样本不合格_后验alpha,AFB1全样本不合格_后验beta,AFB1全样本不合格_后验均值,AFB1全样本不合格_后验方差,AFB1条件不合格_后验alpha,AFB1条件不合格_后验beta,AFB1条件不合格_后验均值,AFB1条件不合格_后验方差,抽检总批次数,AFB1相关记录数,浓度可用记录数,样本覆盖强度,AFB1记录覆盖强度,浓度可用率"
内蒙古,2024,12,2024-12,餐饮,12,12,0,0,0,0,0.0,,基本完整,2024-12,0,12,0.0,1.0,153.37859761893844,0.006477581837272271,4.1418978349881186e-05,0.0,0.019091667108464296,1.0,165.37859761893844,0.006010388441248483,3.569311582855452e-05,0.00597437158440572,0.0,0.017720156746683695,166.37859761893844,极低,低,-0.00014730299918358156,True,0,12,0.0,1.0,153.37859761893844,0.006477581837272271,4.1418978349881186e-05,0.0,0.019091667108464296,1.0,165.37859761893844,0.006010388441248483,3.569311582855452e-05,0.00597437158440572,0.0,0.017720156746683695,166.37859761893844,极低,低,-0.00014730299918358156,True,0,0,,1.0,1.0,0.5,0.08333333333333333,0.0,1.0,1.0,1.0,0.5,0.08333333333333333,0.28867513459481287,0.0,1.0,2.0,高,高,0.0,False,内蒙古|餐饮|2024-12,14,2.5649493574615367,0.0,,0.0,0.0,,"总体不合格_后验alpha,总体不合格_后验beta,总体不合格_后验均值,总体不合格_后验方差,AFB1全样本不合格_后验alpha,AFB1全样本不合格_后验beta,AFB1全样本不合格_后验均值,AFB1全样本不合格_后验方差,AFB1条件不合格_后验alpha,AFB1条件不合格_后验beta,AFB1条件不合格_后验均值,AFB1条件不合格_后验方差,抽检总批次数,AFB1相关记录数,浓度可用记录数,样本覆盖强度,AFB1记录覆盖强度,浓度可用率"
安徽,2024,12,2024-12,生产,24,24,0,0,0,0,0.0,,基本完整,2024-12,0,24,0.0,1.95,150.1353591245215,0.012821747019076419,8.268164829635721e-05,0.0,0.030643919167703135,1.95,174.1353591245215,0.011074174534982361,6.184326726666487e-05,0.00786404903765642,0.0,0.026487710648788944,176.0853591245215,低,低,-0.001427029600366829,True,0,24,0.0,1.0,151.0853591245215,0.00657525488157765,4.266914185769205e-05,0.0,0.01937829262113422,1.0,175.0853591245215,0.005679063864093519,3.1887515295662505e-05,0.005646903159756018,0.0,0.016746994057215317,176.0853591245215,极低,低,-0.0005715382035810764,True,0,0,,1.0,1.0,0.5,0.08333333333333333,0.0,1.0,1.0,1.0,0.5,0.08333333333333333,0.28867513459481287,0.0,1.0,2.0,高,高,0.0,False,安徽|生产|2024-12,24,3.2188758248682006,0.0,,0.0,0.0,,"总体不合格_后验alpha,总体不合格_后验beta,总体不合格_后验均值,总体不合格_后验方差,AFB1全样本不合格_后验alpha,AFB1全样本不合格_后验beta,AFB1全样本不合格_后验均值,AFB1全样本不合格_后验方差,AFB1条件不合格_后验alpha,AFB1条件不合格_后验beta,AFB1条件不合格_后验均值,AFB1条件不合格_后验方差,抽检总批次数,AFB1相关记录数,浓度可用记录数,样本覆盖强度,AFB1记录覆盖强度,浓度可用率"
四川,2024,12,2024-12,餐饮,182,182,0,0,0,0,0.0,,基本完整,2024-12,0,182,0.0,3.6959860444547368,385.93651834265324,0.009485825753342945,2.4052900763754905e-05,0.0,0.019098402076787188,3.6959860444547368,567.9365183426532,0.0064656680928553804,1.1218125376665288e-05,0.003349347007502401,0.0,0.013030388227560086,571.6325043871079,极低,低,-0.002894233849580324,True,0,182,0.0,3.208311065339207,386.4241933217688,0.008234197684266307,2.0905571300513218e-05,0.0,0.01719582938324008,3.208311065339207,568.4241933217688,0.005612541345560971,9.746286985889425e-06,0.003121904384488645,0.0,0.011731473939158715,571.632504387108,极低,低,-0.0024954112123610084,True,0,0,,3.208311065339207,1.0,0.7623749802536529,0.03478274770155202,0.39683236499479935,1.0,3.208311065339207,1.0,0.7623749802536529,0.03478274770155202,0.18650133431574162,0.39683236499479935,1.0,4.208311065339207,高,高,-0.0063864438714791305,False,四川|餐饮|2024-12,23,5.209486152841421,0.0,,0.0,0.0,,"总体不合格_后验alpha,总体不合格_后验beta,总体不合格_后验均值,总体不合格_后验方差,AFB1全样本不合格_后验alpha,AFB1全样本不合格_后验beta,AFB1全样本不合格_后验均值,AFB1全样本不合格_后验方差,AFB1条件不合格_后验alpha,AFB1条件不合格_后验beta,AFB1条件不合格_后验均值,AFB1条件不合格_后验方差,抽检总批次数,AFB1相关记录数,浓度可用记录数,样本覆盖强度,AFB1记录覆盖强度,浓度可用率"
吉林,2024,12,2024-12,餐饮,11,11,0,0,0,0,0.0,,基本完整,2024-12,0,11,0.0,1.0,173.5297749002265,0.005729681371397346,3.2455189588306466e-05,0.0,0.016895694819465467,1.0,184.5297749002265,0.005389970426783389,2.8740283680979663e-05,0.005360996519396339,0.0,0.015897523604800214,185.5297749002265,极低,低,-5.634744264800852e-05,True,0,11,0.0,1.0,173.5297749002265,0.005729681371397346,3.2455189588306466e-05,0.0,0.016895694819465467,1.0,184.5297749002265,0.005389970426783389,2.8740283680979663e-05,0.005360996519396339,0.0,0.015897523604800214,185.5297749002265,极低,低,-5.634744264800852e-05,True,0,0,,1.0,1.0,0.5,0.08333333333333333,0.0,1.0,1.0,1.0,0.5,0.08333333333333333,0.28867513459481287,0.0,1.0,2.0,高,高,0.0,False,吉林|餐饮|2024-12,19,2.4849066497880004,0.0,,0.0,0.0,,"总体不合格_后验alpha,总体不合格_后验beta,总体不合格_后验均值,总体不合格_后验方差,AFB1全样本不合格_后验alpha,AFB1全样本不合格_后验beta,AFB1全样本不合格_后验均值,AFB1全样本不合格_后验方差,AFB1条件不合格_后验alpha,AFB1条件不合格_后验beta,AFB1条件不合格_后验均值,AFB1条件不合格_后验方差,抽检总批次数,AFB1相关记录数,浓度可用记录数,样本覆盖强度,AFB1记录覆盖强度,浓度可用率"
广东,2024,12,2024-12,餐饮,75,73,2,7,0,0,0.0266666666666666,0.0,基本完整,2024-12,2,75,0.02666666666666667,7.1320900785906,725.1946412750493,0.009738945436837426,1.3151161639524295e-05,0.002631097481626473,0.01684679339204838,9.1320900785906,798.1946412750493,0.011311517040045087,1.3835453150942608e-05,0.003719603897049067,0.0040210934018289155,0.018601940678261257,807.32673135364,低,低,0.0016395264183721968,True,0,75,0.0,3.9047292789952084,728.422002074645,0.005331949677403782,7.232137822456988e-06,6.0993344938983264e-05,0.01060290600986858,3.9047292789952084,803.422002074645,0.004836615867343041,5.954551331284673e-06,0.0024401949371483976,5.383379053218191e-05,0.0096193979441539,807.3267313536402,极低,低,-0.0004277771327173569,True,0,7,0.0,3.9047292789952084,30.05941642248176,0.11496621505852883,0.0029100949676384297,0.00923343476934986,0.22069899534770782,3.9047292789952084,37.05941642248176,0.09532065693376399,0.00205495972464047,0.04533166359886288,0.006470596279992746,0.18417071758753523,40.964145701476966,中,中,-0.018508562706850973,True,广东|餐饮|2024-12,24,4.330733340286331,2.0794415416798357,0.0,0.02666666666666667,0.0,0.0,"总体不合格_后验alpha,总体不合格_后验beta,总体不合格_后验均值,总体不合格_后验方差,AFB1全样本不合格_后验alpha,AFB1全样本不合格_后验beta,AFB1全样本不合格_后验均值,AFB1全样本不合格_后验方差,AFB1条件不合格_后验alpha,AFB1条件不合格_后验beta,AFB1条件不合格_后验均值,AFB1条件不合格_后验方差,抽检总批次数,AFB1相关记录数,浓度可用记录数,样本覆盖强度,AFB1记录覆盖强度,浓度可用率"
浙江,2024,12,2024-12,流通,76,76,0,1,0,0,0.0,0.0,基本完整,2024-12,0,76,0.0,9.305295500571884,649.6243804814861,0.014121833997995952,2.109680517368871e-05,0.005119307310712955,0.023124360685278948,9.305295500571884,725.6243804814861,0.012661477423860423,1.6986900815792453e-05,0.004121516810082479,0.004583304476098764,0.020739650371622082,734.929675982058,低,低,-0.0013866078976998882,True,0,76,0.0,3.2439647187499996,655.685711263308,0.004923081835577139,7.423283539306297e-06,0.0,0.010263239702588101,3.2439647187499996,731.685711263308,0.004413979765363557,5.9713539097744665e-06,0.0024436353880590424,0.0,0.00920350512595928,734.929675982058,极低,低,-0.0004339571676366819,True,0,1,0.0,3.2439647187499996,2.8061973782694754,0.5361781497305819,0.035274528168254195,0.16806046826015142,0.9042958312010123,3.2439647187499996,3.8061973782694754,0.460126260092859,0.030857774274854664,0.17566381037326573,0.11582519176125816,0.8044273284244599,7.050162097019475,高,高,-0.07665990920325211,True,浙江|流通|2024-12,24,4.343805421853684,0.6931471805599453,0.0,0.0,0.0,0.0,"总体不合格_后验alpha,总体不合格_后验beta,总体不合格_后验均值,总体不合格_后验方差,AFB1全样本不合格_后验alpha,AFB1全样本不合格_后验beta,AFB1全样本不合格_后验均值,AFB1全样本不合格_后验方差,AFB1条件不合格_后验alpha,AFB1条件不合格_后验beta,AFB1条件不合格_后验均值,AFB1条件不合格_后验方差,抽检总批次数,AFB1相关记录数,浓度可用记录数,样本覆盖强度,AFB1记录覆盖强度,浓度可用率"
江西,2024,12,2024-12,流通,63,62,1,1,1,1,0.0158730158730158,1.0,基本完整,2024-12,1,63,0.015873015873015872,6.326352699173919,584.7411356328448,0.010703266249725165,1.7884289460215627e-05,0.002414461366609364,0.018992071132840967,7.326352699173919,646.7411356328448,0.01120121826855718,1.690780137182387e-05,0.004111909698889783,0.0031418752587332056,0.019260561278381154,654.0674883320187,低,低,0.0005807478990472372,True,1,63,0.015873015873015872,1.8145062499999998,589.2529820820189,0.003069879981253074,5.16909960176286e-06,0.0,0.0075260681539105305,2.81450625,651.2529820820189,0.004303082327448288,6.540647927500061e-06,0.002557469047222285,0.0,0.009315721660003967,654.0674883320189,极低,低,0.0013172899025887664,True,1,1,1.0,1.8145062499999998,5.258812258604777,0.2565282826996453,0.023623683702252003,0.0,0.5577802425448408,2.81450625,5.258812258604777,0.3486182598890676,0.02502762010896333,0.15820120135120128,0.038543905240713106,0.6586926145374221,8.073318508604778,高,高,0.09558145283333441,True,江西|流通|2024-12,24,4.1588830833596715,0.6931471805599453,1.0,0.015873015873015872,0.015873015873015872,1.0,"总体不合格_后验alpha,总体不合格_后验beta,总体不合格_后验均值,总体不合格_后验方差,AFB1全样本不合格_后验alpha,AFB1全样本不合格_后验beta,AFB1全样本不合格_后验均值,AFB1全样本不合格_后验方差,AFB1条件不合格_后验alpha,AFB1条件不合格_后验beta,AFB1条件不合格_后验均值,AFB1条件不合格_后验方差,抽检总批次数,AFB1相关记录数,浓度可用记录数,样本覆盖强度,AFB1记录覆盖强度,浓度可用率"
福建,2024,12,2024-12,餐饮,15,15,0,0,0,0,0.0,,基本完整,2024-12,0,15,0.0,2.3548663376626364,252.7010948649678,0.009232743773401953,3.5724613373003124e-05,0.0,0.020947677607347785,2.3548663376626364,267.7010948649678,0.008719919853558482,3.188966150367814e-05,0.005647093190631632,0.0,0.01978822250719648,270.05596120263044,极低,低,-0.00032033292888501534,True,0,15,0.0,1.0,254.0559612026304,0.003920708205700573,1.5251885699219589e-05,0.0,0.011575226093988637,1.0,269.05596120263044,0.0037029362193922184,1.361056390857022e-05,0.003689249775844707,0.0,0.010933865780047843,270.05596120263044,极低,低,-2.3197484322094557e-05,True,0,0,,1.0,18.1475,0.05222613918266092,0.0024568095083129047,0.0,0.14937591739720374,1.0,18.1475,0.05222613918266092,0.0024568095083129047,0.049566213374766736,0.0,0.14937591739720374,19.1475,中,高,0.0023508274619626693,False,福建|餐饮|2024-12,24,2.772588722239781,0.0,,0.0,0.0,,"总体不合格_后验alpha,总体不合格_后验beta,总体不合格_后验均值,总体不合格_后验方差,AFB1全样本不合格_后验alpha,AFB1全样本不合格_后验beta,AFB1全样本不合格_后验均值,AFB1全样本不合格_后验方差,AFB1条件不合格_后验alpha,AFB1条件不合格_后验beta,AFB1条件不合格_后验均值,AFB1条件不合格_后验方差,抽检总批次数,AFB1相关记录数,浓度可用记录数,样本覆盖强度,AFB1记录覆盖强度,浓度可用率"
天津,2024,12,2024-12,流通,31,31,0,0,0,0,0.0,,基本完整,2024-12,0,31,0.0,2.6901045978480713,262.518497571283,0.010143353480414317,3.771653424710388e-05,0.0,0.022180456037245604,2.6901045978480713,293.518497571283,0.009081790934322894,3.0279446631315708e-05,0.0055026763153319955,0.0,0.019867036512373606,296.20860216913104,极低,低,-0.0008767867061105408,True,0,31,0.0,1.0,264.20860216913104,0.003770616759113536,1.4110735632738363e-05,0.0,0.01113321154673615,1.0,295.20860216913104,0.0033759991866441938,1.1320674407066098e-05,0.003364620990106627,0.0,0.009970656327253183,296.20860216913104,极低,低,-0.00020743791131134365,True,0,0,,1.0,1.7737809374999998,0.36051873689105995,0.06109124537426456,0.0,0.8449649446683267,1.0,1.7737809374999998,0.36051873689105995,0.06109124537426456,0.24716643253942183,0.0,0.8449649446683267,2.7737809374999998,高,高,0.005216630171630932,False,天津|流通|2024-12,24,3.4657359027997265,0.0,,0.0,0.0,,"总体不合格_后验alpha,总体不合格_后验beta,总体不合格_后验均值,总体不合格_后验方差,AFB1全样本不合格_后验alpha,AFB1全样本不合格_后验beta,AFB1全样本不合格_后验均值,AFB1全样本不合格_后验方差,AFB1条件不合格_后验alpha,AFB1条件不合格_后验beta,AFB1条件不合格_后验均值,AFB1条件不合格_后验方差,抽检总批次数,AFB1相关记录数,浓度可用记录数,样本覆盖强度,AFB1记录覆盖强度,浓度可用率"
四川,2024,12,2024-12,流通,61,61,0,0,0,0,0.0,,基本完整,2024-12,0,61,0.0,12.201213462457387,430.3232999270224,0.02757183634642792,6.045129271889684e-05,0.012332752184021242,0.0428109205088346,12.201213462457387,491.3232999270224,0.024231617603529983,4.686481168773932e-05,0.006845787879253879,0.010813873360192381,0.03764936184686758,503.52451338947975,低,低,-0.0032334371000738923,True,0,61,0.0,1.6983372960937497,440.82617609338615,0.003837837780071155,8.619836482155745e-06,0.0,0.009592311155615568,1.6983372960937497,501.82617609338615,0.0033728989372560562,6.662753544781886e-06,0.002581231013447244,0.0,0.008432111723612655,503.5245133894799,极低,低,-0.0003527926693540585,True,0,0,,1.6983372960937497,1.5403600876626364,0.5243890042372351,0.058840052471802136,0.04895242005836159,0.9998255884161087,1.6983372960937497,1.5403600876626364,0.5243890042372351,0.058840052471802136,0.24256968580554772,0.04895242005836159,0.9998255884161087,3.238697383756386,高,高,-0.0007770422329802518,False,四川|流通|2024-12,24,4.127134385045092,0.0,,0.0,0.0,,"总体不合格_后验alpha,总体不合格_后验beta,总体不合格_后验均值,总体不合格_后验方差,AFB1全样本不合格_后验alpha,AFB1全样本不合格_后验beta,AFB1全样本不合格_后验均值,AFB1全样本不合格_后验方差,AFB1条件不合格_后验alpha,AFB1条件不合格_后验beta,AFB1条件不合格_后验均值,AFB1条件不合格_后验方差,抽检总批次数,AFB1相关记录数,浓度可用记录数,样本覆盖强度,AFB1记录覆盖强度,浓度可用率"
湖南,2024,12,2024-12,流通,17,17,0,2,0,0,0.0,0.0,基本完整,2024-12,0,17,0.0,3.7843248064126356,330.4723584538743,0.011321612987662441,3.338765377670238e-05,0.0,0.02264689491565787,3.7843248064126356,347.4723584538743,0.010773673460921424,3.0255214244448623e-05,0.0055004740017973565,0.0,0.021554602504444242,351.25668326028693,低,低,-0.0004016972363745895,True,0,17,0.0,1.0,333.2566832602868,0.0029917128065956923,8.896951530009571e-06,0.0,0.008837953393304792,1.0,350.2566832602868,0.0028469209203885355,8.058941381571896e-06,0.0028388274659746225,0.0,0.008411022753698795,351.2566832602868,极低,低,3.9432168421715645e-06,True,0,2,0.0,1.0,1.418120335219177,0.4135443490695266,0.07095286199356024,0.0,0.9356291263178784,1.0,3.418120335219177,0.22634059829209957,0.03231942463858,0.17977604022388524,0.0,0.5787016371309146,4.418120335219177,高,高,-0.18347419240994484,True,湖南|流通|2024-12,24,2.8903717578961645,1.0986122886681098,0.0,0.0,0.0,0.0,"总体不合格_后验alpha,总体不合格_后验beta,总体不合格_后验均值,总体不合格_后验方差,AFB1全样本不合格_后验alpha,AFB1全样本不合格_后验beta,AFB1全样本不合格_后验均值,AFB1全样本不合格_后验方差,AFB1条件不合格_后验alpha,AFB1条件不合格_后验beta,AFB1条件不合格_后验均值,AFB1条件不合格_后验方差,抽检总批次数,AFB1相关记录数,浓度可用记录数,样本覆盖强度,AFB1记录覆盖强度,浓度可用率"
吉林,2024,12,2024-12,流通,51,50,1,0,0,0,0.0196078431372549,,基本完整,2024-12,1,51,0.0196078431372549,2.881462418498683,301.19992608340726,0.009475957843702828,3.076609855729877e-05,0.0,0.020347528301448065,3.881462418498683,351.19992608340726,0.010931190831698148,3.036300196476367e-05,0.005510263329893016,0.00013107470510783682,0.02173130695828846,355.08138850190596,低,低,0.0016165994599933974,True,0,51,0.0,1.0,303.08138850190596,0.003288593244481755,1.0743947426781908e-05,0.0,0.009713073646407297,1.0,354.08138850190596,0.0028162557441239484,7.886748755734549e-06,0.002808335584600699,0.0,0.008320593489941318,355.08138850190596,极低,低,-0.00030893558644346083,True,0,0,,1.0,1.0,0.5,0.08333333333333333,0.0,1.0,1.0,1.0,0.5,0.08333333333333333,0.28867513459481287,0.0,1.0,2.0,高,高,0.0,False,吉林|流通|2024-12,22,3.9512437185814275,0.0,,0.0196078431372549,0.0,,"总体不合格_后验alpha,总体不合格_后验beta,总体不合格_后验均值,总体不合格_后验方差,AFB1全样本不合格_后验alpha,AFB1全样本不合格_后验beta,AFB1全样本不合格_后验均值,AFB1全样本不合格_后验方差,AFB1条件不合格_后验alpha,AFB1条件不合格_后验beta,AFB1条件不合格_后验均值,AFB1条件不合格_后验方差,抽检总批次数,AFB1相关记录数,浓度可用记录数,样本覆盖强度,AFB1记录覆盖强度,浓度可用率"
河南,2024,12,2024-12,流通,221,217,4,4,3,1,0.0180995475113122,0.75,基本完整,2024-12,4,221,0.01809954751131222,15.035457699397343,1904.3697779710837,0.007833394126459805,4.047079188578581e-06,0.003890392806292199,0.01177639544662741,19.03545769939734,2121.3697779710837,0.008893389617146256,4.116127620984407e-06,0.002028824196667717,0.00491689419167753,0.012869885042614982,2140.405235670481,极低,低,0.0010856384471441619,True,3,221,0.013574660633484163,2.74798496568953,1916.6572507047915,0.0014316856673205916,7.444449311613358e-07,0.0,0.0031227976232683307,5.74798496568953,2134.6572507047913,0.00268546575662294,1.2506993004779758e-06,0.0011183466817038337,0.000493506260483426,0.004877425252762454,2140.405235670481,极低,低,0.0012797565887703193,True,3,4,0.75,2.74798496568953,17.36580857875738,0.13662191369405816,0.0055866969687053195,0.0,0.2831205658208895,5.74798496568953,18.36580857875738,0.2383691705369691,0.00722906751435926,0.08502392318847243,0.07172228108756312,0.4050160599863751,24.11379354444691,高,高,0.10356289507011135,True,河南|流通|2024-12,24,5.402677381872279,1.6094379124341003,0.25,0.01809954751131222,0.013574660633484163,0.75,"总体不合格_后验alpha,总体不合格_后验beta,总体不合格_后验均值,总体不合格_后验方差,AFB1全样本不合格_后验alpha,AFB1全样本不合格_后验beta,AFB1全样本不合格_后验均值,AFB1全样本不合格_后验方差,AFB1条件不合格_后验alpha,AFB1条件不合格_后验beta,AFB1条件不合格_后验均值,AFB1条件不合格_后验方差,抽检总批次数,AFB1相关记录数,浓度可用记录数,样本覆盖强度,AFB1记录覆盖强度,浓度可用率"
重庆,2024,12,2024-12,餐饮,71,71,0,0,0,0,0.0,,基本完整,2024-12,0,71,0.0,1.0,308.52475474025965,0.003230759364753099,1.0370579187394631e-05,0.0,0.00954262256085417,1.0,379.52475474025965,0.0026279499232121826,6.869918058653014e-06,0.00262105285308271,0.0,0.007765213515254294,380.52475474025965,极低,低,-0.0004422633853431012,True,0,71,0.0,1.0,308.52475474025965,0.003230759364753099,1.0370579187394631e-05,0.0,0.00954262256085417,1.0,379.52475474025965,0.0026279499232121826,6.869918058653014e-06,0.00262105285308271,0.0,0.007765213515254294,380.52475474025965,极低,低,-0.0004422633853431012,True,0,0,,1.0,1.0,0.5,0.08333333333333333,0.0,1.0,1.0,1.0,0.5,0.08333333333333333,0.28867513459481287,0.0,1.0,2.0,高,高,0.0,False,重庆|餐饮|2024-12,17,4.276666119016055,0.0,,0.0,0.0,,"总体不合格_后验alpha,总体不合格_后验beta,总体不合格_后验均值,总体不合格_后验方差,AFB1全样本不合格_后验alpha,AFB1全样本不合格_后验beta,AFB1全样本不合格_后验均值,AFB1全样本不合格_后验方差,AFB1条件不合格_后验alpha,AFB1条件不合格_后验beta,AFB1条件不合格_后验均值,AFB1条件不合格_后验方差,抽检总批次数,AFB1相关记录数,浓度可用记录数,样本覆盖强度,AFB1记录覆盖强度,浓度可用率"
江苏,2024,12,2024-12,流通,218,211,7,2,0,0,0.0321100917431192,0.0,基本完整,2024-12,7,218,0.03211009174311927,25.46771327641742,1344.0434458431544,0.018596207199063675,1.3316482799452265e-05,0.011443822958659932,0.02574859143946742,32.46771327641742,1555.0434458431544,0.020451959086967238,1.2611605742559507e-05,0.003551282267373224,0.013491445842915718,0.027412472331018758,1587.5111591195719,低,低,0.001890905960483958,True,0,218,0.0,3.969024291794449,1365.542134827777,0.0028981321293840693,2.108507428280329e-06,5.2074832616888674e-05,0.00574418942615125,3.969024291794449,1583.542134827777,0.0025001552077250637,1.5699634323277837e-06,0.0012529818164394022,4.4310847503835436e-05,0.0049559995679462916,1587.5111591195716,极低,低,-0.0003616765114746595,True,0,2,0.0,3.969024291794449,19.734758257604,0.16744265534511388,0.005643087743236548,0.020206498527511746,0.314678812162716,3.969024291794449,21.734758257604,0.15441401607590777,0.004889581746469038,0.06992554430584748,0.01735994923644671,0.29146808291536885,25.703782549398447,高,高,-0.011619723795769143,True,江苏|流通|2024-12,24,5.389071729816501,1.0986122886681098,0.0,0.03211009174311927,0.0,0.0,"总体不合格_后验alpha,总体不合格_后验beta,总体不合格_后验均值,总体不合格_后验方差,AFB1全样本不合格_后验alpha,AFB1全样本不合格_后验beta,AFB1全样本不合格_后验均值,AFB1全样本不合格_后验方差,AFB1条件不合格_后验alpha,AFB1条件不合格_后验beta,AFB1条件不合格_后验均值,AFB1条件不合格_后验方差,抽检总批次数,AFB1相关记录数,浓度可用记录数,样本覆盖强度,AFB1记录覆盖强度,浓度可用率"
重庆,2024,12,2024-12,流通,57,53,4,0,0,0,0.0701754385964912,,基本完整,2024-12,4,57,0.07017543859649122,8.41625280539228,352.7911663592563,0.023300332049812942,6.282981897131312e-05,0.007764340528181745,0.03883632357144414,12.41625280539228,405.7911663592563,0.029689221750759977,6.871961359844062e-05,0.008289729404416083,0.013441352118104453,0.0459370913834155,418.20741916464857,低,低,0.0065209001894196705,True,0,57,0.0,1.0,360.20741916464857,0.002768492414448917,7.622228916699983e-06,0.0,0.00817973576569405,1.0,417.20741916464857,0.0023911579617536607,5.690358081231129e-06,0.0023854471449250617,0.0,0.007066634365806782,418.20741916464857,极低,低,-0.0002396381658851432,True,0,0,,1.0,1.95,0.3389830508474576,0.05672747900901457,0.0,0.8058066613911301,1.0,1.95,0.3389830508474576,0.05672747900901457,0.2381753115018737,0.0,0.8058066613911301,2.95,高,高,0.005649717514124297,False,重庆|流通|2024-12,24,4.060443010546419,0.0,,0.07017543859649122,0.0,,"总体不合格_后验alpha,总体不合格_后验beta,总体不合格_后验均值,总体不合格_后验方差,AFB1全样本不合格_后验alpha,AFB1全样本不合格_后验beta,AFB1全样本不合格_后验均值,AFB1全样本不合格_后验方差,AFB1条件不合格_后验alpha,AFB1条件不合格_后验beta,AFB1条件不合格_后验均值,AFB1条件不合格_后验方差,抽检总批次数,AFB1相关记录数,浓度可用记录数,样本覆盖强度,AFB1记录覆盖强度,浓度可用率"
安徽,2024,12,2024-12,流通,249,249,0,2,0,0,0.0,0.0,基本完整,2024-12,0,249,0.0,11.337700738015261,1733.029346174332,0.006499607269057159,3.6997159914463936e-06,0.0027296166917824003,0.010269597846331916,11.337700738015261,1982.029346174332,0.005687713537542895,2.8356683194366385e-06,0.0016839442744451605,0.0023871827596303806,0.00898824431545541,1993.3670469123472,极低,低,-0.0007836010229175759,True,0,249,0.0,4.738210036512054,1739.628836875835,0.0027162918749806817,1.5520595729264038e-06,0.00027449088895539287,0.005158092861005971,4.738210036512054,1988.628836875835,0.002376988244012245,1.1890179265503541e-06,0.0010904209859271576,0.00023976311159501626,0.004514213376429474,1993.3670469123472,极低,低,-0.0003107940223620424,True,0,2,0.0,4.738210036512054,23.57699816749978,0.16733799032566257,0.004753027382570754,0.03221127204654575,0.30246470860477936,4.738210036512054,25.57699816749978,0.15629811956511688,0.004211021575409209,0.06489238457176011,0.029109045804467076,0.28348719332576666,30.315208204011835,高,高,-0.009860854085322168,True,安徽|流通|2024-12,24,5.521460917862246,1.0986122886681098,0.0,0.0,0.0,0.0,"总体不合格_后验alpha,总体不合格_后验beta,总体不合格_后验均值,总体不合格_后验方差,AFB1全样本不合格_后验alpha,AFB1全样本不合格_后验beta,AFB1全样本不合格_后验均值,AFB1全样本不合格_后验方差,AFB1条件不合格_后验alpha,AFB1条件不合格_后验beta,AFB1条件不合格_后验均值,AFB1条件不合格_后验方差,抽检总批次数,AFB1相关记录数,浓度可用记录数,样本覆盖强度,AFB1记录覆盖强度,浓度可用率"
辽宁,2024,12,2024-12,餐饮,55,55,0,1,0,0,0.0,0.0,基本完整,2024-12,0,55,0.0,1.323533544973709,387.0442789898307,0.0034079383055337464,8.7226631290583e-06,0.0,0.009196632689986113,1.323533544973709,442.0442789898307,0.0029851818457611004,6.697763544419022e-06,0.002588003775966917,0.0,0.008057669246656258,443.3678125348044,极低,低,-0.0002948570960699306,True,0,55,0.0,1.0,387.36781253480444,0.0025748786787277403,6.595945005824039e-06,0.0,0.007608662775644653,1.0,442.36781253480444,0.002255463684390711,5.064220459898518e-06,0.0022503822919447527,0.0,0.006666212976602426,443.36781253480444,极低,低,-0.0001913010726411167,True,0,1,0.0,1.0,4.429499999999999,0.18417902200939315,0.023369952540797365,0.0,0.4838088097153673,1.0,5.429499999999999,0.1555330896648262,0.017678517758145145,0.13296058723601195,0.0,0.4161358406474096,6.429499999999999,高,高,-0.02272002976476384,True,辽宁|餐饮|2024-12,23,4.02535169073515,0.6931471805599453,0.0,0.0,0.0,0.0,"总体不合格_后验alpha,总体不合格_后验beta,总体不合格_后验均值,总体不合格_后验方差,AFB1全样本不合格_后验alpha,AFB1全样本不合格_后验beta,AFB1全样本不合格_后验均值,AFB1全样本不合格_后验方差,AFB1条件不合格_后验alpha,AFB1条件不合格_后验beta,AFB1条件不合格_后验均值,AFB1条件不合格_后验方差,抽检总批次数,AFB1相关记录数,浓度可用记录数,样本覆盖强度,AFB1记录覆盖强度,浓度可用率"
河北,2024,12,2024-12,流通,283,283,0,1,0,0,0.0,0.0,基本完整,2024-12,0,283,0.0,21.160314408449757,1517.3891541061616,0.013753418295271928,8.810539744172224e-06,0.007935637835232892,0.019571198755310965,21.160314408449757,1800.3891541061616,0.01161665646429301,6.299806921697041e-06,0.002509941617188942,0.006697170894602684,0.016536142033983334,1821.5494685146114,低,低,-0.002105155555202161,True,0,283,0.0,3.722553139884362,1534.8269153747274,0.0024195212543138378,1.5677750020871466e-06,0.0,0.004873653371380476,3.722553139884362,1817.8269153747274,0.0020436190200861957,1.1190053694669232e-06,0.001057830501293531,0.0,0.004116966802621517,1821.5494685146118,极低,低,-0.0003435592493634004,True,0,1,0.0,3.722553139884362,5.401268723207085,0.40800370675179315,0.023858250895263524,0.10525982714521159,0.7107475863583748,3.722553139884362,6.401268723207085,0.36770235492346265,0.02090085008270608,0.1445712629906306,0.08434267946182666,0.6510620303850987,10.123821863091447,高,高,-0.03928186923388255,True,河北|流通|2024-12,24,5.648974238161206,0.6931471805599453,0.0,0.0,0.0,0.0,"总体不合格_后验alpha,总体不合格_后验beta,总体不合格_后验均值,总体不合格_后验方差,AFB1全样本不合格_后验alpha,AFB1全样本不合格_后验beta,AFB1全样本不合格_后验均值,AFB1全样本不合格_后验方差,AFB1条件不合格_后验alpha,AFB1条件不合格_后验beta,AFB1条件不合格_后验均值,AFB1条件不合格_后验方差,抽检总批次数,AFB1相关记录数,浓度可用记录数,样本覆盖强度,AFB1记录覆盖强度,浓度可用率"
福建,2024,12,2024-12,流通,146,146,0,1,0,0,0.0,0.0,基本完整,2024-12,0,146,0.0,17.582252789562258,1262.235831471662,0.013738087471792228,1.0578670453599098e-05,0.007363213322873969,0.02011296162071049,17.582252789562258,1408.235831471662,0.012331343657120434,8.53597368513632e-06,0.0029216388697332735,0.006604931472443218,0.01805775584179765,1425.8180842612244,低,低,-0.001368746233914862,True,0,146,0.0,2.7064002768293784,1277.111683984395,0.002114675757525062,1.647543808051995e-06,0.0,0.004630466745070042,2.7064002768293784,1423.111683984395,0.0018981385540720484,1.3278046059267208e-06,0.0011523040423111952,0.0,0.004156654477001991,1425.8180842612244,极低,低,-0.00017763134361046097,True,0,1,0.0,2.7064002768293784,12.877430129220883,0.17366720545024966,0.008653423466571088,0.0,0.35599381236536637,2.7064002768293784,13.877430129220883,0.16319512504433267,0.007766366772913639,0.08812699230606727,0.0,0.33592402996422455,16.58383040605026,高,高,-0.008364508920102737,True,福建|流通|2024-12,24,4.990432586778736,0.6931471805599453,0.0,0.0,0.0,0.0,"总体不合格_后验alpha,总体不合格_后验beta,总体不合格_后验均值,总体不合格_后验方差,AFB1全样本不合格_后验alpha,AFB1全样本不合格_后验beta,AFB1全样本不合格_后验均值,AFB1全样本不合格_后验方差,AFB1条件不合格_后验alpha,AFB1条件不合格_后验beta,AFB1条件不合格_后验均值,AFB1条件不合格_后验方差,抽检总批次数,AFB1相关记录数,浓度可用记录数,样本覆盖强度,AFB1记录覆盖强度,浓度可用率"
黑龙江,2024,12,2024-12,餐饮,38,38,0,0,0,0,0.0,,基本完整,2024-12,0,38,0.0,1.0,501.0610679850896,0.001991789572557931,3.951453358969727e-06,0.0,0.005887929100836931,1.0,539.0610679850896,0.001851642451715495,3.4159062281624604e-06,0.0018482170403289924,0.0,0.00547414785076032,540.0610679850896,极低,低,-4.093460373897099e-05,True,0,38,0.0,1.0,501.0610679850896,0.001991789572557931,3.951453358969727e-06,0.0,0.005887929100836931,1.0,539.0610679850896,0.001851642451715495,3.4159062281624604e-06,0.0018482170403289924,0.0,0.00547414785076032,540.0610679850896,极低,低,-4.093460373897099e-05,True,0,0,,1.0,1.0,0.5,0.08333333333333333,0.0,1.0,1.0,1.0,0.5,0.08333333333333333,0.28867513459481287,0.0,1.0,2.0,高,高,0.0,False,黑龙江|餐饮|2024-12,21,3.6635616461296463,0.0,,0.0,0.0,,"总体不合格_后验alpha,总体不合格_后验beta,总体不合格_后验均值,总体不合格_后验方差,AFB1全样本不合格_后验alpha,AFB1全样本不合格_后验beta,AFB1全样本不合格_后验均值,AFB1全样本不合格_后验方差,AFB1条件不合格_后验alpha,AFB1条件不合格_后验beta,AFB1条件不合格_后验均值,AFB1条件不合格_后验方差,抽检总批次数,AFB1相关记录数,浓度可用记录数,样本覆盖强度,AFB1记录覆盖强度,浓度可用率"
山东,2024,12,2024-12,流通,455,455,0,2,0,0,0.0,0.0,基本完整,2024-12,0,455,0.0,24.739185055397225,4252.566428576074,0.005783824512458308,1.3440769327337558e-06,0.0035115116060147446,0.008056137418901873,24.739185055397225,4707.566428576074,0.005227723455589104,1.0986812996152932e-06,0.0010481799939014735,0.003173290667542216,0.007282156243635991,4732.305613631471,极低,低,-0.0005445464060029352,True,0,455,0.0,8.354843331210446,4268.95077030026,0.0019532958562942407,4.5566648754138086e-07,0.0006302356239015622,0.003276356088686919,8.354843331210446,4723.95077030026,0.0017654910763041606,3.723347405433067e-07,0.0006101923799452978,0.0005695140116113769,0.0029614681409969442,4732.305613631471,极低,低,-0.00017616057231962276,True,0,2,0.0,8.354843331210446,33.59782018350195,0.19914929425828906,0.003713130683969933,0.0797157862484391,0.318582802268139,8.354843331210446,35.59782018350195,0.19008730445684607,0.003424805319729036,0.05852183626415901,0.07538450537909443,0.30479010353459773,43.9526635147124,高,高,-0.008343156923253603,True,山东|流通|2024-12,24,6.1224928095143865,1.0986122886681098,0.0,0.0,0.0,0.0,"总体不合格_后验alpha,总体不合格_后验beta,总体不合格_后验均值,总体不合格_后验方差,AFB1全样本不合格_后验alpha,AFB1全样本不合格_后验beta,AFB1全样本不合格_后验均值,AFB1全样本不合格_后验方差,AFB1条件不合格_后验alpha,AFB1条件不合格_后验beta,AFB1条件不合格_后验均值,AFB1条件不合格_后验方差,抽检总批次数,AFB1相关记录数,浓度可用记录数,样本覆盖强度,AFB1记录覆盖强度,浓度可用率"
湖北,2024,12,2024-12,流通,57,57,0,0,0,0,0.0,,基本完整,2024-12,0,57,0.0,5.53368629151438,645.828475980393,0.00849555993890289,1.2912130542476945e-05,0.0014526031243271087,0.01553851675347867,5.53368629151438,702.828475980393,0.00781194505613677,1.0926602774741242e-05,0.0033055412226655474,0.0013330842597122977,0.014290805852561244,708.3621622719074,极低,低,-0.000608145360884718,True,0,57,0.0,1.0,650.3621622719073,0.0015352442280528967,2.34974886936225e-06,0.0,0.004539706785074039,1.0,707.3621622719073,0.0014117072498518724,1.9872984597566215e-06,0.00140971573721677,0.0,0.004174750094796741,708.3621622719073,极低,低,-4.6998713789490106e-05,True,0,0,,1.0,6.405665663163376,0.13503175075457616,0.013895172818326744,0.0,0.36607221452420247,1.0,6.405665663163376,0.13503175075457616,0.013895172818326744,0.11787778763756446,0.0,0.36607221452420247,7.405665663163376,高,高,0.004995687813715122,False,湖北|流通|2024-12,24,4.060443010546419,0.0,,0.0,0.0,,"总体不合格_后验alpha,总体不合格_后验beta,总体不合格_后验均值,总体不合格_后验方差,AFB1全样本不合格_后验alpha,AFB1全样本不合格_后验beta,AFB1全样本不合格_后验均值,AFB1全样本不合格_后验方差,AFB1条件不合格_后验alpha,AFB1条件不合格_后验beta,AFB1条件不合格_后验均值,AFB1条件不合格_后验方差,抽检总批次数,AFB1相关记录数,浓度可用记录数,样本覆盖强度,AFB1记录覆盖强度,浓度可用率"
广东,2024,12,2024-12,流通,280,280,0,16,0,0,0.0,0.0,基本完整,2024-12,0,280,0.0,42.36587360052351,3655.7164777747084,0.011456173653020088,3.0615511260628177e-06,0.008026705063590682,0.014885642242449494,42.36587360052351,3935.7164777747084,0.010649823170673561,2.6479483224229835e-06,0.0016272517698324939,0.007460409701801873,0.01383923663954525,3978.082351375232,低,低,-0.0007931393910019357,True,0,280,0.0,4.428452724486799,3693.653898650746,0.0011974997589872377,3.2334120727801413e-07,8.298301084963392e-05,0.0023120165071248413,4.428452724486799,3973.653898650746,0.0011132129336025112,2.794548070066094e-07,0.0005286348522435968,7.708862320506145e-05,0.002149337243999961,3978.082351375233,极低,低,-7.079832130748253e-05,True,0,16,0.0,4.428452724486799,89.18327874421318,0.04730659987810925,0.0004763540925259529,0.004528546137345164,0.09008465361887333,4.428452724486799,105.18327874421318,0.04040126604287205,0.00035049631020354894,0.018721546682994677,0.0037070345442024866,0.07709549754154162,109.61173146869999,中,低,-0.0064212305115024515,True,广东|流通|2024-12,24,5.638354669333745,2.833213344056216,0.0,0.0,0.0,0.0,"总体不合格_后验alpha,总体不合格_后验beta,总体不合格_后验均值,总体不合格_后验方差,AFB1全样本不合格_后验alpha,AFB1全样本不合格_后验beta,AFB1全样本不合格_后验均值,AFB1全样本不合格_后验方差,AFB1条件不合格_后验alpha,AFB1条件不合格_后验beta,AFB1条件不合格_后验均值,AFB1条件不合格_后验方差,抽检总批次数,AFB1相关记录数,浓度可用记录数,样本覆盖强度,AFB1记录覆盖强度,浓度可用率"
辽宁,2024,12,2024-12,流通,117,113,4,0,0,0,0.0341880341880341,,基本完整,2024-12,4,117,0.03418803418803419,12.86611320905219,924.2201917937666,0.013729912752287514,1.4435134780121749e-05,0.006283167572592179,0.02117665793198285,16.866113209052187,1037.2201917937666,0.016000694752416014,1.492263945157923e-05,0.0038629832321120977,0.008429247617476304,0.023572141887355725,1054.0863050028188,低,低,0.0023226792460809085,True,0,117,0.0,1.0,936.0863050028189,0.0010671375674378165,1.1363547033625826e-06,0.0,0.00315649637540683,1.0,1053.0863050028188,0.0009486889216318258,8.98304628225903e-07,0.0009477893374721532,0.0,0.002806356023077246,1054.0863050028188,极低,低,-6.519996332593459e-05,True,0,0,,1.0,5.976209954506373,0.1433443096640228,0.015395371893588415,0.0,0.3865373619217081,1.0,5.976209954506373,0.1433443096640228,0.015395371893588415,0.12407808788657414,0.0,0.3865373619217081,6.976209954506373,高,高,0.0051868062885753186,False,辽宁|流通|2024-12,24,4.770684624465665,0.0,,0.03418803418803419,0.0,,"总体不合格_后验alpha,总体不合格_后验beta,总体不合格_后验均值,总体不合格_后验方差,AFB1全样本不合格_后验alpha,AFB1全样本不合格_后验beta,AFB1全样本不合格_后验均值,AFB1全样本不合格_后验方差,AFB1条件不合格_后验alpha,AFB1条件不合格_后验beta,AFB1条件不合格_后验均值,AFB1条件不合格_后验方差,抽检总批次数,AFB1相关记录数,浓度可用记录数,样本覆盖强度,AFB1记录覆盖强度,浓度可用率"
