省份,年月,供应链环节,状态ID,recommended_action_index,recommended_extra_sampling_batches,experimental_label,risk_score_proxy
上海,2023-01,流通,上海|流通|2023-01,1,1,自动合成参数 DQN 实验版 / self-synthesized DQN experimental run,0.23333333333333334
上海,2023-02,流通,上海|流通|2023-02,0,0,自动合成参数 DQN 实验版 / self-synthesized DQN experimental run,0.0782122905027933
上海,2023-03,流通,上海|流通|2023-03,0,0,自动合成参数 DQN 实验版 / self-synthesized DQN experimental run,0.03097002543966373
上海,2023-04,流通,上海|流通|2023-04,0,0,自动合成参数 DQN 实验版 / self-synthesized DQN experimental run,0.025387729566277824
上海,2023-05,流通,上海|流通|2023-05,0,0,自动合成参数 DQN 实验版 / self-synthesized DQN experimental run,0.01695171530926055
上海,2023-06,流通,上海|流通|2023-06,0,0,自动合成参数 DQN 实验版 / self-synthesized DQN experimental run,0.0147900650300011
上海,2023-07,流通,上海|流通|2023-07,0,0,自动合成参数 DQN 实验版 / self-synthesized DQN experimental run,0.014267482476771159
上海,2023-08,流通,上海|流通|2023-08,0,0,自动合成参数 DQN 实验版 / self-synthesized DQN experimental run,0.02223963391531756
上海,2023-09,流通,上海|流通|2023-09,0,0,自动合成参数 DQN 实验版 / self-synthesized DQN experimental run,0.0190378868134328
上海,2023-10,流通,上海|流通|2023-10,0,0,自动合成参数 DQN 实验版 / self-synthesized DQN experimental run,0.018324610936170885
上海,2023-11,流通,上海|流通|2023-11,0,0,自动合成参数 DQN 实验版 / self-synthesized DQN experimental run,0.01684885290968161
上海,2023-12,流通,上海|流通|2023-12,0,0,自动合成参数 DQN 实验版 / self-synthesized DQN experimental run,0.01495360896271685
上海,2024-01,流通,上海|流通|2024-01,0,0,自动合成参数 DQN 实验版 / self-synthesized DQN experimental run,0.014387242047666476
上海,2024-02,流通,上海|流通|2024-02,0,0,自动合成参数 DQN 实验版 / self-synthesized DQN experimental run,0.014254480521893171
上海,2024-03,流通,上海|流通|2024-03,0,0,自动合成参数 DQN 实验版 / self-synthesized DQN experimental run,0.013743654470288753
上海,2024-04,流通,上海|流通|2024-04,0,0,自动合成参数 DQN 实验版 / self-synthesized DQN experimental run,0.013277046270465196
上海,2024-05,流通,上海|流通|2024-05,0,0,自动合成参数 DQN 实验版 / self-synthesized DQN experimental run,0.01319442994519802
上海,2024-06,流通,上海|流通|2024-06,0,0,自动合成参数 DQN 实验版 / self-synthesized DQN experimental run,0.013294425573913205
上海,2024-07,流通,上海|流通|2024-07,0,0,自动合成参数 DQN 实验版 / self-synthesized DQN experimental run,0.01285339101970144
上海,2024-08,流通,上海|流通|2024-08,0,0,自动合成参数 DQN 实验版 / self-synthesized DQN experimental run,0.013144118369998155
上海,2024-09,流通,上海|流通|2024-09,0,0,自动合成参数 DQN 实验版 / self-synthesized DQN experimental run,0.012706885915060554
上海,2024-10,流通,上海|流通|2024-10,0,0,自动合成参数 DQN 实验版 / self-synthesized DQN experimental run,0.01264648581367696
上海,2024-11,流通,上海|流通|2024-11,0,0,自动合成参数 DQN 实验版 / self-synthesized DQN experimental run,0.011772605483763264
上海,2024-12,流通,上海|流通|2024-12,0,0,自动合成参数 DQN 实验版 / self-synthesized DQN experimental run,0.011601211913051995
上海,2023-03,生产,上海|生产|2023-03,0,0,自动合成参数 DQN 实验版 / self-synthesized DQN experimental run,0.07777777777777778
上海,2023-06,生产,上海|生产|2023-06,0,0,自动合成参数 DQN 实验版 / self-synthesized DQN experimental run,0.047781569965870296
上海,2023-08,生产,上海|生产|2023-08,0,0,自动合成参数 DQN 实验版 / self-synthesized DQN experimental run,0.04661228566672216
上海,2024-06,生产,上海|生产|2024-06,0,0,自动合成参数 DQN 实验版 / self-synthesized DQN experimental run,0.04276996631865153
上海,2024-07,生产,上海|生产|2024-07,0,0,自动合成参数 DQN 实验版 / self-synthesized DQN experimental run,0.03390110623547284
上海,2024-09,生产,上海|生产|2024-09,0,0,自动合成参数 DQN 实验版 / self-synthesized DQN experimental run,0.03379050427394817
上海,2024-11,生产,上海|生产|2024-11,0,0,自动合成参数 DQN 实验版 / self-synthesized DQN experimental run,0.025197906962630922
上海,2024-12,生产,上海|生产|2024-12,0,0,自动合成参数 DQN 实验版 / self-synthesized DQN experimental run,0.024569092467547675
上海,2023-04,餐饮,上海|餐饮|2023-04,1,1,自动合成参数 DQN 实验版 / self-synthesized DQN experimental run,0.23333333333333334
上海,2023-05,餐饮,上海|餐饮|2023-05,0,0,自动合成参数 DQN 实验版 / self-synthesized DQN experimental run,0.14141414141414138
上海,2023-07,餐饮,上海|餐饮|2023-07,0,0,自动合成参数 DQN 实验版 / self-synthesized DQN experimental run,0.12063765618267985
上海,2023-08,餐饮,上海|餐饮|2023-08,0,0,自动合成参数 DQN 实验版 / self-synthesized DQN experimental run,0.10586211459573905
上海,2023-11,餐饮,上海|餐饮|2023-11,0,0,自动合成参数 DQN 实验版 / self-synthesized DQN experimental run,0.06742597140055175
上海,2023-12,餐饮,上海|餐饮|2023-12,0,0,自动合成参数 DQN 实验版 / self-synthesized DQN experimental run,0.06385306679580949
上海,2024-06,餐饮,上海|餐饮|2024-06,0,0,自动合成参数 DQN 实验版 / self-synthesized DQN experimental run,0.06079272841240341
不详,2023-11,其他,不详|其他|2023-11,2,3,自动合成参数 DQN 实验版 / self-synthesized DQN experimental run,0.3833333333333333
不详,2024-03,其他,不详|其他|2024-03,3,5,自动合成参数 DQN 实验版 / self-synthesized DQN experimental run,0.7083838107819094
不详,2024-04,其他,不详|其他|2024-04,1,1,自动合成参数 DQN 实验版 / self-synthesized DQN experimental run,0.20640754077525947
不详,2023-01,流通,不详|流通|2023-01,1,1,自动合成参数 DQN 实验版 / self-synthesized DQN experimental run,0.20628474529570978
不详,2023-02,流通,不详|流通|2023-02,1,1,自动合成参数 DQN 实验版 / self-synthesized DQN experimental run,0.21305946027436226
不详,2023-03,流通,不详|流通|2023-03,1,1,自动合成参数 DQN 实验版 / self-synthesized DQN experimental run,0.2118651037368572
不详,2023-04,流通,不详|流通|2023-04,1,1,自动合成参数 DQN 实验版 / self-synthesized DQN experimental run,0.20740192943963348
不详,2023-05,流通,不详|流通|2023-05,1,1,自动合成参数 DQN 实验版 / self-synthesized DQN experimental run,0.20871829477668785
不详,2023-06,流通,不详|流通|2023-06,1,1,自动合成参数 DQN 实验版 / self-synthesized DQN experimental run,0.2068163204072828
不详,2023-07,流通,不详|流通|2023-07,1,1,自动合成参数 DQN 实验版 / self-synthesized DQN experimental run,0.18808834328998558
不详,2023-08,流通,不详|流通|2023-08,1,1,自动合成参数 DQN 实验版 / self-synthesized DQN experimental run,0.20801294519687563
不详,2023-09,流通,不详|流通|2023-09,1,1,自动合成参数 DQN 实验版 / self-synthesized DQN experimental run,0.20774893919047555
不详,2023-10,流通,不详|流通|2023-10,1,1,自动合成参数 DQN 实验版 / self-synthesized DQN experimental run,0.21015385776207524
不详,2023-11,流通,不详|流通|2023-11,1,1,自动合成参数 DQN 实验版 / self-synthesized DQN experimental run,0.21055696617910485
不详,2023-12,流通,不详|流通|2023-12,1,1,自动合成参数 DQN 实验版 / self-synthesized DQN experimental run,0.2110672526312514
不详,2024-01,流通,不详|流通|2024-01,1,1,自动合成参数 DQN 实验版 / self-synthesized DQN experimental run,0.212381794857246
不详,2024-02,流通,不详|流通|2024-02,1,1,自动合成参数 DQN 实验版 / self-synthesized DQN experimental run,0.21309384089939745
不详,2024-03,流通,不详|流通|2024-03,0,0,自动合成参数 DQN 实验版 / self-synthesized DQN experimental run,0.2122661424964272
不详,2024-04,流通,不详|流通|2024-04,1,1,自动合成参数 DQN 实验版 / self-synthesized DQN experimental run,0.2124791957586573
不详,2024-05,流通,不详|流通|2024-05,1,1,自动合成参数 DQN 实验版 / self-synthesized DQN experimental run,0.2065323339601052
不详,2024-06,流通,不详|流通|2024-06,1,1,自动合成参数 DQN 实验版 / self-synthesized DQN experimental run,0.21405744772066798
不详,2024-07,流通,不详|流通|2024-07,1,1,自动合成参数 DQN 实验版 / self-synthesized DQN experimental run,0.21477469262287213
不详,2024-08,流通,不详|流通|2024-08,1,1,自动合成参数 DQN 实验版 / self-synthesized DQN experimental run,0.21469780811526087
不详,2024-09,流通,不详|流通|2024-09,1,1,自动合成参数 DQN 实验版 / self-synthesized DQN experimental run,0.21486643912321546
不详,2024-10,流通,不详|流通|2024-10,1,1,自动合成参数 DQN 实验版 / self-synthesized DQN experimental run,0.21432554613312163
不详,2024-11,流通,不详|流通|2024-11,1,1,自动合成参数 DQN 实验版 / self-synthesized DQN experimental run,0.21424171291937233
不详,2024-12,流通,不详|流通|2024-12,1,1,自动合成参数 DQN 实验版 / self-synthesized DQN experimental run,0.21407808283287827
不详,2023-04,生产,不详|生产|2023-04,1,1,自动合成参数 DQN 实验版 / self-synthesized DQN experimental run,0.23333333333333334
不详,2023-08,生产,不详|生产|2023-08,1,1,自动合成参数 DQN 实验版 / self-synthesized DQN experimental run,0.1772151898734177
不详,2023-09,生产,不详|生产|2023-09,0,0,自动合成参数 DQN 实验版 / self-synthesized DQN experimental run,0.035260042815766224
不详,2023-10,生产,不详|生产|2023-10,1,1,自动合成参数 DQN 实验版 / self-synthesized DQN experimental run,0.2440393214951506
不详,2023-11,生产,不详|生产|2023-11,1,1,自动合成参数 DQN 实验版 / self-synthesized DQN experimental run,0.2631540394021264
不详,2023-12,生产,不详|生产|2023-12,2,3,自动合成参数 DQN 实验版 / self-synthesized DQN experimental run,0.30594727146637507
不详,2024-01,生产,不详|生产|2024-01,0,0,自动合成参数 DQN 实验版 / self-synthesized DQN experimental run,0.058300206152914744
不详,2024-02,生产,不详|生产|2024-02,0,0,自动合成参数 DQN 实验版 / self-synthesized DQN experimental run,0.05777697822455361
不详,2024-03,生产,不详|生产|2024-03,0,0,自动合成参数 DQN 实验版 / self-synthesized DQN experimental run,0.056758556646923725
不详,2024-06,生产,不详|生产|2024-06,0,0,自动合成参数 DQN 实验版 / self-synthesized DQN experimental run,0.05507316973195805
不详,2024-07,生产,不详|生产|2024-07,0,0,自动合成参数 DQN 实验版 / self-synthesized DQN experimental run,0.05278950663742282
不详,2024-09,生产,不详|生产|2024-09,0,0,自动合成参数 DQN 实验版 / self-synthesized DQN experimental run,0.05122962295878934
不详,2024-11,生产,不详|生产|2024-11,0,0,自动合成参数 DQN 实验版 / self-synthesized DQN experimental run,0.04814165240175884
不详,2024-12,生产,不详|生产|2024-12,0,0,自动合成参数 DQN 实验版 / self-synthesized DQN experimental run,0.04541532581883726
不详,2023-01,餐饮,不详|餐饮|2023-01,0,0,自动合成参数 DQN 实验版 / self-synthesized DQN experimental run,0.005691056910569101
不详,2023-02,餐饮,不详|餐饮|2023-02,0,0,自动合成参数 DQN 实验版 / self-synthesized DQN experimental run,0.005001786352268649
不详,2023-03,餐饮,不详|餐饮|2023-03,0,0,自动合成参数 DQN 实验版 / self-synthesized DQN experimental run,0.00339719246308582
不详,2023-04,餐饮,不详|餐饮|2023-04,0,0,自动合成参数 DQN 实验版 / self-synthesized DQN experimental run,0.00240673990318888
不详,2023-05,餐饮,不详|餐饮|2023-05,0,0,自动合成参数 DQN 实验版 / self-synthesized DQN experimental run,0.0018068834871999098
不详,2023-06,餐饮,不详|餐饮|2023-06,0,0,自动合成参数 DQN 实验版 / self-synthesized DQN experimental run,0.0015279271950931102
不详,2023-07,餐饮,不详|餐饮|2023-07,1,1,自动合成参数 DQN 实验版 / self-synthesized DQN experimental run,0.20038595008615853
不详,2023-08,餐饮,不详|餐饮|2023-08,0,0,自动合成参数 DQN 实验版 / self-synthesized DQN experimental run,0.00237732338884922
不详,2023-09,餐饮,不详|餐饮|2023-09,0,0,自动合成参数 DQN 实验版 / self-synthesized DQN experimental run,0.00188884260158159
不详,2023-10,餐饮,不详|餐饮|2023-10,1,1,自动合成参数 DQN 实验版 / self-synthesized DQN experimental run,0.18886471725243795
不详,2023-11,餐饮,不详|餐饮|2023-11,1,1,自动合成参数 DQN 实验版 / self-synthesized DQN experimental run,0.1977260465745274
不详,2023-12,餐饮,不详|餐饮|2023-12,1,1,自动合成参数 DQN 实验版 / self-synthesized DQN experimental run,0.2003642644880854
不详,2024-01,餐饮,不详|餐饮|2024-01,1,1,自动合成参数 DQN 实验版 / self-synthesized DQN experimental run,0.20608944824591569
不详,2024-02,餐饮,不详|餐饮|2024-02,1,1,自动合成参数 DQN 实验版 / self-synthesized DQN experimental run,0.20738616691564532
不详,2024-03,餐饮,不详|餐饮|2024-03,0,0,自动合成参数 DQN 实验版 / self-synthesized DQN experimental run,0.007470281678941419
不详,2024-04,餐饮,不详|餐饮|2024-04,1,1,自动合成参数 DQN 实验版 / self-synthesized DQN experimental run,0.20676135738292775
不详,2024-05,餐饮,不详|餐饮|2024-05,1,1,自动合成参数 DQN 实验版 / self-synthesized DQN experimental run,0.2071351267658569
不详,2024-06,餐饮,不详|餐饮|2024-06,1,1,自动合成参数 DQN 实验版 / self-synthesized DQN experimental run,0.20960864316856614
不详,2024-07,餐饮,不详|餐饮|2024-07,1,1,自动合成参数 DQN 实验版 / self-synthesized DQN experimental run,0.20600860779814137
不详,2024-08,餐饮,不详|餐饮|2024-08,1,1,自动合成参数 DQN 实验版 / self-synthesized DQN experimental run,0.20765501878122553
不详,2024-09,餐饮,不详|餐饮|2024-09,1,1,自动合成参数 DQN 实验版 / self-synthesized DQN experimental run,0.2099489760877827
不详,2024-10,餐饮,不详|餐饮|2024-10,1,1,自动合成参数 DQN 实验版 / self-synthesized DQN experimental run,0.2119001679634149
不详,2024-11,餐饮,不详|餐饮|2024-11,1,1,自动合成参数 DQN 实验版 / self-synthesized DQN experimental run,0.21328404964934397
不详,2024-12,餐饮,不详|餐饮|2024-12,1,1,自动合成参数 DQN 实验版 / self-synthesized DQN experimental run,0.21076671065351138
云南,2023-01,流通,云南|流通|2023-01,0,0,自动合成参数 DQN 实验版 / self-synthesized DQN experimental run,0.0875
云南,2023-02,流通,云南|流通|2023-02,0,0,自动合成参数 DQN 实验版 / self-synthesized DQN experimental run,0.05982905982905978
云南,2023-03,流通,云南|流通|2023-03,0,0,自动合成参数 DQN 实验版 / self-synthesized DQN experimental run,0.02776125322228832
云南,2023-04,流通,云南|流通|2023-04,0,0,自动合成参数 DQN 实验版 / self-synthesized DQN experimental run,0.027939371563706752
云南,2023-05,流通,云南|流通|2023-05,0,0,自动合成参数 DQN 实验版 / self-synthesized DQN experimental run,0.0260208175833816
云南,2023-06,流通,云南|流通|2023-06,0,0,自动合成参数 DQN 实验版 / self-synthesized DQN experimental run,0.022833686137569233
云南,2023-07,流通,云南|流通|2023-07,0,0,自动合成参数 DQN 实验版 / self-synthesized DQN experimental run,0.020453699525144413
云南,2023-08,流通,云南|流通|2023-08,0,0,自动合成参数 DQN 实验版 / self-synthesized DQN experimental run,0.018128865078764232
云南,2023-09,流通,云南|流通|2023-09,0,0,自动合成参数 DQN 实验版 / self-synthesized DQN experimental run,0.01636208530784989
云南,2023-10,流通,云南|流通|2023-10,0,0,自动合成参数 DQN 实验版 / self-synthesized DQN experimental run,0.01530297442572269
云南,2023-11,流通,云南|流通|2023-11,0,0,自动合成参数 DQN 实验版 / self-synthesized DQN experimental run,0.01331922656808359
云南,2023-12,流通,云南|流通|2023-12,0,0,自动合成参数 DQN 实验版 / self-synthesized DQN experimental run,0.010932746987059731
云南,2024-01,流通,云南|流通|2024-01,0,0,自动合成参数 DQN 实验版 / self-synthesized DQN experimental run,0.010950086986985439
云南,2024-02,流通,云南|流通|2024-02,0,0,自动合成参数 DQN 实验版 / self-synthesized DQN experimental run,0.016236032685313206
云南,2024-03,流通,云南|流通|2024-03,0,0,自动合成参数 DQN 实验版 / self-synthesized DQN experimental run,0.022734280162837316
云南,2024-04,流通,云南|流通|2024-04,0,0,自动合成参数 DQN 实验版 / self-synthesized DQN experimental run,0.02100304465395818
云南,2024-05,流通,云南|流通|2024-05,0,0,自动合成参数 DQN 实验版 / self-synthesized DQN experimental run,0.020875625862620113
云南,2024-06,流通,云南|流通|2024-06,0,0,自动合成参数 DQN 实验版 / self-synthesized DQN experimental run,0.020457082000611148
云南,2024-07,流通,云南|流通|2024-07,0,0,自动合成参数 DQN 实验版 / self-synthesized DQN experimental run,0.018726957558564464
云南,2024-08,流通,云南|流通|2024-08,0,0,自动合成参数 DQN 实验版 / self-synthesized DQN experimental run,0.022900248834515146
云南,2024-09,流通,云南|流通|2024-09,0,0,自动合成参数 DQN 实验版 / self-synthesized DQN experimental run,0.023027690211566507
云南,2024-10,流通,云南|流通|2024-10,0,0,自动合成参数 DQN 实验版 / self-synthesized DQN experimental run,0.021162217955803937
云南,2024-11,流通,云南|流通|2024-11,0,0,自动合成参数 DQN 实验版 / self-synthesized DQN experimental run,0.01911397870036769
云南,2024-12,流通,云南|流通|2024-12,0,0,自动合成参数 DQN 实验版 / self-synthesized DQN experimental run,0.021117820819295988
云南,2023-05,生产,云南|生产|2023-05,0,0,自动合成参数 DQN 实验版 / self-synthesized DQN experimental run,0.09999999999999996
云南,2023-09,生产,云南|生产|2023-09,0,0,自动合成参数 DQN 实验版 / self-synthesized DQN experimental run,0.07999999999999995
云南,2023-10,生产,云南|生产|2023-10,0,0,自动合成参数 DQN 实验版 / self-synthesized DQN experimental run,0.0563947633434038
云南,2023-11,生产,云南|生产|2023-11,2,3,自动合成参数 DQN 实验版 / self-synthesized DQN experimental run,0.3627400775020073
云南,2023-12,生产,云南|生产|2023-12,2,3,自动合成参数 DQN 实验版 / self-synthesized DQN experimental run,0.4039909952599918
云南,2024-02,生产,云南|生产|2024-02,0,0,自动合成参数 DQN 实验版 / self-synthesized DQN experimental run,0.12812066794949079
云南,2024-06,生产,云南|生产|2024-06,0,0,自动合成参数 DQN 实验版 / self-synthesized DQN experimental run,0.12146060736109393
云南,2024-09,生产,云南|生产|2024-09,0,0,自动合成参数 DQN 实验版 / self-synthesized DQN experimental run,0.1153776764931436
云南,2024-10,生产,云南|生产|2024-10,0,0,自动合成参数 DQN 实验版 / self-synthesized DQN experimental run,0.1035322662186337
云南,2023-01,餐饮,云南|餐饮|2023-01,0,0,自动合成参数 DQN 实验版 / self-synthesized DQN experimental run,0.07777777777777778
云南,2023-02,餐饮,云南|餐饮|2023-02,0,0,自动合成参数 DQN 实验版 / self-synthesized DQN experimental run,0.047781569965870296
云南,2023-03,餐饮,云南|餐饮|2023-03,0,0,自动合成参数 DQN 实验版 / self-synthesized DQN experimental run,0.0069987752143374805
云南,2023-05,餐饮,云南|餐饮|2023-05,0,0,自动合成参数 DQN 实验版 / self-synthesized DQN experimental run,0.007207828731692401
云南,2023-06,餐饮,云南|餐饮|2023-06,0,0,自动合成参数 DQN 实验版 / self-synthesized DQN experimental run,0.0074977940084190505
云南,2023-07,餐饮,云南|餐饮|2023-07,0,0,自动合成参数 DQN 实验版 / self-synthesized DQN experimental run,0.007157994543773921
云南,2023-08,餐饮,云南|餐饮|2023-08,0,0,自动合成参数 DQN 实验版 / self-synthesized DQN experimental run,0.007368179348475891
云南,2023-09,餐饮,云南|餐饮|2023-09,0,0,自动合成参数 DQN 实验版 / self-synthesized DQN experimental run,0.00439276432406231
云南,2023-10,餐饮,云南|餐饮|2023-10,0,0,自动合成参数 DQN 实验版 / self-synthesized DQN experimental run,0.00398893782032501
云南,2023-11,餐饮,云南|餐饮|2023-11,0,0,自动合成参数 DQN 实验版 / self-synthesized DQN experimental run,0.00402736196881991
云南,2023-12,餐饮,云南|餐饮|2023-12,2,3,自动合成参数 DQN 实验版 / self-synthesized DQN experimental run,0.27696458696052373
云南,2024-04,餐饮,云南|餐饮|2024-04,2,3,自动合成参数 DQN 实验版 / self-synthesized DQN experimental run,0.27529568576359803
云南,2024-05,餐饮,云南|餐饮|2024-05,0,0,自动合成参数 DQN 实验版 / self-synthesized DQN experimental run,0.009717765323279021
云南,2024-06,餐饮,云南|餐饮|2024-06,0,0,自动合成参数 DQN 实验版 / self-synthesized DQN experimental run,0.0095890212499872
云南,2024-07,餐饮,云南|餐饮|2024-07,0,0,自动合成参数 DQN 实验版 / self-synthesized DQN experimental run,0.0073077451968416
云南,2024-08,餐饮,云南|餐饮|2024-08,0,0,自动合成参数 DQN 实验版 / self-synthesized DQN experimental run,0.00736928640018172
云南,2024-09,餐饮,云南|餐饮|2024-09,0,0,自动合成参数 DQN 实验版 / self-synthesized DQN experimental run,0.00738485084102255
云南,2024-10,餐饮,云南|餐饮|2024-10,0,0,自动合成参数 DQN 实验版 / self-synthesized DQN experimental run,0.00718256311193057
云南,2024-11,餐饮,云南|餐饮|2024-11,0,0,自动合成参数 DQN 实验版 / self-synthesized DQN experimental run,0.00633913765725877
云南,2024-12,餐饮,云南|餐饮|2024-12,0,0,自动合成参数 DQN 实验版 / self-synthesized DQN experimental run,0.00599421971750861
内蒙古,2023-02,流通,内蒙古|流通|2023-02,1,1,自动合成参数 DQN 实验版 / self-synthesized DQN experimental run,0.23333333333333334
内蒙古,2023-03,流通,内蒙古|流通|2023-03,0,0,自动合成参数 DQN 实验版 / self-synthesized DQN experimental run,0.08805031446540876
内蒙古,2023-04,流通,内蒙古|流通|2023-04,0,0,自动合成参数 DQN 实验版 / self-synthesized DQN experimental run,0.07252007252007253
内蒙古,2023-05,流通,内蒙古|流通|2023-05,0,0,自动合成参数 DQN 实验版 / self-synthesized DQN experimental run,0.04053300906926075
内蒙古,2023-06,流通,内蒙古|流通|2023-06,0,0,自动合成参数 DQN 实验版 / self-synthesized DQN experimental run,0.02744411263749925
内蒙古,2023-07,流通,内蒙古|流通|2023-07,0,0,自动合成参数 DQN 实验版 / self-synthesized DQN experimental run,0.029238976423206983
内蒙古,2023-08,流通,内蒙古|流通|2023-08,0,0,自动合成参数 DQN 实验版 / self-synthesized DQN experimental run,0.023754590996488995
内蒙古,2023-09,流通,内蒙古|流通|2023-09,0,0,自动合成参数 DQN 实验版 / self-synthesized DQN experimental run,0.029255263155399242
内蒙古,2023-10,流通,内蒙古|流通|2023-10,0,0,自动合成参数 DQN 实验版 / self-synthesized DQN experimental run,0.02625843484500796
内蒙古,2023-11,流通,内蒙古|流通|2023-11,0,0,自动合成参数 DQN 实验版 / self-synthesized DQN experimental run,0.024605672988466627
内蒙古,2023-12,流通,内蒙古|流通|2023-12,0,0,自动合成参数 DQN 实验版 / self-synthesized DQN experimental run,0.020795671754916673
内蒙古,2024-01,流通,内蒙古|流通|2024-01,0,0,自动合成参数 DQN 实验版 / self-synthesized DQN experimental run,0.02066742233426498
内蒙古,2024-02,流通,内蒙古|流通|2024-02,1,1,自动合成参数 DQN 实验版 / self-synthesized DQN experimental run,0.2657611360351633
内蒙古,2024-03,流通,内蒙古|流通|2024-03,0,0,自动合成参数 DQN 实验版 / self-synthesized DQN experimental run,0.03018840690208493
内蒙古,2024-04,流通,内蒙古|流通|2024-04,0,0,自动合成参数 DQN 实验版 / self-synthesized DQN experimental run,0.028860663472668503
内蒙古,2024-05,流通,内蒙古|流通|2024-05,0,0,自动合成参数 DQN 实验版 / self-synthesized DQN experimental run,0.028911010697963656
内蒙古,2024-06,流通,内蒙古|流通|2024-06,0,0,自动合成参数 DQN 实验版 / self-synthesized DQN experimental run,0.028063938938849876
内蒙古,2024-07,流通,内蒙古|流通|2024-07,0,0,自动合成参数 DQN 实验版 / self-synthesized DQN experimental run,0.025291251285203008
内蒙古,2024-08,流通,内蒙古|流通|2024-08,0,0,自动合成参数 DQN 实验版 / self-synthesized DQN experimental run,0.023967391755073265
内蒙古,2024-09,流通,内蒙古|流通|2024-09,0,0,自动合成参数 DQN 实验版 / self-synthesized DQN experimental run,0.023410306419391926
内蒙古,2024-10,流通,内蒙古|流通|2024-10,0,0,自动合成参数 DQN 实验版 / self-synthesized DQN experimental run,0.01884331811647392
内蒙古,2024-11,流通,内蒙古|流通|2024-11,0,0,自动合成参数 DQN 实验版 / self-synthesized DQN experimental run,0.01732627701603669
内蒙古,2024-12,流通,内蒙古|流通|2024-12,0,0,自动合成参数 DQN 实验版 / self-synthesized DQN experimental run,0.01655423489668573
内蒙古,2023-04,生产,内蒙古|生产|2023-04,1,1,自动合成参数 DQN 实验版 / self-synthesized DQN experimental run,0.23333333333333334
内蒙古,2023-10,生产,内蒙古|生产|2023-10,1,1,自动合成参数 DQN 实验版 / self-synthesized DQN experimental run,0.1772151898734177
内蒙古,2023-11,生产,内蒙古|生产|2023-11,0,0,自动合成参数 DQN 实验版 / self-synthesized DQN experimental run,0.11960700555318235
内蒙古,2023-12,生产,内蒙古|生产|2023-12,0,0,自动合成参数 DQN 实验版 / self-synthesized DQN experimental run,0.10510707783554496
内蒙古,2024-02,生产,内蒙古|生产|2024-02,0,0,自动合成参数 DQN 实验版 / self-synthesized DQN experimental run,0.09425221387510405
内蒙古,2024-07,生产,内蒙古|生产|2024-07,0,0,自动合成参数 DQN 实验版 / self-synthesized DQN experimental run,0.08583125598064717
内蒙古,2024-10,生产,内蒙古|生产|2024-10,0,0,自动合成参数 DQN 实验版 / self-synthesized DQN experimental run,0.1299763959862717
内蒙古,2023-01,餐饮,内蒙古|餐饮|2023-01,0,0,自动合成参数 DQN 实验版 / self-synthesized DQN experimental run,0.07777777777777778
内蒙古,2023-03,餐饮,内蒙古|餐饮|2023-03,0,0,自动合成参数 DQN 实验版 / self-synthesized DQN experimental run,0.0396600566572238
内蒙古,2023-05,餐饮,内蒙古|餐饮|2023-05,0,0,自动合成参数 DQN 实验版 / self-synthesized DQN experimental run,0.02511886606261774
内蒙古,2023-06,餐饮,内蒙古|餐饮|2023-06,0,0,自动合成参数 DQN 实验版 / self-synthesized DQN experimental run,0.0214894490642496
内蒙古,2023-07,餐饮,内蒙古|餐饮|2023-07,0,0,自动合成参数 DQN 实验版 / self-synthesized DQN experimental run,0.017927839485650222
内蒙古,2023-08,餐饮,内蒙古|餐饮|2023-08,0,0,自动合成参数 DQN 实验版 / self-synthesized DQN experimental run,0.012239228417621869
内蒙古,2023-09,餐饮,内蒙古|餐饮|2023-09,0,0,自动合成参数 DQN 实验版 / self-synthesized DQN experimental run,0.01038059865536666
内蒙古,2023-10,餐饮,内蒙古|餐饮|2023-10,0,0,自动合成参数 DQN 实验版 / self-synthesized DQN experimental run,0.0089557796467853
内蒙古,2023-11,餐饮,内蒙古|餐饮|2023-11,0,0,自动合成参数 DQN 实验版 / self-synthesized DQN experimental run,0.006460322423773331
内蒙古,2023-12,餐饮,内蒙古|餐饮|2023-12,0,0,自动合成参数 DQN 实验版 / self-synthesized DQN experimental run,0.00578340142860158
内蒙古,2024-08,餐饮,内蒙古|餐饮|2024-08,0,0,自动合成参数 DQN 实验版 / self-synthesized DQN experimental run,0.005340077621168501
内蒙古,2024-10,餐饮,内蒙古|餐饮|2024-10,0,0,自动合成参数 DQN 实验版 / self-synthesized DQN experimental run,0.00552791488159547
内蒙古,2024-11,餐饮,内蒙古|餐饮|2024-11,0,0,自动合成参数 DQN 实验版 / self-synthesized DQN experimental run,0.0043103840083024
内蒙古,2024-12,餐饮,内蒙古|餐饮|2024-12,0,0,自动合成参数 DQN 实验版 / self-synthesized DQN experimental run,0.00420727190887388
北京,2023-01,流通,北京|流通|2023-01,1,1,自动合成参数 DQN 实验版 / self-synthesized DQN experimental run,0.23333333333333334
北京,2023-04,流通,北京|流通|2023-04,1,1,自动合成参数 DQN 实验版 / self-synthesized DQN experimental run,0.1772151898734177
北京,2023-05,流通,北京|流通|2023-05,0,0,自动合成参数 DQN 实验版 / self-synthesized DQN experimental run,0.0790737079920926
北京,2023-06,流通,北京|流通|2023-06,0,0,自动合成参数 DQN 实验版 / self-synthesized DQN experimental run,0.06660402716492819
北京,2023-07,流通,北京|流通|2023-07,0,0,自动合成参数 DQN 实验版 / self-synthesized DQN experimental run,0.08789104949078119
北京,2023-08,流通,北京|流通|2023-08,0,0,自动合成参数 DQN 实验版 / self-synthesized DQN experimental run,0.07759720679305042
北京,2023-09,流通,北京|流通|2023-09,0,0,自动合成参数 DQN 实验版 / self-synthesized DQN experimental run,0.06955162597012475
北京,2023-10,流通,北京|流通|2023-10,0,0,自动合成参数 DQN 实验版 / self-synthesized DQN experimental run,0.059632614275210535
北京,2023-11,流通,北京|流通|2023-11,0,0,自动合成参数 DQN 实验版 / self-synthesized DQN experimental run,0.04984229506326634
北京,2023-12,流通,北京|流通|2023-12,0,0,自动合成参数 DQN 实验版 / self-synthesized DQN experimental run,0.04474111814217629
北京,2024-02,流通,北京|流通|2024-02,0,0,自动合成参数 DQN 实验版 / self-synthesized DQN experimental run,0.04065157532914067
北京,2024-03,流通,北京|流通|2024-03,0,0,自动合成参数 DQN 实验版 / self-synthesized DQN experimental run,0.040265820795009316
北京,2024-04,流通,北京|流通|2024-04,0,0,自动合成参数 DQN 实验版 / self-synthesized DQN experimental run,0.039894562114461206
北京,2024-06,流通,北京|流通|2024-06,0,0,自动合成参数 DQN 实验版 / self-synthesized DQN experimental run,0.039537458478085735
北京,2024-11,流通,北京|流通|2024-11,0,0,自动合成参数 DQN 实验版 / self-synthesized DQN experimental run,0.037671114121942614
北京,2023-03,生产,北京|生产|2023-03,1,1,自动合成参数 DQN 实验版 / self-synthesized DQN experimental run,0.175
北京,2023-10,生产,北京|生产|2023-10,0,0,自动合成参数 DQN 实验版 / self-synthesized DQN experimental run,0.14285714285714285
北京,2023-11,生产,北京|生产|2023-11,0,0,自动合成参数 DQN 实验版 / self-synthesized DQN experimental run,0.12163336229365769
北京,2024-01,生产,北京|生产|2024-01,0,0,自动合成参数 DQN 实验版 / self-synthesized DQN experimental run,0.08170649858472667
北京,2024-06,生产,北京|生产|2024-06,0,0,自动合成参数 DQN 实验版 / self-synthesized DQN experimental run,0.07576669810082654
北京,2024-11,生产,北京|生产|2024-11,0,0,自动合成参数 DQN 实验版 / self-synthesized DQN experimental run,0.058937724348157965
北京,2023-02,餐饮,北京|餐饮|2023-02,0,0,自动合成参数 DQN 实验版 / self-synthesized DQN experimental run,0.11666666666666661
北京,2023-04,餐饮,北京|餐饮|2023-04,0,0,自动合成参数 DQN 实验版 / self-synthesized DQN experimental run,0.059322033898305086
北京,2023-06,餐饮,北京|餐饮|2023-06,0,0,自动合成参数 DQN 实验版 / self-synthesized DQN experimental run,0.04291845493562228
北京,2023-08,餐饮,北京|餐饮|2023-08,0,0,自动合成参数 DQN 实验版 / self-synthesized DQN experimental run,0.042182650878303043
北京,2023-11,餐饮,北京|餐饮|2023-11,0,0,自动合成参数 DQN 实验版 / self-synthesized DQN experimental run,0.041506631425560075
北京,2023-12,餐饮,北京|餐饮|2023-12,0,0,自动合成参数 DQN 实验版 / self-synthesized DQN experimental run,0.03478859622361088
北京,2024-01,餐饮,北京|餐饮|2024-01,0,0,自动合成参数 DQN 实验版 / self-synthesized DQN experimental run,0.03299480749225227
北京,2024-04,餐饮,北京|餐饮|2024-04,0,0,自动合成参数 DQN 实验版 / self-synthesized DQN experimental run,0.01696776923958123
北京,2024-05,餐饮,北京|餐饮|2024-05,0,0,自动合成参数 DQN 实验版 / self-synthesized DQN experimental run,0.01616928702356506
北京,2024-07,餐饮,北京|餐饮|2024-07,0,0,自动合成参数 DQN 实验版 / self-synthesized DQN experimental run,0.012674878344091318
北京,2024-08,餐饮,北京|餐饮|2024-08,1,1,自动合成参数 DQN 实验版 / self-synthesized DQN experimental run,0.26027276293984714
北京,2024-09,餐饮,北京|餐饮|2024-09,0,0,自动合成参数 DQN 实验版 / self-synthesized DQN experimental run,0.027413417868250474
北京,2024-10,餐饮,北京|餐饮|2024-10,0,0,自动合成参数 DQN 实验版 / self-synthesized DQN experimental run,0.024402083797062483
北京,2024-11,餐饮,北京|餐饮|2024-11,0,0,自动合成参数 DQN 实验版 / self-synthesized DQN experimental run,0.029357585675892542
北京,2024-12,餐饮,北京|餐饮|2024-12,0,0,自动合成参数 DQN 实验版 / self-synthesized DQN experimental run,0.028983377446679164
台湾,2023-12,流通,台湾|流通|2023-12,1,1,自动合成参数 DQN 实验版 / self-synthesized DQN experimental run,0.175
吉林,2023-01,流通,吉林|流通|2023-01,0,0,自动合成参数 DQN 实验版 / self-synthesized DQN experimental run,0.09999999999999996
吉林,2023-02,流通,吉林|流通|2023-02,0,0,自动合成参数 DQN 实验版 / self-synthesized DQN experimental run,0.05090909090909089
吉林,2023-03,流通,吉林|流通|2023-03,0,0,自动合成参数 DQN 实验版 / self-synthesized DQN experimental run,0.026755852842809298
吉林,2023-05,流通,吉林|流通|2023-05,0,0,自动合成参数 DQN 实验版 / self-synthesized DQN experimental run,0.024175966499017827
吉林,2023-06,流通,吉林|流通|2023-06,0,0,自动合成参数 DQN 实验版 / self-synthesized DQN experimental run,0.020315632050780207
吉林,2023-07,流通,吉林|流通|2023-07,0,0,自动合成参数 DQN 实验版 / self-synthesized DQN experimental run,0.015907992194237438
吉林,2023-08,流通,吉林|流通|2023-08,0,0,自动合成参数 DQN 实验版 / self-synthesized DQN experimental run,0.010392736471381116
吉林,2023-09,流通,吉林|流通|2023-09,0,0,自动合成参数 DQN 实验版 / self-synthesized DQN experimental run,0.009343520436515124
吉林,2023-10,流通,吉林|流通|2023-10,0,0,自动合成参数 DQN 实验版 / self-synthesized DQN experimental run,0.01094963258942224
吉林,2023-11,流通,吉林|流通|2023-11,0,0,自动合成参数 DQN 实验版 / self-synthesized DQN experimental run,0.00885374879590633
吉林,2023-12,流通,吉林|流通|2023-12,0,0,自动合成参数 DQN 实验版 / self-synthesized DQN experimental run,0.007545182834462825
吉林,2024-01,流通,吉林|流通|2024-01,0,0,自动合成参数 DQN 实验版 / self-synthesized DQN experimental run,0.007567152145163561
吉林,2024-02,流通,吉林|流通|2024-02,0,0,自动合成参数 DQN 实验版 / self-synthesized DQN experimental run,0.0064735462404506595
吉林,2024-03,流通,吉林|流通|2024-03,0,0,自动合成参数 DQN 实验版 / self-synthesized DQN experimental run,0.00621109092278428
吉林,2024-05,流通,吉林|流通|2024-05,0,0,自动合成参数 DQN 实验版 / self-synthesized DQN experimental run,0.005969697631349431
吉林,2024-06,流通,吉林|流通|2024-06,0,0,自动合成参数 DQN 实验版 / self-synthesized DQN experimental run,0.005080570245571139
吉林,2024-07,流通,吉林|流通|2024-07,0,0,自动合成参数 DQN 实验版 / self-synthesized DQN experimental run,0.00463991457550681
吉林,2024-08,流通,吉林|流通|2024-08,0,0,自动合成参数 DQN 实验版 / self-synthesized DQN experimental run,0.00436390657992854
吉林,2024-09,流通,吉林|流通|2024-09,0,0,自动合成参数 DQN 实验版 / self-synthesized DQN experimental run,0.0038535653363561597
吉林,2024-10,流通,吉林|流通|2024-10,0,0,自动合成参数 DQN 实验版 / self-synthesized DQN experimental run,0.0038030029053417653
吉林,2024-11,流通,吉林|流通|2024-11,0,0,自动合成参数 DQN 实验版 / self-synthesized DQN experimental run,0.004972863949908965
吉林,2024-12,流通,吉林|流通|2024-12,0,0,自动合成参数 DQN 实验版 / self-synthesized DQN experimental run,0.00562309981029512
吉林,2023-06,生产,吉林|生产|2023-06,0,0,自动合成参数 DQN 实验版 / self-synthesized DQN experimental run,0.11666666666666661
吉林,2023-09,生产,吉林|生产|2023-09,0,0,自动合成参数 DQN 实验版 / self-synthesized DQN experimental run,0.10294117647058819
吉林,2023-12,生产,吉林|生产|2023-12,0,0,自动合成参数 DQN 实验版 / self-synthesized DQN experimental run,0.0817757009345794
吉林,2024-10,生产,吉林|生产|2024-10,0,0,自动合成参数 DQN 实验版 / self-synthesized DQN experimental run,0.07582322357019061
吉林,2024-11,生产,吉林|生产|2024-11,0,0,自动合成参数 DQN 实验版 / self-synthesized DQN experimental run,0.04707338067570474
吉林,2024-12,生产,吉林|生产|2024-12,0,0,自动合成参数 DQN 实验版 / self-synthesized DQN experimental run,0.04313829892129597
吉林,2023-01,餐饮,吉林|餐饮|2023-01,0,0,自动合成参数 DQN 实验版 / self-synthesized DQN experimental run,0.14
吉林,2023-04,餐饮,吉林|餐饮|2023-04,0,0,自动合成参数 DQN 实验版 / self-synthesized DQN experimental run,0.11965811965811962
吉林,2023-05,餐饮,吉林|餐饮|2023-05,0,0,自动合成参数 DQN 实验版 / self-synthesized DQN experimental run,0.04202311271199153
吉林,2023-06,餐饮,吉林|餐饮|2023-06,0,0,自动合成参数 DQN 实验版 / self-synthesized DQN experimental run,0.00921967016629974
吉林,2023-07,餐饮,吉林|餐饮|2023-07,0,0,自动合成参数 DQN 实验版 / self-synthesized DQN experimental run,0.00563478266819335
吉林,2023-08,餐饮,吉林|餐饮|2023-08,0,0,自动合成参数 DQN 实验版 / self-synthesized DQN experimental run,0.0052193244359494
吉林,2023-09,餐饮,吉林|餐饮|2023-09,0,0,自动合成参数 DQN 实验版 / self-synthesized DQN experimental run,0.00544699922316046
吉林,2023-10,餐饮,吉林|餐饮|2023-10,0,0,自动合成参数 DQN 实验版 / self-synthesized DQN experimental run,0.00563672578965083
吉林,2023-11,餐饮,吉林|餐饮|2023-11,0,0,自动合成参数 DQN 实验版 / self-synthesized DQN experimental run,0.00534040135404377
吉林,2023-12,餐饮,吉林|餐饮|2023-12,0,0,自动合成参数 DQN 实验版 / self-synthesized DQN experimental run,0.004678441489691621
吉林,2024-01,餐饮,吉林|餐饮|2024-01,0,0,自动合成参数 DQN 实验版 / self-synthesized DQN experimental run,0.00465916999071888
吉林,2024-02,餐饮,吉林|餐饮|2024-02,0,0,自动合成参数 DQN 实验版 / self-synthesized DQN experimental run,0.00455049896015904
吉林,2024-05,餐饮,吉林|餐饮|2024-05,0,0,自动合成参数 DQN 实验版 / self-synthesized DQN experimental run,0.00428822192104789
吉林,2024-06,餐饮,吉林|餐饮|2024-06,0,0,自动合成参数 DQN 实验版 / self-synthesized DQN experimental run,0.00434308027559861
吉林,2024-07,餐饮,吉林|餐饮|2024-07,0,0,自动合成参数 DQN 实验版 / self-synthesized DQN experimental run,0.00413669696306433
吉林,2024-09,餐饮,吉林|餐饮|2024-09,0,0,自动合成参数 DQN 实验版 / self-synthesized DQN experimental run,0.0039357621475487
吉林,2024-10,餐饮,吉林|餐饮|2024-10,0,0,自动合成参数 DQN 实验版 / self-synthesized DQN experimental run,0.00366370414764382
吉林,2024-11,餐饮,吉林|餐饮|2024-11,0,0,自动合成参数 DQN 实验版 / self-synthesized DQN experimental run,0.0038124225086019104
吉林,2024-12,餐饮,吉林|餐饮|2024-12,0,0,自动合成参数 DQN 实验版 / self-synthesized DQN experimental run,0.00377297929874831
四川,2023-01,流通,四川|流通|2023-01,0,0,自动合成参数 DQN 实验版 / self-synthesized DQN experimental run,0.033333333333333326
四川,2023-02,流通,四川|流通|2023-02,0,0,自动合成参数 DQN 实验版 / self-synthesized DQN experimental run,0.02184087363494533
四川,2023-03,流通,四川|流通|2023-03,0,0,自动合成参数 DQN 实验版 / self-synthesized DQN experimental run,0.011373329542223462
四川,2023-04,流通,四川|流通|2023-04,0,0,自动合成参数 DQN 实验版 / self-synthesized DQN experimental run,0.01006179017214644
四川,2023-05,流通,四川|流通|2023-05,0,0,自动合成参数 DQN 实验版 / self-synthesized DQN experimental run,0.008516683460501861
四川,2023-06,流通,四川|流通|2023-06,0,0,自动合成参数 DQN 实验版 / self-synthesized DQN experimental run,0.011835892000823566
四川,2023-07,流通,四川|流通|2023-07,0,0,自动合成参数 DQN 实验版 / self-synthesized DQN experimental run,0.00956788031904298
四川,2023-08,流通,四川|流通|2023-08,0,0,自动合成参数 DQN 实验版 / self-synthesized DQN experimental run,0.009193188560316895
四川,2023-09,流通,四川|流通|2023-09,0,0,自动合成参数 DQN 实验版 / self-synthesized DQN experimental run,0.009222150596795705
四川,2023-10,流通,四川|流通|2023-10,0,0,自动合成参数 DQN 实验版 / self-synthesized DQN experimental run,0.009788277114485535
四川,2023-11,流通,四川|流通|2023-11,0,0,自动合成参数 DQN 实验版 / self-synthesized DQN experimental run,0.011577658287237641
四川,2023-12,流通,四川|流通|2023-12,0,0,自动合成参数 DQN 实验版 / self-synthesized DQN experimental run,0.012746720951531445
四川,2024-01,流通,四川|流通|2024-01,0,0,自动合成参数 DQN 实验版 / self-synthesized DQN experimental run,0.012541731588163116
四川,2024-02,流通,四川|流通|2024-02,0,0,自动合成参数 DQN 实验版 / self-synthesized DQN experimental run,0.012075874738053858
四川,2024-03,流通,四川|流通|2024-03,0,0,自动合成参数 DQN 实验版 / self-synthesized DQN experimental run,0.011918262034535651
四川,2024-04,流通,四川|流通|2024-04,0,0,自动合成参数 DQN 实验版 / self-synthesized DQN experimental run,0.011502390072180325
四川,2024-05,流通,四川|流通|2024-05,2,3,自动合成参数 DQN 实验版 / self-synthesized DQN experimental run,0.31161874682543733
四川,2024-06,流通,四川|流通|2024-06,0,0,自动合成参数 DQN 实验版 / self-synthesized DQN experimental run,0.012582815534531605
四川,2024-07,流通,四川|流通|2024-07,0,0,自动合成参数 DQN 实验版 / self-synthesized DQN experimental run,0.011317910300390425
四川,2024-08,流通,四川|流通|2024-08,0,0,自动合成参数 DQN 实验版 / self-synthesized DQN experimental run,0.010786078670133495
四川,2024-09,流通,四川|流通|2024-09,0,0,自动合成参数 DQN 实验版 / self-synthesized DQN experimental run,0.012377162656006175
四川,2024-10,流通,四川|流通|2024-10,0,0,自动合成参数 DQN 实验版 / self-synthesized DQN experimental run,0.01246320237399103
四川,2024-11,流通,四川|流通|2024-11,0,0,自动合成参数 DQN 实验版 / self-synthesized DQN experimental run,0.013290697518274235
四川,2024-12,流通,四川|流通|2024-12,0,0,自动合成参数 DQN 实验版 / self-synthesized DQN experimental run,0.011747452655902456
四川,2023-01,生产,四川|生产|2023-01,1,1,自动合成参数 DQN 实验版 / self-synthesized DQN experimental run,0.175
四川,2023-03,生产,四川|生产|2023-03,0,0,自动合成参数 DQN 实验版 / self-synthesized DQN experimental run,0.11864406779661017
四川,2023-05,生产,四川|生产|2023-05,0,0,自动合成参数 DQN 实验版 / self-synthesized DQN experimental run,0.07212776919113859
四川,2023-07,生产,四川|生产|2023-07,0,0,自动合成参数 DQN 实验版 / self-synthesized DQN experimental run,0.04569265164248763
四川,2023-09,生产,四川|生产|2023-09,0,0,自动合成参数 DQN 实验版 / self-synthesized DQN experimental run,0.044717683687867334
四川,2023-10,生产,四川|生产|2023-10,0,0,自动合成参数 DQN 实验版 / self-synthesized DQN experimental run,0.04124665207001661
四川,2023-11,生产,四川|生产|2023-11,0,0,自动合成参数 DQN 实验版 / self-synthesized DQN experimental run,0.03461487377853939
四川,2023-12,生产,四川|生产|2023-12,0,0,自动合成参数 DQN 实验版 / self-synthesized DQN experimental run,0.025630327914462812
四川,2024-01,生产,四川|生产|2024-01,0,0,自动合成参数 DQN 实验版 / self-synthesized DQN experimental run,0.02329774610981615
四川,2024-06,生产,四川|生产|2024-06,2,3,自动合成参数 DQN 实验版 / self-synthesized DQN experimental run,0.3271961191391417
四川,2024-07,生产,四川|生产|2024-07,0,0,自动合成参数 DQN 实验版 / self-synthesized DQN experimental run,0.022209076847608915
四川,2024-08,生产,四川|生产|2024-08,0,0,自动合成参数 DQN 实验版 / self-synthesized DQN experimental run,0.02238675913809874
四川,2024-09,生产,四川|生产|2024-09,0,0,自动合成参数 DQN 实验版 / self-synthesized DQN experimental run,0.01981535927750519
四川,2024-10,生产,四川|生产|2024-10,0,0,自动合成参数 DQN 实验版 / self-synthesized DQN experimental run,0.026288716987337174
四川,2024-11,生产,四川|生产|2024-11,0,0,自动合成参数 DQN 实验版 / self-synthesized DQN experimental run,0.023422832016148587
四川,2024-12,生产,四川|生产|2024-12,0,0,自动合成参数 DQN 实验版 / self-synthesized DQN experimental run,0.027318361239750018
四川,2023-01,餐饮,四川|餐饮|2023-01,1,1,自动合成参数 DQN 实验版 / self-synthesized DQN experimental run,0.23333333333333334
四川,2023-02,餐饮,四川|餐饮|2023-02,0,0,自动合成参数 DQN 实验版 / self-synthesized DQN experimental run,0.04129793510324482
四川,2023-03,餐饮,四川|餐饮|2023-03,0,0,自动合成参数 DQN 实验版 / self-synthesized DQN experimental run,0.03464917708204428
四川,2023-04,餐饮,四川|餐饮|2023-04,2,3,自动合成参数 DQN 实验版 / self-synthesized DQN experimental run,0.3669080284549201
四川,2023-05,餐饮,四川|餐饮|2023-05,0,0,自动合成参数 DQN 实验版 / self-synthesized DQN experimental run,0.06099807258379618
四川,2023-06,餐饮,四川|餐饮|2023-06,0,0,自动合成参数 DQN 实验版 / self-synthesized DQN experimental run,0.048677086299907385
四川,2023-07,餐饮,四川|餐饮|2023-07,0,0,自动合成参数 DQN 实验版 / self-synthesized DQN experimental run,0.04320779435410767
四川,2023-08,餐饮,四川|餐饮|2023-08,0,0,自动合成参数 DQN 实验版 / self-synthesized DQN experimental run,0.04278576329775146
四川,2023-09,餐饮,四川|餐饮|2023-09,0,0,自动合成参数 DQN 实验版 / self-synthesized DQN experimental run,0.035022246718313874
四川,2023-10,餐饮,四川|餐饮|2023-10,0,0,自动合成参数 DQN 实验版 / self-synthesized DQN experimental run,0.01909666749322532
四川,2023-11,餐饮,四川|餐饮|2023-11,0,0,自动合成参数 DQN 实验版 / self-synthesized DQN experimental run,0.010507847892470812
四川,2023-12,餐饮,四川|餐饮|2023-12,2,3,自动合成参数 DQN 实验版 / self-synthesized DQN experimental run,0.30905815428457495
四川,2024-01,餐饮,四川|餐饮|2024-01,2,3,自动合成参数 DQN 实验版 / self-synthesized DQN experimental run,0.31072935678793356
四川,2024-02,餐饮,四川|餐饮|2024-02,0,0,自动合成参数 DQN 实验版 / self-synthesized DQN experimental run,0.0117990600017779
四川,2024-03,餐饮,四川|餐饮|2024-03,2,3,自动合成参数 DQN 实验版 / self-synthesized DQN experimental run,0.31299453693576657
四川,2024-05,餐饮,四川|餐饮|2024-05,0,0,自动合成参数 DQN 实验版 / self-synthesized DQN experimental run,0.013428766281623
四川,2024-06,餐饮,四川|餐饮|2024-06,0,0,自动合成参数 DQN 实验版 / self-synthesized DQN experimental run,0.010568930256800646
四川,2024-07,餐饮,四川|餐饮|2024-07,0,0,自动合成参数 DQN 实验版 / self-synthesized DQN experimental run,0.009065311125256175
四川,2024-08,餐饮,四川|餐饮|2024-08,0,0,自动合成参数 DQN 实验版 / self-synthesized DQN experimental run,0.007635282247245955
四川,2024-09,餐饮,四川|餐饮|2024-09,0,0,自动合成参数 DQN 实验版 / self-synthesized DQN experimental run,0.00676447559312475
四川,2024-10,餐饮,四川|餐饮|2024-10,0,0,自动合成参数 DQN 实验版 / self-synthesized DQN experimental run,0.00643776535561487
四川,2024-11,餐饮,四川|餐饮|2024-11,0,0,自动合成参数 DQN 实验版 / self-synthesized DQN experimental run,0.006238944013576539
四川,2024-12,餐饮,四川|餐饮|2024-12,0,0,自动合成参数 DQN 实验版 / self-synthesized DQN experimental run,0.0043126859781751105
天津,2023-01,流通,天津|流通|2023-01,0,0,自动合成参数 DQN 实验版 / self-synthesized DQN experimental run,0.03888888888888885
天津,2023-02,流通,天津|流通|2023-02,0,0,自动合成参数 DQN 实验版 / self-synthesized DQN experimental run,0.0301724137931034
天津,2023-03,流通,天津|流通|2023-03,0,0,自动合成参数 DQN 实验版 / self-synthesized DQN experimental run,0.02487562189054726
天津,2023-04,流通,天津|流通|2023-04,0,0,自动合成参数 DQN 实验版 / self-synthesized DQN experimental run,0.01634253963065857
天津,2023-05,流通,天津|流通|2023-05,0,0,自动合成参数 DQN 实验版 / self-synthesized DQN experimental run,0.013013244694546601
天津,2023-06,流通,天津|流通|2023-06,0,0,自动合成参数 DQN 实验版 / self-synthesized DQN experimental run,0.01041639036881198
天津,2023-07,流通,天津|流通|2023-07,0,0,自动合成参数 DQN 实验版 / self-synthesized DQN experimental run,0.00833912173861956
天津,2023-08,流通,天津|流通|2023-08,0,0,自动合成参数 DQN 实验版 / self-synthesized DQN experimental run,0.007380493309514499
天津,2023-09,流通,天津|流通|2023-09,0,0,自动合成参数 DQN 实验版 / self-synthesized DQN experimental run,0.00659118949496777
天津,2023-10,流通,天津|流通|2023-10,0,0,自动合成参数 DQN 实验版 / self-synthesized DQN experimental run,0.00522418237707989
天津,2023-11,流通,天津|流通|2023-11,0,0,自动合成参数 DQN 实验版 / self-synthesized DQN experimental run,0.009335289662099611
天津,2023-12,流通,天津|流通|2023-12,0,0,自动合成参数 DQN 实验版 / self-synthesized DQN experimental run,0.006944350970166796
天津,2024-01,流通,天津|流通|2024-01,0,0,自动合成参数 DQN 实验版 / self-synthesized DQN experimental run,0.006848125164418345
天津,2024-02,流通,天津|流通|2024-02,0,0,自动合成参数 DQN 实验版 / self-synthesized DQN experimental run,0.00654394066235516
天津,2024-03,流通,天津|流通|2024-03,0,0,自动合成参数 DQN 实验版 / self-synthesized DQN experimental run,0.006404968517087125
天津,2024-04,流通,天津|流通|2024-04,0,0,自动合成参数 DQN 实验版 / self-synthesized DQN experimental run,0.007902288878856085
天津,2024-05,流通,天津|流通|2024-05,0,0,自动合成参数 DQN 实验版 / self-synthesized DQN experimental run,0.007676111878711336
天津,2024-06,流通,天津|流通|2024-06,0,0,自动合成参数 DQN 实验版 / self-synthesized DQN experimental run,0.007365166605645406
天津,2024-07,流通,天津|流通|2024-07,0,0,自动合成参数 DQN 实验版 / self-synthesized DQN experimental run,0.006958663542386269
天津,2024-08,流通,天津|流通|2024-08,0,0,自动合成参数 DQN 实验版 / self-synthesized DQN experimental run,0.006840079286105579
天津,2024-09,流通,天津|流通|2024-09,0,0,自动合成参数 DQN 实验版 / self-synthesized DQN experimental run,0.006011439883668691
天津,2024-10,流通,天津|流通|2024-10,0,0,自动合成参数 DQN 实验版 / self-synthesized DQN experimental run,0.005531274659110845
天津,2024-11,流通,天津|流通|2024-11,0,0,自动合成参数 DQN 实验版 / self-synthesized DQN experimental run,0.005377219212683905
天津,2024-12,流通,天津|流通|2024-12,0,0,自动合成参数 DQN 实验版 / self-synthesized DQN experimental run,0.004930805717106286
天津,2023-01,生产,天津|生产|2023-01,1,1,自动合成参数 DQN 实验版 / self-synthesized DQN experimental run,0.175
天津,2023-07,生产,天津|生产|2023-07,0,0,自动合成参数 DQN 实验版 / self-synthesized DQN experimental run,0.10144927536231882
天津,2023-10,生产,天津|生产|2023-10,0,0,自动合成参数 DQN 实验版 / self-synthesized DQN experimental run,0.07250129466597613
天津,2023-11,生产,天津|生产|2023-11,0,0,自动合成参数 DQN 实验版 / self-synthesized DQN experimental run,0.062099403402160115
天津,2024-03,生产,天津|生产|2024-03,0,0,自动合成参数 DQN 实验版 / self-synthesized DQN experimental run,0.05927864243440448
天津,2024-09,生产,天津|生产|2024-09,0,0,自动合成参数 DQN 实验版 / self-synthesized DQN experimental run,0.045697258356263856
天津,2024-10,生产,天津|生产|2024-10,0,0,自动合成参数 DQN 实验版 / self-synthesized DQN experimental run,0.04472187526665292
天津,2024-11,生产,天津|生产|2024-11,0,0,自动合成参数 DQN 实验版 / self-synthesized DQN experimental run,0.0639966857006864
天津,2023-01,餐饮,天津|餐饮|2023-01,1,1,自动合成参数 DQN 实验版 / self-synthesized DQN experimental run,0.23333333333333334
天津,2023-02,餐饮,天津|餐饮|2023-02,1,1,自动合成参数 DQN 实验版 / self-synthesized DQN experimental run,0.1772151898734177
天津,2023-05,餐饮,天津|餐饮|2023-05,0,0,自动合成参数 DQN 实验版 / self-synthesized DQN experimental run,0.14425553838227717
天津,2023-07,餐饮,天津|餐饮|2023-07,0,0,自动合成参数 DQN 实验版 / self-synthesized DQN experimental run,0.12259462772827774
天津,2023-09,餐饮,天津|餐饮|2023-09,0,0,自动合成参数 DQN 实验版 / self-synthesized DQN experimental run,0.08211739708380586
天津,2023-10,餐饮,天津|餐饮|2023-10,0,0,自动合成参数 DQN 实验版 / self-synthesized DQN experimental run,0.04321477905315606
天津,2023-11,餐饮,天津|餐饮|2023-11,0,0,自动合成参数 DQN 实验版 / self-synthesized DQN experimental run,0.03786187689989768
天津,2023-12,餐饮,天津|餐饮|2023-12,0,0,自动合成参数 DQN 实验版 / self-synthesized DQN experimental run,0.03750567666991334
天津,2024-03,餐饮,天津|餐饮|2024-03,0,0,自动合成参数 DQN 实验版 / self-synthesized DQN experimental run,0.03717343935640363
天津,2024-05,餐饮,天津|餐饮|2024-05,0,0,自动合成参数 DQN 实验版 / self-synthesized DQN experimental run,0.036863220437766867
天津,2024-06,餐饮,天津|餐饮|2024-06,0,0,自动合成参数 DQN 实验版 / self-synthesized DQN experimental run,0.03657327055401194
天津,2024-11,餐饮,天津|餐饮|2024-11,0,0,自动合成参数 DQN 实验版 / self-synthesized DQN experimental run,0.03630201167475071
天津,2024-12,餐饮,天津|餐饮|2024-12,0,0,自动合成参数 DQN 实验版 / self-synthesized DQN experimental run,0.036048016687830066
宁夏,2023-02,流通,宁夏|流通|2023-02,1,1,自动合成参数 DQN 实验版 / self-synthesized DQN experimental run,0.23333333333333334
宁夏,2023-06,流通,宁夏|流通|2023-06,1,1,自动合成参数 DQN 实验版 / self-synthesized DQN experimental run,0.1772151898734177
宁夏,2023-11,流通,宁夏|流通|2023-11,0,0,自动合成参数 DQN 实验版 / self-synthesized DQN experimental run,0.14425553838227717
宁夏,2024-02,流通,宁夏|流通|2024-02,0,0,自动合成参数 DQN 实验版 / self-synthesized DQN experimental run,0.12259462772827774
宁夏,2024-03,流通,宁夏|流通|2024-03,0,0,自动合成参数 DQN 实验版 / self-synthesized DQN experimental run,0.10728986752575197
宁夏,2024-10,流通,宁夏|流通|2024-10,0,0,自动合成参数 DQN 实验版 / self-synthesized DQN experimental run,0.09591455794157762
宁夏,2023-08,生产,宁夏|生产|2023-08,1,1,自动合成参数 DQN 实验版 / self-synthesized DQN experimental run,0.23333333333333334
宁夏,2023-11,生产,宁夏|生产|2023-11,1,1,自动合成参数 DQN 实验版 / self-synthesized DQN experimental run,0.1772151898734177
宁夏,2023-01,餐饮,宁夏|餐饮|2023-01,1,1,自动合成参数 DQN 实验版 / self-synthesized DQN experimental run,0.23333333333333334
宁夏,2023-02,餐饮,宁夏|餐饮|2023-02,0,0,自动合成参数 DQN 实验版 / self-synthesized DQN experimental run,0.0639269406392694
宁夏,2023-06,餐饮,宁夏|餐饮|2023-06,0,0,自动合成参数 DQN 实验版 / self-synthesized DQN experimental run,0.06085633557922191
宁夏,2023-07,餐饮,宁夏|餐饮|2023-07,0,0,自动合成参数 DQN 实验版 / self-synthesized DQN experimental run,0.04367527433531689
宁夏,2023-08,餐饮,宁夏|餐饮|2023-08,0,0,自动合成参数 DQN 实验版 / self-synthesized DQN experimental run,0.023869598677453693
宁夏,2023-11,餐饮,宁夏|餐饮|2023-11,0,0,自动合成参数 DQN 实验版 / self-synthesized DQN experimental run,0.02417151615802728
宁夏,2023-12,餐饮,宁夏|餐饮|2023-12,0,0,自动合成参数 DQN 实验版 / self-synthesized DQN experimental run,0.019656449826281522
宁夏,2024-01,餐饮,宁夏|餐饮|2024-01,0,0,自动合成参数 DQN 实验版 / self-synthesized DQN experimental run,0.01948171154697068
宁夏,2024-02,餐饮,宁夏|餐饮|2024-02,0,0,自动合成参数 DQN 实验版 / self-synthesized DQN experimental run,0.017841405154752063
宁夏,2024-05,餐饮,宁夏|餐饮|2024-05,0,0,自动合成参数 DQN 实验版 / self-synthesized DQN experimental run,0.01824206485911964
宁夏,2024-06,餐饮,宁夏|餐饮|2024-06,0,0,自动合成参数 DQN 实验版 / self-synthesized DQN experimental run,0.01863972280566774
宁夏,2024-07,餐饮,宁夏|餐饮|2024-07,0,0,自动合成参数 DQN 实验版 / self-synthesized DQN experimental run,0.018052172538743493
宁夏,2024-08,餐饮,宁夏|餐饮|2024-08,0,0,自动合成参数 DQN 实验版 / self-synthesized DQN experimental run,0.017099165050123308
宁夏,2024-09,餐饮,宁夏|餐饮|2024-09,0,0,自动合成参数 DQN 实验版 / self-synthesized DQN experimental run,0.011292000384676829
宁夏,2024-10,餐饮,宁夏|餐饮|2024-10,0,0,自动合成参数 DQN 实验版 / self-synthesized DQN experimental run,0.01111265481116357
宁夏,2024-11,餐饮,宁夏|餐饮|2024-11,0,0,自动合成参数 DQN 实验版 / self-synthesized DQN experimental run,0.01148639044595063
宁夏,2024-12,餐饮,宁夏|餐饮|2024-12,0,0,自动合成参数 DQN 实验版 / self-synthesized DQN experimental run,0.01129130570479548
安徽,2024-01,其他,安徽|其他|2024-01,3,5,自动合成参数 DQN 实验版 / self-synthesized DQN experimental run,0.7575225979963377
安徽,2023-01,流通,安徽|流通|2023-01,0,0,自动合成参数 DQN 实验版 / self-synthesized DQN experimental run,0.011979166666666636
安徽,2023-02,流通,安徽|流通|2023-02,0,0,自动合成参数 DQN 实验版 / self-synthesized DQN experimental run,0.0074031516743269295
安徽,2023-03,流通,安徽|流通|2023-03,2,3,自动合成参数 DQN 实验版 / self-synthesized DQN experimental run,0.3003533164443205
安徽,2023-04,流通,安徽|流通|2023-04,2,3,自动合成参数 DQN 实验版 / self-synthesized DQN experimental run,0.29675711225842794
安徽,2023-05,流通,安徽|流通|2023-05,0,0,自动合成参数 DQN 实验版 / self-synthesized DQN experimental run,0.009128731475578161
安徽,2023-06,流通,安徽|流通|2023-06,0,0,自动合成参数 DQN 实验版 / self-synthesized DQN experimental run,0.007925820064279306
安徽,2023-07,流通,安徽|流通|2023-07,0,0,自动合成参数 DQN 实验版 / self-synthesized DQN experimental run,0.006489106980366
安徽,2023-08,流通,安徽|流通|2023-08,0,0,自动合成参数 DQN 实验版 / self-synthesized DQN experimental run,0.007118045514302555
安徽,2023-09,流通,安徽|流通|2023-09,0,0,自动合成参数 DQN 实验版 / self-synthesized DQN experimental run,0.00619408800100215
安徽,2023-10,流通,安徽|流通|2023-10,0,0,自动合成参数 DQN 实验版 / self-synthesized DQN experimental run,0.005732200986421285
安徽,2023-11,流通,安徽|流通|2023-11,2,3,自动合成参数 DQN 实验版 / self-synthesized DQN experimental run,0.2916093319571065
安徽,2023-12,流通,安徽|流通|2023-12,2,3,自动合成参数 DQN 实验版 / self-synthesized DQN experimental run,0.29140248721817985
安徽,2024-01,流通,安徽|流通|2024-01,0,0,自动合成参数 DQN 实验版 / self-synthesized DQN experimental run,0.00616414053337205
安徽,2024-02,流通,安徽|流通|2024-02,0,0,自动合成参数 DQN 实验版 / self-synthesized DQN experimental run,0.005824892373990995
安徽,2024-03,流通,安徽|流通|2024-03,0,0,自动合成参数 DQN 实验版 / self-synthesized DQN experimental run,0.005431044335549605
安徽,2024-04,流通,安徽|流通|2024-04,0,0,自动合成参数 DQN 实验版 / self-synthesized DQN experimental run,0.005148253551366895
安徽,2024-05,流通,安徽|流通|2024-05,2,3,自动合成参数 DQN 实验版 / self-synthesized DQN experimental run,0.29572678811641107
安徽,2024-06,流通,安徽|流通|2024-06,0,0,自动合成参数 DQN 实验版 / self-synthesized DQN experimental run,0.005049565129847821
安徽,2024-07,流通,安徽|流通|2024-07,2,3,自动合成参数 DQN 实验版 / self-synthesized DQN experimental run,0.29552664084860447
安徽,2024-08,流通,安徽|流通|2024-08,0,0,自动合成参数 DQN 实验版 / self-synthesized DQN experimental run,0.004507360584403395
安徽,2024-09,流通,安徽|流通|2024-09,0,0,自动合成参数 DQN 实验版 / self-synthesized DQN experimental run,0.004382799746190685
安徽,2024-10,流通,安徽|流通|2024-10,0,0,自动合成参数 DQN 实验版 / self-synthesized DQN experimental run,0.00409104092003967
安徽,2024-11,流通,安徽|流通|2024-11,0,0,自动合成参数 DQN 实验版 / self-synthesized DQN experimental run,0.00358403711880073
安徽,2024-12,流通,安徽|流通|2024-12,0,0,自动合成参数 DQN 实验版 / self-synthesized DQN experimental run,0.0031537181528973096
安徽,2023-01,生产,安徽|生产|2023-01,1,1,自动合成参数 DQN 实验版 / self-synthesized DQN experimental run,0.23333333333333334
安徽,2023-02,生产,安徽|生产|2023-02,1,1,自动合成参数 DQN 实验版 / self-synthesized DQN experimental run,0.1772151898734177
安徽,2023-03,生产,安徽|生产|2023-03,0,0,自动合成参数 DQN 实验版 / self-synthesized DQN experimental run,0.10215249908792412
安徽,2023-04,生产,安徽|生产|2023-04,0,0,自动合成参数 DQN 实验版 / self-synthesized DQN experimental run,0.02535324770575744
安徽,2023-05,生产,安徽|生产|2023-05,0,0,自动合成参数 DQN 实验版 / self-synthesized DQN experimental run,0.018751985073419852
安徽,2023-06,生产,安徽|生产|2023-06,0,0,自动合成参数 DQN 实验版 / self-synthesized DQN experimental run,0.01471734946002664
安徽,2023-07,生产,安徽|生产|2023-07,0,0,自动合成参数 DQN 实验版 / self-synthesized DQN experimental run,0.012661715755113179
安徽,2023-08,生产,安徽|生产|2023-08,0,0,自动合成参数 DQN 实验版 / self-synthesized DQN experimental run,0.01154724348692922
安徽,2023-09,生产,安徽|生产|2023-09,0,0,自动合成参数 DQN 实验版 / self-synthesized DQN experimental run,0.011166143923471952
安徽,2023-10,生产,安徽|生产|2023-10,0,0,自动合成参数 DQN 实验版 / self-synthesized DQN experimental run,0.009252524651932659
安徽,2023-11,生产,安徽|生产|2023-11,0,0,自动合成参数 DQN 实验版 / self-synthesized DQN experimental run,0.00833608469702162
安徽,2023-12,生产,安徽|生产|2023-12,0,0,自动合成参数 DQN 实验版 / self-synthesized DQN experimental run,0.007152077364737061
安徽,2024-01,生产,安徽|生产|2024-01,0,0,自动合成参数 DQN 实验版 / self-synthesized DQN experimental run,0.007440477886457001
安徽,2024-02,生产,安徽|生产|2024-02,0,0,自动合成参数 DQN 实验版 / self-synthesized DQN experimental run,0.00773686013548329
安徽,2024-03,生产,安徽|生产|2024-03,0,0,自动合成参数 DQN 实验版 / self-synthesized DQN experimental run,0.00578263023650501
安徽,2024-04,生产,安徽|生产|2024-04,0,0,自动合成参数 DQN 实验版 / self-synthesized DQN experimental run,0.00550749299239279
安徽,2024-05,生产,安徽|生产|2024-05,0,0,自动合成参数 DQN 实验版 / self-synthesized DQN experimental run,0.0047669443289713
安徽,2024-06,生产,安徽|生产|2024-06,0,0,自动合成参数 DQN 实验版 / self-synthesized DQN experimental run,0.00464800142761591
安徽,2024-07,生产,安徽|生产|2024-07,0,0,自动合成参数 DQN 实验版 / self-synthesized DQN experimental run,0.00469256193739487
安徽,2024-08,生产,安徽|生产|2024-08,0,0,自动合成参数 DQN 实验版 / self-synthesized DQN experimental run,0.0047679495829203705
安徽,2024-09,生产,安徽|生产|2024-09,0,0,自动合成参数 DQN 实验版 / self-synthesized DQN experimental run,0.00467999055909441
安徽,2024-10,生产,安徽|生产|2024-10,0,0,自动合成参数 DQN 实验版 / self-synthesized DQN experimental run,0.004788148252679611
安徽,2024-11,生产,安徽|生产|2024-11,0,0,自动合成参数 DQN 实验版 / self-synthesized DQN experimental run,0.00718819237782572
安徽,2024-12,生产,安徽|生产|2024-12,0,0,自动合成参数 DQN 实验版 / self-synthesized DQN experimental run,0.00640314450676541
安徽,2023-01,餐饮,安徽|餐饮|2023-01,0,0,自动合成参数 DQN 实验版 / self-synthesized DQN experimental run,0.05384615384615383
安徽,2023-02,餐饮,安徽|餐饮|2023-02,0,0,自动合成参数 DQN 实验版 / self-synthesized DQN experimental run,0.03598971722365033
安徽,2023-03,餐饮,安徽|餐饮|2023-03,0,0,自动合成参数 DQN 实验版 / self-synthesized DQN experimental run,0.025383011513008733
安徽,2023-04,餐饮,安徽|餐饮|2023-04,0,0,自动合成参数 DQN 实验版 / self-synthesized DQN experimental run,0.01289167082960197
安徽,2023-05,餐饮,安徽|餐饮|2023-05,2,3,自动合成参数 DQN 实验版 / self-synthesized DQN experimental run,0.3101714333252425
安徽,2023-06,餐饮,安徽|餐饮|2023-06,0,0,自动合成参数 DQN 实验版 / self-synthesized DQN experimental run,0.01911777851028549
安徽,2023-07,餐饮,安徽|餐饮|2023-07,0,0,自动合成参数 DQN 实验版 / self-synthesized DQN experimental run,0.01666155099200774
安徽,2023-08,餐饮,安徽|餐饮|2023-08,0,0,自动合成参数 DQN 实验版 / self-synthesized DQN experimental run,0.016245318495767762
安徽,2023-09,餐饮,安徽|餐饮|2023-09,0,0,自动合成参数 DQN 实验版 / self-synthesized DQN experimental run,0.01527887552266152
安徽,2023-10,餐饮,安徽|餐饮|2023-10,0,0,自动合成参数 DQN 实验版 / self-synthesized DQN experimental run,0.01363325743650157
安徽,2023-11,餐饮,安徽|餐饮|2023-11,0,0,自动合成参数 DQN 实验版 / self-synthesized DQN experimental run,0.01270184533235625
安徽,2023-12,餐饮,安徽|餐饮|2023-12,0,0,自动合成参数 DQN 实验版 / self-synthesized DQN experimental run,0.01062029398075709
安徽,2024-01,餐饮,安徽|餐饮|2024-01,2,3,自动合成参数 DQN 实验版 / self-synthesized DQN experimental run,0.3027012880687946
安徽,2024-02,餐饮,安徽|餐饮|2024-02,0,0,自动合成参数 DQN 实验版 / self-synthesized DQN experimental run,0.01572351953169354
安徽,2024-03,餐饮,安徽|餐饮|2024-03,0,0,自动合成参数 DQN 实验版 / self-synthesized DQN experimental run,0.01574132638555246
安徽,2024-04,餐饮,安徽|餐饮|2024-04,0,0,自动合成参数 DQN 实验版 / self-synthesized DQN experimental run,0.012987496128653343
安徽,2024-05,餐饮,安徽|餐饮|2024-05,0,0,自动合成参数 DQN 实验版 / self-synthesized DQN experimental run,0.011746837870788649
安徽,2024-06,餐饮,安徽|餐饮|2024-06,0,0,自动合成参数 DQN 实验版 / self-synthesized DQN experimental run,0.00998050767288799
安徽,2024-07,餐饮,安徽|餐饮|2024-07,0,0,自动合成参数 DQN 实验版 / self-synthesized DQN experimental run,0.009459115707544371
安徽,2024-08,餐饮,安徽|餐饮|2024-08,0,0,自动合成参数 DQN 实验版 / self-synthesized DQN experimental run,0.009319304544424211
安徽,2024-09,餐饮,安徽|餐饮|2024-09,0,0,自动合成参数 DQN 实验版 / self-synthesized DQN experimental run,0.00924068126328039
安徽,2024-10,餐饮,安徽|餐饮|2024-10,0,0,自动合成参数 DQN 实验版 / self-synthesized DQN experimental run,0.009163179750180751
安徽,2024-11,餐饮,安徽|餐饮|2024-11,0,0,自动合成参数 DQN 实验版 / self-synthesized DQN experimental run,0.008637465637820179
安徽,2024-12,餐饮,安徽|餐饮|2024-12,2,3,自动合成参数 DQN 实验版 / self-synthesized DQN experimental run,0.30259975594421606
山东,2023-01,流通,山东|流通|2023-01,0,0,自动合成参数 DQN 实验版 / self-synthesized DQN experimental run,0.00566502463054183
山东,2023-02,流通,山东|流通|2023-02,0,0,自动合成参数 DQN 实验版 / self-synthesized DQN experimental run,0.0027706106401277648
山东,2023-03,流通,山东|流通|2023-03,0,0,自动合成参数 DQN 实验版 / self-synthesized DQN experimental run,0.001924691470804415
山东,2023-04,流通,山东|流通|2023-04,2,3,自动合成参数 DQN 实验版 / self-synthesized DQN experimental run,0.29947778139088255
山东,2023-05,流通,山东|流通|2023-05,0,0,自动合成参数 DQN 实验版 / self-synthesized DQN experimental run,0.00163449749310375
山东,2023-06,流通,山东|流通|2023-06,1,1,自动合成参数 DQN 实验版 / self-synthesized DQN experimental run,0.1800506577599495
山东,2023-07,流通,山东|流通|2023-07,0,0,自动合成参数 DQN 实验版 / self-synthesized DQN experimental run,0.00163303923452391
山东,2023-08,流通,山东|流通|2023-08,0,0,自动合成参数 DQN 实验版 / self-synthesized DQN experimental run,0.0013548795003988801
山东,2023-09,流通,山东|流通|2023-09,0,0,自动合成参数 DQN 实验版 / self-synthesized DQN experimental run,0.0020593311355191603
山东,2023-10,流通,山东|流通|2023-10,0,0,自动合成参数 DQN 实验版 / self-synthesized DQN experimental run,0.0020087936037039202
山东,2023-11,流通,山东|流通|2023-11,0,0,自动合成参数 DQN 实验版 / self-synthesized DQN experimental run,0.0020845821616565247
山东,2023-12,流通,山东|流通|2023-12,2,3,自动合成参数 DQN 实验版 / self-synthesized DQN experimental run,0.29965284589539765
山东,2024-01,流通,山东|流通|2024-01,2,3,自动合成参数 DQN 实验版 / self-synthesized DQN experimental run,0.2984667858011072
山东,2024-02,流通,山东|流通|2024-02,0,0,自动合成参数 DQN 实验版 / self-synthesized DQN experimental run,0.0021476708404506053
山东,2024-03,流通,山东|流通|2024-03,0,0,自动合成参数 DQN 实验版 / self-synthesized DQN experimental run,0.0020239012798829847
山东,2024-04,流通,山东|流通|2024-04,2,3,自动合成参数 DQN 实验版 / self-synthesized DQN experimental run,0.30119196237418216
山东,2024-05,流通,山东|流通|2024-05,0,0,自动合成参数 DQN 实验版 / self-synthesized DQN experimental run,0.00232289253949466
山东,2024-06,流通,山东|流通|2024-06,0,0,自动合成参数 DQN 实验版 / self-synthesized DQN experimental run,0.00238571090805489
山东,2024-07,流通,山东|流通|2024-07,0,0,自动合成参数 DQN 实验版 / self-synthesized DQN experimental run,0.002438744863317245
山东,2024-08,流通,山东|流通|2024-08,2,3,自动合成参数 DQN 实验版 / self-synthesized DQN experimental run,0.30105382103689093
山东,2024-09,流通,山东|流通|2024-09,2,3,自动合成参数 DQN 实验版 / self-synthesized DQN experimental run,0.3014644285801287
山东,2024-10,流通,山东|流通|2024-10,2,3,自动合成参数 DQN 实验版 / self-synthesized DQN experimental run,0.3012945182211937
山东,2024-11,流通,山东|流通|2024-11,2,3,自动合成参数 DQN 实验版 / self-synthesized DQN experimental run,0.30270345856855885
山东,2024-12,流通,山东|流通|2024-12,0,0,自动合成参数 DQN 实验版 / self-synthesized DQN experimental run,0.00279384832409112
山东,2023-01,生产,山东|生产|2023-01,0,0,自动合成参数 DQN 实验版 / self-synthesized DQN experimental run,0.05384615384615383
山东,2023-02,生产,山东|生产|2023-02,2,3,自动合成参数 DQN 实验版 / self-synthesized DQN experimental run,0.3313361461275373
山东,2023-03,生产,山东|生产|2023-03,0,0,自动合成参数 DQN 实验版 / self-synthesized DQN experimental run,0.033722438391699056
山东,2023-04,生产,山东|生产|2023-04,0,0,自动合成参数 DQN 实验版 / self-synthesized DQN experimental run,0.01942639794759209
山东,2023-05,生产,山东|生产|2023-05,0,0,自动合成参数 DQN 实验版 / self-synthesized DQN experimental run,0.02390085276299352
山东,2023-06,生产,山东|生产|2023-06,0,0,自动合成参数 DQN 实验版 / self-synthesized DQN experimental run,0.017090362594000114
山东,2023-07,生产,山东|生产|2023-07,0,0,自动合成参数 DQN 实验版 / self-synthesized DQN experimental run,0.018502677968396705
山东,2023-08,生产,山东|生产|2023-08,0,0,自动合成参数 DQN 实验版 / self-synthesized DQN experimental run,0.01625301314902974
山东,2023-09,生产,山东|生产|2023-09,2,3,自动合成参数 DQN 实验版 / self-synthesized DQN experimental run,0.31944861708601124
山东,2023-10,生产,山东|生产|2023-10,0,0,自动合成参数 DQN 实验版 / self-synthesized DQN experimental run,0.02551080653839869
山东,2023-11,生产,山东|生产|2023-11,2,3,自动合成参数 DQN 实验版 / self-synthesized DQN experimental run,0.3333392452620164
山东,2023-12,生产,山东|生产|2023-12,0,0,自动合成参数 DQN 实验版 / self-synthesized DQN experimental run,0.03034529672389242
山东,2024-01,生产,山东|生产|2024-01,0,0,自动合成参数 DQN 实验版 / self-synthesized DQN experimental run,0.02614633774813127
山东,2024-02,生产,山东|生产|2024-02,0,0,自动合成参数 DQN 实验版 / self-synthesized DQN experimental run,0.025920393159826215
山东,2024-03,生产,山东|生产|2024-03,0,0,自动合成参数 DQN 实验版 / self-synthesized DQN experimental run,0.023829871950813885
山东,2024-04,生产,山东|生产|2024-04,0,0,自动合成参数 DQN 实验版 / self-synthesized DQN experimental run,0.023857662961466863
山东,2024-05,生产,山东|生产|2024-05,0,0,自动合成参数 DQN 实验版 / self-synthesized DQN experimental run,0.021724866246076883
山东,2024-06,生产,山东|生产|2024-06,2,3,自动合成参数 DQN 实验版 / self-synthesized DQN experimental run,0.32079916791261776
山东,2024-07,生产,山东|生产|2024-07,0,0,自动合成参数 DQN 实验版 / self-synthesized DQN experimental run,0.021576612335025308
山东,2024-08,生产,山东|生产|2024-08,0,0,自动合成参数 DQN 实验版 / self-synthesized DQN experimental run,0.02057889594276864
山东,2024-09,生产,山东|生产|2024-09,0,0,自动合成参数 DQN 实验版 / self-synthesized DQN experimental run,0.01868931791764256
山东,2024-10,生产,山东|生产|2024-10,2,3,自动合成参数 DQN 实验版 / self-synthesized DQN experimental run,0.31673380996418893
山东,2024-11,生产,山东|生产|2024-11,2,3,自动合成参数 DQN 实验版 / self-synthesized DQN experimental run,0.32023610086285204
山东,2024-12,生产,山东|生产|2024-12,0,0,自动合成参数 DQN 实验版 / self-synthesized DQN experimental run,0.018593574495046335
山东,2023-01,餐饮,山东|餐饮|2023-01,0,0,自动合成参数 DQN 实验版 / self-synthesized DQN experimental run,0.016279069767441808
山东,2023-02,餐饮,山东|餐饮|2023-02,0,0,自动合成参数 DQN 实验版 / self-synthesized DQN experimental run,0.01045556385362209
山东,2023-03,餐饮,山东|餐饮|2023-03,0,0,自动合成参数 DQN 实验版 / self-synthesized DQN experimental run,0.00771753810534434
山东,2023-04,餐饮,山东|餐饮|2023-04,0,0,自动合成参数 DQN 实验版 / self-synthesized DQN experimental run,0.00499046909518339
山东,2023-05,餐饮,山东|餐饮|2023-05,0,0,自动合成参数 DQN 实验版 / self-synthesized DQN experimental run,0.00423334164000636
山东,2023-06,餐饮,山东|餐饮|2023-06,0,0,自动合成参数 DQN 实验版 / self-synthesized DQN experimental run,0.00399574610728839
山东,2023-07,餐饮,山东|餐饮|2023-07,0,0,自动合成参数 DQN 实验版 / self-synthesized DQN experimental run,0.0027181616896103603
山东,2023-08,餐饮,山东|餐饮|2023-08,0,0,自动合成参数 DQN 实验版 / self-synthesized DQN experimental run,0.0018288669562316299
山东,2023-09,餐饮,山东|餐饮|2023-09,0,0,自动合成参数 DQN 实验版 / self-synthesized DQN experimental run,0.002913508504337715
山东,2023-10,餐饮,山东|餐饮|2023-10,0,0,自动合成参数 DQN 实验版 / self-synthesized DQN experimental run,0.00244006711691839
山东,2023-11,餐饮,山东|餐饮|2023-11,2,3,自动合成参数 DQN 实验版 / self-synthesized DQN experimental run,0.3038869803473351
山东,2023-12,餐饮,山东|餐饮|2023-12,1,1,自动合成参数 DQN 实验版 / self-synthesized DQN experimental run,0.3060815058591574
山东,2024-01,餐饮,山东|餐饮|2024-01,0,0,自动合成参数 DQN 实验版 / self-synthesized DQN experimental run,0.0066673681934891005
山东,2024-02,餐饮,山东|餐饮|2024-02,0,0,自动合成参数 DQN 实验版 / self-synthesized DQN experimental run,0.006707472401722885
山东,2024-03,餐饮,山东|餐饮|2024-03,0,0,自动合成参数 DQN 实验版 / self-synthesized DQN experimental run,0.006682452430727525
山东,2024-04,餐饮,山东|餐饮|2024-04,0,0,自动合成参数 DQN 实验版 / self-synthesized DQN experimental run,0.00644486032763462
山东,2024-05,餐饮,山东|餐饮|2024-05,1,1,自动合成参数 DQN 实验版 / self-synthesized DQN experimental run,0.30916203673539544
山东,2024-06,餐饮,山东|餐饮|2024-06,0,0,自动合成参数 DQN 实验版 / self-synthesized DQN experimental run,0.00827310495602356
山东,2024-07,餐饮,山东|餐饮|2024-07,1,1,自动合成参数 DQN 实验版 / self-synthesized DQN experimental run,0.31041130429253183
山东,2024-08,餐饮,山东|餐饮|2024-08,2,3,自动合成参数 DQN 实验版 / self-synthesized DQN experimental run,0.3117194042149395
山东,2024-09,餐饮,山东|餐饮|2024-09,0,0,自动合成参数 DQN 实验版 / self-synthesized DQN experimental run,0.01171867471452507
山东,2024-10,餐饮,山东|餐饮|2024-10,2,3,自动合成参数 DQN 实验版 / self-synthesized DQN experimental run,0.3112828906694319
山东,2024-11,餐饮,山东|餐饮|2024-11,2,3,自动合成参数 DQN 实验版 / self-synthesized DQN experimental run,0.3124050052301385
山东,2024-12,餐饮,山东|餐饮|2024-12,2,3,自动合成参数 DQN 实验版 / self-synthesized DQN experimental run,0.31099655360215145
山西,2023-01,流通,山西|流通|2023-01,0,0,自动合成参数 DQN 实验版 / self-synthesized DQN experimental run,0.04375
山西,2023-02,流通,山西|流通|2023-02,0,0,自动合成参数 DQN 实验版 / self-synthesized DQN experimental run,0.042944785276073594
山西,2023-03,流通,山西|流通|2023-03,0,0,自动合成参数 DQN 实验版 / self-synthesized DQN experimental run,0.03766478342749528
山西,2023-04,流通,山西|流通|2023-04,0,0,自动合成参数 DQN 实验版 / self-synthesized DQN experimental run,0.032175401905243387
山西,2023-05,流通,山西|流通|2023-05,0,0,自动合成参数 DQN 实验版 / self-synthesized DQN experimental run,0.03215735050995236
山西,2023-06,流通,山西|流通|2023-06,0,0,自动合成参数 DQN 实验版 / self-synthesized DQN experimental run,0.03072929703468044
山西,2023-07,流通,山西|流通|2023-07,0,0,自动合成参数 DQN 实验版 / self-synthesized DQN experimental run,0.027194407918719233
山西,2023-08,流通,山西|流通|2023-08,0,0,自动合成参数 DQN 实验版 / self-synthesized DQN experimental run,0.02636181676132739
山西,2023-09,流通,山西|流通|2023-09,0,0,自动合成参数 DQN 实验版 / self-synthesized DQN experimental run,0.023082595556789716
山西,2023-12,流通,山西|流通|2023-12,0,0,自动合成参数 DQN 实验版 / self-synthesized DQN experimental run,0.015586873027919971
山西,2024-01,流通,山西|流通|2024-01,0,0,自动合成参数 DQN 实验版 / self-synthesized DQN experimental run,0.01599484296907875
山西,2024-02,流通,山西|流通|2024-02,0,0,自动合成参数 DQN 实验版 / self-synthesized DQN experimental run,0.035813491874488526
山西,2024-03,流通,山西|流通|2024-03,0,0,自动合成参数 DQN 实验版 / self-synthesized DQN experimental run,0.03203404517366562
山西,2024-04,流通,山西|流通|2024-04,0,0,自动合成参数 DQN 实验版 / self-synthesized DQN experimental run,0.03202901605813115
山西,2024-05,流通,山西|流通|2024-05,0,0,自动合成参数 DQN 实验版 / self-synthesized DQN experimental run,0.03202396935052685
山西,2024-06,流通,山西|流通|2024-06,0,0,自动合成参数 DQN 实验版 / self-synthesized DQN experimental run,0.028233912125663972
山西,2024-07,流通,山西|流通|2024-07,0,0,自动合成参数 DQN 实验版 / self-synthesized DQN experimental run,0.027210403803589224
山西,2024-09,流通,山西|流通|2024-09,0,0,自动合成参数 DQN 实验版 / self-synthesized DQN experimental run,0.03427601847601276
山西,2024-10,流通,山西|流通|2024-10,0,0,自动合成参数 DQN 实验版 / self-synthesized DQN experimental run,0.04299352363494023
山西,2024-11,流通,山西|流通|2024-11,0,0,自动合成参数 DQN 实验版 / self-synthesized DQN experimental run,0.05177495358686404
山西,2024-12,流通,山西|流通|2024-12,0,0,自动合成参数 DQN 实验版 / self-synthesized DQN experimental run,0.059383737209185314
山西,2023-01,生产,山西|生产|2023-01,2,3,自动合成参数 DQN 实验版 / self-synthesized DQN experimental run,0.3833333333333333
山西,2023-02,生产,山西|生产|2023-02,1,1,自动合成参数 DQN 实验版 / self-synthesized DQN experimental run,0.18949579831932772
山西,2023-03,生产,山西|生产|2023-03,0,0,自动合成参数 DQN 实验版 / self-synthesized DQN experimental run,0.1263781776635247
山西,2023-08,生产,山西|生产|2023-08,0,0,自动合成参数 DQN 实验版 / self-synthesized DQN experimental run,0.10425653212352522
山西,2023-10,生产,山西|生产|2023-10,0,0,自动合成参数 DQN 实验版 / self-synthesized DQN experimental run,0.09700883027933654
山西,2023-12,生产,山西|生产|2023-12,0,0,自动合成参数 DQN 实验版 / self-synthesized DQN experimental run,0.07738988152389914
山西,2024-05,生产,山西|生产|2024-05,0,0,自动合成参数 DQN 实验版 / self-synthesized DQN experimental run,0.06455678690431604
山西,2024-09,生产,山西|生产|2024-09,0,0,自动合成参数 DQN 实验版 / self-synthesized DQN experimental run,0.05873304695452975
山西,2023-01,餐饮,山西|餐饮|2023-01,0,0,自动合成参数 DQN 实验版 / self-synthesized DQN experimental run,0.00864197530864192
山西,2023-02,餐饮,山西|餐饮|2023-02,0,0,自动合成参数 DQN 实验版 / self-synthesized DQN experimental run,0.00804135554279148
山西,2023-03,餐饮,山西|餐饮|2023-03,0,0,自动合成参数 DQN 实验版 / self-synthesized DQN experimental run,0.007795317241571301
山西,2023-04,餐饮,山西|餐饮|2023-04,0,0,自动合成参数 DQN 实验版 / self-synthesized DQN experimental run,0.0077427097548464306
山西,2023-05,餐饮,山西|餐饮|2023-05,0,0,自动合成参数 DQN 实验版 / self-synthesized DQN experimental run,0.007000893051419821
山西,2023-06,餐饮,山西|餐饮|2023-06,0,0,自动合成参数 DQN 实验版 / self-synthesized DQN experimental run,0.006598303120866869
山西,2023-07,餐饮,山西|餐饮|2023-07,0,0,自动合成参数 DQN 实验版 / self-synthesized DQN experimental run,0.00637038390412879
山西,2023-08,餐饮,山西|餐饮|2023-08,1,1,自动合成参数 DQN 实验版 / self-synthesized DQN experimental run,0.2634580609245136
山西,2023-09,餐饮,山西|餐饮|2023-09,0,0,自动合成参数 DQN 实验版 / self-synthesized DQN experimental run,0.014666056693557571
山西,2023-10,餐饮,山西|餐饮|2023-10,0,0,自动合成参数 DQN 实验版 / self-synthesized DQN experimental run,0.0135793917662662
山西,2023-11,餐饮,山西|餐饮|2023-11,0,0,自动合成参数 DQN 实验版 / self-synthesized DQN experimental run,0.012714231631004609
山西,2023-12,餐饮,山西|餐饮|2023-12,1,1,自动合成参数 DQN 实验版 / self-synthesized DQN experimental run,0.26320424838120915
山西,2024-01,餐饮,山西|餐饮|2024-01,0,0,自动合成参数 DQN 实验版 / self-synthesized DQN experimental run,0.01660984549588651
山西,2024-02,餐饮,山西|餐饮|2024-02,0,0,自动合成参数 DQN 实验版 / self-synthesized DQN experimental run,0.01651882051771476
山西,2024-03,餐饮,山西|餐饮|2024-03,0,0,自动合成参数 DQN 实验版 / self-synthesized DQN experimental run,0.01624091891332393
山西,2024-04,餐饮,山西|餐饮|2024-04,0,0,自动合成参数 DQN 实验版 / self-synthesized DQN experimental run,0.01624616438176172
山西,2024-05,餐饮,山西|餐饮|2024-05,0,0,自动合成参数 DQN 实验版 / self-synthesized DQN experimental run,0.01635123620224486
山西,2024-06,餐饮,山西|餐饮|2024-06,0,0,自动合成参数 DQN 实验版 / self-synthesized DQN experimental run,0.01434498183928544
山西,2024-07,餐饮,山西|餐饮|2024-07,1,1,自动合成参数 DQN 实验版 / self-synthesized DQN experimental run,0.25515537003315625
山西,2024-08,餐饮,山西|餐饮|2024-08,0,0,自动合成参数 DQN 实验版 / self-synthesized DQN experimental run,0.015046984424150629
山西,2024-09,餐饮,山西|餐饮|2024-09,1,1,自动合成参数 DQN 实验版 / self-synthesized DQN experimental run,0.2625368619789497
山西,2024-10,餐饮,山西|餐饮|2024-10,0,0,自动合成参数 DQN 实验版 / self-synthesized DQN experimental run,0.01615464958244326
山西,2024-11,餐饮,山西|餐饮|2024-11,1,1,自动合成参数 DQN 实验版 / self-synthesized DQN experimental run,0.25521961249756286
山西,2024-12,餐饮,山西|餐饮|2024-12,1,1,自动合成参数 DQN 实验版 / self-synthesized DQN experimental run,0.26457128054446954
广东,2023-01,流通,广东|流通|2023-01,0,0,自动合成参数 DQN 实验版 / self-synthesized DQN experimental run,0.0101214574898785
广东,2023-02,流通,广东|流通|2023-02,0,0,自动合成参数 DQN 实验版 / self-synthesized DQN experimental run,0.00588780236747292
广东,2023-03,流通,广东|流通|2023-03,2,3,自动合成参数 DQN 实验版 / self-synthesized DQN experimental run,0.30464419877193727
广东,2023-04,流通,广东|流通|2023-04,0,0,自动合成参数 DQN 实验版 / self-synthesized DQN experimental run,0.00944073044927266
广东,2023-05,流通,广东|流通|2023-05,0,0,自动合成参数 DQN 实验版 / self-synthesized DQN experimental run,0.0073079799741264
广东,2023-06,流通,广东|流通|2023-06,0,0,自动合成参数 DQN 实验版 / self-synthesized DQN experimental run,0.005043660291294561
广东,2023-07,流通,广东|流通|2023-07,0,0,自动合成参数 DQN 实验版 / self-synthesized DQN experimental run,0.004637287881657685
广东,2023-08,流通,广东|流通|2023-08,2,3,自动合成参数 DQN 实验版 / self-synthesized DQN experimental run,0.30091187153571575
广东,2023-09,流通,广东|流通|2023-09,0,0,自动合成参数 DQN 实验版 / self-synthesized DQN experimental run,0.004990657205546784
广东,2023-10,流通,广东|流通|2023-10,0,0,自动合成参数 DQN 实验版 / self-synthesized DQN experimental run,0.005313419586434125
广东,2023-11,流通,广东|流通|2023-11,2,3,自动合成参数 DQN 实验版 / self-synthesized DQN experimental run,0.3014055887457546
广东,2023-12,流通,广东|流通|2023-12,1,1,自动合成参数 DQN 实验版 / self-synthesized DQN experimental run,0.3037356285665219
广东,2024-01,流通,广东|流通|2024-01,0,0,自动合成参数 DQN 实验版 / self-synthesized DQN experimental run,0.0071218429587856
广东,2024-02,流通,广东|流通|2024-02,0,0,自动合成参数 DQN 实验版 / self-synthesized DQN experimental run,0.006960623921008485
广东,2024-03,流通,广东|流通|2024-03,0,0,自动合成参数 DQN 实验版 / self-synthesized DQN experimental run,0.006761221615952871
广东,2024-04,流通,广东|流通|2024-04,0,0,自动合成参数 DQN 实验版 / self-synthesized DQN experimental run,0.00613459745644201
广东,2024-05,流通,广东|流通|2024-05,0,0,自动合成参数 DQN 实验版 / self-synthesized DQN experimental run,0.00609676895305733
广东,2024-06,流通,广东|流通|2024-06,0,0,自动合成参数 DQN 实验版 / self-synthesized DQN experimental run,0.005871065502054825
广东,2024-07,流通,广东|流通|2024-07,0,0,自动合成参数 DQN 实验版 / self-synthesized DQN experimental run,0.006184532671362521
广东,2024-08,流通,广东|流通|2024-08,0,0,自动合成参数 DQN 实验版 / self-synthesized DQN experimental run,0.00642390638336549
广东,2024-09,流通,广东|流通|2024-09,0,0,自动合成参数 DQN 实验版 / self-synthesized DQN experimental run,0.00588192369905484
广东,2024-10,流通,广东|流通|2024-10,0,0,自动合成参数 DQN 实验版 / self-synthesized DQN experimental run,0.00553517651005834
广东,2024-11,流通,广东|流通|2024-11,0,0,自动合成参数 DQN 实验版 / self-synthesized DQN experimental run,0.005445335966481405
广东,2024-12,流通,广东|流通|2024-12,0,0,自动合成参数 DQN 实验版 / self-synthesized DQN experimental run,0.0050707236602037
广东,2023-01,生产,广东|生产|2023-01,0,0,自动合成参数 DQN 实验版 / self-synthesized DQN experimental run,0.01029411764705877
广东,2023-02,生产,广东|生产|2023-02,0,0,自动合成参数 DQN 实验版 / self-synthesized DQN experimental run,0.007891770011273891
广东,2023-03,生产,广东|生产|2023-03,2,3,自动合成参数 DQN 实验版 / self-synthesized DQN experimental run,0.31177000236833363
广东,2023-04,生产,广东|生产|2023-04,0,0,自动合成参数 DQN 实验版 / self-synthesized DQN experimental run,0.00828544417416422
广东,2023-05,生产,广东|生产|2023-05,0,0,自动合成参数 DQN 实验版 / self-synthesized DQN experimental run,0.00852406156157196
广东,2023-06,生产,广东|生产|2023-06,0,0,自动合成参数 DQN 实验版 / self-synthesized DQN experimental run,0.006134897124538021
广东,2023-07,生产,广东|生产|2023-07,2,3,自动合成参数 DQN 实验版 / self-synthesized DQN experimental run,0.29384589276546386
广东,2023-08,生产,广东|生产|2023-08,0,0,自动合成参数 DQN 实验版 / self-synthesized DQN experimental run,0.01076753154994583
广东,2023-09,生产,广东|生产|2023-09,0,0,自动合成参数 DQN 实验版 / self-synthesized DQN experimental run,0.008073656611285696
广东,2023-10,生产,广东|生产|2023-10,0,0,自动合成参数 DQN 实验版 / self-synthesized DQN experimental run,0.0077853462165591
广东,2023-11,生产,广东|生产|2023-11,2,3,自动合成参数 DQN 实验版 / self-synthesized DQN experimental run,0.3028316223526038
广东,2023-12,生产,广东|生产|2023-12,0,0,自动合成参数 DQN 实验版 / self-synthesized DQN experimental run,0.0072255366193645955
广东,2024-01,生产,广东|生产|2024-01,2,3,自动合成参数 DQN 实验版 / self-synthesized DQN experimental run,0.3049783748908067
广东,2024-02,生产,广东|生产|2024-02,2,3,自动合成参数 DQN 实验版 / self-synthesized DQN experimental run,0.3047725599846459
广东,2024-03,生产,广东|生产|2024-03,0,0,自动合成参数 DQN 实验版 / self-synthesized DQN experimental run,0.007641762638812015
广东,2024-04,生产,广东|生产|2024-04,1,1,自动合成参数 DQN 实验版 / self-synthesized DQN experimental run,0.3029992886240436
广东,2024-05,生产,广东|生产|2024-05,0,0,自动合成参数 DQN 实验版 / self-synthesized DQN experimental run,0.00764115038948915
广东,2024-06,生产,广东|生产|2024-06,0,0,自动合成参数 DQN 实验版 / self-synthesized DQN experimental run,0.007387967704877225
广东,2024-07,生产,广东|生产|2024-07,2,3,自动合成参数 DQN 实验版 / self-synthesized DQN experimental run,0.3047320306893076
广东,2024-08,生产,广东|生产|2024-08,2,3,自动合成参数 DQN 实验版 / self-synthesized DQN experimental run,0.3051867997387906
广东,2024-09,生产,广东|生产|2024-09,2,3,自动合成参数 DQN 实验版 / self-synthesized DQN experimental run,0.3037870818408429
广东,2024-10,生产,广东|生产|2024-10,2,3,自动合成参数 DQN 实验版 / self-synthesized DQN experimental run,0.30687677818785736
广东,2024-11,生产,广东|生产|2024-11,0,0,自动合成参数 DQN 实验版 / self-synthesized DQN experimental run,0.00860530329455181
广东,2024-12,生产,广东|生产|2024-12,2,3,自动合成参数 DQN 实验版 / self-synthesized DQN experimental run,0.30463299182574266
广东,2023-01,餐饮,广东|餐饮|2023-01,0,0,自动合成参数 DQN 实验版 / self-synthesized DQN experimental run,0.04999999999999999
广东,2023-02,餐饮,广东|餐饮|2023-02,0,0,自动合成参数 DQN 实验版 / self-synthesized DQN experimental run,0.010348783845800796
广东,2023-03,餐饮,广东|餐饮|2023-03,0,0,自动合成参数 DQN 实验版 / self-synthesized DQN experimental run,0.01018507861237075
广东,2023-04,餐饮,广东|餐饮|2023-04,0,0,自动合成参数 DQN 实验版 / self-synthesized DQN experimental run,0.007578702802965315
广东,2023-05,餐饮,广东|餐饮|2023-05,0,0,自动合成参数 DQN 实验版 / self-synthesized DQN experimental run,0.00605263799142214
广东,2023-06,餐饮,广东|餐饮|2023-06,0,0,自动合成参数 DQN 实验版 / self-synthesized DQN experimental run,0.004086582041786
广东,2023-07,餐饮,广东|餐饮|2023-07,0,0,自动合成参数 DQN 实验版 / self-synthesized DQN experimental run,0.0037243150585000648
广东,2023-08,餐饮,广东|餐饮|2023-08,0,0,自动合成参数 DQN 实验版 / self-synthesized DQN experimental run,0.0031691379036992
广东,2023-09,餐饮,广东|餐饮|2023-09,0,0,自动合成参数 DQN 实验版 / self-synthesized DQN experimental run,0.0029956730032386254
广东,2023-10,餐饮,广东|餐饮|2023-10,0,0,自动合成参数 DQN 实验版 / self-synthesized DQN experimental run,0.0029801497290516603
广东,2023-11,餐饮,广东|餐饮|2023-11,0,0,自动合成参数 DQN 实验版 / self-synthesized DQN experimental run,0.0036387756427060146
广东,2023-12,餐饮,广东|餐饮|2023-12,0,0,自动合成参数 DQN 实验版 / self-synthesized DQN experimental run,0.004018910347250959
广东,2024-01,餐饮,广东|餐饮|2024-01,2,3,自动合成参数 DQN 实验版 / self-synthesized DQN experimental run,0.30160752140088853
广东,2024-02,餐饮,广东|餐饮|2024-02,0,0,自动合成参数 DQN 实验版 / self-synthesized DQN experimental run,0.005712834899579075
广东,2024-03,餐饮,广东|餐饮|2024-03,0,0,自动合成参数 DQN 实验版 / self-synthesized DQN experimental run,0.005505105036381965
广东,2024-04,餐饮,广东|餐饮|2024-04,0,0,自动合成参数 DQN 实验版 / self-synthesized DQN experimental run,0.00532619386860523
广东,2024-05,餐饮,广东|餐饮|2024-05,2,3,自动合成参数 DQN 实验版 / self-synthesized DQN experimental run,0.30401442280943713
广东,2024-06,餐饮,广东|餐饮|2024-06,2,3,自动合成参数 DQN 实验版 / self-synthesized DQN experimental run,0.3033926912828536
广东,2024-07,餐饮,广东|餐饮|2024-07,0,0,自动合成参数 DQN 实验版 / self-synthesized DQN experimental run,0.005842045285831865
广东,2024-08,餐饮,广东|餐饮|2024-08,0,0,自动合成参数 DQN 实验版 / self-synthesized DQN experimental run,0.0053856424128639405
广东,2024-09,餐饮,广东|餐饮|2024-09,0,0,自动合成参数 DQN 实验版 / self-synthesized DQN experimental run,0.005436181328749531
广东,2024-10,餐饮,广东|餐饮|2024-10,1,1,自动合成参数 DQN 实验版 / self-synthesized DQN experimental run,0.30096328655607846
广东,2024-11,餐饮,广东|餐饮|2024-11,0,0,自动合成参数 DQN 实验版 / self-synthesized DQN experimental run,0.005668494029767835
广东,2024-12,餐饮,广东|餐饮|2024-12,0,0,自动合成参数 DQN 实验版 / self-synthesized DQN experimental run,0.006299336634856
广西,2024-04,其他,广西|其他|2024-04,3,5,自动合成参数 DQN 实验版 / self-synthesized DQN experimental run,0.7365515001900325
广西,2023-01,流通,广西|流通|2023-01,0,0,自动合成参数 DQN 实验版 / self-synthesized DQN experimental run,0.026923076923076883
广西,2023-02,流通,广西|流通|2023-02,0,0,自动合成参数 DQN 实验版 / self-synthesized DQN experimental run,0.01377952755905509
广西,2023-03,流通,广西|流通|2023-03,0,0,自动合成参数 DQN 实验版 / self-synthesized DQN experimental run,0.01104797979797974
广西,2023-04,流通,广西|流通|2023-04,0,0,自动合成参数 DQN 实验版 / self-synthesized DQN experimental run,0.008207100314214691
广西,2023-05,流通,广西|流通|2023-05,0,0,自动合成参数 DQN 实验版 / self-synthesized DQN experimental run,0.00326908186434802
广西,2023-06,流通,广西|流通|2023-06,0,0,自动合成参数 DQN 实验版 / self-synthesized DQN experimental run,0.00257806918307575
广西,2023-07,流通,广西|流通|2023-07,0,0,自动合成参数 DQN 实验版 / self-synthesized DQN experimental run,0.0020228584244576403
广西,2023-08,流通,广西|流通|2023-08,2,3,自动合成参数 DQN 实验版 / self-synthesized DQN experimental run,0.2684025555716436
广西,2023-09,流通,广西|流通|2023-09,2,3,自动合成参数 DQN 实验版 / self-synthesized DQN experimental run,0.2922666756231805
广西,2023-10,流通,广西|流通|2023-10,2,3,自动合成参数 DQN 实验版 / self-synthesized DQN experimental run,0.29487722486824275
广西,2023-11,流通,广西|流通|2023-11,0,0,自动合成参数 DQN 实验版 / self-synthesized DQN experimental run,0.025703367748212587
广西,2023-12,流通,广西|流通|2023-12,2,3,自动合成参数 DQN 实验版 / self-synthesized DQN experimental run,0.30213432480672187
广西,2024-01,流通,广西|流通|2024-01,0,0,自动合成参数 DQN 实验版 / self-synthesized DQN experimental run,0.03081292899740895
广西,2024-02,流通,广西|流通|2024-02,0,0,自动合成参数 DQN 实验版 / self-synthesized DQN experimental run,0.030103166483693752
广西,2024-03,流通,广西|流通|2024-03,0,0,自动合成参数 DQN 实验版 / self-synthesized DQN experimental run,0.029731321644725122
广西,2024-04,流通,广西|流通|2024-04,0,0,自动合成参数 DQN 实验版 / self-synthesized DQN experimental run,0.028212678611940406
广西,2024-05,流通,广西|流通|2024-05,2,3,自动合成参数 DQN 实验版 / self-synthesized DQN experimental run,0.28571616376744896
广西,2024-06,流通,广西|流通|2024-06,2,3,自动合成参数 DQN 实验版 / self-synthesized DQN experimental run,0.2878410668686031
广西,2024-07,流通,广西|流通|2024-07,0,0,自动合成参数 DQN 实验版 / self-synthesized DQN experimental run,0.0238210612501691
广西,2024-08,流通,广西|流通|2024-08,0,0,自动合成参数 DQN 实验版 / self-synthesized DQN experimental run,0.023326133865277168
广西,2024-09,流通,广西|流通|2024-09,2,3,自动合成参数 DQN 实验版 / self-synthesized DQN experimental run,0.28393613421795627
广西,2024-10,流通,广西|流通|2024-10,2,3,自动合成参数 DQN 实验版 / self-synthesized DQN experimental run,0.28573598427821456
广西,2024-11,流通,广西|流通|2024-11,0,0,自动合成参数 DQN 实验版 / self-synthesized DQN experimental run,0.016216581981099733
广西,2024-12,流通,广西|流通|2024-12,0,0,自动合成参数 DQN 实验版 / self-synthesized DQN experimental run,0.015167423227150445
广西,2023-01,生产,广西|生产|2023-01,0,0,自动合成参数 DQN 实验版 / self-synthesized DQN experimental run,0.09999999999999996
广西,2023-02,生产,广西|生产|2023-02,0,0,自动合成参数 DQN 实验版 / self-synthesized DQN experimental run,0.02828282828282828
广西,2023-03,生产,广西|生产|2023-03,2,3,自动合成参数 DQN 实验版 / self-synthesized DQN experimental run,0.31407427007455613
广西,2023-04,生产,广西|生产|2023-04,2,3,自动合成参数 DQN 实验版 / self-synthesized DQN experimental run,0.2896806604742276
广西,2023-05,生产,广西|生产|2023-05,2,3,自动合成参数 DQN 实验版 / self-synthesized DQN experimental run,0.28907415996165226
广西,2023-06,生产,广西|生产|2023-06,1,1,自动合成参数 DQN 实验版 / self-synthesized DQN experimental run,0.28692194137942617
广西,2023-07,生产,广西|生产|2023-07,2,3,自动合成参数 DQN 实验版 / self-synthesized DQN experimental run,0.28858791000496803
广西,2023-08,生产,广西|生产|2023-08,2,3,自动合成参数 DQN 实验版 / self-synthesized DQN experimental run,0.2841586310040285
广西,2023-09,生产,广西|生产|2023-09,2,3,自动合成参数 DQN 实验版 / self-synthesized DQN experimental run,0.28419227762103505
广西,2023-10,生产,广西|生产|2023-10,2,3,自动合成参数 DQN 实验版 / self-synthesized DQN experimental run,0.2805887850988558
广西,2023-11,生产,广西|生产|2023-11,2,3,自动合成参数 DQN 实验版 / self-synthesized DQN experimental run,0.2883143832709807
广西,2023-12,生产,广西|生产|2023-12,2,3,自动合成参数 DQN 实验版 / self-synthesized DQN experimental run,0.28927417538662237
广西,2024-01,生产,广西|生产|2024-01,0,0,自动合成参数 DQN 实验版 / self-synthesized DQN experimental run,0.018605413597141563
广西,2024-02,生产,广西|生产|2024-02,2,3,自动合成参数 DQN 实验版 / self-synthesized DQN experimental run,0.2849052963543566
广西,2024-03,生产,广西|生产|2024-03,2,3,自动合成参数 DQN 实验版 / self-synthesized DQN experimental run,0.2841126224258834
广西,2024-04,生产,广西|生产|2024-04,2,3,自动合成参数 DQN 实验版 / self-synthesized DQN experimental run,0.28607336976006914
广西,2024-05,生产,广西|生产|2024-05,2,3,自动合成参数 DQN 实验版 / self-synthesized DQN experimental run,0.2868259089222175
广西,2024-06,生产,广西|生产|2024-06,1,1,自动合成参数 DQN 实验版 / self-synthesized DQN experimental run,0.28590835937259507
广西,2024-07,生产,广西|生产|2024-07,2,3,自动合成参数 DQN 实验版 / self-synthesized DQN experimental run,0.28827373710658677
广西,2024-08,生产,广西|生产|2024-08,2,3,自动合成参数 DQN 实验版 / self-synthesized DQN experimental run,0.28373423376984674
广西,2024-09,生产,广西|生产|2024-09,2,3,自动合成参数 DQN 实验版 / self-synthesized DQN experimental run,0.28693811054971274
广西,2024-10,生产,广西|生产|2024-10,2,3,自动合成参数 DQN 实验版 / self-synthesized DQN experimental run,0.28442687049731896
广西,2024-11,生产,广西|生产|2024-11,2,3,自动合成参数 DQN 实验版 / self-synthesized DQN experimental run,0.29204495093109484
广西,2024-12,生产,广西|生产|2024-12,2,3,自动合成参数 DQN 实验版 / self-synthesized DQN experimental run,0.2924357551504674
广西,2023-01,餐饮,广西|餐饮|2023-01,0,0,自动合成参数 DQN 实验版 / self-synthesized DQN experimental run,0.09999999999999996
广西,2023-02,餐饮,广西|餐饮|2023-02,0,0,自动合成参数 DQN 实验版 / self-synthesized DQN experimental run,0.06511627906976739
广西,2023-03,餐饮,广西|餐饮|2023-03,0,0,自动合成参数 DQN 实验版 / self-synthesized DQN experimental run,0.06187845303867402
广西,2023-04,餐饮,广西|餐饮|2023-04,0,0,自动合成参数 DQN 实验版 / self-synthesized DQN experimental run,0.030638763507044142
广西,2023-05,餐饮,广西|餐饮|2023-05,0,0,自动合成参数 DQN 实验版 / self-synthesized DQN experimental run,0.03211883970691558
广西,2023-06,餐饮,广西|餐饮|2023-06,0,0,自动合成参数 DQN 实验版 / self-synthesized DQN experimental run,0.023931160769080365
广西,2023-08,餐饮,广西|餐饮|2023-08,0,0,自动合成参数 DQN 实验版 / self-synthesized DQN experimental run,0.012589833354770005
广西,2023-09,餐饮,广西|餐饮|2023-09,0,0,自动合成参数 DQN 实验版 / self-synthesized DQN experimental run,0.012839948866369374
广西,2023-10,餐饮,广西|餐饮|2023-10,0,0,自动合成参数 DQN 实验版 / self-synthesized DQN experimental run,0.011664024578443673
广西,2023-11,餐饮,广西|餐饮|2023-11,0,0,自动合成参数 DQN 实验版 / self-synthesized DQN experimental run,0.009891911437498806
广西,2023-12,餐饮,广西|餐饮|2023-12,2,3,自动合成参数 DQN 实验版 / self-synthesized DQN experimental run,0.2880665297959149
广西,2024-01,餐饮,广西|餐饮|2024-01,0,0,自动合成参数 DQN 实验版 / self-synthesized DQN experimental run,0.014497696191350445
广西,2024-03,餐饮,广西|餐饮|2024-03,0,0,自动合成参数 DQN 实验版 / self-synthesized DQN experimental run,0.013799938157593377
广西,2024-05,餐饮,广西|餐饮|2024-05,0,0,自动合成参数 DQN 实验版 / self-synthesized DQN experimental run,0.011206173508599
广西,2024-06,餐饮,广西|餐饮|2024-06,0,0,自动合成参数 DQN 实验版 / self-synthesized DQN experimental run,0.00942426563059309
广西,2024-07,餐饮,广西|餐饮|2024-07,0,0,自动合成参数 DQN 实验版 / self-synthesized DQN experimental run,0.008951847306841884
广西,2024-08,餐饮,广西|餐饮|2024-08,0,0,自动合成参数 DQN 实验版 / self-synthesized DQN experimental run,0.008779842622429961
广西,2024-09,餐饮,广西|餐饮|2024-09,0,0,自动合成参数 DQN 实验版 / self-synthesized DQN experimental run,0.008263075773056981
广西,2024-10,餐饮,广西|餐饮|2024-10,0,0,自动合成参数 DQN 实验版 / self-synthesized DQN experimental run,0.007232478508989515
广西,2024-11,餐饮,广西|餐饮|2024-11,0,0,自动合成参数 DQN 实验版 / self-synthesized DQN experimental run,0.006820882777048295
广西,2024-12,餐饮,广西|餐饮|2024-12,0,0,自动合成参数 DQN 实验版 / self-synthesized DQN experimental run,0.005627078879023745
新疆,2023-01,流通,新疆|流通|2023-01,1,1,自动合成参数 DQN 实验版 / self-synthesized DQN experimental run,0.175
新疆,2023-03,流通,新疆|流通|2023-03,0,0,自动合成参数 DQN 实验版 / self-synthesized DQN experimental run,0.14285714285714285
新疆,2023-04,流通,新疆|流通|2023-04,0,0,自动合成参数 DQN 实验版 / self-synthesized DQN experimental run,0.10362694300518133
新疆,2023-05,流通,新疆|流通|2023-05,0,0,自动合成参数 DQN 实验版 / self-synthesized DQN experimental run,0.06077839762095983
新疆,2023-06,流通,新疆|流通|2023-06,0,0,自动合成参数 DQN 实验版 / self-synthesized DQN experimental run,0.03879967657698167
新疆,2023-07,流通,新疆|流通|2023-07,0,0,自动合成参数 DQN 实验版 / self-synthesized DQN experimental run,0.03837862770980091
新疆,2023-08,流通,新疆|流通|2023-08,0,0,自动合成参数 DQN 实验版 / self-synthesized DQN experimental run,0.036031672876368895
新疆,2023-10,流通,新疆|流通|2023-10,0,0,自动合成参数 DQN 实验版 / self-synthesized DQN experimental run,0.05880552797840622
新疆,2023-11,流通,新疆|流通|2023-11,0,0,自动合成参数 DQN 实验版 / self-synthesized DQN experimental run,0.06662250399915408
新疆,2023-12,流通,新疆|流通|2023-12,0,0,自动合成参数 DQN 实验版 / self-synthesized DQN experimental run,0.07702740178754579
新疆,2024-01,流通,新疆|流通|2024-01,0,0,自动合成参数 DQN 实验版 / self-synthesized DQN experimental run,0.07087346432414252
新疆,2024-02,流通,新疆|流通|2024-02,0,0,自动合成参数 DQN 实验版 / self-synthesized DQN experimental run,0.06368590574508559
新疆,2024-03,流通,新疆|流通|2024-03,0,0,自动合成参数 DQN 实验版 / self-synthesized DQN experimental run,0.06268092869809255
新疆,2024-04,流通,新疆|流通|2024-04,0,0,自动合成参数 DQN 实验版 / self-synthesized DQN experimental run,0.06168933561358784
新疆,2024-06,流通,新疆|流通|2024-06,0,0,自动合成参数 DQN 实验版 / self-synthesized DQN experimental run,0.06071213817603886
新疆,2024-09,流通,新疆|流通|2024-09,0,0,自动合成参数 DQN 实验版 / self-synthesized DQN experimental run,0.057995179084520156
新疆,2024-10,流通,新疆|流通|2024-10,0,0,自动合成参数 DQN 实验版 / self-synthesized DQN experimental run,0.05713413400779684
新疆,2024-11,流通,新疆|流通|2024-11,0,0,自动合成参数 DQN 实验版 / self-synthesized DQN experimental run,0.056286918300868176
新疆,2024-12,流通,新疆|流通|2024-12,0,0,自动合成参数 DQN 实验版 / self-synthesized DQN experimental run,0.0537902942845263
新疆,2023-05,生产,新疆|生产|2023-05,1,1,自动合成参数 DQN 实验版 / self-synthesized DQN experimental run,0.23333333333333334
新疆,2023-06,生产,新疆|生产|2023-06,1,1,自动合成参数 DQN 实验版 / self-synthesized DQN experimental run,0.1772151898734177
新疆,2023-07,生产,新疆|生产|2023-07,0,0,自动合成参数 DQN 实验版 / self-synthesized DQN experimental run,0.11960700555318235
新疆,2023-10,生产,新疆|生产|2023-10,1,1,自动合成参数 DQN 实验版 / self-synthesized DQN experimental run,0.17267591358696674
新疆,2023-11,生产,新疆|生产|2023-11,1,1,自动合成参数 DQN 实验版 / self-synthesized DQN experimental run,0.15181338734882827
新疆,2024-02,生产,新疆|生产|2024-02,0,0,自动合成参数 DQN 实验版 / self-synthesized DQN experimental run,0.10891841362773796
新疆,2024-03,生产,新疆|生产|2024-03,0,0,自动合成参数 DQN 实验版 / self-synthesized DQN experimental run,0.10102744356501912
新疆,2024-04,生产,新疆|生产|2024-04,0,0,自动合成参数 DQN 实验版 / self-synthesized DQN experimental run,0.09429643720878784
新疆,2024-06,生产,新疆|生产|2024-06,0,0,自动合成参数 DQN 实验版 / self-synthesized DQN experimental run,0.07571054522358633
新疆,2024-07,生产,新疆|生产|2024-07,0,0,自动合成参数 DQN 实验版 / self-synthesized DQN experimental run,0.07232298348436697
新疆,2024-08,生产,新疆|生产|2024-08,0,0,自动合成参数 DQN 实验版 / self-synthesized DQN experimental run,0.0692795858546893
新疆,2024-09,生产,新疆|生产|2024-09,0,0,自动合成参数 DQN 实验版 / self-synthesized DQN experimental run,0.05871003550517906
新疆,2024-10,生产,新疆|生产|2024-10,0,0,自动合成参数 DQN 实验版 / self-synthesized DQN experimental run,0.07444404012621003
新疆,2024-12,生产,新疆|生产|2024-12,0,0,自动合成参数 DQN 实验版 / self-synthesized DQN experimental run,0.05971144869315332
新疆,2023-03,餐饮,新疆|餐饮|2023-03,0,0,自动合成参数 DQN 实验版 / self-synthesized DQN experimental run,0.05384615384615383
新疆,2023-04,餐饮,新疆|餐饮|2023-04,0,0,自动合成参数 DQN 实验版 / self-synthesized DQN experimental run,0.029850746268656674
新疆,2023-05,餐饮,新疆|餐饮|2023-05,0,0,自动合成参数 DQN 实验版 / self-synthesized DQN experimental run,0.0128729713576387
新疆,2023-06,餐饮,新疆|餐饮|2023-06,0,0,自动合成参数 DQN 实验版 / self-synthesized DQN experimental run,0.010485536513072252
新疆,2023-07,餐饮,新疆|餐饮|2023-07,0,0,自动合成参数 DQN 实验版 / self-synthesized DQN experimental run,0.007105106281288191
新疆,2023-08,餐饮,新疆|餐饮|2023-08,0,0,自动合成参数 DQN 实验版 / self-synthesized DQN experimental run,0.00702143932867216
新疆,2023-09,餐饮,新疆|餐饮|2023-09,0,0,自动合成参数 DQN 实验版 / self-synthesized DQN experimental run,0.006044386897707621
新疆,2023-10,餐饮,新疆|餐饮|2023-10,0,0,自动合成参数 DQN 实验版 / self-synthesized DQN experimental run,0.005827533490150121
新疆,2023-11,餐饮,新疆|餐饮|2023-11,0,0,自动合成参数 DQN 实验版 / self-synthesized DQN experimental run,0.00513899293554269
新疆,2023-12,餐饮,新疆|餐饮|2023-12,0,0,自动合成参数 DQN 实验版 / self-synthesized DQN experimental run,0.0050178209560675004
新疆,2024-01,餐饮,新疆|餐饮|2024-01,0,0,自动合成参数 DQN 实验版 / self-synthesized DQN experimental run,0.004907884403919699
新疆,2024-02,餐饮,新疆|餐饮|2024-02,0,0,自动合成参数 DQN 实验版 / self-synthesized DQN experimental run,0.00484106560915761
新疆,2024-03,餐饮,新疆|餐饮|2024-03,0,0,自动合成参数 DQN 实验版 / self-synthesized DQN experimental run,0.00413061108788846
新疆,2024-04,餐饮,新疆|餐饮|2024-04,0,0,自动合成参数 DQN 实验版 / self-synthesized DQN experimental run,0.00399787248991179
新疆,2024-05,餐饮,新疆|餐饮|2024-05,0,0,自动合成参数 DQN 实验版 / self-synthesized DQN experimental run,0.00408309752812556
新疆,2024-06,餐饮,新疆|餐饮|2024-06,0,0,自动合成参数 DQN 实验版 / self-synthesized DQN experimental run,0.0041184574716978
新疆,2024-07,餐饮,新疆|餐饮|2024-07,0,0,自动合成参数 DQN 实验版 / self-synthesized DQN experimental run,0.00674217034834352
新疆,2024-08,餐饮,新疆|餐饮|2024-08,0,0,自动合成参数 DQN 实验版 / self-synthesized DQN experimental run,0.00654990848525705
新疆,2024-09,餐饮,新疆|餐饮|2024-09,0,0,自动合成参数 DQN 实验版 / self-synthesized DQN experimental run,0.00626228469376014
新疆,2024-10,餐饮,新疆|餐饮|2024-10,0,0,自动合成参数 DQN 实验版 / self-synthesized DQN experimental run,0.00624388380272204
新疆,2024-11,餐饮,新疆|餐饮|2024-11,0,0,自动合成参数 DQN 实验版 / self-synthesized DQN experimental run,0.00622585939583597
新疆,2024-12,餐饮,新疆|餐饮|2024-12,1,1,自动合成参数 DQN 实验版 / self-synthesized DQN experimental run,0.23536200504803542
未知,2024-06,流通,未知|流通|2024-06,1,1,自动合成参数 DQN 实验版 / self-synthesized DQN experimental run,0.175
江苏,2023-01,流通,江苏|流通|2023-01,0,0,自动合成参数 DQN 实验版 / self-synthesized DQN experimental run,0.01008771929824561
江苏,2023-02,流通,江苏|流通|2023-02,0,0,自动合成参数 DQN 实验版 / self-synthesized DQN experimental run,0.005654463390170495
江苏,2023-03,流通,江苏|流通|2023-03,0,0,自动合成参数 DQN 实验版 / self-synthesized DQN experimental run,0.004486776457226255
江苏,2023-04,流通,江苏|流通|2023-04,0,0,自动合成参数 DQN 实验版 / self-synthesized DQN experimental run,0.003368932543394615
江苏,2023-05,流通,江苏|流通|2023-05,0,0,自动合成参数 DQN 实验版 / self-synthesized DQN experimental run,0.00417444687356797
江苏,2023-06,流通,江苏|流通|2023-06,0,0,自动合成参数 DQN 实验版 / self-synthesized DQN experimental run,0.0032632096475261503
江苏,2023-07,流通,江苏|流通|2023-07,2,3,自动合成参数 DQN 实验版 / self-synthesized DQN experimental run,0.3028428625251933
江苏,2023-08,流通,江苏|流通|2023-08,0,0,自动合成参数 DQN 实验版 / self-synthesized DQN experimental run,0.004540425422494046
江苏,2023-09,流通,江苏|流通|2023-09,0,0,自动合成参数 DQN 实验版 / self-synthesized DQN experimental run,0.005039009006648895
江苏,2023-10,流通,江苏|流通|2023-10,0,0,自动合成参数 DQN 实验版 / self-synthesized DQN experimental run,0.004601454151945065
江苏,2023-11,流通,江苏|流通|2023-11,0,0,自动合成参数 DQN 实验版 / self-synthesized DQN experimental run,0.004636229798733764
江苏,2023-12,流通,江苏|流通|2023-12,1,1,自动合成参数 DQN 实验版 / self-synthesized DQN experimental run,0.25762173916347775
江苏,2024-01,流通,江苏|流通|2024-01,0,0,自动合成参数 DQN 实验版 / self-synthesized DQN experimental run,0.0050559450193047
江苏,2024-02,流通,江苏|流通|2024-02,0,0,自动合成参数 DQN 实验版 / self-synthesized DQN experimental run,0.00491043027614898
江苏,2024-03,流通,江苏|流通|2024-03,0,0,自动合成参数 DQN 实验版 / self-synthesized DQN experimental run,0.0046496381030758155
江苏,2024-04,流通,江苏|流通|2024-04,0,0,自动合成参数 DQN 实验版 / self-synthesized DQN experimental run,0.00450141112289674
江苏,2024-05,流通,江苏|流通|2024-05,0,0,自动合成参数 DQN 实验版 / self-synthesized DQN experimental run,0.004298817514736345
江苏,2024-06,流通,江苏|流通|2024-06,2,3,自动合成参数 DQN 实验版 / self-synthesized DQN experimental run,0.30400172919571655
江苏,2024-07,流通,江苏|流通|2024-07,0,0,自动合成参数 DQN 实验版 / self-synthesized DQN experimental run,0.005701903594711261
江苏,2024-08,流通,江苏|流通|2024-08,0,0,自动合成参数 DQN 实验版 / self-synthesized DQN experimental run,0.007059178671854795
江苏,2024-09,流通,江苏|流通|2024-09,0,0,自动合成参数 DQN 实验版 / self-synthesized DQN experimental run,0.00807322583280189
江苏,2024-10,流通,江苏|流通|2024-10,0,0,自动合成参数 DQN 实验版 / self-synthesized DQN experimental run,0.00851855590784498
江苏,2024-11,流通,江苏|流通|2024-11,0,0,自动合成参数 DQN 实验版 / self-synthesized DQN experimental run,0.009067931836717365
江苏,2024-12,流通,江苏|流通|2024-12,0,0,自动合成参数 DQN 实验版 / self-synthesized DQN experimental run,0.00982842039106649
江苏,2023-01,生产,江苏|生产|2023-01,0,0,自动合成参数 DQN 实验版 / self-synthesized DQN experimental run,0.0875
江苏,2023-02,生产,江苏|生产|2023-02,0,0,自动合成参数 DQN 实验版 / self-synthesized DQN experimental run,0.05511811023622044
江苏,2023-03,生产,江苏|生产|2023-03,0,0,自动合成参数 DQN 实验版 / self-synthesized DQN experimental run,0.03471361269526402
江苏,2023-04,生产,江苏|生产|2023-04,0,0,自动合成参数 DQN 实验版 / self-synthesized DQN experimental run,0.02568171186953687
江苏,2023-05,生产,江苏|生产|2023-05,0,0,自动合成参数 DQN 实验版 / self-synthesized DQN experimental run,0.0152194053941377
江苏,2023-06,生产,江苏|生产|2023-06,0,0,自动合成参数 DQN 实验版 / self-synthesized DQN experimental run,0.01434596238716655
江苏,2023-07,生产,江苏|生产|2023-07,0,0,自动合成参数 DQN 实验版 / self-synthesized DQN experimental run,0.01360425070595108
江苏,2023-08,生产,江苏|生产|2023-08,0,0,自动合成参数 DQN 实验版 / self-synthesized DQN experimental run,0.01250406812494952
江苏,2023-09,生产,江苏|生产|2023-09,0,0,自动合成参数 DQN 实验版 / self-synthesized DQN experimental run,0.01507550368863642
江苏,2023-10,生产,江苏|生产|2023-10,0,0,自动合成参数 DQN 实验版 / self-synthesized DQN experimental run,0.015120314026712295
江苏,2023-11,生产,江苏|生产|2023-11,0,0,自动合成参数 DQN 实验版 / self-synthesized DQN experimental run,0.012298459088123635
江苏,2023-12,生产,江苏|生产|2023-12,0,0,自动合成参数 DQN 实验版 / self-synthesized DQN experimental run,0.011131679189034457
江苏,2024-01,生产,江苏|生产|2024-01,0,0,自动合成参数 DQN 实验版 / self-synthesized DQN experimental run,0.0101800980470451
江苏,2024-02,生产,江苏|生产|2024-02,0,0,自动合成参数 DQN 实验版 / self-synthesized DQN experimental run,0.010416632317847646
江苏,2024-03,生产,江苏|生产|2024-03,0,0,自动合成参数 DQN 实验版 / self-synthesized DQN experimental run,0.010236637347441539
江苏,2024-04,生产,江苏|生产|2024-04,0,0,自动合成参数 DQN 实验版 / self-synthesized DQN experimental run,0.010374759876486759
江苏,2024-05,生产,江苏|生产|2024-05,0,0,自动合成参数 DQN 实验版 / self-synthesized DQN experimental run,0.010297042525985765
江苏,2024-06,生产,江苏|生产|2024-06,0,0,自动合成参数 DQN 实验版 / self-synthesized DQN experimental run,0.010439003252041772
江苏,2024-07,生产,江苏|生产|2024-07,0,0,自动合成参数 DQN 实验版 / self-synthesized DQN experimental run,0.01003412270458259
江苏,2024-08,生产,江苏|生产|2024-08,0,0,自动合成参数 DQN 实验版 / self-synthesized DQN experimental run,0.0096676053203008
江苏,2024-09,生产,江苏|生产|2024-09,0,0,自动合成参数 DQN 实验版 / self-synthesized DQN experimental run,0.009719444687223194
江苏,2024-10,生产,江苏|生产|2024-10,0,0,自动合成参数 DQN 实验版 / self-synthesized DQN experimental run,0.009569689770565614
江苏,2024-11,生产,江苏|生产|2024-11,0,0,自动合成参数 DQN 实验版 / self-synthesized DQN experimental run,0.008395120097293115
江苏,2024-12,生产,江苏|生产|2024-12,0,0,自动合成参数 DQN 实验版 / self-synthesized DQN experimental run,0.007437647880313305
江苏,2023-01,餐饮,江苏|餐饮|2023-01,0,0,自动合成参数 DQN 实验版 / self-synthesized DQN experimental run,0.013725490196078431
江苏,2023-02,餐饮,江苏|餐饮|2023-02,0,0,自动合成参数 DQN 实验版 / self-synthesized DQN experimental run,0.009922041105598859
江苏,2023-03,餐饮,江苏|餐饮|2023-03,0,0,自动合成参数 DQN 实验版 / self-synthesized DQN experimental run,0.008127957270167489
江苏,2023-04,餐饮,江苏|餐饮|2023-04,0,0,自动合成参数 DQN 实验版 / self-synthesized DQN experimental run,0.007453439296395331
江苏,2023-05,餐饮,江苏|餐饮|2023-05,0,0,自动合成参数 DQN 实验版 / self-synthesized DQN experimental run,0.0070478864238136905
江苏,2023-06,餐饮,江苏|餐饮|2023-06,0,0,自动合成参数 DQN 实验版 / self-synthesized DQN experimental run,0.0048125005630249105
江苏,2023-07,餐饮,江苏|餐饮|2023-07,0,0,自动合成参数 DQN 实验版 / self-synthesized DQN experimental run,0.00411083270034787
江苏,2023-08,餐饮,江苏|餐饮|2023-08,0,0,自动合成参数 DQN 实验版 / self-synthesized DQN experimental run,0.0033514035921712497
江苏,2023-09,餐饮,江苏|餐饮|2023-09,0,0,自动合成参数 DQN 实验版 / self-synthesized DQN experimental run,0.0028627008630892
江苏,2023-10,餐饮,江苏|餐饮|2023-10,0,0,自动合成参数 DQN 实验版 / self-synthesized DQN experimental run,0.0025234490602407096
江苏,2023-11,餐饮,江苏|餐饮|2023-11,0,0,自动合成参数 DQN 实验版 / self-synthesized DQN experimental run,0.00210445172875798
江苏,2023-12,餐饮,江苏|餐饮|2023-12,2,3,自动合成参数 DQN 实验版 / self-synthesized DQN experimental run,0.30216018849760096
江苏,2024-01,餐饮,江苏|餐饮|2024-01,0,0,自动合成参数 DQN 实验版 / self-synthesized DQN experimental run,0.00359549302596918
江苏,2024-02,餐饮,江苏|餐饮|2024-02,0,0,自动合成参数 DQN 实验版 / self-synthesized DQN experimental run,0.00363112258656049
江苏,2024-03,餐饮,江苏|餐饮|2024-03,0,0,自动合成参数 DQN 实验版 / self-synthesized DQN experimental run,0.00340783221802604
江苏,2024-04,餐饮,江苏|餐饮|2024-04,0,0,自动合成参数 DQN 实验版 / self-synthesized DQN experimental run,0.0032606036831312702
江苏,2024-05,餐饮,江苏|餐饮|2024-05,0,0,自动合成参数 DQN 实验版 / self-synthesized DQN experimental run,0.0032152977607103504
江苏,2024-06,餐饮,江苏|餐饮|2024-06,2,3,自动合成参数 DQN 实验版 / self-synthesized DQN experimental run,0.30704877638549966
江苏,2024-07,餐饮,江苏|餐饮|2024-07,2,3,自动合成参数 DQN 实验版 / self-synthesized DQN experimental run,0.3060544022240802
江苏,2024-08,餐饮,江苏|餐饮|2024-08,2,3,自动合成参数 DQN 实验版 / self-synthesized DQN experimental run,0.3099632315965378
江苏,2024-09,餐饮,江苏|餐饮|2024-09,0,0,自动合成参数 DQN 实验版 / self-synthesized DQN experimental run,0.009597138598579
江苏,2024-10,餐饮,江苏|餐饮|2024-10,2,3,自动合成参数 DQN 实验版 / self-synthesized DQN experimental run,0.31051277937631755
江苏,2024-11,餐饮,江苏|餐饮|2024-11,0,0,自动合成参数 DQN 实验版 / self-synthesized DQN experimental run,0.009613377794326321
江苏,2024-12,餐饮,江苏|餐饮|2024-12,0,0,自动合成参数 DQN 实验版 / self-synthesized DQN experimental run,0.00912532322006914
江西,2023-01,流通,江西|流通|2023-01,0,0,自动合成参数 DQN 实验版 / self-synthesized DQN experimental run,0.016279069767441808
江西,2023-02,流通,江西|流通|2023-02,0,0,自动合成参数 DQN 实验版 / self-synthesized DQN experimental run,0.01644031451036452
江西,2023-03,流通,江西|流通|2023-03,0,0,自动合成参数 DQN 实验版 / self-synthesized DQN experimental run,0.011924592157795885
江西,2023-04,流通,江西|流通|2023-04,0,0,自动合成参数 DQN 实验版 / self-synthesized DQN experimental run,0.008448547306231905
江西,2023-05,流通,江西|流通|2023-05,0,0,自动合成参数 DQN 实验版 / self-synthesized DQN experimental run,0.006049849736638169
江西,2023-06,流通,江西|流通|2023-06,0,0,自动合成参数 DQN 实验版 / self-synthesized DQN experimental run,0.00726986407675294
江西,2023-07,流通,江西|流通|2023-07,0,0,自动合成参数 DQN 实验版 / self-synthesized DQN experimental run,0.006464592628852145
江西,2023-08,流通,江西|流通|2023-08,0,0,自动合成参数 DQN 实验版 / self-synthesized DQN experimental run,0.00524497175428053
江西,2023-09,流通,江西|流通|2023-09,0,0,自动合成参数 DQN 实验版 / self-synthesized DQN experimental run,0.0058295146456214305
江西,2023-10,流通,江西|流通|2023-10,0,0,自动合成参数 DQN 实验版 / self-synthesized DQN experimental run,0.0053098218107048055
江西,2023-11,流通,江西|流通|2023-11,0,0,自动合成参数 DQN 实验版 / self-synthesized DQN experimental run,0.00580640256125024
江西,2023-12,流通,江西|流通|2023-12,0,0,自动合成参数 DQN 实验版 / self-synthesized DQN experimental run,0.00500751344384064
江西,2024-01,流通,江西|流通|2024-01,0,0,自动合成参数 DQN 实验版 / self-synthesized DQN experimental run,0.00463160680524322
江西,2024-02,流通,江西|流通|2024-02,0,0,自动合成参数 DQN 实验版 / self-synthesized DQN experimental run,0.004303308192391765
江西,2024-03,流通,江西|流通|2024-03,0,0,自动合成参数 DQN 实验版 / self-synthesized DQN experimental run,0.005109527258471265
江西,2024-04,流通,江西|流通|2024-04,0,0,自动合成参数 DQN 实验版 / self-synthesized DQN experimental run,0.0064841441588593595
江西,2024-05,流通,江西|流通|2024-05,0,0,自动合成参数 DQN 实验版 / self-synthesized DQN experimental run,0.00595687343022357
江西,2024-06,流通,江西|流通|2024-06,0,0,自动合成参数 DQN 实验版 / self-synthesized DQN experimental run,0.005507567879084111
江西,2024-07,流通,江西|流通|2024-07,0,0,自动合成参数 DQN 实验版 / self-synthesized DQN experimental run,0.0053234204790513105
江西,2024-08,流通,江西|流通|2024-08,1,1,自动合成参数 DQN 实验版 / self-synthesized DQN experimental run,0.27209641235419596
江西,2024-09,流通,江西|流通|2024-09,0,0,自动合成参数 DQN 实验版 / self-synthesized DQN experimental run,0.006522619694087971
江西,2024-10,流通,江西|流通|2024-10,0,0,自动合成参数 DQN 实验版 / self-synthesized DQN experimental run,0.00620900133905413
江西,2024-11,流通,江西|流通|2024-11,0,0,自动合成参数 DQN 实验版 / self-synthesized DQN experimental run,0.00552565977249433
江西,2024-12,流通,江西|流通|2024-12,1,1,自动合成参数 DQN 实验版 / self-synthesized DQN experimental run,0.2716906637937133
江西,2023-01,生产,江西|生产|2023-01,0,0,自动合成参数 DQN 实验版 / self-synthesized DQN experimental run,0.14
江西,2023-02,生产,江西|生产|2023-02,0,0,自动合成参数 DQN 实验版 / self-synthesized DQN experimental run,0.03921568627450978
江西,2023-04,生产,江西|生产|2023-04,0,0,自动合成参数 DQN 实验版 / self-synthesized DQN experimental run,0.021835763861810784
江西,2023-05,生产,江西|生产|2023-05,0,0,自动合成参数 DQN 实验版 / self-synthesized DQN experimental run,0.010678117676670361
江西,2023-06,生产,江西|生产|2023-06,0,0,自动合成参数 DQN 实验版 / self-synthesized DQN experimental run,0.01104503484757799
江西,2023-08,生产,江西|生产|2023-08,0,0,自动合成参数 DQN 实验版 / self-synthesized DQN experimental run,0.0112345035758998
江西,2023-09,生产,江西|生产|2023-09,0,0,自动合成参数 DQN 实验版 / self-synthesized DQN experimental run,0.017886960028058774
江西,2023-10,生产,江西|生产|2023-10,0,0,自动合成参数 DQN 实验版 / self-synthesized DQN experimental run,0.01729877800779968
江西,2023-11,生产,江西|生产|2023-11,2,3,自动合成参数 DQN 实验版 / self-synthesized DQN experimental run,0.287298138181447
江西,2023-12,生产,江西|生产|2023-12,0,0,自动合成参数 DQN 实验版 / self-synthesized DQN experimental run,0.022101230282377704
江西,2024-03,生产,江西|生产|2024-03,0,0,自动合成参数 DQN 实验版 / self-synthesized DQN experimental run,0.021953699396854813
江西,2024-04,生产,江西|生产|2024-04,0,0,自动合成参数 DQN 实验版 / self-synthesized DQN experimental run,0.021806816757615807
江西,2024-06,生产,江西|生产|2024-06,0,0,自动合成参数 DQN 实验版 / self-synthesized DQN experimental run,0.01635121095546043
江西,2024-08,生产,江西|生产|2024-08,0,0,自动合成参数 DQN 实验版 / self-synthesized DQN experimental run,0.016531987371540786
江西,2024-09,生产,江西|生产|2024-09,0,0,自动合成参数 DQN 实验版 / self-synthesized DQN experimental run,0.015678415523638505
江西,2024-10,生产,江西|生产|2024-10,0,0,自动合成参数 DQN 实验版 / self-synthesized DQN experimental run,0.015869761912707177
江西,2024-11,生产,江西|生产|2024-11,0,0,自动合成参数 DQN 实验版 / self-synthesized DQN experimental run,0.015543822118751181
江西,2024-12,生产,江西|生产|2024-12,2,3,自动合成参数 DQN 实验版 / self-synthesized DQN experimental run,0.2873885802622043
江西,2023-01,餐饮,江西|餐饮|2023-01,0,0,自动合成参数 DQN 实验版 / self-synthesized DQN experimental run,0.11666666666666661
江西,2023-02,餐饮,江西|餐饮|2023-02,0,0,自动合成参数 DQN 实验版 / self-synthesized DQN experimental run,0.026119402985074563
江西,2023-03,餐饮,江西|餐饮|2023-03,0,0,自动合成参数 DQN 实验版 / self-synthesized DQN experimental run,0.015364354697102671
江西,2023-04,餐饮,江西|餐饮|2023-04,0,0,自动合成参数 DQN 实验版 / self-synthesized DQN experimental run,0.009806393768737159
江西,2023-05,餐饮,江西|餐饮|2023-05,0,0,自动合成参数 DQN 实验版 / self-synthesized DQN experimental run,0.00769967738351763
江西,2023-06,餐饮,江西|餐饮|2023-06,0,0,自动合成参数 DQN 实验版 / self-synthesized DQN experimental run,0.00757024743515957
江西,2023-07,餐饮,江西|餐饮|2023-07,0,0,自动合成参数 DQN 实验版 / self-synthesized DQN experimental run,0.007451256098024829
江西,2023-08,餐饮,江西|餐饮|2023-08,0,0,自动合成参数 DQN 实验版 / self-synthesized DQN experimental run,0.00502344161625551
江西,2023-09,餐饮,江西|餐饮|2023-09,0,0,自动合成参数 DQN 实验版 / self-synthesized DQN experimental run,0.00505490483253658
江西,2023-10,餐饮,江西|餐饮|2023-10,0,0,自动合成参数 DQN 实验版 / self-synthesized DQN experimental run,0.0050851621321730605
江西,2023-11,餐饮,江西|餐饮|2023-11,0,0,自动合成参数 DQN 实验版 / self-synthesized DQN experimental run,0.00507715001853311
江西,2023-12,餐饮,江西|餐饮|2023-12,0,0,自动合成参数 DQN 实验版 / self-synthesized DQN experimental run,0.00482495764841335
江西,2024-02,餐饮,江西|餐饮|2024-02,0,0,自动合成参数 DQN 实验版 / self-synthesized DQN experimental run,0.00500267843544672
江西,2024-03,餐饮,江西|餐饮|2024-03,0,0,自动合成参数 DQN 实验版 / self-synthesized DQN experimental run,0.0050349283132377605
江西,2024-04,餐饮,江西|餐饮|2024-04,0,0,自动合成参数 DQN 实验版 / self-synthesized DQN experimental run,0.00514035549100626
江西,2024-05,餐饮,江西|餐饮|2024-05,0,0,自动合成参数 DQN 实验版 / self-synthesized DQN experimental run,0.0048791203316842
江西,2024-06,餐饮,江西|餐饮|2024-06,0,0,自动合成参数 DQN 实验版 / self-synthesized DQN experimental run,0.00459332473408606
江西,2024-07,餐饮,江西|餐饮|2024-07,0,0,自动合成参数 DQN 实验版 / self-synthesized DQN experimental run,0.00435119603908878
江西,2024-08,餐饮,江西|餐饮|2024-08,0,0,自动合成参数 DQN 实验版 / self-synthesized DQN experimental run,0.00437687270094228
江西,2024-09,餐饮,江西|餐饮|2024-09,0,0,自动合成参数 DQN 实验版 / self-synthesized DQN experimental run,0.00454442275915166
江西,2024-10,餐饮,江西|餐饮|2024-10,0,0,自动合成参数 DQN 实验版 / self-synthesized DQN experimental run,0.00441826540520204
江西,2024-11,餐饮,江西|餐饮|2024-11,0,0,自动合成参数 DQN 实验版 / self-synthesized DQN experimental run,0.00452747530062758
江西,2024-12,餐饮,江西|餐饮|2024-12,0,0,自动合成参数 DQN 实验版 / self-synthesized DQN experimental run,0.00727935739227706
河北,2023-01,流通,河北|流通|2023-01,0,0,自动合成参数 DQN 实验版 / self-synthesized DQN experimental run,0.00648148148148144
河北,2023-02,流通,河北|流通|2023-02,0,0,自动合成参数 DQN 实验版 / self-synthesized DQN experimental run,0.009264620729588845
河北,2023-03,流通,河北|流通|2023-03,0,0,自动合成参数 DQN 实验版 / self-synthesized DQN experimental run,0.009585733750866486
河北,2023-04,流通,河北|流通|2023-04,0,0,自动合成参数 DQN 实验版 / self-synthesized DQN experimental run,0.008450116554855896
河北,2023-05,流通,河北|流通|2023-05,0,0,自动合成参数 DQN 实验版 / self-synthesized DQN experimental run,0.00628536971061925
河北,2023-06,流通,河北|流通|2023-06,0,0,自动合成参数 DQN 实验版 / self-synthesized DQN experimental run,0.0046399771206313105
河北,2023-07,流通,河北|流通|2023-07,0,0,自动合成参数 DQN 实验版 / self-synthesized DQN experimental run,0.003681561200069915
河北,2023-08,流通,河北|流通|2023-08,0,0,自动合成参数 DQN 实验版 / self-synthesized DQN experimental run,0.0030963429822592203
河北,2023-09,流通,河北|流通|2023-09,2,3,自动合成参数 DQN 实验版 / self-synthesized DQN experimental run,0.2981326445796999
河北,2023-10,流通,河北|流通|2023-10,0,0,自动合成参数 DQN 实验版 / self-synthesized DQN experimental run,0.0045928525438479395
河北,2023-11,流通,河北|流通|2023-11,0,0,自动合成参数 DQN 实验版 / self-synthesized DQN experimental run,0.004773372638923575
河北,2023-12,流通,河北|流通|2023-12,0,0,自动合成参数 DQN 实验版 / self-synthesized DQN experimental run,0.004346121478130675
河北,2024-01,流通,河北|流通|2024-01,0,0,自动合成参数 DQN 实验版 / self-synthesized DQN experimental run,0.00439209414533974
河北,2024-02,流通,河北|流通|2024-02,0,0,自动合成参数 DQN 实验版 / self-synthesized DQN experimental run,0.0044244466891683095
河北,2024-03,流通,河北|流通|2024-03,2,3,自动合成参数 DQN 实验版 / self-synthesized DQN experimental run,0.3042319044969038
河北,2024-04,流通,河北|流通|2024-04,0,0,自动合成参数 DQN 实验版 / self-synthesized DQN experimental run,0.004393531729774551
河北,2024-05,流通,河北|流通|2024-05,0,0,自动合成参数 DQN 实验版 / self-synthesized DQN experimental run,0.005588788235319355
河北,2024-06,流通,河北|流通|2024-06,0,0,自动合成参数 DQN 实验版 / self-synthesized DQN experimental run,0.005290692022773875
河北,2024-07,流通,河北|流通|2024-07,0,0,自动合成参数 DQN 实验版 / self-synthesized DQN experimental run,0.0060217382295024
河北,2024-08,流通,河北|流通|2024-08,2,3,自动合成参数 DQN 实验版 / self-synthesized DQN experimental run,0.30506324144353913
河北,2024-09,流通,河北|流通|2024-09,0,0,自动合成参数 DQN 实验版 / self-synthesized DQN experimental run,0.0073665758291809455
河北,2024-10,流通,河北|流通|2024-10,0,0,自动合成参数 DQN 实验版 / self-synthesized DQN experimental run,0.006921311581253645
河北,2024-11,流通,河北|流通|2024-11,0,0,自动合成参数 DQN 实验版 / self-synthesized DQN experimental run,0.006771609976135171
河北,2024-12,流通,河北|流通|2024-12,0,0,自动合成参数 DQN 实验版 / self-synthesized DQN experimental run,0.005738400163953375
河北,2023-03,生产,河北|生产|2023-03,1,1,自动合成参数 DQN 实验版 / self-synthesized DQN experimental run,0.175
河北,2023-04,生产,河北|生产|2023-04,1,1,自动合成参数 DQN 实验版 / self-synthesized DQN experimental run,0.14285714285714285
河北,2023-06,生产,河北|生产|2023-06,0,0,自动合成参数 DQN 实验版 / self-synthesized DQN experimental run,0.059549128030625245
河北,2023-07,生产,河北|生产|2023-07,0,0,自动合成参数 DQN 实验版 / self-synthesized DQN experimental run,0.04906341446319362
河北,2023-08,生产,河北|生产|2023-08,0,0,自动合成参数 DQN 实验版 / self-synthesized DQN experimental run,0.03389192470424754
河北,2023-09,生产,河北|生产|2023-09,0,0,自动合成参数 DQN 实验版 / self-synthesized DQN experimental run,0.05294368469457633
河北,2023-12,生产,河北|生产|2023-12,0,0,自动合成参数 DQN 实验版 / self-synthesized DQN experimental run,0.031551582170134776
河北,2024-02,生产,河北|生产|2024-02,0,0,自动合成参数 DQN 实验版 / self-synthesized DQN experimental run,0.030684460670191156
河北,2024-03,生产,河北|生产|2024-03,0,0,自动合成参数 DQN 实验版 / self-synthesized DQN experimental run,0.028316380862325838
河北,2024-04,生产,河北|生产|2024-04,0,0,自动合成参数 DQN 实验版 / self-synthesized DQN experimental run,0.026315397819216615
河北,2024-05,生产,河北|生产|2024-05,0,0,自动合成参数 DQN 实验版 / self-synthesized DQN experimental run,0.018851788451573932
河北,2024-06,生产,河北|生产|2024-06,2,3,自动合成参数 DQN 实验版 / self-synthesized DQN experimental run,0.31990677320777616
河北,2024-07,生产,河北|生产|2024-07,0,0,自动合成参数 DQN 实验版 / self-synthesized DQN experimental run,0.02139828190828759
河北,2024-08,生产,河北|生产|2024-08,0,0,自动合成参数 DQN 实验版 / self-synthesized DQN experimental run,0.01996625940237224
河北,2024-09,生产,河北|生产|2024-09,0,0,自动合成参数 DQN 实验版 / self-synthesized DQN experimental run,0.018065267245914646
河北,2024-10,生产,河北|生产|2024-10,0,0,自动合成参数 DQN 实验版 / self-synthesized DQN experimental run,0.016140566507534287
河北,2024-11,生产,河北|生产|2024-11,0,0,自动合成参数 DQN 实验版 / self-synthesized DQN experimental run,0.01598012831417686
河北,2024-12,生产,河北|生产|2024-12,0,0,自动合成参数 DQN 实验版 / self-synthesized DQN experimental run,0.012339916732010455
河北,2023-02,餐饮,河北|餐饮|2023-02,1,1,自动合成参数 DQN 实验版 / self-synthesized DQN experimental run,0.175
河北,2023-03,餐饮,河北|餐饮|2023-03,0,0,自动合成参数 DQN 实验版 / self-synthesized DQN experimental run,0.10144927536231882
河北,2023-04,餐饮,河北|餐饮|2023-04,0,0,自动合成参数 DQN 实验版 / self-synthesized DQN experimental run,0.09144350097975176
河北,2023-05,餐饮,河北|餐饮|2023-05,0,0,自动合成参数 DQN 实验版 / self-synthesized DQN experimental run,0.02467199464265256
河北,2023-06,餐饮,河北|餐饮|2023-06,0,0,自动合成参数 DQN 实验版 / self-synthesized DQN experimental run,0.01664540909213854
河北,2023-07,餐饮,河北|餐饮|2023-07,0,0,自动合成参数 DQN 实验版 / self-synthesized DQN experimental run,0.0089685000573623
河北,2023-08,餐饮,河北|餐饮|2023-08,0,0,自动合成参数 DQN 实验版 / self-synthesized DQN experimental run,0.00658833402030293
河北,2023-09,餐饮,河北|餐饮|2023-09,0,0,自动合成参数 DQN 实验版 / self-synthesized DQN experimental run,0.00551024960755234
河北,2023-10,餐饮,河北|餐饮|2023-10,0,0,自动合成参数 DQN 实验版 / self-synthesized DQN experimental run,0.00412288098155731
河北,2023-11,餐饮,河北|餐饮|2023-11,0,0,自动合成参数 DQN 实验版 / self-synthesized DQN experimental run,0.00396836693004493
河北,2023-12,餐饮,河北|餐饮|2023-12,0,0,自动合成参数 DQN 实验版 / self-synthesized DQN experimental run,0.00263479587721315
河北,2024-01,餐饮,河北|餐饮|2024-01,0,0,自动合成参数 DQN 实验版 / self-synthesized DQN experimental run,0.00276143416116071
河北,2024-02,餐饮,河北|餐饮|2024-02,0,0,自动合成参数 DQN 实验版 / self-synthesized DQN experimental run,0.00285811234236402
河北,2024-03,餐饮,河北|餐饮|2024-03,0,0,自动合成参数 DQN 实验版 / self-synthesized DQN experimental run,0.00295644251991963
河北,2024-04,餐饮,河北|餐饮|2024-04,0,0,自动合成参数 DQN 实验版 / self-synthesized DQN experimental run,0.0030298767804896503
河北,2024-05,餐饮,河北|餐饮|2024-05,2,3,自动合成参数 DQN 实验版 / self-synthesized DQN experimental run,0.30510239748133866
河北,2024-06,餐饮,河北|餐饮|2024-06,0,0,自动合成参数 DQN 实验版 / self-synthesized DQN experimental run,0.00837798050355665
河北,2024-07,餐饮,河北|餐饮|2024-07,0,0,自动合成参数 DQN 实验版 / self-synthesized DQN experimental run,0.00972061586166846
河北,2024-08,餐饮,河北|餐饮|2024-08,0,0,自动合成参数 DQN 实验版 / self-synthesized DQN experimental run,0.00954134563132204
河北,2024-09,餐饮,河北|餐饮|2024-09,0,0,自动合成参数 DQN 实验版 / self-synthesized DQN experimental run,0.009249387659154881
河北,2024-10,餐饮,河北|餐饮|2024-10,0,0,自动合成参数 DQN 实验版 / self-synthesized DQN experimental run,0.01035917855025455
河北,2024-11,餐饮,河北|餐饮|2024-11,0,0,自动合成参数 DQN 实验版 / self-synthesized DQN experimental run,0.010371043251878091
河北,2024-12,餐饮,河北|餐饮|2024-12,0,0,自动合成参数 DQN 实验版 / self-synthesized DQN experimental run,0.009418168531380385
河南,2023-01,流通,河南|流通|2023-01,2,3,自动合成参数 DQN 实验版 / self-synthesized DQN experimental run,0.3148757916421898
河南,2023-02,流通,河南|流通|2023-02,0,0,自动合成参数 DQN 实验版 / self-synthesized DQN experimental run,0.01106679960119635
河南,2023-03,流通,河南|流通|2023-03,0,0,自动合成参数 DQN 实验版 / self-synthesized DQN experimental run,0.008100653644160606
河南,2023-04,流通,河南|流通|2023-04,2,3,自动合成参数 DQN 实验版 / self-synthesized DQN experimental run,0.3087346123925091
河南,2023-05,流通,河南|流通|2023-05,0,0,自动合成参数 DQN 实验版 / self-synthesized DQN experimental run,0.00694401708531783
河南,2023-06,流通,河南|流通|2023-06,0,0,自动合成参数 DQN 实验版 / self-synthesized DQN experimental run,0.007743959691610345
河南,2023-07,流通,河南|流通|2023-07,0,0,自动合成参数 DQN 实验版 / self-synthesized DQN experimental run,0.006758911173843505
河南,2023-08,流通,河南|流通|2023-08,0,0,自动合成参数 DQN 实验版 / self-synthesized DQN experimental run,0.0056598244127192155
河南,2023-09,流通,河南|流通|2023-09,0,0,自动合成参数 DQN 实验版 / self-synthesized DQN experimental run,0.00588269298800088
河南,2023-10,流通,河南|流通|2023-10,0,0,自动合成参数 DQN 实验版 / self-synthesized DQN experimental run,0.005388466919841125
河南,2023-11,流通,河南|流通|2023-11,2,3,自动合成参数 DQN 实验版 / self-synthesized DQN experimental run,0.30421493111913545
河南,2023-12,流通,河南|流通|2023-12,0,0,自动合成参数 DQN 实验版 / self-synthesized DQN experimental run,0.004278982949158005
河南,2024-01,流通,河南|流通|2024-01,2,3,自动合成参数 DQN 实验版 / self-synthesized DQN experimental run,0.3015828027360743
河南,2024-02,流通,河南|流通|2024-02,0,0,自动合成参数 DQN 实验版 / self-synthesized DQN experimental run,0.00446992842824598
河南,2024-03,流通,河南|流通|2024-03,0,0,自动合成参数 DQN 实验版 / self-synthesized DQN experimental run,0.005068819646001585
河南,2024-04,流通,河南|流通|2024-04,0,0,自动合成参数 DQN 实验版 / self-synthesized DQN experimental run,0.0047815381470493095
河南,2024-05,流通,河南|流通|2024-05,0,0,自动合成参数 DQN 实验版 / self-synthesized DQN experimental run,0.00476185575101584
河南,2024-06,流通,河南|流通|2024-06,0,0,自动合成参数 DQN 实验版 / self-synthesized DQN experimental run,0.004401096747685939
河南,2024-07,流通,河南|流通|2024-07,0,0,自动合成参数 DQN 实验版 / self-synthesized DQN experimental run,0.00449679850560667
河南,2024-08,流通,河南|流通|2024-08,0,0,自动合成参数 DQN 实验版 / self-synthesized DQN experimental run,0.004456200483973775
河南,2024-09,流通,河南|流通|2024-09,0,0,自动合成参数 DQN 实验版 / self-synthesized DQN experimental run,0.004322451343163
河南,2024-10,流通,河南|流通|2024-10,0,0,自动合成参数 DQN 实验版 / self-synthesized DQN experimental run,0.00432040835680844
河南,2024-11,流通,河南|流通|2024-11,0,0,自动合成参数 DQN 实验版 / self-synthesized DQN experimental run,0.0038649153184640503
河南,2024-12,流通,河南|流通|2024-12,2,3,自动合成参数 DQN 实验版 / self-synthesized DQN experimental run,0.30420633131634944
河南,2023-03,生产,河南|生产|2023-03,0,0,自动合成参数 DQN 实验版 / self-synthesized DQN experimental run,0.11666666666666661
河南,2023-06,生产,河南|生产|2023-06,0,0,自动合成参数 DQN 实验版 / self-synthesized DQN experimental run,0.10294117647058819
河南,2023-08,生产,河南|生产|2023-08,0,0,自动合成参数 DQN 实验版 / self-synthesized DQN experimental run,0.09259259259259262
河南,2023-09,生产,河南|生产|2023-09,0,0,自动合成参数 DQN 实验版 / self-synthesized DQN experimental run,0.08452064718666982
河南,2023-10,生产,河南|生产|2023-10,0,0,自动合成参数 DQN 实验版 / self-synthesized DQN experimental run,0.05848979353102879
河南,2023-11,生产,河南|生产|2023-11,0,0,自动合成参数 DQN 实验版 / self-synthesized DQN experimental run,0.025482803567082823
河南,2023-12,生产,河南|生产|2023-12,0,0,自动合成参数 DQN 实验版 / self-synthesized DQN experimental run,0.01548808609676601
河南,2024-01,生产,河南|生产|2024-01,0,0,自动合成参数 DQN 实验版 / self-synthesized DQN experimental run,0.015543042279649852
河南,2024-02,生产,河南|生产|2024-02,0,0,自动合成参数 DQN 实验版 / self-synthesized DQN experimental run,0.026205201813371624
河南,2024-03,生产,河南|生产|2024-03,0,0,自动合成参数 DQN 实验版 / self-synthesized DQN experimental run,0.02310915085974245
河南,2024-05,生产,河南|生产|2024-05,0,0,自动合成参数 DQN 实验版 / self-synthesized DQN experimental run,0.02331104328364923
河南,2024-06,生产,河南|生产|2024-06,0,0,自动合成参数 DQN 实验版 / self-synthesized DQN experimental run,0.022079291476652142
河南,2024-07,生产,河南|生产|2024-07,0,0,自动合成参数 DQN 实验版 / self-synthesized DQN experimental run,0.02926572613986201
河南,2024-08,生产,河南|生产|2024-08,0,0,自动合成参数 DQN 实验版 / self-synthesized DQN experimental run,0.027672022501784573
河南,2024-09,生产,河南|生产|2024-09,0,0,自动合成参数 DQN 实验版 / self-synthesized DQN experimental run,0.018966221254233338
河南,2024-10,生产,河南|生产|2024-10,0,0,自动合成参数 DQN 实验版 / self-synthesized DQN experimental run,0.015042588951785625
河南,2024-11,生产,河南|生产|2024-11,0,0,自动合成参数 DQN 实验版 / self-synthesized DQN experimental run,0.01191989157537787
河南,2024-12,生产,河南|生产|2024-12,0,0,自动合成参数 DQN 实验版 / self-synthesized DQN experimental run,0.011693440414080325
河南,2023-01,餐饮,河南|餐饮|2023-01,2,3,自动合成参数 DQN 实验版 / self-synthesized DQN experimental run,0.3487113318698485
河南,2023-02,餐饮,河南|餐饮|2023-02,2,3,自动合成参数 DQN 实验版 / self-synthesized DQN experimental run,0.33680122140765
河南,2023-03,餐饮,河南|餐饮|2023-03,2,3,自动合成参数 DQN 实验版 / self-synthesized DQN experimental run,0.33678120236224507
河南,2023-04,餐饮,河南|餐饮|2023-04,2,3,自动合成参数 DQN 实验版 / self-synthesized DQN experimental run,0.39485386150881674
河南,2023-05,餐饮,河南|餐饮|2023-05,0,0,自动合成参数 DQN 实验版 / self-synthesized DQN experimental run,0.09328986303442205
河南,2023-06,餐饮,河南|餐饮|2023-06,0,0,自动合成参数 DQN 实验版 / self-synthesized DQN experimental run,0.08967065452618084
河南,2023-07,餐饮,河南|餐饮|2023-07,2,3,自动合成参数 DQN 实验版 / self-synthesized DQN experimental run,0.3741463939674521
河南,2023-08,餐饮,河南|餐饮|2023-08,0,0,自动合成参数 DQN 实验版 / self-synthesized DQN experimental run,0.06160772730260834
河南,2023-09,餐饮,河南|餐饮|2023-09,2,3,自动合成参数 DQN 实验版 / self-synthesized DQN experimental run,0.35494370266285025
河南,2023-10,餐饮,河南|餐饮|2023-10,2,3,自动合成参数 DQN 实验版 / self-synthesized DQN experimental run,0.3549720926362331
河南,2023-11,餐饮,河南|餐饮|2023-11,2,3,自动合成参数 DQN 实验版 / self-synthesized DQN experimental run,0.3424703841973028
河南,2023-12,餐饮,河南|餐饮|2023-12,2,3,自动合成参数 DQN 实验版 / self-synthesized DQN experimental run,0.34210496923916767
河南,2024-01,餐饮,河南|餐饮|2024-01,0,0,自动合成参数 DQN 实验版 / self-synthesized DQN experimental run,0.04065807331182868
河南,2024-02,餐饮,河南|餐饮|2024-02,0,0,自动合成参数 DQN 实验版 / self-synthesized DQN experimental run,0.0399282310316524
河南,2024-03,餐饮,河南|餐饮|2024-03,2,3,自动合成参数 DQN 实验版 / self-synthesized DQN experimental run,0.33848041576421023
河南,2024-04,餐饮,河南|餐饮|2024-04,0,0,自动合成参数 DQN 实验版 / self-synthesized DQN experimental run,0.03877635359898665
河南,2024-05,餐饮,河南|餐饮|2024-05,0,0,自动合成参数 DQN 实验版 / self-synthesized DQN experimental run,0.03748847076159192
河南,2024-06,餐饮,河南|餐饮|2024-06,2,3,自动合成参数 DQN 实验版 / self-synthesized DQN experimental run,0.338700974757036
河南,2024-07,餐饮,河南|餐饮|2024-07,2,3,自动合成参数 DQN 实验版 / self-synthesized DQN experimental run,0.3357693532558338
河南,2024-08,餐饮,河南|餐饮|2024-08,2,3,自动合成参数 DQN 实验版 / self-synthesized DQN experimental run,0.33637088769335405
河南,2024-09,餐饮,河南|餐饮|2024-09,2,3,自动合成参数 DQN 实验版 / self-synthesized DQN experimental run,0.33288287458678056
河南,2024-10,餐饮,河南|餐饮|2024-10,0,0,自动合成参数 DQN 实验版 / self-synthesized DQN experimental run,0.03275717523332931
河南,2024-11,餐饮,河南|餐饮|2024-11,2,3,自动合成参数 DQN 实验版 / self-synthesized DQN experimental run,0.3207612375258916
河南,2024-12,餐饮,河南|餐饮|2024-12,2,3,自动合成参数 DQN 实验版 / self-synthesized DQN experimental run,0.31968108053920985
浙江,2023-01,流通,浙江|流通|2023-01,0,0,自动合成参数 DQN 实验版 / self-synthesized DQN experimental run,0.0075268817204301
浙江,2023-02,流通,浙江|流通|2023-02,0,0,自动合成参数 DQN 实验版 / self-synthesized DQN experimental run,0.00544959128065394
浙江,2023-03,流通,浙江|流通|2023-03,0,0,自动合成参数 DQN 实验版 / self-synthesized DQN experimental run,0.00386468095678455
浙江,2023-04,流通,浙江|流通|2023-04,0,0,自动合成参数 DQN 实验版 / self-synthesized DQN experimental run,0.00287863125196297
浙江,2023-05,流通,浙江|流通|2023-05,0,0,自动合成参数 DQN 实验版 / self-synthesized DQN experimental run,0.005945467383525849
浙江,2023-06,流通,浙江|流通|2023-06,0,0,自动合成参数 DQN 实验版 / self-synthesized DQN experimental run,0.005102426866490685
浙江,2023-07,流通,浙江|流通|2023-07,0,0,自动合成参数 DQN 实验版 / self-synthesized DQN experimental run,0.007208943088790885
浙江,2023-08,流通,浙江|流通|2023-08,0,0,自动合成参数 DQN 实验版 / self-synthesized DQN experimental run,0.006305453363963545
浙江,2023-09,流通,浙江|流通|2023-09,0,0,自动合成参数 DQN 实验版 / self-synthesized DQN experimental run,0.00717526015701034
浙江,2023-10,流通,浙江|流通|2023-10,0,0,自动合成参数 DQN 实验版 / self-synthesized DQN experimental run,0.007483694535402241
浙江,2023-11,流通,浙江|流通|2023-11,0,0,自动合成参数 DQN 实验版 / self-synthesized DQN experimental run,0.0063698200620687095
浙江,2023-12,流通,浙江|流通|2023-12,0,0,自动合成参数 DQN 实验版 / self-synthesized DQN experimental run,0.006201033388142825
浙江,2024-01,流通,浙江|流通|2024-01,0,0,自动合成参数 DQN 实验版 / self-synthesized DQN experimental run,0.005669450539870705
浙江,2024-02,流通,浙江|流通|2024-02,0,0,自动合成参数 DQN 实验版 / self-synthesized DQN experimental run,0.005273715579447425
浙江,2024-03,流通,浙江|流通|2024-03,0,0,自动合成参数 DQN 实验版 / self-synthesized DQN experimental run,0.005166050533872171
浙江,2024-04,流通,浙江|流通|2024-04,0,0,自动合成参数 DQN 实验版 / self-synthesized DQN experimental run,0.00496102591178825
浙江,2024-05,流通,浙江|流通|2024-05,0,0,自动合成参数 DQN 实验版 / self-synthesized DQN experimental run,0.004643340926539995
浙江,2024-06,流通,浙江|流通|2024-06,2,3,自动合成参数 DQN 实验版 / self-synthesized DQN experimental run,0.3067813731552247
浙江,2024-07,流通,浙江|流通|2024-07,2,3,自动合成参数 DQN 实验版 / self-synthesized DQN experimental run,0.3088194812995292
浙江,2024-08,流通,浙江|流通|2024-08,0,0,自动合成参数 DQN 实验版 / self-synthesized DQN experimental run,0.009186439106383145
浙江,2024-09,流通,浙江|流通|2024-09,0,0,自动合成参数 DQN 实验版 / self-synthesized DQN experimental run,0.008640584232933466
浙江,2024-10,流通,浙江|流通|2024-10,0,0,自动合成参数 DQN 实验版 / self-synthesized DQN experimental run,0.008311280372815885
浙江,2024-11,流通,浙江|流通|2024-11,0,0,自动合成参数 DQN 实验版 / self-synthesized DQN experimental run,0.007533622627952185
浙江,2024-12,流通,浙江|流通|2024-12,0,0,自动合成参数 DQN 实验版 / self-synthesized DQN experimental run,0.006801159782078055
浙江,2023-01,生产,浙江|生产|2023-01,0,0,自动合成参数 DQN 实验版 / self-synthesized DQN experimental run,0.03684210526315788
浙江,2023-02,生产,浙江|生产|2023-02,0,0,自动合成参数 DQN 实验版 / self-synthesized DQN experimental run,0.034739454094292785
浙江,2023-03,生产,浙江|生产|2023-03,0,0,自动合成参数 DQN 实验版 / self-synthesized DQN experimental run,0.032952806873013996
浙江,2023-04,生产,浙江|生产|2023-04,0,0,自动合成参数 DQN 实验版 / self-synthesized DQN experimental run,0.020419846632366158
浙江,2023-05,生产,浙江|生产|2023-05,0,0,自动合成参数 DQN 实验版 / self-synthesized DQN experimental run,0.01810359361182365
浙江,2023-06,生产,浙江|生产|2023-06,0,0,自动合成参数 DQN 实验版 / self-synthesized DQN experimental run,0.01404690586703698
浙江,2023-07,生产,浙江|生产|2023-07,0,0,自动合成参数 DQN 实验版 / self-synthesized DQN experimental run,0.02604107899799929
浙江,2023-08,生产,浙江|生产|2023-08,0,0,自动合成参数 DQN 实验版 / self-synthesized DQN experimental run,0.02375158420380205
浙江,2023-09,生产,浙江|生产|2023-09,0,0,自动合成参数 DQN 实验版 / self-synthesized DQN experimental run,0.023891771233272664
浙江,2023-10,生产,浙江|生产|2023-10,0,0,自动合成参数 DQN 实验版 / self-synthesized DQN experimental run,0.022911618278175092
浙江,2023-11,生产,浙江|生产|2023-11,0,0,自动合成参数 DQN 实验版 / self-synthesized DQN experimental run,0.021350807151689667
浙江,2023-12,生产,浙江|生产|2023-12,0,0,自动合成参数 DQN 实验版 / self-synthesized DQN experimental run,0.018905173278989308
浙江,2024-01,生产,浙江|生产|2024-01,0,0,自动合成参数 DQN 实验版 / self-synthesized DQN experimental run,0.01635134998270259
浙江,2024-02,生产,浙江|生产|2024-02,0,0,自动合成参数 DQN 实验版 / self-synthesized DQN experimental run,0.01541065214073386
浙江,2024-03,生产,浙江|生产|2024-03,0,0,自动合成参数 DQN 实验版 / self-synthesized DQN experimental run,0.01562811051359271
浙江,2024-04,生产,浙江|生产|2024-04,2,3,自动合成参数 DQN 实验版 / self-synthesized DQN experimental run,0.31905965235171074
浙江,2024-05,生产,浙江|生产|2024-05,0,0,自动合成参数 DQN 实验版 / self-synthesized DQN experimental run,0.019358170754857226
浙江,2024-06,生产,浙江|生产|2024-06,0,0,自动合成参数 DQN 实验版 / self-synthesized DQN experimental run,0.02376075482388405
浙江,2024-07,生产,浙江|生产|2024-07,0,0,自动合成参数 DQN 实验版 / self-synthesized DQN experimental run,0.02310923439213552
浙江,2024-08,生产,浙江|生产|2024-08,0,0,自动合成参数 DQN 实验版 / self-synthesized DQN experimental run,0.022719938085816054
浙江,2024-09,生产,浙江|生产|2024-09,0,0,自动合成参数 DQN 实验版 / self-synthesized DQN experimental run,0.022581024605799062
浙江,2024-10,生产,浙江|生产|2024-10,0,0,自动合成参数 DQN 实验版 / self-synthesized DQN experimental run,0.02171000518909424
浙江,2024-11,生产,浙江|生产|2024-11,2,3,自动合成参数 DQN 实验版 / self-synthesized DQN experimental run,0.33187324704605303
浙江,2024-12,生产,浙江|生产|2024-12,0,0,自动合成参数 DQN 实验版 / self-synthesized DQN experimental run,0.026944051611283028
浙江,2023-01,餐饮,浙江|餐饮|2023-01,0,0,自动合成参数 DQN 实验版 / self-synthesized DQN experimental run,0.05384615384615383
浙江,2023-02,餐饮,浙江|餐饮|2023-02,0,0,自动合成参数 DQN 实验版 / self-synthesized DQN experimental run,0.042553191489361694
浙江,2023-03,餐饮,浙江|餐饮|2023-03,0,0,自动合成参数 DQN 实验版 / self-synthesized DQN experimental run,0.023547220586998572
浙江,2023-04,餐饮,浙江|餐饮|2023-04,0,0,自动合成参数 DQN 实验版 / self-synthesized DQN experimental run,0.012207643292662933
浙江,2023-05,餐饮,浙江|餐饮|2023-05,0,0,自动合成参数 DQN 实验版 / self-synthesized DQN experimental run,0.007814761680120711
浙江,2023-06,餐饮,浙江|餐饮|2023-06,2,3,自动合成参数 DQN 实验版 / self-synthesized DQN experimental run,0.3123311033853129
浙江,2023-07,餐饮,浙江|餐饮|2023-07,0,0,自动合成参数 DQN 实验版 / self-synthesized DQN experimental run,0.01274681224779921
浙江,2023-08,餐饮,浙江|餐饮|2023-08,2,3,自动合成参数 DQN 实验版 / self-synthesized DQN experimental run,0.3131168423062174
浙江,2023-09,餐饮,浙江|餐饮|2023-09,0,0,自动合成参数 DQN 实验版 / self-synthesized DQN experimental run,0.01641194739502339
浙江,2023-10,餐饮,浙江|餐饮|2023-10,0,0,自动合成参数 DQN 实验版 / self-synthesized DQN experimental run,0.013502783503288379
浙江,2023-11,餐饮,浙江|餐饮|2023-11,0,0,自动合成参数 DQN 实验版 / self-synthesized DQN experimental run,0.012536978979378001
浙江,2023-12,餐饮,浙江|餐饮|2023-12,2,3,自动合成参数 DQN 实验版 / self-synthesized DQN experimental run,0.3162726609003564
浙江,2024-01,餐饮,浙江|餐饮|2024-01,0,0,自动合成参数 DQN 实验版 / self-synthesized DQN experimental run,0.01646590530184474
浙江,2024-02,餐饮,浙江|餐饮|2024-02,0,0,自动合成参数 DQN 实验版 / self-synthesized DQN experimental run,0.015476191268262902
浙江,2024-04,餐饮,浙江|餐饮|2024-04,0,0,自动合成参数 DQN 实验版 / self-synthesized DQN experimental run,0.014301303475788492
浙江,2024-05,餐饮,浙江|餐饮|2024-05,2,3,自动合成参数 DQN 实验版 / self-synthesized DQN experimental run,0.3163450506332658
浙江,2024-06,餐饮,浙江|餐饮|2024-06,0,0,自动合成参数 DQN 实验版 / self-synthesized DQN experimental run,0.01722886369835631
浙江,2024-07,餐饮,浙江|餐饮|2024-07,0,0,自动合成参数 DQN 实验版 / self-synthesized DQN experimental run,0.015148871095966441
浙江,2024-08,餐饮,浙江|餐饮|2024-08,0,0,自动合成参数 DQN 实验版 / self-synthesized DQN experimental run,0.014315192036860401
浙江,2024-09,餐饮,浙江|餐饮|2024-09,0,0,自动合成参数 DQN 实验版 / self-synthesized DQN experimental run,0.01238896908003538
浙江,2024-10,餐饮,浙江|餐饮|2024-10,0,0,自动合成参数 DQN 实验版 / self-synthesized DQN experimental run,0.011698448888491959
浙江,2024-11,餐饮,浙江|餐饮|2024-11,0,0,自动合成参数 DQN 实验版 / self-synthesized DQN experimental run,0.01106847160336295
浙江,2024-12,餐饮,浙江|餐饮|2024-12,0,0,自动合成参数 DQN 实验版 / self-synthesized DQN experimental run,0.01064415119939962
海南,2023-09,流通,海南|流通|2023-09,1,1,自动合成参数 DQN 实验版 / self-synthesized DQN experimental run,0.23333333333333334
海南,2023-11,生产,海南|生产|2023-11,0,0,自动合成参数 DQN 实验版 / self-synthesized DQN experimental run,0.029166666666666622
海南,2024-05,生产,海南|生产|2024-05,1,1,自动合成参数 DQN 实验版 / self-synthesized DQN experimental run,0.270596540827592
海南,2024-01,餐饮,海南|餐饮|2024-01,0,0,自动合成参数 DQN 实验版 / self-synthesized DQN experimental run,0.14
海南,2024-04,餐饮,海南|餐饮|2024-04,2,3,自动合成参数 DQN 实验版 / self-synthesized DQN experimental run,0.45425298278686294
海南,2024-07,餐饮,海南|餐饮|2024-07,3,5,自动合成参数 DQN 实验版 / self-synthesized DQN experimental run,0.5201847746019886
湖北,2023-01,流通,湖北|流通|2023-01,0,0,自动合成参数 DQN 实验版 / self-synthesized DQN experimental run,0.03888888888888885
湖北,2023-02,流通,湖北|流通|2023-02,0,0,自动合成参数 DQN 实验版 / self-synthesized DQN experimental run,0.02046783625730991
湖北,2023-03,流通,湖北|流通|2023-03,0,0,自动合成参数 DQN 实验版 / self-synthesized DQN experimental run,0.01215488800138907
湖北,2023-04,流通,湖北|流通|2023-04,0,0,自动合成参数 DQN 实验版 / self-synthesized DQN experimental run,0.014230823964707545
湖北,2023-05,流通,湖北|流通|2023-05,0,0,自动合成参数 DQN 实验版 / self-synthesized DQN experimental run,0.00881755079720628
湖北,2023-06,流通,湖北|流通|2023-06,0,0,自动合成参数 DQN 实验版 / self-synthesized DQN experimental run,0.00640947725921595
湖北,2023-07,流通,湖北|流通|2023-07,0,0,自动合成参数 DQN 实验版 / self-synthesized DQN experimental run,0.0053476055347855996
湖北,2023-08,流通,湖北|流通|2023-08,0,0,自动合成参数 DQN 实验版 / self-synthesized DQN experimental run,0.0046778506122626
湖北,2023-09,流通,湖北|流通|2023-09,0,0,自动合成参数 DQN 实验版 / self-synthesized DQN experimental run,0.003320292499812845
湖北,2023-10,流通,湖北|流通|2023-10,0,0,自动合成参数 DQN 实验版 / self-synthesized DQN experimental run,0.00296195277597849
湖北,2023-11,流通,湖北|流通|2023-11,0,0,自动合成参数 DQN 实验版 / self-synthesized DQN experimental run,0.0025959184009742104
湖北,2023-12,流通,湖北|流通|2023-12,0,0,自动合成参数 DQN 实验版 / self-synthesized DQN experimental run,0.002087794369950345
湖北,2024-01,流通,湖北|流通|2024-01,0,0,自动合成参数 DQN 实验版 / self-synthesized DQN experimental run,0.00559563968103751
湖北,2024-02,流通,湖北|流通|2024-02,0,0,自动合成参数 DQN 实验版 / self-synthesized DQN experimental run,0.005236456846226485
湖北,2024-03,流通,湖北|流通|2024-03,0,0,自动合成参数 DQN 实验版 / self-synthesized DQN experimental run,0.005148527496790615
湖北,2024-04,流通,湖北|流通|2024-04,0,0,自动合成参数 DQN 实验版 / self-synthesized DQN experimental run,0.005010519793292375
湖北,2024-05,流通,湖北|流通|2024-05,0,0,自动合成参数 DQN 实验版 / self-synthesized DQN experimental run,0.004587506629869321
湖北,2024-06,流通,湖北|流通|2024-06,0,0,自动合成参数 DQN 实验版 / self-synthesized DQN experimental run,0.004425337872273955
湖北,2024-07,流通,湖北|流通|2024-07,0,0,自动合成参数 DQN 实验版 / self-synthesized DQN experimental run,0.004068788271150745
湖北,2024-08,流通,湖北|流通|2024-08,0,0,自动合成参数 DQN 实验版 / self-synthesized DQN experimental run,0.0037469249229119153
湖北,2024-09,流通,湖北|流通|2024-09,0,0,自动合成参数 DQN 实验版 / self-synthesized DQN experimental run,0.00336672413871751
湖北,2024-10,流通,湖北|流通|2024-10,0,0,自动合成参数 DQN 实验版 / self-synthesized DQN experimental run,0.003122817525847265
湖北,2024-11,流通,湖北|流通|2024-11,0,0,自动合成参数 DQN 实验版 / self-synthesized DQN experimental run,0.004153717178569955
湖北,2024-12,流通,湖北|流通|2024-12,0,0,自动合成参数 DQN 实验版 / self-synthesized DQN experimental run,0.0038683020877244654
湖北,2023-01,生产,湖北|生产|2023-01,0,0,自动合成参数 DQN 实验版 / self-synthesized DQN experimental run,0.14
湖北,2023-04,生产,湖北|生产|2023-04,0,0,自动合成参数 DQN 实验版 / self-synthesized DQN experimental run,0.10218978102189781
湖北,2023-05,生产,湖北|生产|2023-05,0,0,自动合成参数 DQN 实验版 / self-synthesized DQN experimental run,0.06924582267048017
湖北,2023-06,生产,湖北|生产|2023-06,0,0,自动合成参数 DQN 实验版 / self-synthesized DQN experimental run,0.059728374951164426
湖北,2023-07,生产,湖北|生产|2023-07,0,0,自动合成参数 DQN 实验版 / self-synthesized DQN experimental run,0.0552144042893649
湖北,2023-09,生产,湖北|生产|2023-09,0,0,自动合成参数 DQN 实验版 / self-synthesized DQN experimental run,0.07267875427767505
湖北,2023-11,生产,湖北|生产|2023-11,0,0,自动合成参数 DQN 实验版 / self-synthesized DQN experimental run,0.067374346109726
湖北,2023-12,生产,湖北|生产|2023-12,0,0,自动合成参数 DQN 实验版 / self-synthesized DQN experimental run,0.05353426211024071
湖北,2024-02,生产,湖北|生产|2024-02,0,0,自动合成参数 DQN 实验版 / self-synthesized DQN experimental run,0.050760073307449055
湖北,2024-05,生产,湖北|生产|2024-05,0,0,自动合成参数 DQN 实验版 / self-synthesized DQN experimental run,0.036710596637557324
湖北,2024-06,生产,湖北|生产|2024-06,0,0,自动合成参数 DQN 实验版 / self-synthesized DQN experimental run,0.05502410481592579
湖北,2024-07,生产,湖北|生产|2024-07,0,0,自动合成参数 DQN 实验版 / self-synthesized DQN experimental run,0.053054186604378675
湖北,2024-08,生产,湖北|生产|2024-08,0,0,自动合成参数 DQN 实验版 / self-synthesized DQN experimental run,0.04663244292444074
湖北,2024-09,生产,湖北|生产|2024-09,0,0,自动合成参数 DQN 实验版 / self-synthesized DQN experimental run,0.04734961759780775
湖北,2024-10,生产,湖北|生产|2024-10,0,0,自动合成参数 DQN 实验版 / self-synthesized DQN experimental run,0.04481599282816202
湖北,2024-11,生产,湖北|生产|2024-11,0,0,自动合成参数 DQN 实验版 / self-synthesized DQN experimental run,0.03528921303427392
湖北,2024-12,生产,湖北|生产|2024-12,0,0,自动合成参数 DQN 实验版 / self-synthesized DQN experimental run,0.02688488430838917
湖北,2023-01,餐饮,湖北|餐饮|2023-01,1,1,自动合成参数 DQN 实验版 / self-synthesized DQN experimental run,0.23333333333333334
湖北,2023-03,餐饮,湖北|餐饮|2023-03,0,0,自动合成参数 DQN 实验版 / self-synthesized DQN experimental run,0.14141414141414138
湖北,2023-04,餐饮,湖北|餐饮|2023-04,0,0,自动合成参数 DQN 实验版 / self-synthesized DQN experimental run,0.07952286282306163
湖北,2023-05,餐饮,湖北|餐饮|2023-05,0,0,自动合成参数 DQN 实验版 / self-synthesized DQN experimental run,0.035966833441447854
湖北,2023-06,餐饮,湖北|餐饮|2023-06,0,0,自动合成参数 DQN 实验版 / self-synthesized DQN experimental run,0.028467717481288193
湖北,2023-07,餐饮,湖北|餐饮|2023-07,0,0,自动合成参数 DQN 实验版 / self-synthesized DQN experimental run,0.02225062289079119
湖北,2023-08,餐饮,湖北|餐饮|2023-08,0,0,自动合成参数 DQN 实验版 / self-synthesized DQN experimental run,0.022590261496299908
湖北,2023-09,餐饮,湖北|餐饮|2023-09,0,0,自动合成参数 DQN 实验版 / self-synthesized DQN experimental run,0.012835213706029329
湖北,2023-10,餐饮,湖北|餐饮|2023-10,0,0,自动合成参数 DQN 实验版 / self-synthesized DQN experimental run,0.01298446176949642
湖北,2023-11,餐饮,湖北|餐饮|2023-11,0,0,自动合成参数 DQN 实验版 / self-synthesized DQN experimental run,0.01334900796066306
湖北,2023-12,餐饮,湖北|餐饮|2023-12,2,3,自动合成参数 DQN 实验版 / self-synthesized DQN experimental run,0.2963266520823448
湖北,2024-01,餐饮,湖北|餐饮|2024-01,2,3,自动合成参数 DQN 实验版 / self-synthesized DQN experimental run,0.2988665603123329
湖北,2024-03,餐饮,湖北|餐饮|2024-03,0,0,自动合成参数 DQN 实验版 / self-synthesized DQN experimental run,0.01339800290081792
湖北,2024-04,餐饮,湖北|餐饮|2024-04,0,0,自动合成参数 DQN 实验版 / self-synthesized DQN experimental run,0.01348695329854404
湖北,2024-05,餐饮,湖北|餐饮|2024-05,0,0,自动合成参数 DQN 实验版 / self-synthesized DQN experimental run,0.013156247283229542
湖北,2024-06,餐饮,湖北|餐饮|2024-06,0,0,自动合成参数 DQN 实验版 / self-synthesized DQN experimental run,0.01325200426083611
湖北,2024-07,餐饮,湖北|餐饮|2024-07,0,0,自动合成参数 DQN 实验版 / self-synthesized DQN experimental run,0.011715855424439951
湖北,2024-08,餐饮,湖北|餐饮|2024-08,0,0,自动合成参数 DQN 实验版 / self-synthesized DQN experimental run,0.011577865338967956
湖北,2024-09,餐饮,湖北|餐饮|2024-09,0,0,自动合成参数 DQN 实验版 / self-synthesized DQN experimental run,0.015442275988444054
湖北,2024-10,餐饮,湖北|餐饮|2024-10,0,0,自动合成参数 DQN 实验版 / self-synthesized DQN experimental run,0.015509440608330892
湖北,2024-11,餐饮,湖北|餐饮|2024-11,2,3,自动合成参数 DQN 实验版 / self-synthesized DQN experimental run,0.3019266738048079
湖北,2024-12,餐饮,湖北|餐饮|2024-12,2,3,自动合成参数 DQN 实验版 / self-synthesized DQN experimental run,0.3048603754354707
湖南,2023-01,流通,湖南|流通|2023-01,0,0,自动合成参数 DQN 实验版 / self-synthesized DQN experimental run,0.03888888888888885
湖南,2023-02,流通,湖南|流通|2023-02,0,0,自动合成参数 DQN 实验版 / self-synthesized DQN experimental run,0.019886363636363633
湖南,2023-03,流通,湖南|流通|2023-03,0,0,自动合成参数 DQN 实验版 / self-synthesized DQN experimental run,0.01283461679501281
湖南,2023-04,流通,湖南|流通|2023-04,0,0,自动合成参数 DQN 实验版 / self-synthesized DQN experimental run,0.0076158976423356395
湖南,2023-05,流通,湖南|流通|2023-05,0,0,自动合成参数 DQN 实验版 / self-synthesized DQN experimental run,0.006012849459294509
湖南,2023-06,流通,湖南|流通|2023-06,0,0,自动合成参数 DQN 实验版 / self-synthesized DQN experimental run,0.004676128579039891
湖南,2023-07,流通,湖南|流通|2023-07,0,0,自动合成参数 DQN 实验版 / self-synthesized DQN experimental run,0.0039478509558551
湖南,2023-08,流通,湖南|流通|2023-08,0,0,自动合成参数 DQN 实验版 / self-synthesized DQN experimental run,0.00356150586255695
湖南,2023-09,流通,湖南|流通|2023-09,0,0,自动合成参数 DQN 实验版 / self-synthesized DQN experimental run,0.00315572931311232
湖南,2023-10,流通,湖南|流通|2023-10,0,0,自动合成参数 DQN 实验版 / self-synthesized DQN experimental run,0.0027686825118069603
湖南,2023-11,流通,湖南|流通|2023-11,0,0,自动合成参数 DQN 实验版 / self-synthesized DQN experimental run,0.00247099718726784
湖南,2023-12,流通,湖南|流通|2023-12,0,0,自动合成参数 DQN 实验版 / self-synthesized DQN experimental run,0.0035469510908977204
湖南,2024-01,流通,湖南|流通|2024-01,0,0,自动合成参数 DQN 实验版 / self-synthesized DQN experimental run,0.003500346008311285
湖南,2024-02,流通,湖南|流通|2024-02,0,0,自动合成参数 DQN 实验版 / self-synthesized DQN experimental run,0.0034992277274664054
湖南,2024-03,流通,湖南|流通|2024-03,0,0,自动合成参数 DQN 实验版 / self-synthesized DQN experimental run,0.0034868917434072552
湖南,2024-04,流通,湖南|流通|2024-04,0,0,自动合成参数 DQN 实验版 / self-synthesized DQN experimental run,0.00340819735604241
湖南,2024-05,流通,湖南|流通|2024-05,0,0,自动合成参数 DQN 实验版 / self-synthesized DQN experimental run,0.00335549364071156
湖南,2024-06,流通,湖南|流通|2024-06,0,0,自动合成参数 DQN 实验版 / self-synthesized DQN experimental run,0.005800532718167365
湖南,2024-07,流通,湖南|流通|2024-07,0,0,自动合成参数 DQN 实验版 / self-synthesized DQN experimental run,0.006916506759111959
湖南,2024-08,流通,湖南|流通|2024-08,0,0,自动合成参数 DQN 实验版 / self-synthesized DQN experimental run,0.00647549695175578
湖南,2024-09,流通,湖南|流通|2024-09,0,0,自动合成参数 DQN 实验版 / self-synthesized DQN experimental run,0.006184678638080285
湖南,2024-10,流通,湖南|流通|2024-10,0,0,自动合成参数 DQN 实验版 / self-synthesized DQN experimental run,0.005981991029130115
湖南,2024-11,流通,湖南|流通|2024-11,0,0,自动合成参数 DQN 实验版 / self-synthesized DQN experimental run,0.005739661239669775
湖南,2024-12,流通,湖南|流通|2024-12,0,0,自动合成参数 DQN 实验版 / self-synthesized DQN experimental run,0.005559883287511755
湖南,2023-02,生产,湖南|生产|2023-02,1,1,自动合成参数 DQN 实验版 / self-synthesized DQN experimental run,0.175
湖南,2023-04,生产,湖南|生产|2023-04,0,0,自动合成参数 DQN 实验版 / self-synthesized DQN experimental run,0.11864406779661017
湖南,2023-05,生产,湖南|生产|2023-05,0,0,自动合成参数 DQN 实验版 / self-synthesized DQN experimental run,0.09085009733938998
湖南,2023-06,生产,湖南|生产|2023-06,0,0,自动合成参数 DQN 实验版 / self-synthesized DQN experimental run,0.052161925520221995
湖南,2023-07,生产,湖南|生产|2023-07,0,0,自动合成参数 DQN 实验版 / self-synthesized DQN experimental run,0.035266682242784654
湖南,2023-09,生产,湖南|生产|2023-09,0,0,自动合成参数 DQN 实验版 / self-synthesized DQN experimental run,0.0292198414515749
湖南,2023-10,生产,湖南|生产|2023-10,0,0,自动合成参数 DQN 实验版 / self-synthesized DQN experimental run,0.022684181505327368
湖南,2023-11,生产,湖南|生产|2023-11,0,0,自动合成参数 DQN 实验版 / self-synthesized DQN experimental run,0.01476307912767485
湖南,2023-12,生产,湖南|生产|2023-12,0,0,自动合成参数 DQN 实验版 / self-synthesized DQN experimental run,0.01074529296580201
湖南,2024-02,生产,湖南|生产|2024-02,0,0,自动合成参数 DQN 实验版 / self-synthesized DQN experimental run,0.0107712916602725
湖南,2024-03,生产,湖南|生产|2024-03,0,0,自动合成参数 DQN 实验版 / self-synthesized DQN experimental run,0.007011345390388151
湖南,2024-04,生产,湖南|生产|2024-04,2,3,自动合成参数 DQN 实验版 / self-synthesized DQN experimental run,0.3052854155629562
湖南,2024-05,生产,湖南|生产|2024-05,0,0,自动合成参数 DQN 实验版 / self-synthesized DQN experimental run,0.01041595429009534
湖南,2024-06,生产,湖南|生产|2024-06,0,0,自动合成参数 DQN 实验版 / self-synthesized DQN experimental run,0.009968448721190959
湖南,2024-07,生产,湖南|生产|2024-07,0,0,自动合成参数 DQN 实验版 / self-synthesized DQN experimental run,0.011006156132461496
湖南,2024-08,生产,湖南|生产|2024-08,0,0,自动合成参数 DQN 实验版 / self-synthesized DQN experimental run,0.011011870212244576
湖南,2024-09,生产,湖南|生产|2024-09,0,0,自动合成参数 DQN 实验版 / self-synthesized DQN experimental run,0.00846932725481272
湖南,2024-10,生产,湖南|生产|2024-10,2,3,自动合成参数 DQN 实验版 / self-synthesized DQN experimental run,0.30821214029219945
湖南,2024-11,生产,湖南|生产|2024-11,0,0,自动合成参数 DQN 实验版 / self-synthesized DQN experimental run,0.013662241066024112
湖南,2024-12,生产,湖南|生产|2024-12,0,0,自动合成参数 DQN 实验版 / self-synthesized DQN experimental run,0.011510640904557485
湖南,2023-01,餐饮,湖南|餐饮|2023-01,0,0,自动合成参数 DQN 实验版 / self-synthesized DQN experimental run,0.14
湖南,2023-04,餐饮,湖南|餐饮|2023-04,0,0,自动合成参数 DQN 实验版 / self-synthesized DQN experimental run,0.10218978102189781
湖南,2023-05,餐饮,湖南|餐饮|2023-05,0,0,自动合成参数 DQN 实验版 / self-synthesized DQN experimental run,0.06599104407259014
湖南,2023-06,餐饮,湖南|餐饮|2023-06,0,0,自动合成参数 DQN 实验版 / self-synthesized DQN experimental run,0.03650182183200035
湖南,2023-07,餐饮,湖南|餐饮|2023-07,0,0,自动合成参数 DQN 实验版 / self-synthesized DQN experimental run,0.02878494382952321
湖南,2023-08,餐饮,湖南|餐饮|2023-08,0,0,自动合成参数 DQN 实验版 / self-synthesized DQN experimental run,0.027775181776475068
湖南,2023-09,餐饮,湖南|餐饮|2023-09,0,0,自动合成参数 DQN 实验版 / self-synthesized DQN experimental run,0.01840060009975677
湖南,2023-10,餐饮,湖南|餐饮|2023-10,0,0,自动合成参数 DQN 实验版 / self-synthesized DQN experimental run,0.01481791146994095
湖南,2023-11,餐饮,湖南|餐饮|2023-11,0,0,自动合成参数 DQN 实验版 / self-synthesized DQN experimental run,0.01094124064160246
湖南,2023-12,餐饮,湖南|餐饮|2023-12,0,0,自动合成参数 DQN 实验版 / self-synthesized DQN experimental run,0.010017285051926322
湖南,2024-01,餐饮,湖南|餐饮|2024-01,0,0,自动合成参数 DQN 实验版 / self-synthesized DQN experimental run,0.01007408007220867
湖南,2024-03,餐饮,湖南|餐饮|2024-03,0,0,自动合成参数 DQN 实验版 / self-synthesized DQN experimental run,0.01012863509696269
湖南,2024-04,餐饮,湖南|餐饮|2024-04,0,0,自动合成参数 DQN 实验版 / self-synthesized DQN experimental run,0.01003505954441648
湖南,2024-05,餐饮,湖南|餐饮|2024-05,0,0,自动合成参数 DQN 实验版 / self-synthesized DQN experimental run,0.00994775035460395
湖南,2024-06,餐饮,湖南|餐饮|2024-06,0,0,自动合成参数 DQN 实验版 / self-synthesized DQN experimental run,0.009866202296126681
湖南,2024-07,餐饮,湖南|餐饮|2024-07,0,0,自动合成参数 DQN 实验版 / self-synthesized DQN experimental run,0.01021870646552735
湖南,2024-08,餐饮,湖南|餐饮|2024-08,0,0,自动合成参数 DQN 实验版 / self-synthesized DQN experimental run,0.00997481646078463
湖南,2024-09,餐饮,湖南|餐饮|2024-09,0,0,自动合成参数 DQN 实验版 / self-synthesized DQN experimental run,0.00989149128025394
湖南,2024-11,餐饮,湖南|餐饮|2024-11,0,0,自动合成参数 DQN 实验版 / self-synthesized DQN experimental run,0.009545953709909471
湖南,2024-12,餐饮,湖南|餐饮|2024-12,0,0,自动合成参数 DQN 实验版 / self-synthesized DQN experimental run,0.0087759962837295
甘肃,2023-01,流通,甘肃|流通|2023-01,1,1,自动合成参数 DQN 实验版 / self-synthesized DQN experimental run,0.175
甘肃,2023-02,流通,甘肃|流通|2023-02,0,0,自动合成参数 DQN 实验版 / self-synthesized DQN experimental run,0.08860759493670883
甘肃,2023-03,流通,甘肃|流通|2023-03,0,0,自动合成参数 DQN 实验版 / self-synthesized DQN experimental run,0.08134805345729222
甘肃,2023-04,流通,甘肃|流通|2023-04,0,0,自动合成参数 DQN 实验版 / self-synthesized DQN experimental run,0.06812817830117515
甘肃,2023-05,流通,甘肃|流通|2023-05,0,0,自动合成参数 DQN 实验版 / self-synthesized DQN experimental run,0.054428063109339155
甘肃,2023-06,流通,甘肃|流通|2023-06,0,0,自动合成参数 DQN 实验版 / self-synthesized DQN experimental run,0.04888963988807934
甘肃,2023-07,流通,甘肃|流通|2023-07,0,0,自动合成参数 DQN 实验版 / self-synthesized DQN experimental run,0.041910988316655226
甘肃,2023-08,流通,甘肃|流通|2023-08,0,0,自动合成参数 DQN 实验版 / self-synthesized DQN experimental run,0.03505791463693722
甘肃,2023-09,流通,甘肃|流通|2023-09,0,0,自动合成参数 DQN 实验版 / self-synthesized DQN experimental run,0.03488033852949492
甘肃,2023-11,流通,甘肃|流通|2023-11,0,0,自动合成参数 DQN 实验版 / self-synthesized DQN experimental run,0.03307318605471818
甘肃,2023-12,流通,甘肃|流通|2023-12,0,0,自动合成参数 DQN 实验版 / self-synthesized DQN experimental run,0.03016341308560013
甘肃,2024-02,流通,甘肃|流通|2024-02,0,0,自动合成参数 DQN 实验版 / self-synthesized DQN experimental run,0.02783679100606124
甘肃,2024-03,流通,甘肃|流通|2024-03,0,0,自动合成参数 DQN 实验版 / self-synthesized DQN experimental run,0.028012047577114722
甘肃,2024-05,流通,甘肃|流通|2024-05,0,0,自动合成参数 DQN 实验版 / self-synthesized DQN experimental run,0.02818059765056711
甘肃,2024-07,流通,甘肃|流通|2024-07,0,0,自动合成参数 DQN 实验版 / self-synthesized DQN experimental run,0.02723968992123918
甘肃,2024-09,流通,甘肃|流通|2024-09,0,0,自动合成参数 DQN 实验版 / self-synthesized DQN experimental run,0.027437093580809084
甘肃,2024-11,流通,甘肃|流通|2024-11,0,0,自动合成参数 DQN 实验版 / self-synthesized DQN experimental run,0.02657831420874973
甘肃,2023-03,生产,甘肃|生产|2023-03,1,1,自动合成参数 DQN 实验版 / self-synthesized DQN experimental run,0.23333333333333334
甘肃,2023-12,生产,甘肃|生产|2023-12,2,3,自动合成参数 DQN 实验版 / self-synthesized DQN experimental run,0.29113924050632906
甘肃,2024-02,生产,甘肃|生产|2024-02,1,1,自动合成参数 DQN 实验版 / self-synthesized DQN experimental run,0.23235445646573927
甘肃,2024-10,生产,甘肃|生产|2024-10,1,1,自动合成参数 DQN 实验版 / self-synthesized DQN experimental run,0.19372140370848748
甘肃,2023-02,餐饮,甘肃|餐饮|2023-02,1,1,自动合成参数 DQN 实验版 / self-synthesized DQN experimental run,0.23333333333333334
甘肃,2023-04,餐饮,甘肃|餐饮|2023-04,1,1,自动合成参数 DQN 实验版 / self-synthesized DQN experimental run,0.1772151898734177
甘肃,2023-08,餐饮,甘肃|餐饮|2023-08,0,0,自动合成参数 DQN 实验版 / self-synthesized DQN experimental run,0.05905927019616113
甘肃,2023-10,餐饮,甘肃|餐饮|2023-10,0,0,自动合成参数 DQN 实验版 / self-synthesized DQN experimental run,0.052395699810065574
甘肃,2023-11,餐饮,甘肃|餐饮|2023-11,0,0,自动合成参数 DQN 实验版 / self-synthesized DQN experimental run,0.03934378777398818
甘肃,2024-03,餐饮,甘肃|餐饮|2024-03,0,0,自动合成参数 DQN 实验版 / self-synthesized DQN experimental run,0.11051301242207373
甘肃,2024-05,餐饮,甘肃|餐饮|2024-05,0,0,自动合成参数 DQN 实验版 / self-synthesized DQN experimental run,0.1425425733413908
甘肃,2024-11,餐饮,甘肃|餐饮|2024-11,0,0,自动合成参数 DQN 实验版 / self-synthesized DQN experimental run,0.13623007882237145
甘肃,2024-12,餐饮,甘肃|餐饮|2024-12,2,3,自动合成参数 DQN 实验版 / self-synthesized DQN experimental run,0.318669385083468
福建,2023-01,流通,福建|流通|2023-01,0,0,自动合成参数 DQN 实验版 / self-synthesized DQN experimental run,0.013461538461538441
福建,2023-02,流通,福建|流通|2023-02,0,0,自动合成参数 DQN 实验版 / self-synthesized DQN experimental run,0.02038216560509552
福建,2023-03,流通,福建|流通|2023-03,0,0,自动合成参数 DQN 实验版 / self-synthesized DQN experimental run,0.014178253932071989
福建,2023-04,流通,福建|流通|2023-04,0,0,自动合成参数 DQN 实验版 / self-synthesized DQN experimental run,0.00980126870447932
福建,2023-05,流通,福建|流通|2023-05,0,0,自动合成参数 DQN 实验版 / self-synthesized DQN experimental run,0.006064189828699501
福建,2023-06,流通,福建|流通|2023-06,0,0,自动合成参数 DQN 实验版 / self-synthesized DQN experimental run,0.005265184550862095
福建,2023-07,流通,福建|流通|2023-07,0,0,自动合成参数 DQN 实验版 / self-synthesized DQN experimental run,0.00632200332396647
福建,2023-08,流通,福建|流通|2023-08,0,0,自动合成参数 DQN 实验版 / self-synthesized DQN experimental run,0.0070395349283924906
福建,2023-09,流通,福建|流通|2023-09,0,0,自动合成参数 DQN 实验版 / self-synthesized DQN experimental run,0.006434245109492249
福建,2023-10,流通,福建|流通|2023-10,0,0,自动合成参数 DQN 实验版 / self-synthesized DQN experimental run,0.0067421472695046655
福建,2023-11,流通,福建|流通|2023-11,0,0,自动合成参数 DQN 实验版 / self-synthesized DQN experimental run,0.00724081844995894
福建,2023-12,流通,福建|流通|2023-12,0,0,自动合成参数 DQN 实验版 / self-synthesized DQN experimental run,0.005334688791169
福建,2024-01,流通,福建|流通|2024-01,1,1,自动合成参数 DQN 实验版 / self-synthesized DQN experimental run,0.2695690202468952
福建,2024-02,流通,福建|流通|2024-02,0,0,自动合成参数 DQN 实验版 / self-synthesized DQN experimental run,0.006727916652243351
福建,2024-03,流通,福建|流通|2024-03,0,0,自动合成参数 DQN 实验版 / self-synthesized DQN experimental run,0.006578885069572065
福建,2024-04,流通,福建|流通|2024-04,0,0,自动合成参数 DQN 实验版 / self-synthesized DQN experimental run,0.00620505001372497
福建,2024-05,流通,福建|流通|2024-05,0,0,自动合成参数 DQN 实验版 / self-synthesized DQN experimental run,0.005703100994509385
福建,2024-06,流通,福建|流通|2024-06,0,0,自动合成参数 DQN 实验版 / self-synthesized DQN experimental run,0.006070769458838245
福建,2024-07,流通,福建|流通|2024-07,0,0,自动合成参数 DQN 实验版 / self-synthesized DQN experimental run,0.006074935976396321
福建,2024-08,流通,福建|流通|2024-08,0,0,自动合成参数 DQN 实验版 / self-synthesized DQN experimental run,0.00764365340680714
福建,2024-09,流通,福建|流通|2024-09,0,0,自动合成参数 DQN 实验版 / self-synthesized DQN experimental run,0.007404971247637485
福建,2024-10,流通,福建|流通|2024-10,0,0,自动合成参数 DQN 实验版 / self-synthesized DQN experimental run,0.006965659345335174
福建,2024-11,流通,福建|流通|2024-11,0,0,自动合成参数 DQN 实验版 / self-synthesized DQN experimental run,0.006683982925386465
福建,2024-12,流通,福建|流通|2024-12,0,0,自动合成参数 DQN 实验版 / self-synthesized DQN experimental run,0.00602363928422218
福建,2023-01,生产,福建|生产|2023-01,0,0,自动合成参数 DQN 实验版 / self-synthesized DQN experimental run,0.11666666666666661
福建,2023-02,生产,福建|生产|2023-02,0,0,自动合成参数 DQN 实验版 / self-synthesized DQN experimental run,0.06481481481481476
福建,2023-03,生产,福建|生产|2023-03,0,0,自动合成参数 DQN 实验版 / self-synthesized DQN experimental run,0.04557291666666662
福建,2023-04,生产,福建|生产|2023-04,0,0,自动合成参数 DQN 实验版 / self-synthesized DQN experimental run,0.03382949932341
福建,2023-05,生产,福建|生产|2023-05,0,0,自动合成参数 DQN 实验版 / self-synthesized DQN experimental run,0.03075922557058358
福建,2023-06,生产,福建|生产|2023-06,0,0,自动合成参数 DQN 实验版 / self-synthesized DQN experimental run,0.02721667153326674
福建,2023-07,生产,福建|生产|2023-07,0,0,自动合成参数 DQN 实验版 / self-synthesized DQN experimental run,0.02087461443655231
福建,2023-08,生产,福建|生产|2023-08,0,0,自动合成参数 DQN 实验版 / self-synthesized DQN experimental run,0.017968586678883118
福建,2023-09,生产,福建|生产|2023-09,0,0,自动合成参数 DQN 实验版 / self-synthesized DQN experimental run,0.01745242815660519
福建,2023-10,生产,福建|生产|2023-10,0,0,自动合成参数 DQN 实验版 / self-synthesized DQN experimental run,0.01452174286071075
福建,2023-11,生产,福建|生产|2023-11,0,0,自动合成参数 DQN 实验版 / self-synthesized DQN experimental run,0.01920077960039132
福建,2023-12,生产,福建|生产|2023-12,0,0,自动合成参数 DQN 实验版 / self-synthesized DQN experimental run,0.0135845449899965
福建,2024-01,生产,福建|生产|2024-01,0,0,自动合成参数 DQN 实验版 / self-synthesized DQN experimental run,0.012029793351087285
福建,2024-02,生产,福建|生产|2024-02,0,0,自动合成参数 DQN 实验版 / self-synthesized DQN experimental run,0.011744757549494436
福建,2024-03,生产,福建|生产|2024-03,0,0,自动合成参数 DQN 实验版 / self-synthesized DQN experimental run,0.011117911971078276
福建,2024-04,生产,福建|生产|2024-04,0,0,自动合成参数 DQN 实验版 / self-synthesized DQN experimental run,0.010457715933461266
福建,2024-05,生产,福建|生产|2024-05,0,0,自动合成参数 DQN 实验版 / self-synthesized DQN experimental run,0.009259653129680604
福建,2024-06,生产,福建|生产|2024-06,0,0,自动合成参数 DQN 实验版 / self-synthesized DQN experimental run,0.00914938056908187
福建,2024-07,生产,福建|生产|2024-07,0,0,自动合成参数 DQN 实验版 / self-synthesized DQN experimental run,0.008651956003225571
福建,2024-08,生产,福建|生产|2024-08,0,0,自动合成参数 DQN 实验版 / self-synthesized DQN experimental run,0.007581331229144061
福建,2024-09,生产,福建|生产|2024-09,1,1,自动合成参数 DQN 实验版 / self-synthesized DQN experimental run,0.27184327957572924
福建,2024-10,生产,福建|生产|2024-10,0,0,自动合成参数 DQN 实验版 / self-synthesized DQN experimental run,0.010075172557030205
福建,2024-11,生产,福建|生产|2024-11,0,0,自动合成参数 DQN 实验版 / self-synthesized DQN experimental run,0.009725146110047695
福建,2024-12,生产,福建|生产|2024-12,0,0,自动合成参数 DQN 实验版 / self-synthesized DQN experimental run,0.009513592421777435
福建,2023-01,餐饮,福建|餐饮|2023-01,1,1,自动合成参数 DQN 实验版 / self-synthesized DQN experimental run,0.175
福建,2023-02,餐饮,福建|餐饮|2023-02,0,0,自动合成参数 DQN 实验版 / self-synthesized DQN experimental run,0.08860759493670883
福建,2023-03,餐饮,福建|餐饮|2023-03,0,0,自动合成参数 DQN 实验版 / self-synthesized DQN experimental run,0.06031882809133993
福建,2023-04,餐饮,福建|餐饮|2023-04,0,0,自动合成参数 DQN 实验版 / self-synthesized DQN experimental run,0.03660178564425677
福建,2023-05,餐饮,福建|餐饮|2023-05,0,0,自动合成参数 DQN 实验版 / self-synthesized DQN experimental run,0.025670633849206086
福建,2023-06,餐饮,福建|餐饮|2023-06,0,0,自动合成参数 DQN 实验版 / self-synthesized DQN experimental run,0.01044696802357509
福建,2023-07,餐饮,福建|餐饮|2023-07,0,0,自动合成参数 DQN 实验版 / self-synthesized DQN experimental run,0.009621354013828971
福建,2023-08,餐饮,福建|餐饮|2023-08,0,0,自动合成参数 DQN 实验版 / self-synthesized DQN experimental run,0.00930639554894532
福建,2023-09,餐饮,福建|餐饮|2023-09,0,0,自动合成参数 DQN 实验版 / self-synthesized DQN experimental run,0.00590437096769548
福建,2023-10,餐饮,福建|餐饮|2023-10,0,0,自动合成参数 DQN 实验版 / self-synthesized DQN experimental run,0.00575050570675434
福建,2023-11,餐饮,福建|餐饮|2023-11,0,0,自动合成参数 DQN 实验版 / self-synthesized DQN experimental run,0.00435480450390314
福建,2023-12,餐饮,福建|餐饮|2023-12,0,0,自动合成参数 DQN 实验版 / self-synthesized DQN experimental run,0.006325461965453616
福建,2024-01,餐饮,福建|餐饮|2024-01,0,0,自动合成参数 DQN 实验版 / self-synthesized DQN experimental run,0.006100706579525535
福建,2024-02,餐饮,福建|餐饮|2024-02,0,0,自动合成参数 DQN 实验版 / self-synthesized DQN experimental run,0.006225589936335195
福建,2024-03,餐饮,福建|餐饮|2024-03,0,0,自动合成参数 DQN 实验版 / self-synthesized DQN experimental run,0.00610386954414616
福建,2024-04,餐饮,福建|餐饮|2024-04,0,0,自动合成参数 DQN 实验版 / self-synthesized DQN experimental run,0.006161491621798285
福建,2024-05,餐饮,福建|餐饮|2024-05,0,0,自动合成参数 DQN 实验版 / self-synthesized DQN experimental run,0.00629395676050112
福建,2024-06,餐饮,福建|餐饮|2024-06,0,0,自动合成参数 DQN 实验版 / self-synthesized DQN experimental run,0.006235358579213845
福建,2024-07,餐饮,福建|餐饮|2024-07,0,0,自动合成参数 DQN 实验版 / self-synthesized DQN experimental run,0.00559901691158527
福建,2024-08,餐饮,福建|餐饮|2024-08,0,0,自动合成参数 DQN 实验版 / self-synthesized DQN experimental run,0.00679456769262299
福建,2024-09,餐饮,福建|餐饮|2024-09,0,0,自动合成参数 DQN 实验版 / self-synthesized DQN experimental run,0.00576832387480245
福建,2024-10,餐饮,福建|餐饮|2024-10,0,0,自动合成参数 DQN 实验版 / self-synthesized DQN experimental run,0.00562600581988846
福建,2024-11,餐饮,福建|餐饮|2024-11,0,0,自动合成参数 DQN 实验版 / self-synthesized DQN experimental run,0.004999647178028106
福建,2024-12,餐饮,福建|餐饮|2024-12,0,0,自动合成参数 DQN 实验版 / self-synthesized DQN experimental run,0.0048496979889493304
西藏,2024-12,流通,西藏|流通|2024-12,1,1,自动合成参数 DQN 实验版 / self-synthesized DQN experimental run,0.23333333333333334
西藏,2023-05,餐饮,西藏|餐饮|2023-05,1,1,自动合成参数 DQN 实验版 / self-synthesized DQN experimental run,0.175
西藏,2023-10,餐饮,西藏|餐饮|2023-10,0,0,自动合成参数 DQN 实验版 / self-synthesized DQN experimental run,0.05882352941176467
西藏,2023-11,餐饮,西藏|餐饮|2023-11,0,0,自动合成参数 DQN 实验版 / self-synthesized DQN experimental run,0.04859423811176669
西藏,2023-12,餐饮,西藏|餐饮|2023-12,0,0,自动合成参数 DQN 实验版 / self-synthesized DQN experimental run,0.04170452345134719
西藏,2024-11,餐饮,西藏|餐饮|2024-11,0,0,自动合成参数 DQN 实验版 / self-synthesized DQN experimental run,0.05375206189549924
西藏,2024-12,餐饮,西藏|餐饮|2024-12,0,0,自动合成参数 DQN 实验版 / self-synthesized DQN experimental run,0.02488912175463196
贵州,2023-01,流通,贵州|流通|2023-01,0,0,自动合成参数 DQN 实验版 / self-synthesized DQN experimental run,0.07777777777777778
贵州,2023-02,流通,贵州|流通|2023-02,0,0,自动合成参数 DQN 实验版 / self-synthesized DQN experimental run,0.0396600566572238
贵州,2023-03,流通,贵州|流通|2023-03,0,0,自动合成参数 DQN 实验版 / self-synthesized DQN experimental run,0.029328584895778772
贵州,2023-04,流通,贵州|流通|2023-04,0,0,自动合成参数 DQN 实验版 / self-synthesized DQN experimental run,0.01636503376749374
贵州,2023-05,流通,贵州|流通|2023-05,0,0,自动合成参数 DQN 实验版 / self-synthesized DQN experimental run,0.029231529355934604
贵州,2023-06,流通,贵州|流通|2023-06,0,0,自动合成参数 DQN 实验版 / self-synthesized DQN experimental run,0.026311938725459262
贵州,2023-07,流通,贵州|流通|2023-07,0,0,自动合成参数 DQN 实验版 / self-synthesized DQN experimental run,0.020646822615286775
贵州,2023-08,流通,贵州|流通|2023-08,0,0,自动合成参数 DQN 实验版 / self-synthesized DQN experimental run,0.0173784945320295
贵州,2023-09,流通,贵州|流通|2023-09,0,0,自动合成参数 DQN 实验版 / self-synthesized DQN experimental run,0.015826570211061604
贵州,2023-10,流通,贵州|流通|2023-10,0,0,自动合成参数 DQN 实验版 / self-synthesized DQN experimental run,0.013411465270795269
贵州,2023-11,流通,贵州|流通|2023-11,0,0,自动合成参数 DQN 实验版 / self-synthesized DQN experimental run,0.011345191676246251
贵州,2023-12,流通,贵州|流通|2023-12,1,1,自动合成参数 DQN 实验版 / self-synthesized DQN experimental run,0.20265855311070413
贵州,2024-01,流通,贵州|流通|2024-01,0,0,自动合成参数 DQN 实验版 / self-synthesized DQN experimental run,0.014652616405753185
贵州,2024-02,流通,贵州|流通|2024-02,0,0,自动合成参数 DQN 实验版 / self-synthesized DQN experimental run,0.013641736598573071
贵州,2024-03,流通,贵州|流通|2024-03,1,1,自动合成参数 DQN 实验版 / self-synthesized DQN experimental run,0.27159153636579686
贵州,2024-04,流通,贵州|流通|2024-04,0,0,自动合成参数 DQN 实验版 / self-synthesized DQN experimental run,0.019468450456484536
贵州,2024-05,流通,贵州|流通|2024-05,0,0,自动合成参数 DQN 实验版 / self-synthesized DQN experimental run,0.023411904006554227
贵州,2024-06,流通,贵州|流通|2024-06,0,0,自动合成参数 DQN 实验版 / self-synthesized DQN experimental run,0.021428226352859975
贵州,2024-07,流通,贵州|流通|2024-07,0,0,自动合成参数 DQN 实验版 / self-synthesized DQN experimental run,0.024588139725339585
贵州,2024-08,流通,贵州|流通|2024-08,0,0,自动合成参数 DQN 实验版 / self-synthesized DQN experimental run,0.02564131340945889
贵州,2024-09,流通,贵州|流通|2024-09,0,0,自动合成参数 DQN 实验版 / self-synthesized DQN experimental run,0.0245291905106743
贵州,2024-10,流通,贵州|流通|2024-10,0,0,自动合成参数 DQN 实验版 / self-synthesized DQN experimental run,0.023015939636899917
贵州,2024-11,流通,贵州|流通|2024-11,2,3,自动合成参数 DQN 实验版 / self-synthesized DQN experimental run,0.27551418197817956
贵州,2024-12,流通,贵州|流通|2024-12,0,0,自动合成参数 DQN 实验版 / self-synthesized DQN experimental run,0.02620454295557446
贵州,2023-01,生产,贵州|生产|2023-01,0,0,自动合成参数 DQN 实验版 / self-synthesized DQN experimental run,0.14
贵州,2023-02,生产,贵州|生产|2023-02,0,0,自动合成参数 DQN 实验版 / self-synthesized DQN experimental run,0.0774410774410774
贵州,2023-08,生产,贵州|生产|2023-08,0,0,自动合成参数 DQN 实验版 / self-synthesized DQN experimental run,0.06956655869196356
贵州,2023-09,生产,贵州|生产|2023-09,0,0,自动合成参数 DQN 实验版 / self-synthesized DQN experimental run,0.06704956166604782
贵州,2023-10,生产,贵州|生产|2023-10,0,0,自动合成参数 DQN 实验版 / self-synthesized DQN experimental run,0.05491624475314698
贵州,2023-11,生产,贵州|生产|2023-11,0,0,自动合成参数 DQN 实验版 / self-synthesized DQN experimental run,0.051069977766853146
贵州,2023-12,生产,贵州|生产|2023-12,0,0,自动合成参数 DQN 实验版 / self-synthesized DQN experimental run,0.04040951179638688
贵州,2024-01,生产,贵州|生产|2024-01,0,0,自动合成参数 DQN 实验版 / self-synthesized DQN experimental run,0.03352984913423449
贵州,2024-02,生产,贵州|生产|2024-02,0,0,自动合成参数 DQN 实验版 / self-synthesized DQN experimental run,0.03239864772415684
贵州,2024-07,生产,贵州|生产|2024-07,0,0,自动合成参数 DQN 实验版 / self-synthesized DQN experimental run,0.0323779437579777
贵州,2024-08,生产,贵州|生产|2024-08,0,0,自动合成参数 DQN 实验版 / self-synthesized DQN experimental run,0.032357687948122806
贵州,2024-10,生产,贵州|生产|2024-10,0,0,自动合成参数 DQN 实验版 / self-synthesized DQN experimental run,0.032337891668102414
贵州,2024-11,生产,贵州|生产|2024-11,0,0,自动合成参数 DQN 实验版 / self-synthesized DQN experimental run,0.03126168690323791
贵州,2024-12,生产,贵州|生产|2024-12,0,0,自动合成参数 DQN 实验版 / self-synthesized DQN experimental run,0.026090004554185676
贵州,2023-02,餐饮,贵州|餐饮|2023-02,0,0,自动合成参数 DQN 实验版 / self-synthesized DQN experimental run,0.07777777777777778
贵州,2023-04,餐饮,贵州|餐饮|2023-04,0,0,自动合成参数 DQN 实验版 / self-synthesized DQN experimental run,0.01811125485122898
贵州,2023-05,餐饮,贵州|餐饮|2023-05,0,0,自动合成参数 DQN 实验版 / self-synthesized DQN experimental run,0.01850994909763993
贵州,2023-06,餐饮,贵州|餐饮|2023-06,0,0,自动合成参数 DQN 实验版 / self-synthesized DQN experimental run,0.01706209077641649
贵州,2023-07,餐饮,贵州|餐饮|2023-07,0,0,自动合成参数 DQN 实验版 / self-synthesized DQN experimental run,0.01226450104779354
贵州,2023-08,餐饮,贵州|餐饮|2023-08,0,0,自动合成参数 DQN 实验版 / self-synthesized DQN experimental run,0.007343566630587951
贵州,2023-09,餐饮,贵州|餐饮|2023-09,0,0,自动合成参数 DQN 实验版 / self-synthesized DQN experimental run,0.00695441709170558
贵州,2023-10,餐饮,贵州|餐饮|2023-10,1,1,自动合成参数 DQN 实验版 / self-synthesized DQN experimental run,0.27843574729681164
贵州,2023-11,餐饮,贵州|餐饮|2023-11,0,0,自动合成参数 DQN 实验版 / self-synthesized DQN experimental run,0.02047076097489108
贵州,2023-12,餐饮,贵州|餐饮|2023-12,2,3,自动合成参数 DQN 实验版 / self-synthesized DQN experimental run,0.27308966602674867
贵州,2024-01,餐饮,贵州|餐饮|2024-01,0,0,自动合成参数 DQN 实验版 / self-synthesized DQN experimental run,0.01738701970294674
贵州,2024-02,餐饮,贵州|餐饮|2024-02,0,0,自动合成参数 DQN 实验版 / self-synthesized DQN experimental run,0.01746376290056328
贵州,2024-03,餐饮,贵州|餐饮|2024-03,0,0,自动合成参数 DQN 实验版 / self-synthesized DQN experimental run,0.017195591509375368
贵州,2024-04,餐饮,贵州|餐饮|2024-04,0,0,自动合成参数 DQN 实验版 / self-synthesized DQN experimental run,0.01684192889906429
贵州,2024-05,餐饮,贵州|餐饮|2024-05,0,0,自动合成参数 DQN 实验版 / self-synthesized DQN experimental run,0.016929163731469007
贵州,2024-06,餐饮,贵州|餐饮|2024-06,0,0,自动合成参数 DQN 实验版 / self-synthesized DQN experimental run,0.01674164862315134
贵州,2024-07,餐饮,贵州|餐饮|2024-07,0,0,自动合成参数 DQN 实验版 / self-synthesized DQN experimental run,0.01646085371111678
贵州,2024-08,餐饮,贵州|餐饮|2024-08,0,0,自动合成参数 DQN 实验版 / self-synthesized DQN experimental run,0.01317918576325057
贵州,2024-09,餐饮,贵州|餐饮|2024-09,0,0,自动合成参数 DQN 实验版 / self-synthesized DQN experimental run,0.01308805788250996
贵州,2024-10,餐饮,贵州|餐饮|2024-10,1,1,自动合成参数 DQN 实验版 / self-synthesized DQN experimental run,0.26891417408084345
贵州,2024-11,餐饮,贵州|餐饮|2024-11,0,0,自动合成参数 DQN 实验版 / self-synthesized DQN experimental run,0.01687204021838601
贵州,2024-12,餐饮,贵州|餐饮|2024-12,2,3,自动合成参数 DQN 实验版 / self-synthesized DQN experimental run,0.286508004958335
辽宁,2023-01,流通,辽宁|流通|2023-01,0,0,自动合成参数 DQN 实验版 / self-synthesized DQN experimental run,0.0175
辽宁,2023-02,流通,辽宁|流通|2023-02,0,0,自动合成参数 DQN 实验版 / self-synthesized DQN experimental run,0.01739788199697428
辽宁,2023-03,流通,辽宁|流通|2023-03,0,0,自动合成参数 DQN 实验版 / self-synthesized DQN experimental run,0.01376762928139685
辽宁,2023-04,流通,辽宁|流通|2023-04,0,0,自动合成参数 DQN 实验版 / self-synthesized DQN experimental run,0.009974053259573335
辽宁,2023-05,流通,辽宁|流通|2023-05,0,0,自动合成参数 DQN 实验版 / self-synthesized DQN experimental run,0.00767605900771259
辽宁,2023-06,流通,辽宁|流通|2023-06,0,0,自动合成参数 DQN 实验版 / self-synthesized DQN experimental run,0.00703782434326204
辽宁,2023-07,流通,辽宁|流通|2023-07,0,0,自动合成参数 DQN 实验版 / self-synthesized DQN experimental run,0.00480984762313946
辽宁,2023-08,流通,辽宁|流通|2023-08,0,0,自动合成参数 DQN 实验版 / self-synthesized DQN experimental run,0.005064623595618305
辽宁,2023-09,流通,辽宁|流通|2023-09,0,0,自动合成参数 DQN 实验版 / self-synthesized DQN experimental run,0.0042896735448524756
辽宁,2023-10,流通,辽宁|流通|2023-10,0,0,自动合成参数 DQN 实验版 / self-synthesized DQN experimental run,0.005821650700796895
辽宁,2023-11,流通,辽宁|流通|2023-11,0,0,自动合成参数 DQN 实验版 / self-synthesized DQN experimental run,0.006418965100379386
辽宁,2023-12,流通,辽宁|流通|2023-12,0,0,自动合成参数 DQN 实验版 / self-synthesized DQN experimental run,0.006980149638685335
辽宁,2024-01,流通,辽宁|流通|2024-01,0,0,自动合成参数 DQN 实验版 / self-synthesized DQN experimental run,0.00733697246067972
辽宁,2024-02,流通,辽宁|流通|2024-02,0,0,自动合成参数 DQN 实验版 / self-synthesized DQN experimental run,0.006894335766376725
辽宁,2024-03,流通,辽宁|流通|2024-03,0,0,自动合成参数 DQN 实验版 / self-synthesized DQN experimental run,0.00677022765098601
辽宁,2024-04,流通,辽宁|流通|2024-04,0,0,自动合成参数 DQN 实验版 / self-synthesized DQN experimental run,0.00713964132741645
辽宁,2024-05,流通,辽宁|流通|2024-05,0,0,自动合成参数 DQN 实验版 / self-synthesized DQN experimental run,0.0068286131863309705
辽宁,2024-06,流通,辽宁|流通|2024-06,0,0,自动合成参数 DQN 实验版 / self-synthesized DQN experimental run,0.006213412171252985
辽宁,2024-07,流通,辽宁|流通|2024-07,0,0,自动合成参数 DQN 实验版 / self-synthesized DQN experimental run,0.00668207431157878
辽宁,2024-08,流通,辽宁|流通|2024-08,0,0,自动合成参数 DQN 实验版 / self-synthesized DQN experimental run,0.00613262334085008
辽宁,2024-09,流通,辽宁|流通|2024-09,0,0,自动合成参数 DQN 实验版 / self-synthesized DQN experimental run,0.006633752775045655
辽宁,2024-10,流通,辽宁|流通|2024-10,0,0,自动合成参数 DQN 实验版 / self-synthesized DQN experimental run,0.0067062528788234405
辽宁,2024-11,流通,辽宁|流通|2024-11,0,0,自动合成参数 DQN 实验版 / self-synthesized DQN experimental run,0.00640857919909022
辽宁,2024-12,流通,辽宁|流通|2024-12,0,0,自动合成参数 DQN 实验版 / self-synthesized DQN experimental run,0.0074374848689951496
辽宁,2023-01,生产,辽宁|生产|2023-01,0,0,自动合成参数 DQN 实验版 / self-synthesized DQN experimental run,0.14
辽宁,2023-02,生产,辽宁|生产|2023-02,0,0,自动合成参数 DQN 实验版 / self-synthesized DQN experimental run,0.0774410774410774
辽宁,2023-04,生产,辽宁|生产|2023-04,0,0,自动合成参数 DQN 实验版 / self-synthesized DQN experimental run,0.06956655869196356
辽宁,2023-05,生产,辽宁|生产|2023-05,0,0,自动合成参数 DQN 实验版 / self-synthesized DQN experimental run,0.06704956166604782
辽宁,2023-06,生产,辽宁|生产|2023-06,0,0,自动合成参数 DQN 实验版 / self-synthesized DQN experimental run,0.05491624475314698
辽宁,2023-07,生产,辽宁|生产|2023-07,0,0,自动合成参数 DQN 实验版 / self-synthesized DQN experimental run,0.034533729952242014
辽宁,2023-08,生产,辽宁|生产|2023-08,0,0,自动合成参数 DQN 实验版 / self-synthesized DQN experimental run,0.025294757810667295
辽宁,2023-09,生产,辽宁|生产|2023-09,0,0,自动合成参数 DQN 实验版 / self-synthesized DQN experimental run,0.022183060735984327
辽宁,2023-10,生产,辽宁|生产|2023-10,0,0,自动合成参数 DQN 实验版 / self-synthesized DQN experimental run,0.020186475612074047
辽宁,2023-11,生产,辽宁|生产|2023-11,0,0,自动合成参数 DQN 实验版 / self-synthesized DQN experimental run,0.02167436222553832
辽宁,2023-12,生产,辽宁|生产|2023-12,0,0,自动合成参数 DQN 实验版 / self-synthesized DQN experimental run,0.019710935741013912
辽宁,2024-02,生产,辽宁|生产|2024-02,0,0,自动合成参数 DQN 实验版 / self-synthesized DQN experimental run,0.01856081050476144
辽宁,2024-06,生产,辽宁|生产|2024-06,0,0,自动合成参数 DQN 实验版 / self-synthesized DQN experimental run,0.016876602864582382
辽宁,2024-07,生产,辽宁|生产|2024-07,0,0,自动合成参数 DQN 实验版 / self-synthesized DQN experimental run,0.016044221685847397
辽宁,2024-08,生产,辽宁|生产|2024-08,0,0,自动合成参数 DQN 实验版 / self-synthesized DQN experimental run,0.015292627207841586
辽宁,2024-09,生产,辽宁|生产|2024-09,0,0,自动合成参数 DQN 实验版 / self-synthesized DQN experimental run,0.012684334502393372
辽宁,2024-10,生产,辽宁|生产|2024-10,0,0,自动合成参数 DQN 实验版 / self-synthesized DQN experimental run,0.012259476004732265
辽宁,2024-11,生产,辽宁|生产|2024-11,0,0,自动合成参数 DQN 实验版 / self-synthesized DQN experimental run,0.01152225328380345
辽宁,2024-12,生产,辽宁|生产|2024-12,0,0,自动合成参数 DQN 实验版 / self-synthesized DQN experimental run,0.010210729628906623
辽宁,2023-02,餐饮,辽宁|餐饮|2023-02,0,0,自动合成参数 DQN 实验版 / self-synthesized DQN experimental run,0.05750000000000001
辽宁,2023-03,餐饮,辽宁|餐饮|2023-03,0,0,自动合成参数 DQN 实验版 / self-synthesized DQN experimental run,0.05101809954751127
辽宁,2023-04,餐饮,辽宁|餐饮|2023-04,0,0,自动合成参数 DQN 实验版 / self-synthesized DQN experimental run,0.047894565923360014
辽宁,2023-05,餐饮,辽宁|餐饮|2023-05,0,0,自动合成参数 DQN 实验版 / self-synthesized DQN experimental run,0.041697708355334526
辽宁,2023-06,餐饮,辽宁|餐饮|2023-06,0,0,自动合成参数 DQN 实验版 / self-synthesized DQN experimental run,0.018126440522627758
辽宁,2023-07,餐饮,辽宁|餐饮|2023-07,0,0,自动合成参数 DQN 实验版 / self-synthesized DQN experimental run,0.013103119595625764
辽宁,2023-08,餐饮,辽宁|餐饮|2023-08,0,0,自动合成参数 DQN 实验版 / self-synthesized DQN experimental run,0.0076869364894418
辽宁,2023-09,餐饮,辽宁|餐饮|2023-09,0,0,自动合成参数 DQN 实验版 / self-synthesized DQN experimental run,0.0070683663041733145
辽宁,2023-10,餐饮,辽宁|餐饮|2023-10,0,0,自动合成参数 DQN 实验版 / self-synthesized DQN experimental run,0.005444089977473735
辽宁,2023-11,餐饮,辽宁|餐饮|2023-11,0,0,自动合成参数 DQN 实验版 / self-synthesized DQN experimental run,0.00444377195427658
辽宁,2023-12,餐饮,辽宁|餐饮|2023-12,0,0,自动合成参数 DQN 实验版 / self-synthesized DQN experimental run,0.00372315691398165
辽宁,2024-01,餐饮,辽宁|餐饮|2024-01,0,0,自动合成参数 DQN 实验版 / self-synthesized DQN experimental run,0.00378658042913946
辽宁,2024-02,餐饮,辽宁|餐饮|2024-02,0,0,自动合成参数 DQN 实验版 / self-synthesized DQN experimental run,0.0038664167037285946
辽宁,2024-03,餐饮,辽宁|餐饮|2024-03,0,0,自动合成参数 DQN 实验版 / self-synthesized DQN experimental run,0.00391441052950008
辽宁,2024-04,餐饮,辽宁|餐饮|2024-04,0,0,自动合成参数 DQN 实验版 / self-synthesized DQN experimental run,0.00399678858142945
辽宁,2024-05,餐饮,辽宁|餐饮|2024-05,0,0,自动合成参数 DQN 实验版 / self-synthesized DQN experimental run,0.00392185548908121
辽宁,2024-06,餐饮,辽宁|餐饮|2024-06,0,0,自动合成参数 DQN 实验版 / self-synthesized DQN experimental run,0.003802692786953175
辽宁,2024-07,餐饮,辽宁|餐饮|2024-07,0,0,自动合成参数 DQN 实验版 / self-synthesized DQN experimental run,0.00334577710591309
辽宁,2024-08,餐饮,辽宁|餐饮|2024-08,0,0,自动合成参数 DQN 实验版 / self-synthesized DQN experimental run,0.002778359335146825
辽宁,2024-09,餐饮,辽宁|餐饮|2024-09,0,0,自动合成参数 DQN 实验版 / self-synthesized DQN experimental run,0.00242578313111965
辽宁,2024-10,餐饮,辽宁|餐饮|2024-10,0,0,自动合成参数 DQN 实验版 / self-synthesized DQN experimental run,0.00225040173095064
辽宁,2024-11,餐饮,辽宁|餐饮|2024-11,0,0,自动合成参数 DQN 实验版 / self-synthesized DQN experimental run,0.0020877087130818997
辽宁,2024-12,餐饮,辽宁|餐饮|2024-12,0,0,自动合成参数 DQN 实验版 / self-synthesized DQN experimental run,0.00190719775169017
进口,2024-01,流通,进口|流通|2024-01,1,1,自动合成参数 DQN 实验版 / self-synthesized DQN experimental run,0.23333333333333334
进口,2024-11,流通,进口|流通|2024-11,0,0,自动合成参数 DQN 实验版 / self-synthesized DQN experimental run,0.14141414141414138
进口,2023-11,餐饮,进口|餐饮|2023-11,1,1,自动合成参数 DQN 实验版 / self-synthesized DQN experimental run,0.23333333333333334
重庆,2023-01,流通,重庆|流通|2023-01,0,0,自动合成参数 DQN 实验版 / self-synthesized DQN experimental run,0.03888888888888885
重庆,2023-02,流通,重庆|流通|2023-02,0,0,自动合成参数 DQN 实验版 / self-synthesized DQN experimental run,0.0393835616438356
重庆,2023-03,流通,重庆|流通|2023-03,0,0,自动合成参数 DQN 实验版 / self-synthesized DQN experimental run,0.02459642233856891
重庆,2023-04,流通,重庆|流通|2023-04,0,0,自动合成参数 DQN 实验版 / self-synthesized DQN experimental run,0.019877174381828615
重庆,2023-05,流通,重庆|流通|2023-05,0,0,自动合成参数 DQN 实验版 / self-synthesized DQN experimental run,0.01530063509644103
重庆,2023-06,流通,重庆|流通|2023-06,0,0,自动合成参数 DQN 实验版 / self-synthesized DQN experimental run,0.010107608992533134
重庆,2023-07,流通,重庆|流通|2023-07,0,0,自动合成参数 DQN 实验版 / self-synthesized DQN experimental run,0.008857432340445935
重庆,2023-08,流通,重庆|流通|2023-08,0,0,自动合成参数 DQN 实验版 / self-synthesized DQN experimental run,0.0072834895394892855
重庆,2023-09,流通,重庆|流通|2023-09,0,0,自动合成参数 DQN 实验版 / self-synthesized DQN experimental run,0.00873928883319203
重庆,2023-10,流通,重庆|流通|2023-10,0,0,自动合成参数 DQN 实验版 / self-synthesized DQN experimental run,0.011791100026042485
重庆,2023-11,流通,重庆|流通|2023-11,0,0,自动合成参数 DQN 实验版 / self-synthesized DQN experimental run,0.01388360726037705
重庆,2023-12,流通,重庆|流通|2023-12,0,0,自动合成参数 DQN 实验版 / self-synthesized DQN experimental run,0.011393543542071715
重庆,2024-01,流通,重庆|流通|2024-01,0,0,自动合成参数 DQN 实验版 / self-synthesized DQN experimental run,0.01092138804740115
重庆,2024-02,流通,重庆|流通|2024-02,0,0,自动合成参数 DQN 实验版 / self-synthesized DQN experimental run,0.01035914625721334
重庆,2024-03,流通,重庆|流通|2024-03,0,0,自动合成参数 DQN 实验版 / self-synthesized DQN experimental run,0.010135927437145476
重庆,2024-04,流通,重庆|流通|2024-04,0,0,自动合成参数 DQN 实验版 / self-synthesized DQN experimental run,0.009694346311503965
重庆,2024-05,流通,重庆|流通|2024-05,0,0,自动合成参数 DQN 实验版 / self-synthesized DQN experimental run,0.011118075338780625
重庆,2024-06,流通,重庆|流通|2024-06,0,0,自动合成参数 DQN 实验版 / self-synthesized DQN experimental run,0.01418945623902715
重庆,2024-07,流通,重庆|流通|2024-07,0,0,自动合成参数 DQN 实验版 / self-synthesized DQN experimental run,0.014193082192929555
重庆,2024-08,流通,重庆|流通|2024-08,0,0,自动合成参数 DQN 实验版 / self-synthesized DQN experimental run,0.013119470368112365
重庆,2024-09,流通,重庆|流通|2024-09,0,0,自动合成参数 DQN 实验版 / self-synthesized DQN experimental run,0.011516532790323044
重庆,2024-10,流通,重庆|流通|2024-10,0,0,自动合成参数 DQN 实验版 / self-synthesized DQN experimental run,0.0110290463745988
重庆,2024-11,流通,重庆|流通|2024-11,0,0,自动合成参数 DQN 实验版 / self-synthesized DQN experimental run,0.011083443734512834
重庆,2024-12,流通,重庆|流通|2024-12,0,0,自动合成参数 DQN 实验版 / self-synthesized DQN experimental run,0.013957939278280354
重庆,2023-01,生产,重庆|生产|2023-01,0,0,自动合成参数 DQN 实验版 / self-synthesized DQN experimental run,0.06363636363636363
重庆,2023-02,生产,重庆|生产|2023-02,0,0,自动合成参数 DQN 实验版 / self-synthesized DQN experimental run,0.051660516605166004
重庆,2023-03,生产,重庆|生产|2023-03,0,0,自动合成参数 DQN 实验版 / self-synthesized DQN experimental run,0.08230452674897118
重庆,2023-04,生产,重庆|生产|2023-04,0,0,自动合成参数 DQN 实验版 / self-synthesized DQN experimental run,0.06136430121572069
重庆,2023-05,生产,重庆|生产|2023-05,0,0,自动合成参数 DQN 实验版 / self-synthesized DQN experimental run,0.061622295529379034
重庆,2023-06,生产,重庆|生产|2023-06,0,0,自动合成参数 DQN 实验版 / self-synthesized DQN experimental run,0.04617981900820097
重庆,2023-07,生产,重庆|生产|2023-07,0,0,自动合成参数 DQN 实验版 / self-synthesized DQN experimental run,0.04366605266861672
重庆,2023-08,生产,重庆|生产|2023-08,0,0,自动合成参数 DQN 实验版 / self-synthesized DQN experimental run,0.0423467032238575
重庆,2023-09,生产,重庆|生产|2023-09,0,0,自动合成参数 DQN 实验版 / self-synthesized DQN experimental run,0.03758783102397829
重庆,2023-10,生产,重庆|生产|2023-10,0,0,自动合成参数 DQN 实验版 / self-synthesized DQN experimental run,0.03443366735214448
重庆,2023-11,生产,重庆|生产|2023-11,0,0,自动合成参数 DQN 实验版 / self-synthesized DQN experimental run,0.03236374756622134
重庆,2023-12,生产,重庆|生产|2023-12,0,0,自动合成参数 DQN 实验版 / self-synthesized DQN experimental run,0.03903235204710298
重庆,2024-03,生产,重庆|生产|2024-03,0,0,自动合成参数 DQN 实验版 / self-synthesized DQN experimental run,0.03813412130358233
重庆,2024-04,生产,重庆|生产|2024-04,0,0,自动合成参数 DQN 实验版 / self-synthesized DQN experimental run,0.03398171999729204
重庆,2024-06,生产,重庆|生产|2024-06,0,0,自动合成参数 DQN 实验版 / self-synthesized DQN experimental run,0.02666970326109325
重庆,2024-07,生产,重庆|生产|2024-07,0,0,自动合成参数 DQN 实验版 / self-synthesized DQN experimental run,0.02598504018528832
重庆,2024-09,生产,重庆|生产|2024-09,0,0,自动合成参数 DQN 实验版 / self-synthesized DQN experimental run,0.023944243197672143
重庆,2024-10,生产,重庆|生产|2024-10,0,0,自动合成参数 DQN 实验版 / self-synthesized DQN experimental run,0.021898312754437994
重庆,2024-11,生产,重庆|生产|2024-11,0,0,自动合成参数 DQN 实验版 / self-synthesized DQN experimental run,0.021195113734243064
重庆,2024-12,生产,重庆|生产|2024-12,0,0,自动合成参数 DQN 实验版 / self-synthesized DQN experimental run,0.01779659508111037
重庆,2023-05,餐饮,重庆|餐饮|2023-05,0,0,自动合成参数 DQN 实验版 / self-synthesized DQN experimental run,0.06363636363636363
重庆,2023-06,餐饮,重庆|餐饮|2023-06,0,0,自动合成参数 DQN 实验版 / self-synthesized DQN experimental run,0.00756347920043219
重庆,2023-07,餐饮,重庆|餐饮|2023-07,0,0,自动合成参数 DQN 实验版 / self-synthesized DQN experimental run,0.00686123159107057
重庆,2023-08,餐饮,重庆|餐饮|2023-08,0,0,自动合成参数 DQN 实验版 / self-synthesized DQN experimental run,0.006929226611694801
重庆,2023-09,餐饮,重庆|餐饮|2023-09,0,0,自动合成参数 DQN 实验版 / self-synthesized DQN experimental run,0.00613656632485806
重庆,2023-10,餐饮,重庆|餐饮|2023-10,0,0,自动合成参数 DQN 实验版 / self-synthesized DQN experimental run,0.00571583524514198
重庆,2023-11,餐饮,重庆|餐饮|2023-11,0,0,自动合成参数 DQN 实验版 / self-synthesized DQN experimental run,0.00474758284208544
重庆,2023-12,餐饮,重庆|餐饮|2023-12,0,0,自动合成参数 DQN 实验版 / self-synthesized DQN experimental run,0.00339523528205603
重庆,2024-03,餐饮,重庆|餐饮|2024-03,0,0,自动合成参数 DQN 实验版 / self-synthesized DQN experimental run,0.00353601939852245
重庆,2024-04,餐饮,重庆|餐饮|2024-04,0,0,自动合成参数 DQN 实验版 / self-synthesized DQN experimental run,0.0036238527950148303
重庆,2024-06,餐饮,重庆|餐饮|2024-06,0,0,自动合成参数 DQN 实验版 / self-synthesized DQN experimental run,0.00243388228237574
重庆,2024-07,餐饮,重庆|餐饮|2024-07,0,0,自动合成参数 DQN 实验版 / self-synthesized DQN experimental run,0.0023622629226737104
重庆,2024-08,餐饮,重庆|餐饮|2024-08,0,0,自动合成参数 DQN 实验版 / self-synthesized DQN experimental run,0.0024769140023311598
重庆,2024-09,餐饮,重庆|餐饮|2024-09,0,0,自动合成参数 DQN 实验版 / self-synthesized DQN experimental run,0.0023523145950976
重庆,2024-10,餐饮,重庆|餐饮|2024-10,0,0,自动合成参数 DQN 实验版 / self-synthesized DQN experimental run,0.0021618264045750396
重庆,2024-11,餐饮,重庆|餐饮|2024-11,0,0,自动合成参数 DQN 实验版 / self-synthesized DQN experimental run,0.00214914931598864
重庆,2024-12,餐饮,重庆|餐饮|2024-12,0,0,自动合成参数 DQN 实验版 / self-synthesized DQN experimental run,0.0018395649462484703
陕西,2023-01,流通,陕西|流通|2023-01,0,0,自动合成参数 DQN 实验版 / self-synthesized DQN experimental run,0.03181818181818178
陕西,2023-03,流通,陕西|流通|2023-03,0,0,自动合成参数 DQN 实验版 / self-synthesized DQN experimental run,0.026923076923076883
陕西,2023-04,流通,陕西|流通|2023-04,0,0,自动合成参数 DQN 实验版 / self-synthesized DQN experimental run,0.026119402985074633
陕西,2023-05,流通,陕西|流通|2023-05,0,0,自动合成参数 DQN 实验版 / self-synthesized DQN experimental run,0.02217997465145749
陕西,2023-06,流通,陕西|流通|2023-06,0,0,自动合成参数 DQN 实验版 / self-synthesized DQN experimental run,0.03584564553332087
陕西,2023-07,流通,陕西|流通|2023-07,0,0,自动合成参数 DQN 实验版 / self-synthesized DQN experimental run,0.03887584128306293
陕西,2023-08,流通,陕西|流通|2023-08,0,0,自动合成参数 DQN 实验版 / self-synthesized DQN experimental run,0.03434846980352641
陕西,2023-09,流通,陕西|流通|2023-09,0,0,自动合成参数 DQN 实验版 / self-synthesized DQN experimental run,0.028960472167444372
陕西,2023-10,流通,陕西|流通|2023-10,0,0,自动合成参数 DQN 实验版 / self-synthesized DQN experimental run,0.02924854394899971
陕西,2023-11,流通,陕西|流通|2023-11,0,0,自动合成参数 DQN 实验版 / self-synthesized DQN experimental run,0.023352260240583553
陕西,2023-12,流通,陕西|流通|2023-12,0,0,自动合成参数 DQN 实验版 / self-synthesized DQN experimental run,0.017666692210402443
陕西,2024-01,流通,陕西|流通|2024-01,0,0,自动合成参数 DQN 实验版 / self-synthesized DQN experimental run,0.01646996127684444
陕西,2024-02,流通,陕西|流通|2024-02,0,0,自动合成参数 DQN 实验版 / self-synthesized DQN experimental run,0.01585198558218701
陕西,2024-03,流通,陕西|流通|2024-03,0,0,自动合成参数 DQN 实验版 / self-synthesized DQN experimental run,0.01527397562240819
陕西,2024-04,流通,陕西|流通|2024-04,0,0,自动合成参数 DQN 实验版 / self-synthesized DQN experimental run,0.015155804272869
陕西,2024-05,流通,陕西|流通|2024-05,0,0,自动合成参数 DQN 实验版 / self-synthesized DQN experimental run,0.01819046639328195
陕西,2024-06,流通,陕西|流通|2024-06,0,0,自动合成参数 DQN 实验版 / self-synthesized DQN experimental run,0.01617654185417451
陕西,2024-07,流通,陕西|流通|2024-07,0,0,自动合成参数 DQN 实验版 / self-synthesized DQN experimental run,0.015511976861106301
陕西,2024-08,流通,陕西|流通|2024-08,0,0,自动合成参数 DQN 实验版 / self-synthesized DQN experimental run,0.01489231169932387
陕西,2024-09,流通,陕西|流通|2024-09,0,0,自动合成参数 DQN 实验版 / self-synthesized DQN experimental run,0.01375161947618149
陕西,2024-10,流通,陕西|流通|2024-10,0,0,自动合成参数 DQN 实验版 / self-synthesized DQN experimental run,0.012668633134866134
陕西,2024-11,流通,陕西|流通|2024-11,0,0,自动合成参数 DQN 实验版 / self-synthesized DQN experimental run,0.011736027816417771
陕西,2024-12,流通,陕西|流通|2024-12,0,0,自动合成参数 DQN 实验版 / self-synthesized DQN experimental run,0.012856327278065316
陕西,2023-02,生产,陕西|生产|2023-02,1,1,自动合成参数 DQN 实验版 / self-synthesized DQN experimental run,0.23333333333333334
陕西,2023-06,生产,陕西|生产|2023-06,1,1,自动合成参数 DQN 实验版 / self-synthesized DQN experimental run,0.1772151898734177
陕西,2023-07,生产,陕西|生产|2023-07,0,0,自动合成参数 DQN 实验版 / self-synthesized DQN experimental run,0.14425553838227717
陕西,2024-05,生产,陕西|生产|2024-05,0,0,自动合成参数 DQN 实验版 / self-synthesized DQN experimental run,0.12259462772827774
陕西,2024-06,生产,陕西|生产|2024-06,0,0,自动合成参数 DQN 实验版 / self-synthesized DQN experimental run,0.08211739708380586
陕西,2024-09,生产,陕西|生产|2024-09,0,0,自动合成参数 DQN 实验版 / self-synthesized DQN experimental run,0.07610215885856815
陕西,2024-12,生产,陕西|生产|2024-12,0,0,自动合成参数 DQN 实验版 / self-synthesized DQN experimental run,0.06458604817290815
陕西,2023-01,餐饮,陕西|餐饮|2023-01,1,1,自动合成参数 DQN 实验版 / self-synthesized DQN experimental run,0.175
陕西,2023-03,餐饮,陕西|餐饮|2023-03,0,0,自动合成参数 DQN 实验版 / self-synthesized DQN experimental run,0.02005730659025786
陕西,2023-05,餐饮,陕西|餐饮|2023-05,0,0,自动合成参数 DQN 实验版 / self-synthesized DQN experimental run,0.02043497299664282
陕西,2023-07,餐饮,陕西|餐饮|2023-07,0,0,自动合成参数 DQN 实验版 / self-synthesized DQN experimental run,0.0111745666862221
陕西,2023-08,餐饮,陕西|餐饮|2023-08,0,0,自动合成参数 DQN 实验版 / self-synthesized DQN experimental run,0.011549223098198662
陕西,2023-09,餐饮,陕西|餐饮|2023-09,0,0,自动合成参数 DQN 实验版 / self-synthesized DQN experimental run,0.01019225050615212
陕西,2023-10,餐饮,陕西|餐饮|2023-10,0,0,自动合成参数 DQN 实验版 / self-synthesized DQN experimental run,0.008890905941230959
陕西,2023-11,餐饮,陕西|餐饮|2023-11,0,0,自动合成参数 DQN 实验版 / self-synthesized DQN experimental run,0.008054816091026986
陕西,2023-12,餐饮,陕西|餐饮|2023-12,0,0,自动合成参数 DQN 实验版 / self-synthesized DQN experimental run,0.010952498890876714
陕西,2024-01,餐饮,陕西|餐饮|2024-01,0,0,自动合成参数 DQN 实验版 / self-synthesized DQN experimental run,0.00982193136994222
陕西,2024-02,餐饮,陕西|餐饮|2024-02,0,0,自动合成参数 DQN 实验版 / self-synthesized DQN experimental run,0.009918744054919174
陕西,2024-05,餐饮,陕西|餐饮|2024-05,0,0,自动合成参数 DQN 实验版 / self-synthesized DQN experimental run,0.010088210819933646
陕西,2024-07,餐饮,陕西|餐饮|2024-07,0,0,自动合成参数 DQN 实验版 / self-synthesized DQN experimental run,0.00924515408665789
陕西,2024-08,餐饮,陕西|餐饮|2024-08,1,1,自动合成参数 DQN 实验版 / self-synthesized DQN experimental run,0.25842895200211846
陕西,2024-09,餐饮,陕西|餐饮|2024-09,0,0,自动合成参数 DQN 实验版 / self-synthesized DQN experimental run,0.012763757000463841
陕西,2024-10,餐饮,陕西|餐饮|2024-10,0,0,自动合成参数 DQN 实验版 / self-synthesized DQN experimental run,0.011656691959725286
陕西,2024-11,餐饮,陕西|餐饮|2024-11,0,0,自动合成参数 DQN 实验版 / self-synthesized DQN experimental run,0.011030535437829324
陕西,2024-12,餐饮,陕西|餐饮|2024-12,1,1,自动合成参数 DQN 实验版 / self-synthesized DQN experimental run,0.2633160777635148
青海,2023-06,流通,青海|流通|2023-06,1,1,自动合成参数 DQN 实验版 / self-synthesized DQN experimental run,0.23333333333333334
青海,2023-08,流通,青海|流通|2023-08,0,0,自动合成参数 DQN 实验版 / self-synthesized DQN experimental run,0.14141414141414138
青海,2023-09,流通,青海|流通|2023-09,0,0,自动合成参数 DQN 实验版 / self-synthesized DQN experimental run,0.13064470320931554
青海,2023-10,流通,青海|流通|2023-10,0,0,自动合成参数 DQN 实验版 / self-synthesized DQN experimental run,0.08375193827240732
青海,2023-11,流通,青海|流通|2023-11,0,0,自动合成参数 DQN 实验版 / self-synthesized DQN experimental run,0.09213697613238589
青海,2024-06,流通,青海|流通|2024-06,0,0,自动合成参数 DQN 实验版 / self-synthesized DQN experimental run,0.08340236857546202
青海,2024-07,流通,青海|流通|2024-07,0,0,自动合成参数 DQN 实验版 / self-synthesized DQN experimental run,0.07615507268131454
青海,2024-08,流通,青海|流通|2024-08,0,0,自动合成参数 DQN 实验版 / self-synthesized DQN experimental run,0.07365025057058178
青海,2024-09,流通,青海|流通|2024-09,0,0,自动合成参数 DQN 实验版 / self-synthesized DQN experimental run,0.05921560954657845
青海,2024-12,流通,青海|流通|2024-12,0,0,自动合成参数 DQN 实验版 / self-synthesized DQN experimental run,0.07706898108354569
青海,2023-10,生产,青海|生产|2023-10,1,1,自动合成参数 DQN 实验版 / self-synthesized DQN experimental run,0.23333333333333334
青海,2024-11,生产,青海|生产|2024-11,1,1,自动合成参数 DQN 实验版 / self-synthesized DQN experimental run,0.1772151898734177
青海,2023-08,餐饮,青海|餐饮|2023-08,0,0,自动合成参数 DQN 实验版 / self-synthesized DQN experimental run,0.07
青海,2023-09,餐饮,青海|餐饮|2023-09,0,0,自动合成参数 DQN 实验版 / self-synthesized DQN experimental run,0.06034482758620688
青海,2023-10,餐饮,青海|餐饮|2023-10,0,0,自动合成参数 DQN 实验版 / self-synthesized DQN experimental run,0.026799387442572712
青海,2023-11,餐饮,青海|餐饮|2023-11,0,0,自动合成参数 DQN 实验版 / self-synthesized DQN experimental run,0.026008768670580364
青海,2023-12,餐饮,青海|餐饮|2023-12,0,0,自动合成参数 DQN 实验版 / self-synthesized DQN experimental run,0.025299711221867603
青海,2024-07,餐饮,青海|餐饮|2024-07,0,0,自动合成参数 DQN 实验版 / self-synthesized DQN experimental run,0.02161502194619495
青海,2024-08,餐饮,青海|餐饮|2024-08,0,0,自动合成参数 DQN 实验版 / self-synthesized DQN experimental run,0.01848641634302722
青海,2024-09,餐饮,青海|餐饮|2024-09,0,0,自动合成参数 DQN 实验版 / self-synthesized DQN experimental run,0.01838604235912955
青海,2024-10,餐饮,青海|餐饮|2024-10,0,0,自动合成参数 DQN 实验版 / self-synthesized DQN experimental run,0.01480894114155155
青海,2024-11,餐饮,青海|餐饮|2024-11,0,0,自动合成参数 DQN 实验版 / self-synthesized DQN experimental run,0.014581722132620021
青海,2024-12,餐饮,青海|餐饮|2024-12,0,0,自动合成参数 DQN 实验版 / self-synthesized DQN experimental run,0.013805334144340202
香港,2023-10,流通,香港|流通|2023-10,1,1,自动合成参数 DQN 实验版 / self-synthesized DQN experimental run,0.23333333333333334
黑龙江,2023-01,流通,黑龙江|流通|2023-01,1,1,自动合成参数 DQN 实验版 / self-synthesized DQN experimental run,0.23333333333333334
黑龙江,2023-02,流通,黑龙江|流通|2023-02,0,0,自动合成参数 DQN 实验版 / self-synthesized DQN experimental run,0.03341288782816229
黑龙江,2023-04,流通,黑龙江|流通|2023-04,0,0,自动合成参数 DQN 实验版 / self-synthesized DQN experimental run,0.02692048841457549
黑龙江,2023-05,流通,黑龙江|流通|2023-05,0,0,自动合成参数 DQN 实验版 / self-synthesized DQN experimental run,0.02201093471792593
黑龙江,2023-06,流通,黑龙江|流通|2023-06,0,0,自动合成参数 DQN 实验版 / self-synthesized DQN experimental run,0.008608788296905721
黑龙江,2023-07,流通,黑龙江|流通|2023-07,0,0,自动合成参数 DQN 实验版 / self-synthesized DQN experimental run,0.012319671684499035
黑龙江,2023-08,流通,黑龙江|流通|2023-08,0,0,自动合成参数 DQN 实验版 / self-synthesized DQN experimental run,0.01228490369400156
黑龙江,2023-09,流通,黑龙江|流通|2023-09,0,0,自动合成参数 DQN 实验版 / self-synthesized DQN experimental run,0.01551619938192747
黑龙江,2023-11,流通,黑龙江|流通|2023-11,0,0,自动合成参数 DQN 实验版 / self-synthesized DQN experimental run,0.015076525632343159
黑龙江,2023-12,流通,黑龙江|流通|2023-12,0,0,自动合成参数 DQN 实验版 / self-synthesized DQN experimental run,0.021676567150075383
黑龙江,2024-01,流通,黑龙江|流通|2024-01,0,0,自动合成参数 DQN 实验版 / self-synthesized DQN experimental run,0.021782727521584763
黑龙江,2024-02,流通,黑龙江|流通|2024-02,0,0,自动合成参数 DQN 实验版 / self-synthesized DQN experimental run,0.021677324496600182
黑龙江,2024-03,流通,黑龙江|流通|2024-03,0,0,自动合成参数 DQN 实验版 / self-synthesized DQN experimental run,0.020936112118821466
黑龙江,2024-04,流通,黑龙江|流通|2024-04,0,0,自动合成参数 DQN 实验版 / self-synthesized DQN experimental run,0.02043244984643624
黑龙江,2024-05,流通,黑龙江|流通|2024-05,0,0,自动合成参数 DQN 实验版 / self-synthesized DQN experimental run,0.02014615218915139
黑龙江,2024-06,流通,黑龙江|流通|2024-06,0,0,自动合成参数 DQN 实验版 / self-synthesized DQN experimental run,0.012124845300784375
黑龙江,2024-07,流通,黑龙江|流通|2024-07,0,0,自动合成参数 DQN 实验版 / self-synthesized DQN experimental run,0.0121080773287694
黑龙江,2024-08,流通,黑龙江|流通|2024-08,1,1,自动合成参数 DQN 实验版 / self-synthesized DQN experimental run,0.25539205836526735
黑龙江,2024-09,流通,黑龙江|流通|2024-09,0,0,自动合成参数 DQN 实验版 / self-synthesized DQN experimental run,0.01548421266493951
黑龙江,2024-10,流通,黑龙江|流通|2024-10,0,0,自动合成参数 DQN 实验版 / self-synthesized DQN experimental run,0.015500709390663194
黑龙江,2024-11,流通,黑龙江|流通|2024-11,0,0,自动合成参数 DQN 实验版 / self-synthesized DQN experimental run,0.01285891302448764
黑龙江,2024-12,流通,黑龙江|流通|2024-12,0,0,自动合成参数 DQN 实验版 / self-synthesized DQN experimental run,0.01211521270213873
黑龙江,2023-04,生产,黑龙江|生产|2023-04,0,0,自动合成参数 DQN 实验版 / self-synthesized DQN experimental run,0.09999999999999996
黑龙江,2023-08,生产,黑龙江|生产|2023-08,0,0,自动合成参数 DQN 实验版 / self-synthesized DQN experimental run,0.059574468085106386
黑龙江,2023-09,生产,黑龙江|生产|2023-09,0,0,自动合成参数 DQN 实验版 / self-synthesized DQN experimental run,0.045864045864045855
黑龙江,2023-11,生产,黑龙江|生产|2023-11,0,0,自动合成参数 DQN 实验版 / self-synthesized DQN experimental run,0.04487359269201487
黑龙江,2024-06,生产,黑龙江|生产|2024-06,0,0,自动合成参数 DQN 实验版 / self-synthesized DQN experimental run,0.04397148920048444
黑龙江,2024-08,生产,黑龙江|生产|2024-08,0,0,自动合成参数 DQN 实验版 / self-synthesized DQN experimental run,0.03461330716320071
黑龙江,2024-09,生产,黑龙江|生产|2024-09,0,0,自动合成参数 DQN 实验版 / self-synthesized DQN experimental run,0.024724267777495583
黑龙江,2024-10,生产,黑龙江|生产|2024-10,0,0,自动合成参数 DQN 实验版 / self-synthesized DQN experimental run,0.022583084911323367
黑龙江,2024-11,生产,黑龙江|生产|2024-11,0,0,自动合成参数 DQN 实验版 / self-synthesized DQN experimental run,0.01915351406486973
黑龙江,2024-12,生产,黑龙江|生产|2024-12,0,0,自动合成参数 DQN 实验版 / self-synthesized DQN experimental run,0.018032185018070163
黑龙江,2023-01,餐饮,黑龙江|餐饮|2023-01,0,0,自动合成参数 DQN 实验版 / self-synthesized DQN experimental run,0.004605263157894701
黑龙江,2023-02,餐饮,黑龙江|餐饮|2023-02,0,0,自动合成参数 DQN 实验版 / self-synthesized DQN experimental run,0.00462046204620462
黑龙江,2023-03,餐饮,黑龙江|餐饮|2023-03,0,0,自动合成参数 DQN 实验版 / self-synthesized DQN experimental run,0.0046349942062572395
黑龙江,2023-04,餐饮,黑龙江|餐饮|2023-04,0,0,自动合成参数 DQN 实验版 / self-synthesized DQN experimental run,0.00350747530674744
黑龙江,2023-05,餐饮,黑龙江|餐饮|2023-05,0,0,自动合成参数 DQN 实验版 / self-synthesized DQN experimental run,0.00363268259662854
黑龙江,2023-06,餐饮,黑龙江|餐饮|2023-06,0,0,自动合成参数 DQN 实验版 / self-synthesized DQN experimental run,0.0035147565405813704
黑龙江,2023-07,餐饮,黑龙江|餐饮|2023-07,0,0,自动合成参数 DQN 实验版 / self-synthesized DQN experimental run,0.0035299642087394303
黑龙江,2023-08,餐饮,黑龙江|餐饮|2023-08,0,0,自动合成参数 DQN 实验版 / self-synthesized DQN experimental run,0.00276148088506479
黑龙江,2023-09,餐饮,黑龙江|餐饮|2023-09,0,0,自动合成参数 DQN 实验版 / self-synthesized DQN experimental run,0.0028581598925051903
黑龙江,2023-10,餐饮,黑龙江|餐饮|2023-10,0,0,自动合成参数 DQN 实验版 / self-synthesized DQN experimental run,0.00280261002320621
黑龙江,2023-11,餐饮,黑龙江|餐饮|2023-11,0,0,自动合成参数 DQN 实验版 / self-synthesized DQN experimental run,0.00229976579633661
黑龙江,2023-12,餐饮,黑龙江|餐饮|2023-12,0,0,自动合成参数 DQN 实验版 / self-synthesized DQN experimental run,0.00226346851609081
黑龙江,2024-02,餐饮,黑龙江|餐饮|2024-02,0,0,自动合成参数 DQN 实验版 / self-synthesized DQN experimental run,0.0023034128806917902
黑龙江,2024-04,餐饮,黑龙江|餐饮|2024-04,0,0,自动合成参数 DQN 实验版 / self-synthesized DQN experimental run,0.00236644749830937
黑龙江,2024-05,餐饮,黑龙江|餐饮|2024-05,0,0,自动合成参数 DQN 实验版 / self-synthesized DQN experimental run,0.00245517603541385
黑龙江,2024-06,餐饮,黑龙江|餐饮|2024-06,0,0,自动合成参数 DQN 实验版 / self-synthesized DQN experimental run,0.0023105639423223
黑龙江,2024-07,餐饮,黑龙江|餐饮|2024-07,0,0,自动合成参数 DQN 实验版 / self-synthesized DQN experimental run,0.00238169342030088
黑龙江,2024-08,餐饮,黑龙江|餐饮|2024-08,0,0,自动合成参数 DQN 实验版 / self-synthesized DQN experimental run,0.0024883306297219304
黑龙江,2024-09,餐饮,黑龙江|餐饮|2024-09,0,0,自动合成参数 DQN 实验版 / self-synthesized DQN experimental run,0.00129306974306545
黑龙江,2024-10,餐饮,黑龙江|餐饮|2024-10,0,0,自动合成参数 DQN 实验版 / self-synthesized DQN experimental run,0.00132480393881808
黑龙江,2024-12,餐饮,黑龙江|餐饮|2024-12,0,0,自动合成参数 DQN 实验版 / self-synthesized DQN experimental run,0.00129614971620078
