省份,年月,供应链环节,Q_action_0,Q_action_1,Q_action_3,Q_action_5,Q_action_10,experimental_label
上海,2023-01,流通,0.30882323,0.38484585,0.37541175,0.2766871,-0.057103306,自动合成参数 DQN 实验版 / self-synthesized DQN experimental run
上海,2023-02,流通,0.33356738,0.27810618,0.14312571,-0.018025335,-0.466392,自动合成参数 DQN 实验版 / self-synthesized DQN experimental run
上海,2023-03,流通,0.34475902,0.2615003,0.06944567,-0.077998854,-0.58300114,自动合成参数 DQN 实验版 / self-synthesized DQN experimental run
上海,2023-04,流通,0.31778526,0.22618046,0.050473213,-0.11309255,-0.6150347,自动合成参数 DQN 实验版 / self-synthesized DQN experimental run
上海,2023-05,流通,0.28380224,0.18639249,0.0046187043,-0.1689237,-0.6748395,自动合成参数 DQN 实验版 / self-synthesized DQN experimental run
上海,2023-06,流通,0.27040637,0.18241218,0.012272358,-0.18916292,-0.6748255,自动合成参数 DQN 实验版 / self-synthesized DQN experimental run
上海,2023-07,流通,0.2723061,0.18934533,0.022971809,-0.18912283,-0.6661457,自动合成参数 DQN 实验版 / self-synthesized DQN experimental run
上海,2023-08,流通,0.25405684,0.16776544,-0.014742345,-0.19339576,-0.6979833,自动合成参数 DQN 实验版 / self-synthesized DQN experimental run
上海,2023-09,流通,0.3168018,0.22295398,0.04931742,-0.13084498,-0.6348803,自动合成参数 DQN 实验版 / self-synthesized DQN experimental run
上海,2023-10,流通,0.37404916,0.2787252,0.11658701,-0.076469935,-0.57287467,自动合成参数 DQN 实验版 / self-synthesized DQN experimental run
上海,2023-11,流通,0.40472868,0.3090407,0.14860755,-0.049402364,-0.54383767,自动合成参数 DQN 实验版 / self-synthesized DQN experimental run
上海,2023-12,流通,0.4803493,0.38534027,0.23752955,0.020443628,-0.46110028,自动合成参数 DQN 实验版 / self-synthesized DQN experimental run
上海,2024-01,流通,0.44967407,0.35566586,0.2067998,-0.01313374,-0.49466008,自动合成参数 DQN 实验版 / self-synthesized DQN experimental run
上海,2024-02,流通,0.3990466,0.30850986,0.15688905,-0.062071152,-0.543553,自动合成参数 DQN 实验版 / self-synthesized DQN experimental run
上海,2024-03,流通,0.41812885,0.32496923,0.17343226,-0.04551906,-0.52776724,自动合成参数 DQN 实验版 / self-synthesized DQN experimental run
上海,2024-04,流通,0.39052054,0.29744238,0.14417294,-0.07413135,-0.55685705,自动合成参数 DQN 实验版 / self-synthesized DQN experimental run
上海,2024-05,流通,0.33655033,0.24688184,0.09141484,-0.12598267,-0.6085305,自动合成参数 DQN 实验版 / self-synthesized DQN experimental run
上海,2024-06,流通,0.30995563,0.22238171,0.065798834,-0.15101132,-0.63328934,自动合成参数 DQN 实验版 / self-synthesized DQN experimental run
上海,2024-07,流通,0.34405366,0.25173306,0.09622142,-0.12075951,-0.6037164,自动合成参数 DQN 实验版 / self-synthesized DQN experimental run
上海,2024-08,流通,0.27538666,0.19110638,0.030430019,-0.18531936,-0.66791105,自动合成参数 DQN 实验版 / self-synthesized DQN experimental run
上海,2024-09,流通,0.32220235,0.23064758,0.07366671,-0.14259684,-0.6256523,自动合成参数 DQN 实验版 / self-synthesized DQN experimental run
上海,2024-10,流通,0.2827094,0.19561325,0.03457059,-0.1809529,-0.6642314,自动合成参数 DQN 实验版 / self-synthesized DQN experimental run
上海,2024-11,流通,0.31264362,0.2192481,0.058359474,-0.15606794,-0.6407316,自动合成参数 DQN 实验版 / self-synthesized DQN experimental run
上海,2024-12,流通,0.26782697,0.17954087,0.014684737,-0.20026524,-0.68537426,自动合成参数 DQN 实验版 / self-synthesized DQN experimental run
上海,2023-03,生产,0.3324547,0.27688676,0.14136027,-0.019269805,-0.46866143,自动合成参数 DQN 实验版 / self-synthesized DQN experimental run
上海,2023-06,生产,0.2993121,0.2177296,0.04365045,-0.107362516,-0.5973934,自动合成参数 DQN 实验版 / self-synthesized DQN experimental run
上海,2023-08,生产,0.3027521,0.23434103,0.04947886,-0.09829796,-0.5878865,自动合成参数 DQN 实验版 / self-synthesized DQN experimental run
上海,2024-06,生产,0.30777878,0.24262953,0.04739508,-0.09582207,-0.59067774,自动合成参数 DQN 实验版 / self-synthesized DQN experimental run
上海,2024-07,生产,0.3120265,0.23476881,0.046250433,-0.10472769,-0.60600764,自动合成参数 DQN 实验版 / self-synthesized DQN experimental run
上海,2024-09,生产,0.2920282,0.21418145,0.03098005,-0.12358869,-0.62352884,自动合成参数 DQN 实验版 / self-synthesized DQN experimental run
上海,2024-11,生产,0.33381012,0.24163213,0.06550661,-0.0980247,-0.6002536,自动合成参数 DQN 实验版 / self-synthesized DQN experimental run
上海,2024-12,生产,0.29313475,0.200181,0.02790156,-0.13885692,-0.6395467,自动合成参数 DQN 实验版 / self-synthesized DQN experimental run
上海,2023-04,餐饮,0.30882323,0.38484585,0.37541175,0.2766871,-0.057103306,自动合成参数 DQN 实验版 / self-synthesized DQN experimental run
上海,2023-05,餐饮,0.3348136,0.3264605,0.23767024,0.09493493,-0.3083599,自动合成参数 DQN 实验版 / self-synthesized DQN experimental run
上海,2023-07,餐饮,0.34019005,0.3213979,0.2219824,0.07341119,-0.33896324,自动合成参数 DQN 实验版 / self-synthesized DQN experimental run
上海,2023-08,餐饮,0.32935125,0.29665077,0.18554029,0.028849173,-0.3926817,自动合成参数 DQN 实验版 / self-synthesized DQN experimental run
上海,2023-11,餐饮,0.6220364,0.5510675,0.415839,0.25294825,-0.20785958,自动合成参数 DQN 实验版 / self-synthesized DQN experimental run
上海,2023-12,餐饮,0.65229475,0.5767261,0.43661273,0.27285033,-0.1925734,自动合成参数 DQN 实验版 / self-synthesized DQN experimental run
上海,2024-06,餐饮,0.3399363,0.24705619,0.1087565,-0.0602495,-0.53322303,自动合成参数 DQN 实验版 / self-synthesized DQN experimental run
不详,2023-11,其他,0.5663655,0.7219292,0.8062316,0.7802866,0.49753892,自动合成参数 DQN 实验版 / self-synthesized DQN experimental run
不详,2024-03,其他,0.31096953,0.7047266,1.034007,1.1445744,1.0841146,自动合成参数 DQN 实验版 / self-synthesized DQN experimental run
不详,2024-04,其他,0.33786592,0.3814017,0.34685385,0.23775853,-0.12152749,自动合成参数 DQN 实验版 / self-synthesized DQN experimental run
不详,2023-01,流通,0.32280937,0.33776402,0.27269703,0.14299178,-0.24003066,自动合成参数 DQN 实验版 / self-synthesized DQN experimental run
不详,2023-02,流通,0.31744844,0.34281203,0.2883396,0.1644534,-0.20951563,自动合成参数 DQN 实验版 / self-synthesized DQN experimental run
不详,2023-03,流通,0.31955686,0.3408267,0.28218746,0.15601267,-0.22151701,自动合成参数 DQN 实验版 / self-synthesized DQN experimental run
不详,2023-04,流通,0.38590685,0.41197777,0.35898855,0.241157,-0.14956939,自动合成参数 DQN 实验版 / self-synthesized DQN experimental run
不详,2023-05,流通,0.3124543,0.34751466,0.30291185,0.18444656,-0.18108854,自动合成参数 DQN 实验版 / self-synthesized DQN experimental run
不详,2023-06,流通,0.32162222,0.33888188,0.276161,0.14774431,-0.23327331,自动合成参数 DQN 实验版 / self-synthesized DQN experimental run
不详,2023-07,流通,0.32174724,0.33876416,0.27579623,0.1472439,-0.23398483,自动合成参数 DQN 实验版 / self-synthesized DQN experimental run
不详,2023-08,流通,0.36469752,0.40438777,0.34409252,0.21833478,-0.15531856,自动合成参数 DQN 实验版 / self-synthesized DQN experimental run
不详,2023-09,流通,0.3266145,0.33418104,0.2615942,0.12775867,-0.26168972,自动合成参数 DQN 实验版 / self-synthesized DQN experimental run
不详,2023-10,流通,0.36218983,0.41911155,0.3739767,0.2567005,-0.10338104,自动合成参数 DQN 实验版 / self-synthesized DQN experimental run
不详,2023-11,流通,0.5312269,0.6190225,0.5362326,0.40276557,0.028420508,自动合成参数 DQN 实验版 / self-synthesized DQN experimental run
不详,2023-12,流通,0.58317924,0.7169547,0.6527136,0.5312713,0.18010283,自动合成参数 DQN 实验版 / self-synthesized DQN experimental run
不详,2024-01,流通,0.31848764,0.3526211,0.3071365,0.18860991,-0.17913383,自动合成参数 DQN 实验版 / self-synthesized DQN experimental run
不详,2024-02,流通,0.35780153,0.38990736,0.3427834,0.22627012,-0.15289742,自动合成参数 DQN 实验版 / self-synthesized DQN experimental run
不详,2024-03,流通,0.357517,0.30508235,0.17142451,0.0040456597,-0.43759006,自动合成参数 DQN 实验版 / self-synthesized DQN experimental run
不详,2024-04,流通,0.30742213,0.3522531,0.31759512,0.20459206,-0.15244481,自动合成参数 DQN 实验版 / self-synthesized DQN experimental run
不详,2024-05,流通,0.30877507,0.35097912,0.31364742,0.19917579,-0.16014591,自动合成参数 DQN 实验版 / self-synthesized DQN experimental run
不详,2024-06,流通,0.31714058,0.34310192,0.28923792,0.16568588,-0.20776325,自动合成参数 DQN 实验版 / self-synthesized DQN experimental run
不详,2024-07,流通,0.31069195,0.34917414,0.30805418,0.19150184,-0.17105705,自动合成参数 DQN 实验版 / self-synthesized DQN experimental run
不详,2024-08,流通,0.30756098,0.35212234,0.31719,0.20403618,-0.1532352,自动合成参数 DQN 实验版 / self-synthesized DQN experimental run
不详,2024-09,流通,0.3100516,0.34977713,0.3099227,0.19406545,-0.16741198,自动合成参数 DQN 实验版 / self-synthesized DQN experimental run
不详,2024-10,流通,0.34317064,0.38090718,0.32704008,0.2042658,-0.1660771,自动合成参数 DQN 实验版 / self-synthesized DQN experimental run
不详,2024-11,流通,0.3162133,0.35585958,0.31363815,0.19662946,-0.16627777,自动合成参数 DQN 实验版 / self-synthesized DQN experimental run
不详,2024-12,流通,0.32001334,0.35894987,0.31472313,0.19669648,-0.16759163,自动合成参数 DQN 实验版 / self-synthesized DQN experimental run
不详,2023-04,生产,0.3231079,0.39663738,0.37980962,0.27733964,-0.06150961,自动合成参数 DQN 实验版 / self-synthesized DQN experimental run
不详,2023-08,生产,0.3678106,0.3789726,0.2939658,0.15435399,-0.24153791,自动合成参数 DQN 实验版 / self-synthesized DQN experimental run
不详,2023-09,生产,0.29910457,0.21921982,0.05379957,-0.1256903,-0.59427726,自动合成参数 DQN 实验版 / self-synthesized DQN experimental run
不详,2023-10,生产,0.32210493,0.37895066,0.35693473,0.25230986,-0.095731586,自动合成参数 DQN 实验版 / self-synthesized DQN experimental run
不详,2023-11,生产,0.48699725,0.5476374,0.53278553,0.44356394,0.08719379,自动合成参数 DQN 实验版 / self-synthesized DQN experimental run
不详,2023-12,生产,0.5406607,0.6370107,0.65993136,0.59640926,0.26607627,自动合成参数 DQN 实验版 / self-synthesized DQN experimental run
不详,2024-01,生产,0.3368765,0.26318777,0.104220666,-0.071745075,-0.53788453,自动合成参数 DQN 实验版 / self-synthesized DQN experimental run
不详,2024-02,生产,0.37080583,0.29600054,0.13683394,-0.039277397,-0.5070201,自动合成参数 DQN 实验版 / self-synthesized DQN experimental run
不详,2024-03,生产,0.2848629,0.21303995,0.05538848,-0.12141002,-0.5829412,自动合成参数 DQN 实验版 / self-synthesized DQN experimental run
不详,2024-06,生产,0.30677372,0.23463187,0.07710337,-0.09934186,-0.56194997,自动合成参数 DQN 实验版 / self-synthesized DQN experimental run
不详,2024-07,生产,0.31634948,0.24373947,0.08588541,-0.09053806,-0.5539942,自动合成参数 DQN 实验版 / self-synthesized DQN experimental run
不详,2024-09,生产,0.31854528,0.24567953,0.08757966,-0.08889868,-0.5527196,自动合成参数 DQN 实验版 / self-synthesized DQN experimental run
不详,2024-11,生产,0.3320082,0.2568575,0.096423306,-0.08068073,-0.54756105,自动合成参数 DQN 实验版 / self-synthesized DQN experimental run
不详,2024-12,生产,0.32421574,0.24875548,0.087789625,-0.08961068,-0.5565934,自动合成参数 DQN 实验版 / self-synthesized DQN experimental run
不详,2023-01,餐饮,0.31262743,0.22358754,0.020420834,-0.15150167,-0.64694,自动合成参数 DQN 实验版 / self-synthesized DQN experimental run
不详,2023-02,餐饮,0.2865903,0.20615484,-0.005858451,-0.17454907,-0.6684397,自动合成参数 DQN 实验版 / self-synthesized DQN experimental run
不详,2023-03,餐饮,0.32690343,0.2491416,0.027431801,-0.13895708,-0.635171,自动合成参数 DQN 实验版 / self-synthesized DQN experimental run
不详,2023-04,餐饮,0.35804173,0.28270158,0.056937218,-0.11001354,-0.60707897,自动合成参数 DQN 实验版 / self-synthesized DQN experimental run
不详,2023-05,餐饮,0.34745732,0.26894662,0.044489846,-0.12319841,-0.62158775,自动合成参数 DQN 实验版 / self-synthesized DQN experimental run
不详,2023-06,餐饮,0.29542303,0.21793075,-0.0080758035,-0.17403816,-0.6719815,自动合成参数 DQN 实验版 / self-synthesized DQN experimental run
不详,2023-07,餐饮,0.32550246,0.33522815,0.26483893,0.13221046,-0.25536,自动合成参数 DQN 实验版 / self-synthesized DQN experimental run
不详,2023-08,餐饮,0.30022186,0.20648873,0.022171542,-0.1537822,-0.6442769,自动合成参数 DQN 实验版 / self-synthesized DQN experimental run
不详,2023-09,餐饮,0.29636613,0.19444421,0.005018398,-0.17245275,-0.6702348,自动合成参数 DQN 实验版 / self-synthesized DQN experimental run
不详,2023-10,餐饮,0.32325605,0.33734342,0.27139375,0.14120366,-0.2425731,自动合成参数 DQN 实验版 / self-synthesized DQN experimental run
不详,2023-11,餐饮,0.46820542,0.4955883,0.44485474,0.33457956,-0.07595056,自动合成参数 DQN 实验版 / self-synthesized DQN experimental run
不详,2023-12,餐饮,0.5264679,0.5584609,0.5130921,0.4103803,-0.011446357,自动合成参数 DQN 实验版 / self-synthesized DQN experimental run
不详,2024-01,餐饮,0.31775692,0.34252155,0.2874395,0.16321845,-0.21127152,自动合成参数 DQN 实验版 / self-synthesized DQN experimental run
不详,2024-02,餐饮,0.35259074,0.39843652,0.34774452,0.22704434,-0.13926831,自动合成参数 DQN 实验版 / self-synthesized DQN experimental run
不详,2024-03,餐饮,0.27863756,0.19946495,-0.003812611,-0.16966161,-0.65770406,自动合成参数 DQN 实验版 / self-synthesized DQN experimental run
不详,2024-04,餐饮,0.31524593,0.34488598,0.29476625,0.17327078,-0.19697872,自动合成参数 DQN 实验版 / self-synthesized DQN experimental run
不详,2024-05,餐饮,0.3220451,0.3384837,0.27492714,0.1460515,-0.23568022,自动合成参数 DQN 实验版 / self-synthesized DQN experimental run
不详,2024-06,餐饮,0.3177427,0.34253496,0.28748095,0.16327536,-0.21119063,自动合成参数 DQN 实验版 / self-synthesized DQN experimental run
不详,2024-07,餐饮,0.3139071,0.34614667,0.29867285,0.17863066,-0.18935782,自动合成参数 DQN 实验版 / self-synthesized DQN experimental run
不详,2024-08,餐饮,0.31866416,0.3416673,0.28479227,0.15958647,-0.21643564,自动合成参数 DQN 实验版 / self-synthesized DQN experimental run
不详,2024-09,餐饮,0.3273892,0.33345154,0.2593337,0.124657236,-0.26609945,自动合成参数 DQN 实验版 / self-synthesized DQN experimental run
不详,2024-10,餐饮,0.3191289,0.34122968,0.2834362,0.15772595,-0.21908101,自动合成参数 DQN 实验版 / self-synthesized DQN experimental run
不详,2024-11,餐饮,0.32054487,0.33989635,0.2793046,0.15205736,-0.22714084,自动合成参数 DQN 实验版 / self-synthesized DQN experimental run
不详,2024-12,餐饮,0.31036437,0.3494826,0.30901,0.19281323,-0.16919243,自动合成参数 DQN 实验版 / self-synthesized DQN experimental run
云南,2023-01,流通,0.31747514,0.28410423,0.14440414,0.0020131413,-0.4359231,自动合成参数 DQN 实验版 / self-synthesized DQN experimental run
云南,2023-02,流通,0.33029252,0.24110273,0.10042551,-0.054128684,-0.52106273,自动合成参数 DQN 实验版 / self-synthesized DQN experimental run
云南,2023-03,流通,0.30893236,0.19995907,0.029801875,-0.13815317,-0.62801564,自动合成参数 DQN 实验版 / self-synthesized DQN experimental run
云南,2023-04,流通,0.34296697,0.24389994,0.065080166,-0.10349757,-0.5890529,自动合成参数 DQN 实验版 / self-synthesized DQN experimental run
云南,2023-05,流通,0.31931484,0.21755546,0.039390296,-0.13004735,-0.61619437,自动合成参数 DQN 实验版 / self-synthesized DQN experimental run
云南,2023-06,流通,0.30308223,0.19834104,0.017630517,-0.15145963,-0.6378335,自动合成参数 DQN 实验版 / self-synthesized DQN experimental run
云南,2023-07,流通,0.29841578,0.19345275,0.006506443,-0.16047606,-0.6470481,自动合成参数 DQN 实验版 / self-synthesized DQN experimental run
云南,2023-08,流通,0.27652997,0.17014974,-0.020243764,-0.18703368,-0.67450964,自动合成参数 DQN 实验版 / self-synthesized DQN experimental run
云南,2023-09,流通,0.26392305,0.15762946,-0.03589815,-0.20247781,-0.6896357,自动合成参数 DQN 实验版 / self-synthesized DQN experimental run
云南,2023-10,流通,0.31032187,0.20706972,0.016579866,-0.15820953,-0.6380491,自动合成参数 DQN 实验版 / self-synthesized DQN experimental run
云南,2023-11,流通,0.50209403,0.40820482,0.21709198,0.03436669,-0.44810495,自动合成参数 DQN 实验版 / self-synthesized DQN experimental run
云南,2023-12,流通,0.55817974,0.46493205,0.2730685,0.08664229,-0.3973932,自动合成参数 DQN 实验版 / self-synthesized DQN experimental run
云南,2024-01,流通,0.27697006,0.19590223,-0.017136544,-0.19542728,-0.68198943,自动合成参数 DQN 实验版 / self-synthesized DQN experimental run
云南,2024-02,流通,0.36922008,0.27491698,0.08231202,-0.101711966,-0.5896382,自动合成参数 DQN 实验版 / self-synthesized DQN experimental run
云南,2024-03,流通,0.32629025,0.21867925,0.04709822,-0.13421781,-0.62561595,自动合成参数 DQN 实验版 / self-synthesized DQN experimental run
云南,2024-04,流通,0.36464742,0.2624016,0.061780512,-0.096275516,-0.6031564,自动合成参数 DQN 实验版 / self-synthesized DQN experimental run
云南,2024-05,流通,0.29704148,0.19252875,-0.0043441057,-0.16600898,-0.66449153,自动合成参数 DQN 实验版 / self-synthesized DQN experimental run
云南,2024-06,流通,0.30463699,0.20090538,0.0036529005,-0.15897566,-0.65833217,自动合成参数 DQN 实验版 / self-synthesized DQN experimental run
云南,2024-07,流通,0.32946694,0.23410243,0.027050525,-0.13322362,-0.64038414,自动合成参数 DQN 实验版 / self-synthesized DQN experimental run
云南,2024-08,流通,0.3041038,0.20077813,0.024663985,-0.1532301,-0.6416861,自动合成参数 DQN 实验版 / self-synthesized DQN experimental run
云南,2024-09,流通,0.2603115,0.15226063,-0.038863003,-0.19505894,-0.69348514,自动合成参数 DQN 实验版 / self-synthesized DQN experimental run
云南,2024-10,流通,0.3310633,0.23045409,0.029711634,-0.12720501,-0.63046104,自动合成参数 DQN 实验版 / self-synthesized DQN experimental run
云南,2024-11,流通,0.30641243,0.21122733,0.0024060607,-0.15443584,-0.65826195,自动合成参数 DQN 实验版 / self-synthesized DQN experimental run
云南,2024-12,流通,0.3128655,0.20318699,0.026765436,-0.15616071,-0.64955044,自动合成参数 DQN 实验版 / self-synthesized DQN experimental run
云南,2023-05,生产,0.30929434,0.28939247,0.15029947,0.016014094,-0.41750994,自动合成参数 DQN 实验版 / self-synthesized DQN experimental run
云南,2023-09,生产,0.2827542,0.23913991,0.10186458,-0.045294516,-0.48486292,自动合成参数 DQN 实验版 / self-synthesized DQN experimental run
云南,2023-10,生产,0.33509067,0.24570653,0.10226509,-0.052854754,-0.52203256,自动合成参数 DQN 实验版 / self-synthesized DQN experimental run
云南,2023-11,生产,0.34609687,0.48911303,0.55867195,0.51444066,0.23943788,自动合成参数 DQN 实验版 / self-synthesized DQN experimental run
云南,2023-12,生产,0.36484814,0.5465392,0.65731764,0.64072245,0.3979001,自动合成参数 DQN 实验版 / self-synthesized DQN experimental run
云南,2024-02,生产,0.35226828,0.33386084,0.22592142,0.13480613,-0.29318857,自动合成参数 DQN 实验版 / self-synthesized DQN experimental run
云南,2024-06,生产,0.30812553,0.2855371,0.16817221,0.07401102,-0.35928833,自动合成参数 DQN 实验版 / self-synthesized DQN experimental run
云南,2024-09,生产,0.24285156,0.21717045,0.08906013,-0.0081245955,-0.44657996,自动合成参数 DQN 实验版 / self-synthesized DQN experimental run
云南,2024-10,生产,0.2812077,0.24067166,0.110351086,0.0027907435,-0.43839592,自动合成参数 DQN 实验版 / self-synthesized DQN experimental run
云南,2023-01,餐饮,0.3227356,0.27110243,0.13760099,-0.008608645,-0.44876808,自动合成参数 DQN 实验版 / self-synthesized DQN experimental run
云南,2023-02,餐饮,0.3776565,0.28479254,0.13767487,-0.023785776,-0.4977498,自动合成参数 DQN 实验版 / self-synthesized DQN experimental run
云南,2023-03,餐饮,0.3076064,0.21652806,0.0114533305,-0.16976047,-0.6805919,自动合成参数 DQN 实验版 / self-synthesized DQN experimental run
云南,2023-05,餐饮,0.29691577,0.2147668,-0.005959779,-0.18649189,-0.67571616,自动合成参数 DQN 实验版 / self-synthesized DQN experimental run
云南,2023-06,餐饮,0.2791336,0.19854385,-0.024449527,-0.20423077,-0.6921214,自动合成参数 DQN 实验版 / self-synthesized DQN experimental run
云南,2023-07,餐饮,0.2903788,0.20104887,-0.007960379,-0.19166356,-0.68273896,自动合成参数 DQN 实验版 / self-synthesized DQN experimental run
云南,2023-08,餐饮,0.28380224,0.20174548,-0.019084722,-0.19965571,-0.6881675,自动合成参数 DQN 实验版 / self-synthesized DQN experimental run
云南,2023-09,餐饮,0.270176,0.175248,-0.030845374,-0.21118076,-0.7210348,自动合成参数 DQN 实验版 / self-synthesized DQN experimental run
云南,2023-10,餐饮,0.30102363,0.19893904,0.00034074485,-0.18363565,-0.6870816,自动合成参数 DQN 实验版 / self-synthesized DQN experimental run
云南,2023-11,餐饮,0.34097153,0.25096866,0.040762305,-0.14716145,-0.65018064,自动合成参数 DQN 实验版 / self-synthesized DQN experimental run
云南,2023-12,餐饮,0.31425777,0.40717384,0.4118598,0.34037077,0.0019868612,自动合成参数 DQN 实验版 / self-synthesized DQN experimental run
云南,2024-04,餐饮,0.34353828,0.4201876,0.4302628,0.34879214,-0.0017439127,自动合成参数 DQN 实验版 / self-synthesized DQN experimental run
云南,2024-05,餐饮,0.26141164,0.17940092,-0.03897707,-0.21635972,-0.70166534,自动合成参数 DQN 实验版 / self-synthesized DQN experimental run
云南,2024-06,餐饮,0.35051122,0.26838875,0.055388868,-0.122940935,-0.61389387,自动合成参数 DQN 实验版 / self-synthesized DQN experimental run
云南,2024-07,餐饮,0.30395278,0.21125951,0.0084472895,-0.17313671,-0.6832813,自动合成参数 DQN 实验版 / self-synthesized DQN experimental run
云南,2024-08,餐饮,0.2680652,0.18656977,-0.036450267,-0.21605907,-0.7045405,自动合成参数 DQN 实验版 / self-synthesized DQN experimental run
云南,2024-09,餐饮,0.25712916,0.17296445,-0.04583478,-0.2271591,-0.7157612,自动合成参数 DQN 实验版 / self-synthesized DQN experimental run
云南,2024-10,餐饮,0.31032506,0.21835542,0.010169283,-0.17052267,-0.66349196,自动合成参数 DQN 实验版 / self-synthesized DQN experimental run
云南,2024-11,餐饮,0.3067388,0.20571452,0.0065766424,-0.17161942,-0.6752986,自动合成参数 DQN 实验版 / self-synthesized DQN experimental run
云南,2024-12,餐饮,0.33027205,0.23119102,0.029241681,-0.15011147,-0.64425087,自动合成参数 DQN 实验版 / self-synthesized DQN experimental run
内蒙古,2023-02,流通,0.310019,0.38589153,0.37588692,0.276876,-0.057293594,自动合成参数 DQN 实验版 / self-synthesized DQN experimental run
内蒙古,2023-03,流通,0.33420035,0.28507668,0.1590294,-0.005962452,-0.44031346,自动合成参数 DQN 实验版 / self-synthesized DQN experimental run
内蒙古,2023-04,流通,0.35655773,0.3004166,0.16671486,0.0050988775,-0.4451016,自动合成参数 DQN 实验版 / self-synthesized DQN experimental run
内蒙古,2023-05,流通,0.3271019,0.2554943,0.059811354,-0.08186231,-0.5797285,自动合成参数 DQN 实验版 / self-synthesized DQN experimental run
内蒙古,2023-06,流通,0.3329177,0.24421462,0.06517795,-0.09375811,-0.59707385,自动合成参数 DQN 实验版 / self-synthesized DQN experimental run
内蒙古,2023-07,流通,0.2720385,0.19286712,0.0032286048,-0.15862162,-0.66177285,自动合成参数 DQN 实验版 / self-synthesized DQN experimental run
内蒙古,2023-08,流通,0.28701144,0.19595954,0.017684162,-0.14858025,-0.6559714,自动合成参数 DQN 实验版 / self-synthesized DQN experimental run
内蒙古,2023-09,流通,0.31424087,0.22415695,0.04395467,-0.12757513,-0.6277369,自动合成参数 DQN 实验版 / self-synthesized DQN experimental run
内蒙古,2023-10,流通,0.34153628,0.24359763,0.07028425,-0.101175286,-0.6044569,自动合成参数 DQN 实验版 / self-synthesized DQN experimental run
内蒙古,2023-11,流通,0.32020444,0.22217593,0.0504483,-0.1228723,-0.62665796,自动合成参数 DQN 实验版 / self-synthesized DQN experimental run
内蒙古,2023-12,流通,0.3148965,0.2222873,0.045909256,-0.13089603,-0.6353096,自动合成参数 DQN 实验版 / self-synthesized DQN experimental run
内蒙古,2024-01,流通,0.3081422,0.21760252,0.048451036,-0.138417,-0.638025,自动合成参数 DQN 实验版 / self-synthesized DQN experimental run
内蒙古,2024-02,流通,0.32014334,0.39690214,0.3872009,0.29301122,-0.041760564,自动合成参数 DQN 实验版 / self-synthesized DQN experimental run
内蒙古,2024-03,流通,0.3192924,0.22611886,0.05517733,-0.104062475,-0.6080337,自动合成参数 DQN 实验版 / self-synthesized DQN experimental run
内蒙古,2024-04,流通,0.32558933,0.23165578,0.059704274,-0.100840636,-0.60565525,自动合成参数 DQN 实验版 / self-synthesized DQN experimental run
内蒙古,2024-05,流通,0.31860143,0.2239646,0.054154098,-0.10638208,-0.61102974,自动合成参数 DQN 实验版 / self-synthesized DQN experimental run
内蒙古,2024-06,流通,0.32454258,0.22945106,0.058808804,-0.10286642,-0.6077419,自动合成参数 DQN 实验版 / self-synthesized DQN experimental run
内蒙古,2024-07,流通,0.33615312,0.23990026,0.067389786,-0.098328866,-0.60387295,自动合成参数 DQN 实验版 / self-synthesized DQN experimental run
内蒙古,2024-08,流通,0.32638055,0.2278539,0.058634758,-0.10948128,-0.6144693,自动合成参数 DQN 实验版 / self-synthesized DQN experimental run
内蒙古,2024-09,流通,0.32544202,0.22538137,0.058647424,-0.11092938,-0.6152601,自动合成参数 DQN 实验版 / self-synthesized DQN experimental run
内蒙古,2024-10,流通,0.28700662,0.19271314,0.016290158,-0.15802872,-0.6641472,自动合成参数 DQN 实验版 / self-synthesized DQN experimental run
内蒙古,2024-11,流通,0.31202647,0.21435058,0.046802104,-0.13873336,-0.6407891,自动合成参数 DQN 实验版 / self-synthesized DQN experimental run
内蒙古,2024-12,流通,0.36682588,0.26916504,0.11270699,-0.0862133,-0.5793749,自动合成参数 DQN 实验版 / self-synthesized DQN experimental run
内蒙古,2023-04,生产,0.310019,0.38589153,0.37588692,0.276876,-0.057293594,自动合成参数 DQN 实验版 / self-synthesized DQN experimental run
内蒙古,2023-10,生产,0.333621,0.35189283,0.2855256,0.15541023,-0.22751056,自动合成参数 DQN 实验版 / self-synthesized DQN experimental run
内蒙古,2023-11,生产,0.34056908,0.321041,0.22087644,0.071893804,-0.34112072,自动合成参数 DQN 实验版 / self-synthesized DQN experimental run
内蒙古,2023-12,生产,0.33027852,0.2967705,0.18476821,0.027635444,-0.3946813,自动合成参数 DQN 实验版 / self-synthesized DQN experimental run
内蒙古,2024-02,生产,0.32502794,0.2808531,0.16020034,-0.0025565336,-0.43189412,自动合成参数 DQN 实验版 / self-synthesized DQN experimental run
内蒙古,2024-07,生产,0.33615568,0.28534997,0.15812089,-0.007288877,-0.44281873,自动合成参数 DQN 实验版 / self-synthesized DQN experimental run
内蒙古,2024-10,生产,0.31816348,0.2953021,0.19504295,0.0437352,-0.36823815,自动合成参数 DQN 实验版 / self-synthesized DQN experimental run
内蒙古,2023-01,餐饮,0.3326899,0.27720314,0.1421132,-0.01999053,-0.4677963,自动合成参数 DQN 实验版 / self-synthesized DQN experimental run
内蒙古,2023-03,餐饮,0.32979387,0.25775164,0.060543835,-0.08021543,-0.57929796,自动合成参数 DQN 实验版 / self-synthesized DQN experimental run
内蒙古,2023-05,餐饮,0.3356439,0.24281642,0.06511837,-0.09706617,-0.60115314,自动合成参数 DQN 实验版 / self-synthesized DQN experimental run
内蒙古,2023-06,餐饮,0.32994854,0.23053133,0.061813712,-0.110496856,-0.61110604,自动合成参数 DQN 实验版 / self-synthesized DQN experimental run
内蒙古,2023-07,餐饮,0.24684855,0.14770555,-0.028827548,-0.20296434,-0.7086301,自动合成参数 DQN 实验版 / self-synthesized DQN experimental run
内蒙古,2023-08,餐饮,0.29297286,0.19665702,0.030362397,-0.17775537,-0.66328627,自动合成参数 DQN 实验版 / self-synthesized DQN experimental run
内蒙古,2023-09,餐饮,0.28302038,0.18555379,0.021352097,-0.19197094,-0.6769835,自动合成参数 DQN 实验版 / self-synthesized DQN experimental run
内蒙古,2023-10,餐饮,0.31038547,0.20802651,0.044534817,-0.16891322,-0.656447,自动合成参数 DQN 实验版 / self-synthesized DQN experimental run
内蒙古,2023-11,餐饮,0.32343283,0.22151417,0.034424067,-0.1540057,-0.65560037,自动合成参数 DQN 实验版 / self-synthesized DQN experimental run
内蒙古,2023-12,餐饮,0.32860515,0.21809572,0.04810746,-0.15858638,-0.65251535,自动合成参数 DQN 实验版 / self-synthesized DQN experimental run
内蒙古,2024-08,餐饮,0.34665298,0.23575895,0.06640043,-0.14165732,-0.6364214,自动合成参数 DQN 实验版 / self-synthesized DQN experimental run
内蒙古,2024-10,餐饮,0.32533756,0.22448461,0.057500184,-0.16120014,-0.6563802,自动合成参数 DQN 实验版 / self-synthesized DQN experimental run
内蒙古,2024-11,餐饮,0.2871071,0.18551528,-0.013861552,-0.19234486,-0.6970275,自动合成参数 DQN 实验版 / self-synthesized DQN experimental run
内蒙古,2024-12,餐饮,0.3823595,0.27239406,0.10213082,-0.10801065,-0.6056061,自动合成参数 DQN 实验版 / self-synthesized DQN experimental run
北京,2023-01,流通,0.31277844,0.38830456,0.37698326,0.27731186,-0.05773288,自动合成参数 DQN 实验版 / self-synthesized DQN experimental run
北京,2023-04,流通,0.33759618,0.35498786,0.28640926,0.15516484,-0.22930449,自动合成参数 DQN 实验版 / self-synthesized DQN experimental run
北京,2023-05,流通,0.3181257,0.263397,0.12949568,-0.036415286,-0.47745246,自动合成参数 DQN 实验版 / self-synthesized DQN experimental run
北京,2023-06,流通,0.37665558,0.31547484,0.16665375,0.010641279,-0.44664595,自动合成参数 DQN 实验版 / self-synthesized DQN experimental run
北京,2023-07,流通,0.33728093,0.2826739,0.14972466,-0.01927736,-0.45931423,自动合成参数 DQN 实验版 / self-synthesized DQN experimental run
北京,2023-08,流通,0.31191745,0.2545876,0.122526534,-0.04850994,-0.48654282,自动合成参数 DQN 实验版 / self-synthesized DQN experimental run
北京,2023-09,流通,0.34465355,0.27430832,0.13391161,-0.039359353,-0.48864013,自动合成参数 DQN 实验版 / self-synthesized DQN experimental run
北京,2023-10,流通,0.31797105,0.23908067,0.082968056,-0.08842367,-0.5610992,自动合成参数 DQN 实验版 / self-synthesized DQN experimental run
北京,2023-11,流通,0.33499992,0.26165736,0.08611989,-0.07406459,-0.55763257,自动合成参数 DQN 实验版 / self-synthesized DQN experimental run
北京,2023-12,流通,0.35609382,0.2765533,0.10641414,-0.055512525,-0.5421382,自动合成参数 DQN 实验版 / self-synthesized DQN experimental run
北京,2024-02,流通,0.36052543,0.27677718,0.1107128,-0.05244965,-0.5425127,自动合成参数 DQN 实验版 / self-synthesized DQN experimental run
北京,2024-03,流通,0.3718905,0.28642607,0.1247417,-0.040252276,-0.52941537,自动合成参数 DQN 实验版 / self-synthesized DQN experimental run
北京,2024-04,流通,0.36371204,0.27924183,0.11708298,-0.047263958,-0.53681433,自动合成参数 DQN 实验版 / self-synthesized DQN experimental run
北京,2024-06,流通,0.34751156,0.2643302,0.10051945,-0.0627201,-0.55314356,自动合成参数 DQN 实验版 / self-synthesized DQN experimental run
北京,2024-11,流通,0.3129007,0.23082066,0.064043045,-0.097842105,-0.591141,自动合成参数 DQN 实验版 / self-synthesized DQN experimental run
北京,2023-03,生产,0.33882937,0.35425118,0.28358594,0.15120071,-0.23503056,自动合成参数 DQN 实验版 / self-synthesized DQN experimental run
北京,2023-10,生产,0.33496174,0.326321,0.23723793,0.094341815,-0.3092032,自动合成参数 DQN 实验版 / self-synthesized DQN experimental run
北京,2023-11,生产,0.34017086,0.32141596,0.22203837,0.07348798,-0.33885407,自动合成参数 DQN 实验版 / self-synthesized DQN experimental run
北京,2024-01,生产,0.334246,0.27935037,0.14761457,-0.02081802,-0.45985663,自动合成参数 DQN 实验版 / self-synthesized DQN experimental run
北京,2024-06,生产,0.3225709,0.2675527,0.13438284,-0.030810194,-0.4723324,自动合成参数 DQN 实验版 / self-synthesized DQN experimental run
北京,2024-11,生产,0.31523207,0.22861259,0.07636659,-0.086122714,-0.5586696,自动合成参数 DQN 实验版 / self-synthesized DQN experimental run
北京,2023-02,餐饮,0.3419707,0.31972116,0.21678665,0.06628261,-0.34909898,自动合成参数 DQN 实验版 / self-synthesized DQN experimental run
北京,2023-04,餐饮,0.30947888,0.21782127,0.0662348,-0.09553338,-0.57233447,自动合成参数 DQN 实验版 / self-synthesized DQN experimental run
北京,2023-06,餐饮,0.37688258,0.30273163,0.11537969,-0.030230423,-0.5215929,自动合成参数 DQN 实验版 / self-synthesized DQN experimental run
北京,2023-08,餐饮,0.34355742,0.2733519,0.08258787,-0.06273656,-0.5558716,自动合成参数 DQN 实验版 / self-synthesized DQN experimental run
北京,2023-11,餐饮,0.33688146,0.26701623,0.0748236,-0.06995649,-0.56423634,自动合成参数 DQN 实验版 / self-synthesized DQN experimental run
北京,2023-12,餐饮,0.3671465,0.285534,0.102713555,-0.050084986,-0.548082,自动合成参数 DQN 实验版 / self-synthesized DQN experimental run
北京,2024-01,餐饮,0.3574791,0.27244145,0.095773906,-0.061602063,-0.5594863,自动合成参数 DQN 实验版 / self-synthesized DQN experimental run
北京,2024-04,餐饮,0.4156385,0.31014797,0.15016788,-0.040505685,-0.5353462,自动合成参数 DQN 实验版 / self-synthesized DQN experimental run
北京,2024-05,餐饮,0.35768148,0.25420523,0.11061576,-0.09582376,-0.5799228,自动合成参数 DQN 实验版 / self-synthesized DQN experimental run
北京,2024-07,餐饮,0.35738933,0.25352728,0.10590418,-0.11146345,-0.5912409,自动合成参数 DQN 实验版 / self-synthesized DQN experimental run
北京,2024-08,餐饮,0.3420395,0.41690826,0.40440926,0.30735597,-0.030181438,自动合成参数 DQN 实验版 / self-synthesized DQN experimental run
北京,2024-09,餐饮,0.35345027,0.25582173,0.08921799,-0.07508353,-0.5789015,自动合成参数 DQN 实验版 / self-synthesized DQN experimental run
北京,2024-10,餐饮,0.35788462,0.25870845,0.09013438,-0.07868252,-0.5828221,自动合成参数 DQN 实验版 / self-synthesized DQN experimental run
北京,2024-11,餐饮,0.31076115,0.2229003,0.038099885,-0.12501374,-0.63267004,自动合成参数 DQN 实验版 / self-synthesized DQN experimental run
北京,2024-12,餐饮,0.3098752,0.21781018,0.045627624,-0.11803038,-0.6226313,自动合成参数 DQN 实验版 / self-synthesized DQN experimental run
台湾,2023-12,流通,0.35801366,0.36149487,0.27380735,0.13238919,-0.26712564,自动合成参数 DQN 实验版 / self-synthesized DQN experimental run
吉林,2023-01,流通,0.32672414,0.2877944,0.17114143,0.0108561935,-0.4151395,自动合成参数 DQN 实验版 / self-synthesized DQN experimental run
吉林,2023-02,流通,0.35470212,0.26130322,0.10048562,-0.054892518,-0.54147613,自动合成参数 DQN 实验版 / self-synthesized DQN experimental run
吉林,2023-03,流通,0.34517044,0.2535104,0.0734058,-0.0845818,-0.58968085,自动合成参数 DQN 实验版 / self-synthesized DQN experimental run
吉林,2023-05,流通,0.32834667,0.23234633,0.063321024,-0.10559604,-0.60540885,自动合成参数 DQN 实验版 / self-synthesized DQN experimental run
吉林,2023-06,流通,0.30227154,0.22596793,0.038221374,-0.13592328,-0.6364964,自动合成参数 DQN 实验版 / self-synthesized DQN experimental run
吉林,2023-07,流通,0.3271262,0.23392853,0.06469506,-0.1269069,-0.62476796,自动合成参数 DQN 实验版 / self-synthesized DQN experimental run
吉林,2023-08,流通,0.33115706,0.23667529,0.051099226,-0.13591243,-0.63213915,自动合成参数 DQN 实验版 / self-synthesized DQN experimental run
吉林,2023-09,流通,0.36204278,0.26051676,0.09739548,-0.11294477,-0.60350496,自动合成参数 DQN 实验版 / self-synthesized DQN experimental run
吉林,2023-10,流通,0.317899,0.2316477,0.039238214,-0.14879361,-0.65026855,自动合成参数 DQN 实验版 / self-synthesized DQN experimental run
吉林,2023-11,流通,0.33782363,0.2438795,0.051654205,-0.13355885,-0.63226473,自动合成参数 DQN 实验版 / self-synthesized DQN experimental run
吉林,2023-12,流通,0.30944353,0.21303096,0.02185364,-0.16616653,-0.6637274,自动合成参数 DQN 实验版 / self-synthesized DQN experimental run
吉林,2024-01,流通,0.42606974,0.32392737,0.1638752,-0.055440836,-0.548414,自动合成参数 DQN 实验版 / self-synthesized DQN experimental run
吉林,2024-02,流通,0.34921858,0.25189444,0.05594649,-0.12763539,-0.6285925,自动合成参数 DQN 实验版 / self-synthesized DQN experimental run
吉林,2024-03,流通,0.40583634,0.2985506,0.12974276,-0.07972316,-0.573823,自动合成参数 DQN 实验版 / self-synthesized DQN experimental run
吉林,2024-05,流通,0.4014114,0.29331553,0.124751836,-0.08458389,-0.5787644,自动合成参数 DQN 实验版 / self-synthesized DQN experimental run
吉林,2024-06,流通,0.36446035,0.26697612,0.060517028,-0.11767444,-0.62144136,自动合成参数 DQN 实验版 / self-synthesized DQN experimental run
吉林,2024-07,流通,0.3441431,0.24032186,0.049366876,-0.138998,-0.6389071,自动合成参数 DQN 实验版 / self-synthesized DQN experimental run
吉林,2024-08,流通,0.34232,0.23484686,0.052095197,-0.14407215,-0.64153093,自动合成参数 DQN 实验版 / self-synthesized DQN experimental run
吉林,2024-09,流通,0.36105508,0.26272514,0.054237574,-0.123866566,-0.62900484,自动合成参数 DQN 实验版 / self-synthesized DQN experimental run
吉林,2024-10,流通,0.3887999,0.27394792,0.10516501,-0.1029684,-0.59906876,自动合成参数 DQN 实验版 / self-synthesized DQN experimental run
吉林,2024-11,流通,0.31139696,0.21119076,0.009976551,-0.17331377,-0.68232346,自动合成参数 DQN 实验版 / self-synthesized DQN experimental run
吉林,2024-12,流通,0.30903313,0.20586796,0.0040426403,-0.17655058,-0.68267107,自动合成参数 DQN 实验版 / self-synthesized DQN experimental run
吉林,2023-06,生产,0.34178302,0.31989792,0.21733433,0.06703402,-0.34803057,自动合成参数 DQN 实验版 / self-synthesized DQN experimental run
吉林,2023-09,生产,0.32828343,0.2924297,0.1784778,0.019972347,-0.4038614,自动合成参数 DQN 实验版 / self-synthesized DQN experimental run
吉林,2023-12,生产,0.3310547,0.27706861,0.14561167,-0.02042965,-0.45966968,自动合成参数 DQN 实验版 / self-synthesized DQN experimental run
吉林,2024-10,生产,0.3386393,0.28315195,0.15039334,-0.013624778,-0.45800373,自动合成参数 DQN 实验版 / self-synthesized DQN experimental run
吉林,2024-11,生产,0.33023718,0.24906617,0.0742445,-0.07681168,-0.56456953,自动合成参数 DQN 实验版 / self-synthesized DQN experimental run
吉林,2024-12,生产,0.3351113,0.2663584,0.07490456,-0.06991693,-0.5629393,自动合成参数 DQN 实验版 / self-synthesized DQN experimental run
吉林,2023-01,餐饮,0.3353747,0.32593215,0.2360329,0.092688516,-0.31155396,自动合成参数 DQN 实验版 / self-synthesized DQN experimental run
吉林,2023-04,餐饮,0.340604,0.32100812,0.22077456,0.07175404,-0.34131944,自动合成参数 DQN 实验版 / self-synthesized DQN experimental run
吉林,2023-05,餐饮,0.34597167,0.26324046,0.07834545,-0.06681175,-0.56211805,自动合成参数 DQN 实验版 / self-synthesized DQN experimental run
吉林,2023-06,餐饮,0.31405872,0.22005454,0.018555313,-0.16136599,-0.6657599,自动合成参数 DQN 实验版 / self-synthesized DQN experimental run
吉林,2023-07,餐饮,0.3400808,0.23859817,0.036999986,-0.14176533,-0.6455512,自动合成参数 DQN 实验版 / self-synthesized DQN experimental run
吉林,2023-08,餐饮,0.3501963,0.23813999,0.069123276,-0.13840243,-0.633079,自动合成参数 DQN 实验版 / self-synthesized DQN experimental run
吉林,2023-09,餐饮,0.3183456,0.21830782,0.050559804,-0.16792682,-0.66327107,自动合成参数 DQN 实验版 / self-synthesized DQN experimental run
吉林,2023-10,餐饮,0.3325417,0.2307411,0.065122604,-0.153781,-0.6482639,自动合成参数 DQN 实验版 / self-synthesized DQN experimental run
吉林,2023-11,餐饮,0.36431015,0.25351653,0.087096356,-0.1242272,-0.6183016,自动合成参数 DQN 实验版 / self-synthesized DQN experimental run
吉林,2023-12,餐饮,0.34711903,0.23737288,0.058569655,-0.13674115,-0.6356218,自动合成参数 DQN 实验版 / self-synthesized DQN experimental run
吉林,2024-01,餐饮,0.3995908,0.28994575,0.12489575,-0.09055536,-0.5860168,自动合成参数 DQN 实验版 / self-synthesized DQN experimental run
吉林,2024-02,餐饮,0.38566428,0.27467486,0.10737743,-0.104384914,-0.60028934,自动合成参数 DQN 实验版 / self-synthesized DQN experimental run
吉林,2024-05,餐饮,0.36568868,0.25079557,0.08066067,-0.12429912,-0.6202961,自动合成参数 DQN 实验版 / self-synthesized DQN experimental run
吉林,2024-06,餐饮,0.40082985,0.2917841,0.12650043,-0.08977986,-0.58602846,自动合成参数 DQN 实验版 / self-synthesized DQN experimental run
吉林,2024-07,餐饮,0.37277797,0.2579921,0.08814257,-0.117649555,-0.61393404,自动合成参数 DQN 实验版 / self-synthesized DQN experimental run
吉林,2024-09,餐饮,0.36657625,0.2513338,0.08026909,-0.12400896,-0.6205799,自动合成参数 DQN 实验版 / self-synthesized DQN experimental run
吉林,2024-10,餐饮,0.3637601,0.2507131,0.07351741,-0.12362888,-0.62278533,自动合成参数 DQN 实验版 / self-synthesized DQN experimental run
吉林,2024-11,餐饮,0.3638122,0.25972876,0.088469476,-0.12732905,-0.62660927,自动合成参数 DQN 实验版 / self-synthesized DQN experimental run
吉林,2024-12,餐饮,0.3973809,0.2848096,0.116115265,-0.09426685,-0.5915389,自动合成参数 DQN 实验版 / self-synthesized DQN experimental run
四川,2023-01,流通,0.42607236,0.33569503,0.16251026,-0.0115331365,-0.4946622,自动合成参数 DQN 实验版 / self-synthesized DQN experimental run
四川,2023-02,流通,0.3421196,0.23544057,0.067242324,-0.12616715,-0.5878206,自动合成参数 DQN 实验版 / self-synthesized DQN experimental run
四川,2023-03,流通,0.42565137,0.2904372,0.12141383,-0.0137496125,-0.52053916,自动合成参数 DQN 实验版 / self-synthesized DQN experimental run
四川,2023-04,流通,0.588817,0.47330484,0.29941076,0.10535937,-0.3865524,自动合成参数 DQN 实验版 / self-synthesized DQN experimental run
四川,2023-05,流通,0.32804948,0.2285102,0.04289876,-0.15471637,-0.64712924,自动合成参数 DQN 实验版 / self-synthesized DQN experimental run
四川,2023-06,流通,0.31864387,0.20651843,0.02548121,-0.17075352,-0.66373825,自动合成参数 DQN 实验版 / self-synthesized DQN experimental run
四川,2023-07,流通,0.31559613,0.2093029,0.017068088,-0.15850627,-0.6626978,自动合成参数 DQN 实验版 / self-synthesized DQN experimental run
四川,2023-08,流通,0.31134546,0.21357882,0.018802702,-0.17038314,-0.6631207,自动合成参数 DQN 实验版 / self-synthesized DQN experimental run
四川,2023-09,流通,0.3260808,0.21942508,0.03420791,-0.1595209,-0.66168326,自动合成参数 DQN 实验版 / self-synthesized DQN experimental run
四川,2023-10,流通,0.3488384,0.23744765,0.05243189,-0.13583831,-0.6414567,自动合成参数 DQN 实验版 / self-synthesized DQN experimental run
四川,2023-11,流通,0.3920822,0.2743762,0.09784585,-0.09905711,-0.5919531,自动合成参数 DQN 实验版 / self-synthesized DQN experimental run
四川,2023-12,流通,0.4220286,0.31321537,0.13704771,-0.05990766,-0.55230725,自动合成参数 DQN 实验版 / self-synthesized DQN experimental run
四川,2024-01,流通,0.57627726,0.44703588,0.2702972,0.11517077,-0.37554485,自动合成参数 DQN 实验版 / self-synthesized DQN experimental run
四川,2024-02,流通,0.42572814,0.30878526,0.1168835,-0.041333675,-0.5294018,自动合成参数 DQN 实验版 / self-synthesized DQN experimental run
四川,2024-03,流通,0.6062283,0.4781638,0.3004529,0.14245474,-0.34885725,自动合成参数 DQN 实验版 / self-synthesized DQN experimental run
四川,2024-04,流通,0.46950105,0.35045168,0.16358143,0.0012738276,-0.4871326,自动合成参数 DQN 实验版 / self-synthesized DQN experimental run
四川,2024-05,流通,0.42406905,0.54595363,0.570933,0.49563563,0.19348496,自动合成参数 DQN 实验版 / self-synthesized DQN experimental run
四川,2024-06,流通,0.5285873,0.3920632,0.22199774,0.065179355,-0.43859604,自动合成参数 DQN 实验版 / self-synthesized DQN experimental run
四川,2024-07,流通,0.4039089,0.28209502,0.088629246,-0.06469124,-0.56776184,自动合成参数 DQN 实验版 / self-synthesized DQN experimental run
四川,2024-08,流通,0.43437567,0.3182537,0.13128245,-0.038435496,-0.53274924,自动合成参数 DQN 实验版 / self-synthesized DQN experimental run
四川,2024-09,流通,0.35497832,0.24446347,0.061173394,-0.12986982,-0.626655,自动合成参数 DQN 实验版 / self-synthesized DQN experimental run
四川,2024-10,流通,0.37261263,0.2531562,0.08116199,-0.10727737,-0.60523534,自动合成参数 DQN 实验版 / self-synthesized DQN experimental run
四川,2024-11,流通,0.40180597,0.28507245,0.11163704,-0.08534587,-0.57539725,自动合成参数 DQN 实验版 / self-synthesized DQN experimental run
四川,2024-12,流通,0.371604,0.26309636,0.04908055,-0.10379625,-0.60009396,自动合成参数 DQN 实验版 / self-synthesized DQN experimental run
四川,2023-01,生产,0.40982714,0.4318459,0.36320433,0.23948677,-0.1474294,自动合成参数 DQN 实验版 / self-synthesized DQN experimental run
四川,2023-03,生产,0.37744966,0.37292275,0.252886,0.112878025,-0.30213684,自动合成参数 DQN 实验版 / self-synthesized DQN experimental run
四川,2023-05,生产,0.32697394,0.2859337,0.14282303,-0.02362183,-0.45367312,自动合成参数 DQN 实验版 / self-synthesized DQN experimental run
四川,2023-07,生产,0.30837625,0.2428981,0.0712997,-0.10794035,-0.56637037,自动合成参数 DQN 实验版 / self-synthesized DQN experimental run
四川,2023-09,生产,0.33139864,0.2637777,0.09477061,-0.08671069,-0.5428626,自动合成参数 DQN 实验版 / self-synthesized DQN experimental run
四川,2023-10,生产,0.33680722,0.26417598,0.09408849,-0.08895964,-0.5474643,自动合成参数 DQN 实验版 / self-synthesized DQN experimental run
四川,2023-11,生产,0.39456183,0.3086422,0.14124009,-0.048445642,-0.5055639,自动合成参数 DQN 实验版 / self-synthesized DQN experimental run
四川,2023-12,生产,0.42134917,0.31776655,0.15335102,-0.04059259,-0.49922654,自动合成参数 DQN 实验版 / self-synthesized DQN experimental run
四川,2024-01,生产,0.57807195,0.4719739,0.3172042,0.111918055,-0.3375277,自动合成参数 DQN 实验版 / self-synthesized DQN experimental run
四川,2024-06,生产,0.39535183,0.5102792,0.55699205,0.48813736,0.19456089,自动合成参数 DQN 实验版 / self-synthesized DQN experimental run
四川,2024-07,生产,0.4592645,0.3545066,0.1888975,-0.0051300954,-0.46974123,自动合成参数 DQN 实验版 / self-synthesized DQN experimental run
四川,2024-08,生产,0.49719107,0.38841897,0.23275205,0.018674413,-0.42151892,自动合成参数 DQN 实验版 / self-synthesized DQN experimental run
四川,2024-09,生产,0.35134065,0.2448016,0.07659531,-0.12991285,-0.57517326,自动合成参数 DQN 实验版 / self-synthesized DQN experimental run
四川,2024-10,生产,0.39072645,0.29740727,0.1324496,-0.07923372,-0.5498016,自动合成参数 DQN 实验版 / self-synthesized DQN experimental run
四川,2024-11,生产,0.39547694,0.29259086,0.12680846,-0.07656663,-0.5379611,自动合成参数 DQN 实验版 / self-synthesized DQN experimental run
四川,2024-12,生产,0.3899182,0.28980076,0.13455732,-0.07455442,-0.5403543,自动合成参数 DQN 实验版 / self-synthesized DQN experimental run
四川,2023-01,餐饮,0.35278663,0.42871827,0.40278757,0.29606864,-0.047564715,自动合成参数 DQN 实验版 / self-synthesized DQN experimental run
四川,2023-02,餐饮,0.33150154,0.25623134,0.0794221,-0.09217379,-0.5684859,自动合成参数 DQN 实验版 / self-synthesized DQN experimental run
四川,2023-03,餐饮,0.3940763,0.3082182,0.1408176,-0.048831813,-0.505985,自动合成参数 DQN 实验版 / self-synthesized DQN experimental run
四川,2023-04,餐饮,0.43030035,0.5651847,0.6453693,0.597383,0.32921153,自动合成参数 DQN 实验版 / self-synthesized DQN experimental run
四川,2023-05,餐饮,0.35262015,0.2759877,0.12560052,-0.046804674,-0.49447075,自动合成参数 DQN 实验版 / self-synthesized DQN experimental run
四川,2023-06,餐饮,0.301575,0.21371311,0.055087745,-0.12056967,-0.57664156,自动合成参数 DQN 实验版 / self-synthesized DQN experimental run
四川,2023-07,餐饮,0.30701447,0.21369007,0.054934822,-0.12532488,-0.5823182,自动合成参数 DQN 实验版 / self-synthesized DQN experimental run
四川,2023-08,餐饮,0.31301734,0.22157718,0.061032742,-0.11992825,-0.57700056,自动合成参数 DQN 实验版 / self-synthesized DQN experimental run
四川,2023-09,餐饮,0.34938073,0.2588317,0.08401167,-0.0844787,-0.58760333,自动合成参数 DQN 实验版 / self-synthesized DQN experimental run
四川,2023-10,餐饮,0.32681793,0.23359288,0.05997789,-0.13375191,-0.631315,自动合成参数 DQN 实验版 / self-synthesized DQN experimental run
四川,2023-11,餐饮,0.36880952,0.25839663,0.06776943,-0.08516413,-0.5796501,自动合成参数 DQN 实验版 / self-synthesized DQN experimental run
四川,2023-12,餐饮,0.4263418,0.5306804,0.56312746,0.4954077,0.18769062,自动合成参数 DQN 实验版 / self-synthesized DQN experimental run
四川,2024-01,餐饮,0.51556814,0.6636543,0.6727296,0.591469,0.28918082,自动合成参数 DQN 实验版 / self-synthesized DQN experimental run
四川,2024-02,餐饮,0.43556756,0.32126135,0.15464845,-0.054548115,-0.53311676,自动合成参数 DQN 实验版 / self-synthesized DQN experimental run
四川,2024-03,餐饮,0.46270105,0.57917184,0.608552,0.52832025,0.22984403,自动合成参数 DQN 实验版 / self-synthesized DQN experimental run
四川,2024-05,餐饮,0.4899054,0.38332313,0.20486946,0.010392735,-0.4791,自动合成参数 DQN 实验版 / self-synthesized DQN experimental run
四川,2024-06,餐饮,0.43489042,0.3171243,0.13190386,-0.01601061,-0.51488084,自动合成参数 DQN 实验版 / self-synthesized DQN experimental run
四川,2024-07,餐饮,0.50150627,0.37074608,0.19197585,0.06114251,-0.4409761,自动合成参数 DQN 实验版 / self-synthesized DQN experimental run
四川,2024-08,餐饮,0.5185666,0.39011326,0.20821059,0.07236404,-0.42796177,自动合成参数 DQN 实验版 / self-synthesized DQN experimental run
四川,2024-09,餐饮,0.37438297,0.26924127,0.07792749,-0.09287393,-0.5948422,自动合成参数 DQN 实验版 / self-synthesized DQN experimental run
四川,2024-10,餐饮,0.40029457,0.3014557,0.11080223,-0.07330621,-0.5781731,自动合成参数 DQN 实验版 / self-synthesized DQN experimental run
四川,2024-11,餐饮,0.4064448,0.30683532,0.117129624,-0.07419671,-0.5767518,自动合成参数 DQN 实验版 / self-synthesized DQN experimental run
四川,2024-12,餐饮,0.37813556,0.28350627,0.08764614,-0.12789354,-0.6160598,自动合成参数 DQN 实验版 / self-synthesized DQN experimental run
天津,2023-01,流通,0.34377566,0.25770074,0.06795265,-0.07551264,-0.57245624,自动合成参数 DQN 实验版 / self-synthesized DQN experimental run
天津,2023-02,流通,0.37651923,0.27987638,0.09915587,-0.053085692,-0.55273116,自动合成参数 DQN 实验版 / self-synthesized DQN experimental run
天津,2023-03,流通,0.4807104,0.3592543,0.21711451,0.03609269,-0.45583704,自动合成参数 DQN 实验版 / self-synthesized DQN experimental run
天津,2023-04,流通,0.4533995,0.33183658,0.20601982,-0.01309449,-0.484766,自动合成参数 DQN 实验版 / self-synthesized DQN experimental run
天津,2023-05,流通,0.3815114,0.25592282,0.12557745,-0.0915097,-0.5619793,自动合成参数 DQN 实验版 / self-synthesized DQN experimental run
天津,2023-06,流通,0.32668388,0.19943924,0.057873935,-0.15192212,-0.62633425,自动合成参数 DQN 实验版 / self-synthesized DQN experimental run
天津,2023-07,流通,0.3094435,0.18894601,0.027908355,-0.1725646,-0.65568256,自动合成参数 DQN 实验版 / self-synthesized DQN experimental run
天津,2023-08,流通,0.34457508,0.2197386,0.06491871,-0.1419889,-0.6234264,自动合成参数 DQN 实验版 / self-synthesized DQN experimental run
天津,2023-09,流通,0.32779214,0.20589012,0.043021098,-0.16055433,-0.6449113,自动合成参数 DQN 实验版 / self-synthesized DQN experimental run
天津,2023-10,流通,0.35507047,0.25621557,0.054598197,-0.12402352,-0.6236955,自动合成参数 DQN 实验版 / self-synthesized DQN experimental run
天津,2023-11,流通,0.41811866,0.32119167,0.122412376,-0.05971638,-0.56102335,自动合成参数 DQN 实验版 / self-synthesized DQN experimental run
天津,2023-12,流通,0.4448263,0.37132996,0.13764372,-0.033180602,-0.5344605,自动合成参数 DQN 实验版 / self-synthesized DQN experimental run
天津,2024-01,流通,0.5397125,0.4239174,0.2482954,0.032389186,-0.45542985,自动合成参数 DQN 实验版 / self-synthesized DQN experimental run
天津,2024-02,流通,0.4050182,0.29624826,0.10837753,-0.09612221,-0.58487654,自动合成参数 DQN 实验版 / self-synthesized DQN experimental run
天津,2024-03,流通,0.4787575,0.36443925,0.18506563,-0.026740482,-0.515069,自动合成参数 DQN 实验版 / self-synthesized DQN experimental run
天津,2024-04,流通,0.46208745,0.36131805,0.16371411,-0.022784559,-0.5241016,自动合成参数 DQN 实验版 / self-synthesized DQN experimental run
天津,2024-05,流通,0.48773038,0.37696663,0.19378687,-0.016558921,-0.50482273,自动合成参数 DQN 实验版 / self-synthesized DQN experimental run
天津,2024-06,流通,0.43373117,0.32557863,0.1381011,-0.067688935,-0.5561845,自动合成参数 DQN 实验版 / self-synthesized DQN experimental run
天津,2024-07,流通,0.47158113,0.37010065,0.17457807,-0.023561811,-0.5167356,自动合成参数 DQN 实验版 / self-synthesized DQN experimental run
天津,2024-08,流通,0.51933587,0.40556368,0.22542864,0.011708865,-0.47710922,自动合成参数 DQN 实验版 / self-synthesized DQN experimental run
天津,2024-09,流通,0.3940639,0.31088513,0.087265134,-0.08528521,-0.58719623,自动合成参数 DQN 实验版 / self-synthesized DQN experimental run
天津,2024-10,流通,0.4585051,0.364939,0.15613194,-0.02608431,-0.5256979,自动合成参数 DQN 实验版 / self-synthesized DQN experimental run
天津,2024-11,流通,0.39786953,0.28824842,0.09833385,-0.10633708,-0.59688795,自动合成参数 DQN 实验版 / self-synthesized DQN experimental run
天津,2024-12,流通,0.42537916,0.3353721,0.12024066,-0.057848237,-0.5590473,自动合成参数 DQN 实验版 / self-synthesized DQN experimental run
天津,2023-01,生产,0.35698295,0.3695415,0.28973192,0.15272921,-0.23970063,自动合成参数 DQN 实验版 / self-synthesized DQN experimental run
天津,2023-07,生产,0.36059535,0.32209677,0.20313872,0.044487834,-0.38555467,自动合成参数 DQN 实验版 / self-synthesized DQN experimental run
天津,2023-10,生产,0.37338856,0.31881052,0.18318479,0.017953785,-0.4279472,自动合成参数 DQN 实验版 / self-synthesized DQN experimental run
天津,2023-11,生产,0.432623,0.36738986,0.22422144,0.05756315,-0.39551598,自动合成参数 DQN 实验版 / self-synthesized DQN experimental run
天津,2024-03,生产,0.45449716,0.38535908,0.23888004,0.071104884,-0.38551903,自动合成参数 DQN 实验版 / self-synthesized DQN experimental run
天津,2024-09,生产,0.42413706,0.34431967,0.17737927,0.017577196,-0.45726967,自动合成参数 DQN 实验版 / self-synthesized DQN experimental run
天津,2024-10,生产,0.4588709,0.37578678,0.21180752,0.050508082,-0.42330244,自动合成参数 DQN 实验版 / self-synthesized DQN experimental run
天津,2024-11,生产,0.45472488,0.3937077,0.25257593,0.08832274,-0.36847332,自动合成参数 DQN 实验版 / self-synthesized DQN experimental run
天津,2023-01,餐饮,0.31684864,0.3920696,0.3789761,0.27842638,-0.05775374,自动合成参数 DQN 实验版 / self-synthesized DQN experimental run
天津,2023-02,餐饮,0.35581148,0.37033492,0.29258484,0.15670946,-0.23397593,自动合成参数 DQN 实验版 / self-synthesized DQN experimental run
天津,2023-05,餐饮,0.3349329,0.3263482,0.23732215,0.09445734,-0.30903894,自动合成参数 DQN 实验版 / self-synthesized DQN experimental run
天津,2023-07,餐饮,0.36041737,0.3398219,0.23895288,0.09090982,-0.3243782,自动合成参数 DQN 实验版 / self-synthesized DQN experimental run
天津,2023-09,餐饮,0.344409,0.28821933,0.1551906,-0.013650278,-0.45466214,自动合成参数 DQN 实验版 / self-synthesized DQN experimental run
天津,2023-10,餐饮,0.39897418,0.3173121,0.14246936,-0.011891967,-0.4943633,自动合成参数 DQN 实验版 / self-synthesized DQN experimental run
天津,2023-11,餐饮,0.4577712,0.3666858,0.19207762,0.0385824,-0.448248,自动合成参数 DQN 实验版 / self-synthesized DQN experimental run
天津,2023-12,餐饮,0.4797092,0.3868692,0.21467006,0.059835806,-0.42572027,自动合成参数 DQN 实验版 / self-synthesized DQN experimental run
天津,2024-03,餐饮,0.47942352,0.38615406,0.21349518,0.059046894,-0.42709672,自动合成参数 DQN 实验版 / self-synthesized DQN experimental run
天津,2024-05,餐饮,0.47903046,0.38536185,0.21226458,0.0581865,-0.4285113,自动合成参数 DQN 实验版 / self-synthesized DQN experimental run
天津,2024-06,餐饮,0.47865298,0.38461205,0.21110713,0.05737312,-0.42984042,自动合成参数 DQN 实验版 / self-synthesized DQN experimental run
天津,2024-11,餐饮,0.4766302,0.3822724,0.20832348,0.05496922,-0.43274105,自动合成参数 DQN 实验版 / self-synthesized DQN experimental run
天津,2024-12,餐饮,0.47379988,0.37915793,0.20477882,0.051788755,-0.4363718,自动合成参数 DQN 实验版 / self-synthesized DQN experimental run
宁夏,2023-02,流通,0.31970075,0.39473158,0.38041574,0.2792615,-0.057696313,自动合成参数 DQN 实验版 / self-synthesized DQN experimental run
宁夏,2023-06,流通,0.368621,0.38121465,0.29708692,0.15799554,-0.23699525,自动合成参数 DQN 实验版 / self-synthesized DQN experimental run
宁夏,2023-11,流通,0.34003538,0.33121175,0.24008259,0.09618358,-0.30862758,自动合成参数 DQN 实验版 / self-synthesized DQN experimental run
宁夏,2024-02,流通,0.44555408,0.41978216,0.3152765,0.17090476,-0.25463367,自动合成参数 DQN 实验版 / self-synthesized DQN experimental run
宁夏,2024-03,流通,0.43055308,0.3930964,0.27628168,0.1237044,-0.3105321,自动合成参数 DQN 实验版 / self-synthesized DQN experimental run
宁夏,2024-10,流通,0.42947114,0.38256887,0.25602245,0.097691305,-0.34434623,自动合成参数 DQN 实验版 / self-synthesized DQN experimental run
宁夏,2023-08,生产,0.31970075,0.39473158,0.38041574,0.2792615,-0.057696313,自动合成参数 DQN 实验版 / self-synthesized DQN experimental run
宁夏,2023-11,生产,0.368621,0.38121465,0.29708692,0.15799554,-0.23699525,自动合成参数 DQN 实验版 / self-synthesized DQN experimental run
宁夏,2023-01,餐饮,0.31970075,0.39473158,0.38041574,0.2792615,-0.057696313,自动合成参数 DQN 实验版 / self-synthesized DQN experimental run
宁夏,2023-02,餐饮,0.3652848,0.30543268,0.16541216,7.607974e-05,-0.44862807,自动合成参数 DQN 实验版 / self-synthesized DQN experimental run
宁夏,2023-06,餐饮,0.33305573,0.27282745,0.13073185,-0.036475584,-0.4860767,自动合成参数 DQN 实验版 / self-synthesized DQN experimental run
宁夏,2023-07,餐饮,0.34265652,0.26515344,0.10043998,-0.067720376,-0.5373283,自动合成参数 DQN 实验版 / self-synthesized DQN experimental run
宁夏,2023-08,餐饮,0.35739422,0.25460976,0.064232126,-0.08985477,-0.5915503,自动合成参数 DQN 实验版 / self-synthesized DQN experimental run
宁夏,2023-11,餐饮,0.49760497,0.3711298,0.22537807,0.047988027,-0.43386355,自动合成参数 DQN 实验版 / self-synthesized DQN experimental run
宁夏,2023-12,餐饮,0.5952326,0.45454073,0.3480867,0.13346627,-0.32824057,自动合成参数 DQN 实验版 / self-synthesized DQN experimental run
宁夏,2024-01,餐饮,0.80121005,0.6504821,0.57362777,0.33741653,-0.11102927,自动合成参数 DQN 实验版 / self-synthesized DQN experimental run
宁夏,2024-02,餐饮,0.49488574,0.36180627,0.26094973,0.036568917,-0.41910875,自动合成参数 DQN 实验版 / self-synthesized DQN experimental run
宁夏,2024-05,餐饮,0.60008526,0.4659167,0.3754466,0.14389648,-0.30831176,自动合成参数 DQN 实验版 / self-synthesized DQN experimental run
宁夏,2024-06,餐饮,0.66132605,0.5229237,0.4367764,0.20341459,-0.24761048,自动合成参数 DQN 实验版 / self-synthesized DQN experimental run
宁夏,2024-07,餐饮,0.5480795,0.41442847,0.31881595,0.09079977,-0.363137,自动合成参数 DQN 实验版 / self-synthesized DQN experimental run
宁夏,2024-08,餐饮,0.47011444,0.33698267,0.23534374,0.011017794,-0.44418457,自动合成参数 DQN 实验版 / self-synthesized DQN experimental run
宁夏,2024-09,餐饮,0.47391844,0.36043167,0.20081025,0.0046769027,-0.4780674,自动合成参数 DQN 实验版 / self-synthesized DQN experimental run
宁夏,2024-10,餐饮,0.45627812,0.32880697,0.19734298,-0.025393574,-0.4919822,自动合成参数 DQN 实验版 / self-synthesized DQN experimental run
宁夏,2024-11,餐饮,0.47610974,0.34564057,0.2229369,-0.0034250375,-0.4673176,自动合成参数 DQN 实验版 / self-synthesized DQN experimental run
宁夏,2024-12,餐饮,0.45362452,0.32576835,0.19560497,-0.027177399,-0.49320233,自动合成参数 DQN 实验版 / self-synthesized DQN experimental run
安徽,2024-01,其他,0.40629685,0.8395572,1.2145941,1.3652389,1.3347769,自动合成参数 DQN 实验版 / self-synthesized DQN experimental run
安徽,2023-01,流通,0.39199165,0.28917515,0.10676221,-0.08177174,-0.57707477,自动合成参数 DQN 实验版 / self-synthesized DQN experimental run
安徽,2023-02,流通,0.39662457,0.28651932,0.09279293,-0.073229514,-0.5761636,自动合成参数 DQN 实验版 / self-synthesized DQN experimental run
安徽,2023-03,流通,0.3700923,0.46772686,0.4919533,0.42468998,0.08996385,自动合成参数 DQN 实验版 / self-synthesized DQN experimental run
安徽,2023-04,流通,0.41192427,0.49692315,0.513926,0.4399988,0.11238372,自动合成参数 DQN 实验版 / self-synthesized DQN experimental run
安徽,2023-05,流通,0.32284904,0.22613794,0.012898847,-0.14657909,-0.6528776,自动合成参数 DQN 实验版 / self-synthesized DQN experimental run
安徽,2023-06,流通,0.29209614,0.20242393,-0.0072182417,-0.19117548,-0.69860023,自动合成参数 DQN 实验版 / self-synthesized DQN experimental run
安徽,2023-07,流通,0.33433843,0.23586819,0.029597133,-0.14980267,-0.65820014,自动合成参数 DQN 实验版 / self-synthesized DQN experimental run
安徽,2023-08,流通,0.3581035,0.26522517,0.05919455,-0.12592076,-0.6362207,自动合成参数 DQN 实验版 / self-synthesized DQN experimental run
安徽,2023-09,流通,0.32290566,0.22487941,0.012817353,-0.15853906,-0.66928864,自动合成参数 DQN 实验版 / self-synthesized DQN experimental run
安徽,2023-10,流通,0.44658092,0.35420173,0.14134756,-0.0427917,-0.56046206,自动合成参数 DQN 实验版 / self-synthesized DQN experimental run
安徽,2023-11,流通,0.46893442,0.58280253,0.5911782,0.52165544,0.19302791,自动合成参数 DQN 实验版 / self-synthesized DQN experimental run
安徽,2023-12,流通,0.5083148,0.61248744,0.6223325,0.5501632,0.19344842,自动合成参数 DQN 实验版 / self-synthesized DQN experimental run
安徽,2024-01,流通,0.4246112,0.3243701,0.1231443,-0.054440744,-0.5632552,自动合成参数 DQN 实验版 / self-synthesized DQN experimental run
安徽,2024-02,流通,0.43786976,0.33482477,0.12987898,-0.03358922,-0.5398744,自动合成参数 DQN 实验版 / self-synthesized DQN experimental run
安徽,2024-03,流通,0.34884477,0.2492189,0.038291782,-0.13063249,-0.64069813,自动合成参数 DQN 实验版 / self-synthesized DQN experimental run
安徽,2024-04,流通,0.46059018,0.35698187,0.15229777,-0.0122272875,-0.5181194,自动合成参数 DQN 实验版 / self-synthesized DQN experimental run
安徽,2024-05,流通,0.48635542,0.5799791,0.6025101,0.53171235,0.2130366,自动合成参数 DQN 实验版 / self-synthesized DQN experimental run
安徽,2024-06,流通,0.46733713,0.36479118,0.15751798,-0.008224105,-0.51593304,自动合成参数 DQN 实验版 / self-synthesized DQN experimental run
安徽,2024-07,流通,0.5018182,0.59096974,0.6124,0.54179025,0.20800751,自动合成参数 DQN 实验版 / self-synthesized DQN experimental run
安徽,2024-08,流通,0.505003,0.41498023,0.19661424,0.011191951,-0.5015872,自动合成参数 DQN 实验版 / self-synthesized DQN experimental run
安徽,2024-09,流通,0.49184987,0.40213448,0.18319097,-0.0036453027,-0.51377916,自动合成参数 DQN 实验版 / self-synthesized DQN experimental run
安徽,2024-10,流通,0.45775977,0.36072525,0.15011252,-0.030386327,-0.5369111,自动合成参数 DQN 实验版 / self-synthesized DQN experimental run
安徽,2024-11,流通,0.5176296,0.413434,0.19943346,0.009761656,-0.5053679,自动合成参数 DQN 实验版 / self-synthesized DQN experimental run
安徽,2024-12,流通,0.5712597,0.47832832,0.2588074,0.07084339,-0.44033515,自动合成参数 DQN 实验版 / self-synthesized DQN experimental run
安徽,2023-01,生产,0.33933115,0.42335576,0.4091314,0.30861664,-0.02591288,自动合成参数 DQN 实验版 / self-synthesized DQN experimental run
安徽,2023-02,生产,0.3937636,0.41995168,0.35265046,0.22731459,-0.15642989,自动合成参数 DQN 实验版 / self-synthesized DQN experimental run
安徽,2023-03,生产,0.31118223,0.30740368,0.1518434,0.0065588895,-0.42511693,自动合成参数 DQN 实验版 / self-synthesized DQN experimental run
安徽,2023-04,生产,0.4081992,0.29619923,0.118377864,-0.04268954,-0.5332827,自动合成参数 DQN 实验版 / self-synthesized DQN experimental run
安徽,2023-05,生产,0.35133708,0.23356888,0.052617908,-0.11071295,-0.60768574,自动合成参数 DQN 实验版 / self-synthesized DQN experimental run
安徽,2023-06,生产,0.30874342,0.19328168,0.0066590905,-0.15838939,-0.66081434,自动合成参数 DQN 实验版 / self-synthesized DQN experimental run
安徽,2023-07,生产,0.36948282,0.26144692,0.07914418,-0.09734044,-0.59127283,自动合成参数 DQN 实验版 / self-synthesized DQN experimental run
安徽,2023-08,生产,0.3921519,0.2910032,0.099574625,-0.07562808,-0.5709542,自动合成参数 DQN 实验版 / self-synthesized DQN experimental run
安徽,2023-09,生产,0.3773491,0.27923664,0.08496696,-0.09294147,-0.5844334,自动合成参数 DQN 实验版 / self-synthesized DQN experimental run
安徽,2023-10,生产,0.45358962,0.35564873,0.15673703,-0.0060952064,-0.514817,自动合成参数 DQN 实验版 / self-synthesized DQN experimental run
安徽,2023-11,生产,0.5053742,0.40957,0.20560232,0.044022165,-0.46829766,自动合成参数 DQN 实验版 / self-synthesized DQN experimental run
安徽,2023-12,生产,0.5654527,0.4701037,0.27009398,0.10584771,-0.40376303,自动合成参数 DQN 实验版 / self-synthesized DQN experimental run
安徽,2024-01,生产,0.47382763,0.38308594,0.17657065,0.004431093,-0.49558684,自动合成参数 DQN 实验版 / self-synthesized DQN experimental run
安徽,2024-02,生产,0.46912867,0.37819374,0.17189726,6.538071e-05,-0.4997388,自动合成参数 DQN 实验版 / self-synthesized DQN experimental run
安徽,2024-03,生产,0.4115645,0.29401064,0.11094728,-0.05745717,-0.5691056,自动合成参数 DQN 实验版 / self-synthesized DQN experimental run
安徽,2024-04,生产,0.5179211,0.42151532,0.21943,0.05190923,-0.45990884,自动合成参数 DQN 实验版 / self-synthesized DQN experimental run
安徽,2024-05,生产,0.5244796,0.41779578,0.2272124,0.058482878,-0.45288628,自动合成参数 DQN 实验版 / self-synthesized DQN experimental run
安徽,2024-06,生产,0.51798546,0.42124695,0.22160202,0.04923501,-0.46149707,自动合成参数 DQN 实验版 / self-synthesized DQN experimental run
安徽,2024-07,生产,0.53300023,0.43824488,0.23777011,0.060560964,-0.44755444,自动合成参数 DQN 实验版 / self-synthesized DQN experimental run
安徽,2024-08,生产,0.5273955,0.4331884,0.23225263,0.054834597,-0.4519921,自动合成参数 DQN 实验版 / self-synthesized DQN experimental run
安徽,2024-09,生产,0.52615726,0.43032727,0.23059648,0.0568059,-0.45348632,自动合成参数 DQN 实验版 / self-synthesized DQN experimental run
安徽,2024-10,生产,0.52224684,0.4283605,0.22745168,0.04962554,-0.45569474,自动合成参数 DQN 实验版 / self-synthesized DQN experimental run
安徽,2024-11,生产,0.53041697,0.41362655,0.23753592,0.04726141,-0.45437956,自动合成参数 DQN 实验版 / self-synthesized DQN experimental run
安徽,2024-12,生产,0.57541084,0.47340047,0.27166918,0.10878577,-0.4011435,自动合成参数 DQN 实验版 / self-synthesized DQN experimental run
安徽,2023-01,餐饮,0.40162852,0.31119055,0.1531735,0.0064631645,-0.4645868,自动合成参数 DQN 实验版 / self-synthesized DQN experimental run
安徽,2023-02,餐饮,0.4495216,0.3482646,0.17688996,0.021184022,-0.45097852,自动合成参数 DQN 实验版 / self-synthesized DQN experimental run
安徽,2023-03,餐饮,0.34675193,0.23672625,0.05574149,-0.10381711,-0.5898029,自动合成参数 DQN 实验版 / self-synthesized DQN experimental run
安徽,2023-04,餐饮,0.43882084,0.32693177,0.15171874,-0.024662351,-0.5204404,自动合成参数 DQN 实验版 / self-synthesized DQN experimental run
安徽,2023-05,餐饮,0.31324846,0.41575313,0.45052177,0.38307372,0.05597943,自动合成参数 DQN 实验版 / self-synthesized DQN experimental run
安徽,2023-06,餐饮,0.3079822,0.19901302,0.008878708,-0.15205455,-0.64087814,自动合成参数 DQN 实验版 / self-synthesized DQN experimental run
安徽,2023-07,餐饮,0.32462907,0.20743147,0.022446811,-0.13857603,-0.63883483,自动合成参数 DQN 实验版 / self-synthesized DQN experimental run
安徽,2023-08,餐饮,0.38257045,0.26908585,0.08149195,-0.0808161,-0.5704251,自动合成参数 DQN 实验版 / self-synthesized DQN experimental run
安徽,2023-09,餐饮,0.3850782,0.27267995,0.086848855,-0.079545625,-0.57196885,自动合成参数 DQN 实验版 / self-synthesized DQN experimental run
安徽,2023-10,餐饮,0.38816744,0.27706793,0.088955104,-0.07770891,-0.5797118,自动合成参数 DQN 实验版 / self-synthesized DQN experimental run
安徽,2023-11,餐饮,0.5013232,0.3948629,0.21659312,0.03422772,-0.45356718,自动合成参数 DQN 实验版 / self-synthesized DQN experimental run
安徽,2023-12,餐饮,0.6080931,0.50419664,0.32083043,0.14741728,-0.35228872,自动合成参数 DQN 实验版 / self-synthesized DQN experimental run
安徽,2024-01,餐饮,0.5360122,0.601334,0.643129,0.55355257,0.25168318,自动合成参数 DQN 实验版 / self-synthesized DQN experimental run
安徽,2024-02,餐饮,0.3796718,0.26600602,0.07845569,-0.08375669,-0.5776309,自动合成参数 DQN 实验版 / self-synthesized DQN experimental run
安徽,2024-03,餐饮,0.41026002,0.295491,0.10791445,-0.054543324,-0.5414337,自动合成参数 DQN 实验版 / self-synthesized DQN experimental run
安徽,2024-04,餐饮,0.5472429,0.4377647,0.26294512,0.08500057,-0.40808254,自动合成参数 DQN 实验版 / self-synthesized DQN experimental run
安徽,2024-05,餐饮,0.5274137,0.4224468,0.23856556,0.06476288,-0.43219793,自动合成参数 DQN 实验版 / self-synthesized DQN experimental run
安徽,2024-06,餐饮,0.513363,0.40563872,0.21798742,0.051342063,-0.45234647,自动合成参数 DQN 实验版 / self-synthesized DQN experimental run
安徽,2024-07,餐饮,0.5154569,0.4168113,0.2163592,0.052520476,-0.45663545,自动合成参数 DQN 实验版 / self-synthesized DQN experimental run
安徽,2024-08,餐饮,0.59565705,0.50235325,0.3019243,0.1292229,-0.37399942,自动合成参数 DQN 实验版 / self-synthesized DQN experimental run
安徽,2024-09,餐饮,0.598144,0.5048225,0.3041835,0.13089213,-0.37200826,自动合成参数 DQN 实验版 / self-synthesized DQN experimental run
安徽,2024-10,餐饮,0.6073351,0.51419413,0.31344673,0.14019954,-0.36326504,自动合成参数 DQN 实验版 / self-synthesized DQN experimental run
安徽,2024-11,餐饮,0.5557506,0.45834863,0.2567485,0.09498059,-0.41636404,自动合成参数 DQN 实验版 / self-synthesized DQN experimental run
安徽,2024-12,餐饮,0.5362707,0.6110649,0.65034074,0.5675454,0.26298767,自动合成参数 DQN 实验版 / self-synthesized DQN experimental run
山东,2023-01,流通,0.43926588,0.33083338,0.13475971,-0.0534401,-0.5649121,自动合成参数 DQN 实验版 / self-synthesized DQN experimental run
山东,2023-02,流通,0.44518933,0.35027975,0.15785989,-0.063282974,-0.54820085,自动合成参数 DQN 实验版 / self-synthesized DQN experimental run
山东,2023-03,流通,0.27366874,0.17977732,-0.02208072,-0.24834102,-0.730551,自动合成参数 DQN 实验版 / self-synthesized DQN experimental run
山东,2023-04,流通,0.34281492,0.43589526,0.47511965,0.38632518,0.08481574,自动合成参数 DQN 实验版 / self-synthesized DQN experimental run
山东,2023-05,流通,0.27806774,0.1627077,-0.021908134,-0.2557623,-0.73194414,自动合成参数 DQN 实验版 / self-synthesized DQN experimental run
山东,2023-06,流通,0.3178658,0.34241906,0.28712183,0.16278265,-0.21189119,自动合成参数 DQN 实验版 / self-synthesized DQN experimental run
山东,2023-07,流通,0.30993506,0.19861518,-0.001349479,-0.18231928,-0.6913274,自动合成参数 DQN 实验版 / self-synthesized DQN experimental run
山东,2023-08,流通,0.3583392,0.24947584,0.052373074,-0.1309461,-0.6381823,自动合成参数 DQN 实验版 / self-synthesized DQN experimental run
山东,2023-09,流通,0.47816223,0.36102203,0.16134273,-0.029562159,-0.5432173,自动合成参数 DQN 实验版 / self-synthesized DQN experimental run
山东,2023-10,流通,0.31233868,0.18875855,0.0013876855,-0.21468082,-0.7015193,自动合成参数 DQN 实验版 / self-synthesized DQN experimental run
山东,2023-11,流通,0.6470651,0.5092769,0.31932494,0.123422675,-0.3884354,自动合成参数 DQN 实验版 / self-synthesized DQN experimental run
山东,2023-12,流通,0.578127,0.67792463,0.7043216,0.61290646,0.30940658,自动合成参数 DQN 实验版 / self-synthesized DQN experimental run
山东,2024-01,流通,0.4395877,0.52187026,0.56174314,0.47016305,0.17359656,自动合成参数 DQN 实验版 / self-synthesized DQN experimental run
山东,2024-02,流通,0.42058098,0.31001884,0.10700229,-0.085783206,-0.59712267,自动合成参数 DQN 实验版 / self-synthesized DQN experimental run
山东,2024-03,流通,0.40481257,0.30899924,0.11732349,-0.10767812,-0.5899943,自动合成参数 DQN 实验版 / self-synthesized DQN experimental run
山东,2024-04,流通,0.4353429,0.53729004,0.5730838,0.4937517,0.18504316,自动合成参数 DQN 实验版 / self-synthesized DQN experimental run
山东,2024-05,流通,0.51186514,0.38548893,0.2026373,-0.008962026,-0.5016302,自动合成参数 DQN 实验版 / self-synthesized DQN experimental run
山东,2024-06,流通,0.4950059,0.38404542,0.19029455,0.0014013071,-0.5046365,自动合成参数 DQN 实验版 / self-synthesized DQN experimental run
山东,2024-07,流通,0.47490305,0.36751068,0.16222887,-0.02695026,-0.53945696,自动合成参数 DQN 实验版 / self-synthesized DQN experimental run
山东,2024-08,流通,0.46611002,0.57061166,0.5956634,0.52080375,0.19599062,自动合成参数 DQN 实验版 / self-synthesized DQN experimental run
山东,2024-09,流通,0.43046823,0.52740467,0.55558777,0.47952813,0.16511548,自动合成参数 DQN 实验版 / self-synthesized DQN experimental run
山东,2024-10,流通,0.6363367,0.75446594,0.7861656,0.7213657,0.39970416,自动合成参数 DQN 实验版 / self-synthesized DQN experimental run
山东,2024-11,流通,0.5847645,0.6862848,0.70613235,0.61969906,0.3068118,自动合成参数 DQN 实验版 / self-synthesized DQN experimental run
山东,2024-12,流通,0.52802056,0.3906138,0.20133613,0.013192544,-0.4951129,自动合成参数 DQN 实验版 / self-synthesized DQN experimental run
山东,2023-01,生产,0.463576,0.4044814,0.23383693,0.069583215,-0.40799153,自动合成参数 DQN 实验版 / self-synthesized DQN experimental run
山东,2023-02,生产,0.35121906,0.46872216,0.518639,0.45370546,0.16435206,自动合成参数 DQN 实验版 / self-synthesized DQN experimental run
山东,2023-03,生产,0.35326874,0.2505802,0.08356601,-0.11775065,-0.5681831,自动合成参数 DQN 实验版 / self-synthesized DQN experimental run
山东,2023-04,生产,0.33789265,0.2330885,0.06343882,-0.14729203,-0.6521145,自动合成参数 DQN 实验版 / self-synthesized DQN experimental run
山东,2023-05,生产,0.32225057,0.23042372,0.041760743,-0.14906242,-0.63177145,自动合成参数 DQN 实验版 / self-synthesized DQN experimental run
山东,2023-06,生产,0.3477092,0.22844878,0.07742536,-0.11428995,-0.62322354,自动合成参数 DQN 实验版 / self-synthesized DQN experimental run
山东,2023-07,生产,0.33764973,0.23389226,0.06349229,-0.13716681,-0.61747825,自动合成参数 DQN 实验版 / self-synthesized DQN experimental run
山东,2023-08,生产,0.39676678,0.29549217,0.10419887,-0.059460633,-0.55936396,自动合成参数 DQN 实验版 / self-synthesized DQN experimental run
山东,2023-09,生产,0.3524691,0.4623384,0.49764615,0.43322,0.12979037,自动合成参数 DQN 实验版 / self-synthesized DQN experimental run
山东,2023-10,生产,0.39848945,0.30338797,0.14068365,-0.034241788,-0.53494644,自动合成参数 DQN 实验版 / self-synthesized DQN experimental run
山东,2023-11,生产,0.4903491,0.666391,0.6946924,0.6376003,0.3484692,自动合成参数 DQN 实验版 / self-synthesized DQN experimental run
山东,2023-12,生产,0.6602951,0.57698596,0.41105956,0.23920542,-0.25604892,自动合成参数 DQN 实验版 / self-synthesized DQN experimental run
山东,2024-01,生产,0.49426472,0.4101454,0.24066348,0.06634276,-0.43185246,自动合成参数 DQN 实验版 / self-synthesized DQN experimental run
山东,2024-02,生产,0.47713816,0.37632456,0.21216659,0.010192955,-0.45794517,自动合成参数 DQN 实验版 / self-synthesized DQN experimental run
山东,2024-03,生产,0.48188207,0.39400858,0.2155226,0.04075303,-0.46317685,自动合成参数 DQN 实验版 / self-synthesized DQN experimental run
山东,2024-04,生产,0.44756305,0.3427338,0.17824236,-0.031759128,-0.48816743,自动合成参数 DQN 实验版 / self-synthesized DQN experimental run
山东,2024-05,生产,0.58126426,0.49266517,0.31703195,0.13880867,-0.36163288,自动合成参数 DQN 实验版 / self-synthesized DQN experimental run
山东,2024-06,生产,0.37989733,0.51771414,0.54240525,0.47175333,0.17291802,自动合成参数 DQN 实验版 / self-synthesized DQN experimental run
山东,2024-07,生产,0.55279875,0.46392334,0.28920314,0.11270729,-0.3822188,自动合成参数 DQN 实验版 / self-synthesized DQN experimental run
山东,2024-08,生产,0.5376742,0.44412655,0.2620186,0.0774541,-0.41302526,自动合成参数 DQN 实验版 / self-synthesized DQN experimental run
山东,2024-09,生产,0.48933768,0.3985226,0.23527722,0.02048331,-0.486823,自动合成参数 DQN 实验版 / self-synthesized DQN experimental run
山东,2024-10,生产,0.53989387,0.70348644,0.71050215,0.6341424,0.33325863,自动合成参数 DQN 实验版 / self-synthesized DQN experimental run
山东,2024-11,生产,0.42363325,0.587896,0.59119046,0.509687,0.20881402,自动合成参数 DQN 实验版 / self-synthesized DQN experimental run
山东,2024-12,生产,0.5716988,0.4813475,0.30384722,0.117767,-0.3745413,自动合成参数 DQN 实验版 / self-synthesized DQN experimental run
山东,2023-01,餐饮,0.51395166,0.40596703,0.26049292,0.01953336,-0.5085641,自动合成参数 DQN 实验版 / self-synthesized DQN experimental run
山东,2023-02,餐饮,0.42527324,0.29259235,0.12658271,-0.05062405,-0.56126565,自动合成参数 DQN 实验版 / self-synthesized DQN experimental run
山东,2023-03,餐饮,0.39897615,0.24802117,0.08141528,-0.04892049,-0.5643484,自动合成参数 DQN 实验版 / self-synthesized DQN experimental run
山东,2023-04,餐饮,0.35181558,0.20239323,0.045245856,-0.11171497,-0.6370317,自动合成参数 DQN 实验版 / self-synthesized DQN experimental run
山东,2023-05,餐饮,0.3430903,0.21940838,0.0353522,-0.11473245,-0.6317533,自动合成参数 DQN 实验版 / self-synthesized DQN experimental run
山东,2023-06,餐饮,0.31721455,0.21574026,0.022312462,-0.16280307,-0.6621639,自动合成参数 DQN 实验版 / self-synthesized DQN experimental run
山东,2023-07,餐饮,0.34109157,0.21360949,0.038652062,-0.13969916,-0.6484709,自动合成参数 DQN 实验版 / self-synthesized DQN experimental run
山东,2023-08,餐饮,0.36774355,0.26535767,0.06734058,-0.1582498,-0.62912637,自动合成参数 DQN 实验版 / self-synthesized DQN experimental run
山东,2023-09,餐饮,0.41501266,0.31092143,0.11338514,-0.05551087,-0.5717901,自动合成参数 DQN 实验版 / self-synthesized DQN experimental run
山东,2023-10,餐饮,0.3968021,0.28107062,0.098232776,-0.07778973,-0.5811211,自动合成参数 DQN 实验版 / self-synthesized DQN experimental run
山东,2023-11,餐饮,0.43813914,0.54940474,0.5759971,0.51281375,0.19004983,自动合成参数 DQN 实验版 / self-synthesized DQN experimental run
山东,2023-12,餐饮,0.5009599,0.67901504,0.65667486,0.56615937,0.25463593,自动合成参数 DQN 实验版 / self-synthesized DQN experimental run
山东,2024-01,餐饮,0.5190981,0.3785481,0.20237792,0.08156168,-0.42143992,自动合成参数 DQN 实验版 / self-synthesized DQN experimental run
山东,2024-02,餐饮,0.48670006,0.36532754,0.17978203,-0.017047195,-0.5138381,自动合成参数 DQN 实验版 / self-synthesized DQN experimental run
山东,2024-03,餐饮,0.48648396,0.36292082,0.18216847,-0.0086278375,-0.5051856,自动合成参数 DQN 实验版 / self-synthesized DQN experimental run
山东,2024-04,餐饮,0.5003744,0.36345208,0.18633668,0.058877222,-0.44358402,自动合成参数 DQN 实验版 / self-synthesized DQN experimental run
山东,2024-05,餐饮,0.43736053,0.59321713,0.5848074,0.49760887,0.18746805,自动合成参数 DQN 实验版 / self-synthesized DQN experimental run
山东,2024-06,餐饮,0.45223492,0.31605884,0.15017101,-0.02691651,-0.5358279,自动合成参数 DQN 实验版 / self-synthesized DQN experimental run
山东,2024-07,餐饮,0.38772327,0.5281128,0.52734125,0.44038796,0.13060433,自动合成参数 DQN 实验版 / self-synthesized DQN experimental run
山东,2024-08,餐饮,0.3882644,0.5042219,0.5330759,0.4669538,0.15847021,自动合成参数 DQN 实验版 / self-synthesized DQN experimental run
山东,2024-09,餐饮,0.517442,0.37051663,0.22040235,0.05500973,-0.4512266,自动合成参数 DQN 实验版 / self-synthesized DQN experimental run
山东,2024-10,餐饮,0.43038145,0.5766183,0.58833015,0.51471394,0.21022677,自动合成参数 DQN 实验版 / self-synthesized DQN experimental run
山东,2024-11,餐饮,0.34771553,0.4680575,0.48702273,0.4100918,0.103713155,自动合成参数 DQN 实验版 / self-synthesized DQN experimental run
山东,2024-12,餐饮,0.45600247,0.5724163,0.5946012,0.53132087,0.21431261,自动合成参数 DQN 实验版 / self-synthesized DQN experimental run
山西,2023-01,流通,0.4921619,0.39447793,0.22375903,0.07612985,-0.4424016,自动合成参数 DQN 实验版 / self-synthesized DQN experimental run
山西,2023-02,流通,0.39581868,0.31175134,0.14940298,-0.009401357,-0.5006336,自动合成参数 DQN 实验版 / self-synthesized DQN experimental run
山西,2023-03,流通,0.37287107,0.28153032,0.12082431,-0.04311783,-0.5312723,自动合成参数 DQN 实验版 / self-synthesized DQN experimental run
山西,2023-04,流通,0.3597148,0.26875725,0.09688336,-0.063379206,-0.55680734,自动合成参数 DQN 实验版 / self-synthesized DQN experimental run
山西,2023-05,流通,0.3693375,0.28025433,0.10629839,-0.05339671,-0.5455293,自动合成参数 DQN 实验版 / self-synthesized DQN experimental run
山西,2023-06,流通,0.36131918,0.27205768,0.0954842,-0.063406415,-0.55713814,自动合成参数 DQN 实验版 / self-synthesized DQN experimental run
山西,2023-07,流通,0.3613627,0.2708129,0.08858615,-0.06951166,-0.56377435,自动合成参数 DQN 实验版 / self-synthesized DQN experimental run
山西,2023-08,流通,0.39732736,0.30744985,0.12064713,-0.034423478,-0.52647316,自动合成参数 DQN 实验版 / self-synthesized DQN experimental run
山西,2023-09,流通,0.40818447,0.315846,0.12480599,-0.03242261,-0.52284074,自动合成参数 DQN 实验版 / self-synthesized DQN experimental run
山西,2023-12,流通,0.6043767,0.49835196,0.3143133,0.13575697,-0.3383078,自动合成参数 DQN 实验版 / self-synthesized DQN experimental run
山西,2024-01,流通,0.5426845,0.4526997,0.24924898,0.08207362,-0.39023995,自动合成参数 DQN 实验版 / self-synthesized DQN experimental run
山西,2024-02,流通,0.5101979,0.41734397,0.2643446,0.071451135,-0.4032945,自动合成参数 DQN 实验版 / self-synthesized DQN experimental run
山西,2024-03,流通,0.513343,0.40372604,0.23468581,0.07481917,-0.41437724,自动合成参数 DQN 实验版 / self-synthesized DQN experimental run
山西,2024-04,流通,0.53148997,0.42076674,0.25213555,0.09611624,-0.3917384,自动合成参数 DQN 实验版 / self-synthesized DQN experimental run
山西,2024-05,流通,0.51290727,0.4021009,0.23394921,0.07761439,-0.4105815,自动合成参数 DQN 实验版 / self-synthesized DQN experimental run
山西,2024-06,流通,0.4555262,0.3467887,0.16957483,0.013140345,-0.48093972,自动合成参数 DQN 实验版 / self-synthesized DQN experimental run
山西,2024-07,流通,0.4609456,0.35329857,0.17283806,0.019574905,-0.4744144,自动合成参数 DQN 实验版 / self-synthesized DQN experimental run
山西,2024-09,流通,0.5419363,0.4422232,0.2766771,0.10615527,-0.3737047,自动合成参数 DQN 实验版 / self-synthesized DQN experimental run
山西,2024-10,流通,0.52657163,0.43913275,0.28492367,0.102770105,-0.3675365,自动合成参数 DQN 实验版 / self-synthesized DQN experimental run
山西,2024-11,流通,0.41725487,0.34641176,0.18460095,0.010915836,-0.45770195,自动合成参数 DQN 实验版 / self-synthesized DQN experimental run
山西,2024-12,流通,0.51700574,0.44671434,0.2917814,0.12231778,-0.33945447,自动合成参数 DQN 实验版 / self-synthesized DQN experimental run
山西,2023-01,生产,0.24543162,0.4106251,0.49847573,0.4527606,0.20041162,自动合成参数 DQN 实验版 / self-synthesized DQN experimental run
山西,2023-02,生产,0.39098814,0.42112473,0.36981907,0.16672656,-0.32314068,自动合成参数 DQN 实验版 / self-synthesized DQN experimental run
山西,2023-03,生产,0.39162645,0.37845546,0.2845521,0.09151221,-0.38823396,自动合成参数 DQN 实验版 / self-synthesized DQN experimental run
山西,2023-08,生产,0.5079627,0.4691005,0.36681134,0.18698052,-0.25778505,自动合成参数 DQN 实验版 / self-synthesized DQN experimental run
山西,2023-10,生产,0.4123676,0.37356463,0.25683767,0.101606086,-0.32501137,自动合成参数 DQN 实验版 / self-synthesized DQN experimental run
山西,2023-12,生产,0.69114506,0.6337329,0.5034916,0.34759635,-0.11550635,自动合成参数 DQN 实验版 / self-synthesized DQN experimental run
山西,2024-05,生产,0.53951263,0.4494654,0.31809908,0.14988944,-0.34139118,自动合成参数 DQN 实验版 / self-synthesized DQN experimental run
山西,2024-09,生产,0.5583733,0.4732089,0.32888275,0.1659973,-0.33227924,自动合成参数 DQN 实验版 / self-synthesized DQN experimental run
山西,2023-01,餐饮,0.23543508,0.14607453,-0.05632806,-0.23624223,-0.7497716,自动合成参数 DQN 实验版 / self-synthesized DQN experimental run
山西,2023-02,餐饮,0.43057778,0.3408617,0.13987392,-0.056177206,-0.5327524,自动合成参数 DQN 实验版 / self-synthesized DQN experimental run
山西,2023-03,餐饮,0.4308787,0.3428188,0.14023462,-0.055912264,-0.5329806,自动合成参数 DQN 实验版 / self-synthesized DQN experimental run
山西,2023-04,餐饮,0.41421828,0.32986146,0.12350768,-0.07149256,-0.54897475,自动合成参数 DQN 实验版 / self-synthesized DQN experimental run
山西,2023-05,餐饮,0.34400824,0.24986164,0.054709375,-0.14821763,-0.6300863,自动合成参数 DQN 实验版 / self-synthesized DQN experimental run
山西,2023-06,餐饮,0.35583484,0.26322907,0.06520283,-0.13666876,-0.6199005,自动合成参数 DQN 实验版 / self-synthesized DQN experimental run
山西,2023-07,餐饮,0.36428836,0.27275333,0.07273805,-0.12826008,-0.6121682,自动合成参数 DQN 实验版 / self-synthesized DQN experimental run
山西,2023-08,餐饮,0.43561655,0.5055532,0.49371055,0.41856277,0.06001669,自动合成参数 DQN 实验版 / self-synthesized DQN experimental run
山西,2023-09,餐饮,0.4297591,0.33395365,0.13592464,-0.033186026,-0.5244272,自动合成参数 DQN 实验版 / self-synthesized DQN experimental run
山西,2023-10,餐饮,0.43406796,0.3415188,0.13963771,-0.030215507,-0.51658726,自动合成参数 DQN 实验版 / self-synthesized DQN experimental run
山西,2023-11,餐饮,0.49508068,0.4049146,0.20809272,0.02703535,-0.45033187,自动合成参数 DQN 实验版 / self-synthesized DQN experimental run
山西,2023-12,餐饮,0.5881337,0.67442477,0.64879537,0.5644514,0.19263828,自动合成参数 DQN 实验版 / self-synthesized DQN experimental run
山西,2024-01,餐饮,0.5260688,0.4304242,0.21868718,0.06806152,-0.41598696,自动合成参数 DQN 实验版 / self-synthesized DQN experimental run
山西,2024-02,餐饮,0.52617496,0.429646,0.2196359,0.06745594,-0.41639885,自动合成参数 DQN 实验版 / self-synthesized DQN experimental run
山西,2024-03,餐饮,0.53540355,0.43683514,0.23052603,0.07446083,-0.40838903,自动合成参数 DQN 实验版 / self-synthesized DQN experimental run
山西,2024-04,餐饮,0.54152054,0.44641045,0.2356782,0.081846975,-0.39957356,自动合成参数 DQN 实验版 / self-synthesized DQN experimental run
山西,2024-05,餐饮,0.5439977,0.4495788,0.23753947,0.0849032,-0.39640895,自动合成参数 DQN 实验版 / self-synthesized DQN experimental run
山西,2024-06,餐饮,0.46310192,0.36810723,0.17298016,-0.002851611,-0.48967847,自动合成参数 DQN 实验版 / self-synthesized DQN experimental run
山西,2024-07,餐饮,0.40144625,0.4658028,0.455496,0.3675126,0.008175343,自动合成参数 DQN 实验版 / self-synthesized DQN experimental run
山西,2024-08,餐饮,0.42111573,0.32519406,0.12598026,-0.040714003,-0.5333532,自动合成参数 DQN 实验版 / self-synthesized DQN experimental run
山西,2024-09,餐饮,0.46661675,0.5449201,0.5354088,0.4660281,0.09771067,自动合成参数 DQN 实验版 / self-synthesized DQN experimental run
山西,2024-10,餐饮,0.5364113,0.4353545,0.23191136,0.07421156,-0.4094056,自动合成参数 DQN 实验版 / self-synthesized DQN experimental run
山西,2024-11,餐饮,0.33732224,0.3995791,0.39175984,0.2966696,-0.058273137,自动合成参数 DQN 实验版 / self-synthesized DQN experimental run
山西,2024-12,餐饮,0.42201522,0.4961674,0.49084988,0.4123532,0.05174893,自动合成参数 DQN 实验版 / self-synthesized DQN experimental run
广东,2023-01,流通,0.2548855,0.1407975,-0.06433144,-0.24888295,-0.76619095,自动合成参数 DQN 实验版 / self-synthesized DQN experimental run
广东,2023-02,流通,0.2936892,0.16085325,-0.036596805,-0.21557918,-0.7194587,自动合成参数 DQN 实验版 / self-synthesized DQN experimental run
广东,2023-03,流通,0.53830564,0.662065,0.6740016,0.61142623,0.28419167,自动合成参数 DQN 实验版 / self-synthesized DQN experimental run
广东,2023-04,流通,0.36413315,0.26547915,0.07261055,-0.11278197,-0.61275685,自动合成参数 DQN 实验版 / self-synthesized DQN experimental run
广东,2023-05,流通,0.3324381,0.197465,0.0031160712,-0.16968594,-0.6746574,自动合成参数 DQN 实验版 / self-synthesized DQN experimental run
广东,2023-06,流通,0.37493205,0.26130626,0.058882944,-0.12681967,-0.6399622,自动合成参数 DQN 实验版 / self-synthesized DQN experimental run
广东,2023-07,流通,0.37571174,0.26876622,0.08530627,-0.09861878,-0.5987619,自动合成参数 DQN 实验版 / self-synthesized DQN experimental run
广东,2023-08,流通,0.32498994,0.43907365,0.45697415,0.3743953,0.06560379,自动合成参数 DQN 实验版 / self-synthesized DQN experimental run
广东,2023-09,流通,0.37333336,0.23775896,0.04189375,-0.12723234,-0.64028794,自动合成参数 DQN 实验版 / self-synthesized DQN experimental run
广东,2023-10,流通,0.41443807,0.30808938,0.11372155,-0.0730863,-0.5793333,自动合成参数 DQN 实验版 / self-synthesized DQN experimental run
广东,2023-11,流通,0.4052357,0.51152456,0.51863486,0.4385808,0.11829227,自动合成参数 DQN 实验版 / self-synthesized DQN experimental run
广东,2023-12,流通,0.45428282,0.6026695,0.59863544,0.5073143,0.19583839,自动合成参数 DQN 实验版 / self-synthesized DQN experimental run
广东,2024-01,流通,0.48032016,0.33216953,0.14394909,-0.025105705,-0.5341057,自动合成参数 DQN 实验版 / self-synthesized DQN experimental run
广东,2024-02,流通,0.43587977,0.3288958,0.13406608,-0.05359549,-0.56038254,自动合成参数 DQN 实验版 / self-synthesized DQN experimental run
广东,2024-03,流通,0.542327,0.3850672,0.23903966,0.10614162,-0.43100095,自动合成参数 DQN 实验版 / self-synthesized DQN experimental run
广东,2024-04,流通,0.81026244,0.691419,0.5173018,0.32222697,-0.1697348,自动合成参数 DQN 实验版 / self-synthesized DQN experimental run
广东,2024-05,流通,0.537591,0.42519498,0.23450813,0.043036498,-0.46079415,自动合成参数 DQN 实验版 / self-synthesized DQN experimental run
广东,2024-06,流通,0.51063,0.4072094,0.22442706,0.038770482,-0.46167773,自动合成参数 DQN 实验版 / self-synthesized DQN experimental run
广东,2024-07,流通,0.44319597,0.3311191,0.13057818,-0.058977067,-0.5718469,自动合成参数 DQN 实验版 / self-synthesized DQN experimental run
广东,2024-08,流通,0.43993846,0.33413428,0.13855958,-0.049584694,-0.55628216,自动合成参数 DQN 实验版 / self-synthesized DQN experimental run
广东,2024-09,流通,0.46794897,0.35721,0.1644687,-0.024075652,-0.53027886,自动合成参数 DQN 实验版 / self-synthesized DQN experimental run
广东,2024-10,流通,0.6786599,0.54406506,0.37903842,0.15620328,-0.34813368,自动合成参数 DQN 实验版 / self-synthesized DQN experimental run
广东,2024-11,流通,0.33074027,0.2291201,0.028759524,-0.14763032,-0.65518117,自动合成参数 DQN 实验版 / self-synthesized DQN experimental run
广东,2024-12,流通,0.47229794,0.36250356,0.15288359,-0.041008495,-0.55857843,自动合成参数 DQN 实验版 / self-synthesized DQN experimental run
广东,2023-01,生产,0.2845839,0.13406083,0.012347311,-0.21947771,-0.7617692,自动合成参数 DQN 实验版 / self-synthesized DQN experimental run
广东,2023-02,生产,0.3612643,0.22853994,0.09103011,-0.13902381,-0.6363712,自动合成参数 DQN 实验版 / self-synthesized DQN experimental run
广东,2023-03,生产,0.41081262,0.5703112,0.5747101,0.49273294,0.1912685,自动合成参数 DQN 实验版 / self-synthesized DQN experimental run
广东,2023-04,生产,0.44779387,0.2700188,0.16172132,-0.031850643,-0.5713964,自动合成参数 DQN 实验版 / self-synthesized DQN experimental run
广东,2023-05,生产,0.3603147,0.26267374,0.07644576,-0.10936869,-0.6022995,自动合成参数 DQN 实验版 / self-synthesized DQN experimental run
广东,2023-06,生产,0.38678992,0.2650284,0.095567346,-0.09196795,-0.6125521,自动合成参数 DQN 实验版 / self-synthesized DQN experimental run
广东,2023-07,生产,0.28686523,0.39389607,0.41825962,0.33795294,0.03246385,自动合成参数 DQN 实验版 / self-synthesized DQN experimental run
广东,2023-08,生产,0.357517,0.30508235,0.17142451,0.0040456597,-0.43759006,自动合成参数 DQN 实验版 / self-synthesized DQN experimental run
广东,2023-09,生产,0.42910784,0.3268379,0.1372945,-0.048614286,-0.54977113,自动合成参数 DQN 实验版 / self-synthesized DQN experimental run
广东,2023-10,生产,0.44066694,0.33035058,0.13178384,-0.0571168,-0.56788397,自动合成参数 DQN 实验版 / self-synthesized DQN experimental run
广东,2023-11,生产,0.2907763,0.40416366,0.43399793,0.35709754,0.055408,自动合成参数 DQN 实验版 / self-synthesized DQN experimental run
广东,2023-12,生产,0.52340925,0.41945046,0.19499053,-0.006259309,-0.5305039,自动合成参数 DQN 实验版 / self-synthesized DQN experimental run
广东,2024-01,生产,0.3961493,0.49298766,0.5325562,0.45440894,0.15594369,自动合成参数 DQN 实验版 / self-synthesized DQN experimental run
广东,2024-02,生产,0.33429262,0.43691403,0.46379367,0.39190754,0.082999945,自动合成参数 DQN 实验版 / self-synthesized DQN experimental run
广东,2024-03,生产,0.6129488,0.42385387,0.3035816,0.20033932,-0.35253,自动合成参数 DQN 实验版 / self-synthesized DQN experimental run
广东,2024-04,生产,0.7575264,0.9582087,0.9362409,0.855014,0.5508827,自动合成参数 DQN 实验版 / self-synthesized DQN experimental run
广东,2024-05,生产,0.66046166,0.48541602,0.3600696,0.22076619,-0.33356774,自动合成参数 DQN 实验版 / self-synthesized DQN experimental run
广东,2024-06,生产,0.5552361,0.4514223,0.28115696,0.08168829,-0.4120001,自动合成参数 DQN 实验版 / self-synthesized DQN experimental run
广东,2024-07,生产,0.3258962,0.4336937,0.46556684,0.395683,0.09149349,自动合成参数 DQN 实验版 / self-synthesized DQN experimental run
广东,2024-08,生产,0.33253658,0.43788046,0.46751416,0.39709496,0.09056866,自动合成参数 DQN 实验版 / self-synthesized DQN experimental run
广东,2024-09,生产,0.39029768,0.5124824,0.544623,0.47585988,0.15616709,自动合成参数 DQN 实验版 / self-synthesized DQN experimental run
广东,2024-10,生产,0.5551916,0.67240334,0.69965816,0.6350671,0.32026863,自动合成参数 DQN 实验版 / self-synthesized DQN experimental run
广东,2024-11,生产,0.37741557,0.27207807,0.07841029,-0.10695156,-0.61236954,自动合成参数 DQN 实验版 / self-synthesized DQN experimental run
广东,2024-12,生产,0.32927617,0.4615977,0.49099597,0.41480082,0.118983805,自动合成参数 DQN 实验版 / self-synthesized DQN experimental run
广东,2023-01,餐饮,0.27769178,0.2233496,0.021226466,-0.10874797,-0.646847,自动合成参数 DQN 实验版 / self-synthesized DQN experimental run
广东,2023-02,餐饮,0.34987736,0.22111186,0.07100582,-0.118211694,-0.6501264,自动合成参数 DQN 实验版 / self-synthesized DQN experimental run
广东,2023-03,餐饮,0.46844655,0.37134838,0.16134784,-0.03637351,-0.5115199,自动合成参数 DQN 实验版 / self-synthesized DQN experimental run
广东,2023-04,餐饮,0.4854709,0.2927638,0.18587261,0.0521748,-0.5101266,自动合成参数 DQN 实验版 / self-synthesized DQN experimental run
广东,2023-05,餐饮,0.4027834,0.20439586,0.10128492,-0.026590293,-0.5959873,自动合成参数 DQN 实验版 / self-synthesized DQN experimental run
广东,2023-06,餐饮,0.3364302,0.24114263,0.036025107,-0.15282273,-0.65803766,自动合成参数 DQN 实验版 / self-synthesized DQN experimental run
广东,2023-07,餐饮,0.34507084,0.2359221,0.06769763,-0.12500466,-0.6414571,自动合成参数 DQN 实验版 / self-synthesized DQN experimental run
广东,2023-08,餐饮,0.41296697,0.30692118,0.11578716,-0.06681815,-0.57496095,自动合成参数 DQN 实验版 / self-synthesized DQN experimental run
广东,2023-09,餐饮,0.44751477,0.3317309,0.123476595,-0.07071663,-0.57839835,自动合成参数 DQN 实验版 / self-synthesized DQN experimental run
广东,2023-10,餐饮,0.46870506,0.37428167,0.15790561,-0.03245058,-0.535916,自动合成参数 DQN 实验版 / self-synthesized DQN experimental run
广东,2023-11,餐饮,0.36208975,0.25389123,0.10475518,-0.09827263,-0.62650055,自动合成参数 DQN 实验版 / self-synthesized DQN experimental run
广东,2023-12,餐饮,0.57049394,0.40239298,0.28514913,0.14592344,-0.40362102,自动合成参数 DQN 实验版 / self-synthesized DQN experimental run
广东,2024-01,餐饮,0.2938283,0.3964293,0.4213466,0.34315318,0.035753787,自动合成参数 DQN 实验版 / self-synthesized DQN experimental run
广东,2024-02,餐饮,0.38371605,0.28265056,0.076223895,-0.10654736,-0.59438443,自动合成参数 DQN 实验版 / self-synthesized DQN experimental run
广东,2024-03,餐饮,0.6254655,0.41966057,0.29244584,0.27046287,-0.27063712,自动合成参数 DQN 实验版 / self-synthesized DQN experimental run
广东,2024-04,餐饮,0.8476331,0.64508057,0.50481343,0.5119207,-0.01772976,自动合成参数 DQN 实验版 / self-synthesized DQN experimental run
广东,2024-05,餐饮,0.46280372,0.62158155,0.6237658,0.5467133,0.24091429,自动合成参数 DQN 实验版 / self-synthesized DQN experimental run
广东,2024-06,餐饮,0.432292,0.56003094,0.579602,0.51074904,0.19350845,自动合成参数 DQN 实验版 / self-synthesized DQN experimental run
广东,2024-07,餐饮,0.35462046,0.25846225,0.056416415,-0.13116764,-0.63367236,自动合成参数 DQN 实验版 / self-synthesized DQN experimental run
广东,2024-08,餐饮,0.41426522,0.2347537,0.12054694,-0.033035822,-0.5910048,自动合成参数 DQN 实验版 / self-synthesized DQN experimental run
广东,2024-09,餐饮,0.45809454,0.3683394,0.18423824,0.0055704033,-0.49944407,自动合成参数 DQN 实验版 / self-synthesized DQN experimental run
广东,2024-10,餐饮,0.45190474,0.6079018,0.60499024,0.5233219,0.21482402,自动合成参数 DQN 实验版 / self-synthesized DQN experimental run
广东,2024-11,餐饮,0.3814288,0.20864135,0.10182479,-0.074526496,-0.63991696,自动合成参数 DQN 实验版 / self-synthesized DQN experimental run
广东,2024-12,餐饮,0.37335813,0.27375853,0.0807996,-0.10483467,-0.605528,自动合成参数 DQN 实验版 / self-synthesized DQN experimental run
广西,2024-04,其他,0.34503555,0.76289076,1.1189286,1.2501976,1.2089455,自动合成参数 DQN 实验版 / self-synthesized DQN experimental run
广西,2023-01,流通,0.27757713,0.18031153,-0.005413711,-0.17181343,-0.66445714,自动合成参数 DQN 实验版 / self-synthesized DQN experimental run
广西,2023-02,流通,0.31141803,0.2106139,0.02328679,-0.14853969,-0.64752024,自动合成参数 DQN 实验版 / self-synthesized DQN experimental run
广西,2023-03,流通,0.45995194,0.367717,0.1751591,-0.0076630767,-0.49785784,自动合成参数 DQN 实验版 / self-synthesized DQN experimental run
广西,2023-04,流通,0.36386564,0.2708484,0.06904629,-0.10667921,-0.605085,自动合成参数 DQN 实验版 / self-synthesized DQN experimental run
广西,2023-05,流通,0.40545684,0.31016523,0.09760852,-0.08548152,-0.59950644,自动合成参数 DQN 实验版 / self-synthesized DQN experimental run
广西,2023-06,流通,0.33816338,0.23133881,0.033709303,-0.15103836,-0.6603052,自动合成参数 DQN 实验版 / self-synthesized DQN experimental run
广西,2023-07,流通,0.32361388,0.22948757,0.016133562,-0.164252,-0.67762035,自动合成参数 DQN 实验版 / self-synthesized DQN experimental run
广西,2023-08,流通,0.34962505,0.42814332,0.4306301,0.34572327,0.015741438,自动合成参数 DQN 实验版 / self-synthesized DQN experimental run
广西,2023-09,流通,0.36573175,0.45170057,0.46272746,0.38508812,0.060834646,自动合成参数 DQN 实验版 / self-synthesized DQN experimental run
广西,2023-10,流通,0.3783583,0.46291792,0.47308138,0.39650545,0.07057762,自动合成参数 DQN 实验版 / self-synthesized DQN experimental run
广西,2023-11,流通,0.36746457,0.25949666,0.09969501,-0.088048734,-0.5810221,自动合成参数 DQN 实验版 / self-synthesized DQN experimental run
广西,2023-12,流通,0.45062003,0.5513042,0.58174455,0.5267152,0.21177465,自动合成参数 DQN 实验版 / self-synthesized DQN experimental run
广西,2024-01,流通,0.3002648,0.20292324,0.010417074,-0.15629691,-0.6411605,自动合成参数 DQN 实验版 / self-synthesized DQN experimental run
广西,2024-02,流通,0.39266407,0.28405437,0.1289257,-0.0512392,-0.53738415,自动合成参数 DQN 实验版 / self-synthesized DQN experimental run
广西,2024-03,流通,0.4089776,0.30322745,0.118649215,-0.04657357,-0.530267,自动合成参数 DQN 实验版 / self-synthesized DQN experimental run
广西,2024-04,流通,0.40007985,0.3029619,0.117882565,-0.05588878,-0.5513991,自动合成参数 DQN 实验版 / self-synthesized DQN experimental run
广西,2024-05,流通,0.4303537,0.5115515,0.5385589,0.45665228,0.12728065,自动合成参数 DQN 实验版 / self-synthesized DQN experimental run
广西,2024-06,流通,0.38057548,0.46980852,0.48495054,0.41170657,0.08966923,自动合成参数 DQN 实验版 / self-synthesized DQN experimental run
广西,2024-07,流通,0.40781894,0.31643206,0.12517983,-0.04849258,-0.54920566,自动合成参数 DQN 实验版 / self-synthesized DQN experimental run
广西,2024-08,流通,0.36484763,0.27044111,0.0766678,-0.09080536,-0.5876199,自动合成参数 DQN 实验版 / self-synthesized DQN experimental run
广西,2024-09,流通,0.3591518,0.4374947,0.45063126,0.35906625,0.040230602,自动合成参数 DQN 实验版 / self-synthesized DQN experimental run
广西,2024-10,流通,0.37842184,0.4648315,0.4770193,0.40422624,0.060431212,自动合成参数 DQN 实验版 / self-synthesized DQN experimental run
广西,2024-11,流通,0.38105014,0.2741078,0.09310806,-0.078256376,-0.56933343,自动合成参数 DQN 实验版 / self-synthesized DQN experimental run
广西,2024-12,流通,0.39704093,0.30084905,0.1088408,-0.07571291,-0.57674176,自动合成参数 DQN 实验版 / self-synthesized DQN experimental run
广西,2023-01,生产,0.2925679,0.2804112,0.13313133,-0.00051010214,-0.43637735,自动合成参数 DQN 实验版 / self-synthesized DQN experimental run
广西,2023-02,生产,0.26808226,0.1611546,-0.011810899,-0.17807302,-0.66589826,自动合成参数 DQN 实验版 / self-synthesized DQN experimental run
广西,2023-03,生产,0.28843194,0.39001995,0.41362232,0.33394203,0.025884718,自动合成参数 DQN 实验版 / self-synthesized DQN experimental run
广西,2023-04,生产,0.28117463,0.37696847,0.3941821,0.3096695,-0.0030412972,自动合成参数 DQN 实验版 / self-synthesized DQN experimental run
广西,2023-05,生产,0.34483004,0.43022084,0.43964246,0.3583824,0.034425408,自动合成参数 DQN 实验版 / self-synthesized DQN experimental run
广西,2023-06,生产,0.2918257,0.36693913,0.36310354,0.26702967,-0.06366837,自动合成参数 DQN 实验版 / self-synthesized DQN experimental run
广西,2023-07,生产,0.27634415,0.37362581,0.38072,0.30661112,-0.027437568,自动合成参数 DQN 实验版 / self-synthesized DQN experimental run
广西,2023-08,生产,0.2884715,0.37009752,0.3728907,0.28045768,-0.0445759,自动合成参数 DQN 实验版 / self-synthesized DQN experimental run
广西,2023-09,生产,0.28809828,0.37044898,0.37397975,0.28195184,-0.04245144,自动合成参数 DQN 实验版 / self-synthesized DQN experimental run
广西,2023-10,生产,0.29462397,0.38267553,0.38847452,0.29792225,-0.023626179,自动合成参数 DQN 实验版 / self-synthesized DQN experimental run
广西,2023-11,生产,0.28722027,0.37599137,0.38514984,0.29627195,-0.023087025,自动合成参数 DQN 实验版 / self-synthesized DQN experimental run
广西,2023-12,生产,0.35821477,0.47920033,0.48843193,0.4017212,0.090908706,自动合成参数 DQN 实验版 / self-synthesized DQN experimental run
广西,2024-01,生产,0.2893001,0.19047418,-0.013722241,-0.17693788,-0.6738144,自动合成参数 DQN 实验版 / self-synthesized DQN experimental run
广西,2024-02,生产,0.32059625,0.41110322,0.41961572,0.34448385,0.0002872944,自动合成参数 DQN 实验版 / self-synthesized DQN experimental run
广西,2024-03,生产,0.29176188,0.38786492,0.4038304,0.32549503,-0.009687185,自动合成参数 DQN 实验版 / self-synthesized DQN experimental run
广西,2024-04,生产,0.28932226,0.37887135,0.39344847,0.31970897,-0.015211612,自动合成参数 DQN 实验版 / self-synthesized DQN experimental run
广西,2024-05,生产,0.37287945,0.46955478,0.4732731,0.3862868,0.05228573,自动合成参数 DQN 实验版 / self-synthesized DQN experimental run
广西,2024-06,生产,0.31412786,0.4036208,0.40332437,0.3099159,-0.01488018,自动合成参数 DQN 实验版 / self-synthesized DQN experimental run
广西,2024-07,生产,0.30023032,0.39455032,0.40409344,0.3278903,-0.0008313358,自动合成参数 DQN 实验版 / self-synthesized DQN experimental run
广西,2024-08,生产,0.28446653,0.3738687,0.38457668,0.29649085,-0.021779269,自动合成参数 DQN 实验版 / self-synthesized DQN experimental run
广西,2024-09,生产,0.2825175,0.375704,0.39026374,0.30429354,-0.010685086,自动合成参数 DQN 实验版 / self-synthesized DQN experimental run
广西,2024-10,生产,0.28841463,0.3701511,0.37305665,0.28068537,-0.044252187,自动合成参数 DQN 实验版 / self-synthesized DQN experimental run
广西,2024-11,生产,0.28725752,0.37124065,0.3764329,0.2853176,-0.037665844,自动合成参数 DQN 实验版 / self-synthesized DQN experimental run
广西,2024-12,生产,0.324723,0.42058155,0.42158207,0.32922283,0.0068788826,自动合成参数 DQN 实验版 / self-synthesized DQN experimental run
广西,2023-01,餐饮,0.2925679,0.2804112,0.13313133,-0.00051010214,-0.43637735,自动合成参数 DQN 实验版 / self-synthesized DQN experimental run
广西,2023-02,餐饮,0.29840434,0.21861818,0.07661614,-0.07589526,-0.53612417,自动合成参数 DQN 实验版 / self-synthesized DQN experimental run
广西,2023-03,餐饮,0.31150714,0.23040774,0.08538157,-0.06719316,-0.5294155,自动合成参数 DQN 实验版 / self-synthesized DQN experimental run
广西,2023-04,餐饮,0.28718114,0.18448913,0.013075292,-0.15323785,-0.6361668,自动合成参数 DQN 实验版 / self-synthesized DQN experimental run
广西,2023-05,餐饮,0.369439,0.26503873,0.109342754,-0.07502382,-0.5526021,自动合成参数 DQN 实验版 / self-synthesized DQN experimental run
广西,2023-06,餐饮,0.24687219,0.1392408,-0.038343847,-0.21175966,-0.7132672,自动合成参数 DQN 实验版 / self-synthesized DQN experimental run
广西,2023-08,餐饮,0.2626142,0.16424273,-0.026094377,-0.20122488,-0.6993849,自动合成参数 DQN 实验版 / self-synthesized DQN experimental run
广西,2023-09,餐饮,0.24670053,0.16477224,-0.04822761,-0.22632092,-0.7164825,自动合成参数 DQN 实验版 / self-synthesized DQN experimental run
广西,2023-10,餐饮,0.28772694,0.20692658,-0.007133946,-0.1823498,-0.6835954,自动合成参数 DQN 实验版 / self-synthesized DQN experimental run
广西,2023-11,餐饮,0.27376485,0.18884262,-0.024427876,-0.1967304,-0.6992504,自动合成参数 DQN 实验版 / self-synthesized DQN experimental run
广西,2023-12,餐饮,0.3246063,0.41836706,0.43278477,0.35995388,0.010753036,自动合成参数 DQN 实验版 / self-synthesized DQN experimental run
广西,2024-01,餐饮,0.25689647,0.1636844,-0.040810853,-0.21313515,-0.6994554,自动合成参数 DQN 实验版 / self-synthesized DQN experimental run
广西,2024-03,餐饮,0.31252998,0.22101578,0.017038405,-0.15518808,-0.65127766,自动合成参数 DQN 实验版 / self-synthesized DQN experimental run
广西,2024-05,餐饮,0.34823763,0.24744406,0.05973196,-0.12108431,-0.6144518,自动合成参数 DQN 实验版 / self-synthesized DQN experimental run
广西,2024-06,餐饮,0.29534864,0.19742629,-0.00048452616,-0.17747375,-0.67546874,自动合成参数 DQN 实验版 / self-synthesized DQN experimental run
广西,2024-07,餐饮,0.31616297,0.23582432,0.016609192,-0.1554441,-0.65799797,自动合成参数 DQN 实验版 / self-synthesized DQN experimental run
广西,2024-08,餐饮,0.31649426,0.2357522,0.017082214,-0.158846,-0.6584269,自动合成参数 DQN 实验版 / self-synthesized DQN experimental run
广西,2024-09,餐饮,0.29173335,0.20846677,-0.010216042,-0.18245827,-0.68444353,自动合成参数 DQN 实验版 / self-synthesized DQN experimental run
广西,2024-10,餐饮,0.2914103,0.19750394,-0.008849442,-0.18144292,-0.685395,自动合成参数 DQN 实验版 / self-synthesized DQN experimental run
广西,2024-11,餐饮,0.29359457,0.20367126,-0.009276181,-0.18360321,-0.68405116,自动合成参数 DQN 实验版 / self-synthesized DQN experimental run
广西,2024-12,餐饮,0.33022988,0.2255895,0.032160252,-0.14788868,-0.6516309,自动合成参数 DQN 实验版 / self-synthesized DQN experimental run
新疆,2023-01,流通,0.33144447,0.34834558,0.2816599,0.1512996,-0.23217258,自动合成参数 DQN 实验版 / self-synthesized DQN experimental run
新疆,2023-03,流通,0.33406043,0.32716975,0.23986793,0.09795015,-0.30407274,自动合成参数 DQN 实验版 / self-synthesized DQN experimental run
新疆,2023-04,流通,0.3231777,0.28778544,0.1749688,0.016628154,-0.40600902,自动合成参数 DQN 实验版 / self-synthesized DQN experimental run
新疆,2023-05,流通,0.3682596,0.26735628,0.13532126,-0.035333343,-0.5143547,自动合成参数 DQN 实验版 / self-synthesized DQN experimental run
新疆,2023-06,流通,0.31136668,0.24152932,0.044435173,-0.09804133,-0.59729743,自动合成参数 DQN 实验版 / self-synthesized DQN experimental run
新疆,2023-07,流通,0.29973936,0.22934005,0.039756536,-0.109494664,-0.6063564,自动合成参数 DQN 实验版 / self-synthesized DQN experimental run
新疆,2023-08,流通,0.30575252,0.23139945,0.04406622,-0.10709671,-0.6056007,自动合成参数 DQN 实验版 / self-synthesized DQN experimental run
新疆,2023-10,流通,0.3162023,0.24494818,0.0811345,-0.08250913,-0.5551195,自动合成参数 DQN 实验版 / self-synthesized DQN experimental run
新疆,2023-11,流通,0.33864456,0.2838372,0.12836656,-0.04530009,-0.504469,自动合成参数 DQN 实验版 / self-synthesized DQN experimental run
新疆,2023-12,流通,0.31765765,0.2713398,0.13218357,-0.034125805,-0.4779516,自动合成参数 DQN 实验版 / self-synthesized DQN experimental run
新疆,2024-01,流通,0.31838626,0.26096666,0.10330783,-0.067719616,-0.529456,自动合成参数 DQN 实验版 / self-synthesized DQN experimental run
新疆,2024-02,流通,0.3273923,0.26556507,0.104027055,-0.06853556,-0.534719,自动合成参数 DQN 实验版 / self-synthesized DQN experimental run
新疆,2024-03,流通,0.31507498,0.2548769,0.09119792,-0.0811458,-0.54843235,自动合成参数 DQN 实验版 / self-synthesized DQN experimental run
新疆,2024-04,流通,0.31539187,0.25468695,0.09027602,-0.08227212,-0.55028975,自动合成参数 DQN 实验版 / self-synthesized DQN experimental run
新疆,2024-06,流通,0.3157693,0.2545508,0.08942064,-0.08333243,-0.55207354,自动合成参数 DQN 实验版 / self-synthesized DQN experimental run
新疆,2024-09,流通,0.32523042,0.2616524,0.09596493,-0.07757394,-0.54752773,自动合成参数 DQN 实验版 / self-synthesized DQN experimental run
新疆,2024-10,流通,0.33984762,0.2748376,0.10985373,-0.06491587,-0.53480095,自动合成参数 DQN 实验版 / self-synthesized DQN experimental run
新疆,2024-11,流通,0.3537982,0.28712878,0.12282649,-0.053019777,-0.5229297,自动合成参数 DQN 实验版 / self-synthesized DQN experimental run
新疆,2024-12,流通,0.37208706,0.30243677,0.13831124,-0.03900546,-0.50976783,自动合成参数 DQN 实验版 / self-synthesized DQN experimental run
新疆,2023-05,生产,0.30764014,0.38382375,0.37496448,0.2765288,-0.056876957,自动合成参数 DQN 实验版 / self-synthesized DQN experimental run
新疆,2023-06,生产,0.33018687,0.34924638,0.28481206,0.15568481,-0.2258776,自动合成参数 DQN 实验版 / self-synthesized DQN experimental run
新疆,2023-07,生产,0.34046668,0.32113743,0.22117524,0.07230376,-0.34053785,自动合成参数 DQN 实验版 / self-synthesized DQN experimental run
新疆,2023-10,生产,0.29382902,0.30477136,0.23986542,0.1073229,-0.27411783,自动合成参数 DQN 实验版 / self-synthesized DQN experimental run
新疆,2023-11,生产,0.29512146,0.29646844,0.22229497,0.08431835,-0.304872,自动合成参数 DQN 实验版 / self-synthesized DQN experimental run
新疆,2024-02,生产,0.31007585,0.27193633,0.15830822,-0.0018460867,-0.42450145,自动合成参数 DQN 实验版 / self-synthesized DQN experimental run
新疆,2024-03,生产,0.31453788,0.26993006,0.14956379,-0.014184941,-0.4426509,自动合成参数 DQN 实验版 / self-synthesized DQN experimental run
新疆,2024-04,生产,0.32098144,0.27125788,0.14516385,-0.021371912,-0.4549096,自动合成参数 DQN 实验版 / self-synthesized DQN experimental run
新疆,2024-06,生产,0.3279053,0.26520857,0.12580365,-0.04038404,-0.48855427,自动合成参数 DQN 实验版 / self-synthesized DQN experimental run
新疆,2024-07,生产,0.36039126,0.2907643,0.15047824,-0.018480813,-0.46955702,自动合成参数 DQN 实验版 / self-synthesized DQN experimental run
新疆,2024-08,生产,0.35684353,0.2834585,0.13843165,-0.030934138,-0.48688594,自动合成参数 DQN 实验版 / self-synthesized DQN experimental run
新疆,2024-09,生产,0.33596563,0.24836403,0.098338366,-0.06936959,-0.54432213,自动合成参数 DQN 实验版 / self-synthesized DQN experimental run
新疆,2024-10,生产,0.31602103,0.2726691,0.12822503,-0.04114195,-0.48802823,自动合成参数 DQN 实验版 / self-synthesized DQN experimental run
新疆,2024-12,生产,0.41486752,0.34042454,0.18653016,0.0069832634,-0.45815352,自动合成参数 DQN 实验版 / self-synthesized DQN experimental run
新疆,2023-03,餐饮,0.30310616,0.19818577,0.04577902,-0.11188779,-0.6009197,自动合成参数 DQN 实验版 / self-synthesized DQN experimental run
新疆,2023-04,餐饮,0.35199934,0.2661287,0.08232111,-0.07209391,-0.5748009,自动合成参数 DQN 实验版 / self-synthesized DQN experimental run
新疆,2023-05,餐饮,0.25069606,0.16332245,-0.02471602,-0.21926078,-0.7107748,自动合成参数 DQN 实验版 / self-synthesized DQN experimental run
新疆,2023-06,餐饮,0.22118726,0.13058734,-0.049573496,-0.2552664,-0.74274015,自动合成参数 DQN 实验版 / self-synthesized DQN experimental run
新疆,2023-07,餐饮,0.34867197,0.24673994,0.06401603,-0.12739879,-0.6272273,自动合成参数 DQN 实验版 / self-synthesized DQN experimental run
新疆,2023-08,餐饮,0.24870928,0.15533382,-0.02491358,-0.2373621,-0.73124576,自动合成参数 DQN 实验版 / self-synthesized DQN experimental run
新疆,2023-09,餐饮,0.2748052,0.1711711,-0.009843975,-0.21187767,-0.70727044,自动合成参数 DQN 实验版 / self-synthesized DQN experimental run
新疆,2023-10,餐饮,0.29006812,0.19153239,0.010862082,-0.19949424,-0.69574153,自动合成参数 DQN 实验版 / self-synthesized DQN experimental run
新疆,2023-11,餐饮,0.3206712,0.21482691,0.035212457,-0.16569215,-0.6637126,自动合成参数 DQN 实验版 / self-synthesized DQN experimental run
新疆,2023-12,餐饮,0.31297094,0.2128737,0.03194481,-0.17805816,-0.6762264,自动合成参数 DQN 实验版 / self-synthesized DQN experimental run
新疆,2024-01,餐饮,0.31027684,0.21055809,0.028230757,-0.18124543,-0.6798866,自动合成参数 DQN 实验版 / self-synthesized DQN experimental run
新疆,2024-02,餐饮,0.30780023,0.20855857,0.026138097,-0.183799,-0.6826341,自动合成参数 DQN 实验版 / self-synthesized DQN experimental run
新疆,2024-03,餐饮,0.309793,0.20882781,0.017070264,-0.17076227,-0.675192,自动合成参数 DQN 实验版 / self-synthesized DQN experimental run
新疆,2024-04,餐饮,0.3345217,0.23064682,0.047890514,-0.15746477,-0.6581828,自动合成参数 DQN 实验版 / self-synthesized DQN experimental run
新疆,2024-05,餐饮,0.30185965,0.20469145,0.020507678,-0.19054157,-0.6918679,自动合成参数 DQN 实验版 / self-synthesized DQN experimental run
新疆,2024-06,餐饮,0.32110128,0.22189683,0.039164662,-0.17126709,-0.6718763,自动合成参数 DQN 实验版 / self-synthesized DQN experimental run
新疆,2024-07,餐饮,0.38648242,0.2930079,0.11542538,-0.092365034,-0.5948441,自动合成参数 DQN 实验版 / self-synthesized DQN experimental run
新疆,2024-08,餐饮,0.3386274,0.2398844,0.062133223,-0.14784828,-0.644971,自动合成参数 DQN 实验版 / self-synthesized DQN experimental run
新疆,2024-09,餐饮,0.33885854,0.23867768,0.060102925,-0.14775324,-0.6450465,自动合成参数 DQN 实验版 / self-synthesized DQN experimental run
新疆,2024-10,餐饮,0.3194398,0.22269505,0.044156462,-0.16781184,-0.66538715,自动合成参数 DQN 实验版 / self-synthesized DQN experimental run
新疆,2024-11,餐饮,0.3175917,0.22089383,0.04224518,-0.16971856,-0.66724634,自动合成参数 DQN 实验版 / self-synthesized DQN experimental run
新疆,2024-12,餐饮,0.3558517,0.41213304,0.36883706,0.2524089,-0.10674715,自动合成参数 DQN 实验版 / self-synthesized DQN experimental run
未知,2024-06,流通,0.3665955,0.37610695,0.2901916,0.15003061,-0.24683774,自动合成参数 DQN 实验版 / self-synthesized DQN experimental run
江苏,2023-01,流通,0.26729822,0.18343094,-0.015877038,-0.20281386,-0.70351815,自动合成参数 DQN 实验版 / self-synthesized DQN experimental run
江苏,2023-02,流通,0.25195178,0.15590695,-0.042577475,-0.22791956,-0.7158773,自动合成参数 DQN 实验版 / self-synthesized DQN experimental run
江苏,2023-03,流通,0.29685715,0.20527431,0.0011237562,-0.18295763,-0.6864078,自动合成参数 DQN 实验版 / self-synthesized DQN experimental run
江苏,2023-04,流通,0.36215776,0.29117486,0.07235031,-0.10155184,-0.62272066,自动合成参数 DQN 实验版 / self-synthesized DQN experimental run
江苏,2023-05,流通,0.2617247,0.16966173,-0.032597214,-0.22368388,-0.7299487,自动合成参数 DQN 实验版 / self-synthesized DQN experimental run
江苏,2023-06,流通,0.22432745,0.131914,-0.07504842,-0.27241856,-0.76604223,自动合成参数 DQN 实验版 / self-synthesized DQN experimental run
江苏,2023-07,流通,0.2754177,0.3696652,0.3857184,0.29822084,-0.013875842,自动合成参数 DQN 实验版 / self-synthesized DQN experimental run
江苏,2023-08,流通,0.24355438,0.1502344,-0.0532683,-0.2501892,-0.741599,自动合成参数 DQN 实验版 / self-synthesized DQN experimental run
江苏,2023-09,流通,0.2511119,0.14782257,-0.045215353,-0.2561855,-0.7443527,自动合成参数 DQN 实验版 / self-synthesized DQN experimental run
江苏,2023-10,流通,0.2412132,0.15975277,-0.057962045,-0.23147677,-0.74339485,自动合成参数 DQN 实验版 / self-synthesized DQN experimental run
江苏,2023-11,流通,0.33901834,0.23897436,0.05462558,-0.15090623,-0.64417213,自动合成参数 DQN 实验版 / self-synthesized DQN experimental run
江苏,2023-12,流通,0.38756624,0.468589,0.46314487,0.37253323,0.022721648,自动合成参数 DQN 实验版 / self-synthesized DQN experimental run
江苏,2024-01,流通,0.2837118,0.18622237,-0.008254766,-0.22369269,-0.7121915,自动合成参数 DQN 实验版 / self-synthesized DQN experimental run
江苏,2024-02,流通,0.30247778,0.20799671,0.0072165728,-0.16530302,-0.67747265,自动合成参数 DQN 实验版 / self-synthesized DQN experimental run
江苏,2024-03,流通,0.2971869,0.20441166,0.0015254915,-0.18455231,-0.6830824,自动合成参数 DQN 实验版 / self-synthesized DQN experimental run
江苏,2024-04,流通,0.28999692,0.19691218,-0.0061269253,-0.17963019,-0.6910994,自动合成参数 DQN 实验版 / self-synthesized DQN experimental run
江苏,2024-05,流通,0.31810877,0.22504899,0.02211073,-0.16093004,-0.6649633,自动合成参数 DQN 实验版 / self-synthesized DQN experimental run
江苏,2024-06,流通,0.31005967,0.4127242,0.43848637,0.36285833,0.054901004,自动合成参数 DQN 实验版 / self-synthesized DQN experimental run
江苏,2024-07,流通,0.41887,0.31292748,0.12390843,-0.06871428,-0.5713324,自动合成参数 DQN 实验版 / self-synthesized DQN experimental run
江苏,2024-08,流通,0.43634084,0.3290359,0.13384625,-0.053934656,-0.5611051,自动合成参数 DQN 实验版 / self-synthesized DQN experimental run
江苏,2024-09,流通,0.34746686,0.24179411,0.046049505,-0.14066382,-0.64670384,自动合成参数 DQN 实验版 / self-synthesized DQN experimental run
江苏,2024-10,流通,0.3680857,0.26563358,0.07472044,-0.11864248,-0.61976975,自动合成参数 DQN 实验版 / self-synthesized DQN experimental run
江苏,2024-11,流通,0.3044672,0.19111894,0.0024930984,-0.1902378,-0.7014694,自动合成参数 DQN 实验版 / self-synthesized DQN experimental run
江苏,2024-12,流通,0.35404316,0.26120895,0.05778365,-0.12700188,-0.6356866,自动合成参数 DQN 实验版 / self-synthesized DQN experimental run
江苏,2023-01,生产,0.3533477,0.32715735,0.18664706,0.030132363,-0.4021839,自动合成参数 DQN 实验版 / self-synthesized DQN experimental run
江苏,2023-02,生产,0.2816478,0.2237424,0.055157423,-0.11966673,-0.5730115,自动合成参数 DQN 实验版 / self-synthesized DQN experimental run
江苏,2023-03,生产,0.26582468,0.18036848,0.005144179,-0.17744082,-0.64224756,自动合成参数 DQN 实验版 / self-synthesized DQN experimental run
江苏,2023-04,生产,0.38469613,0.28440383,0.11441606,-0.077482216,-0.5375532,自动合成参数 DQN 实验版 / self-synthesized DQN experimental run
江苏,2023-05,生产,0.27621382,0.1699241,-0.01307407,-0.20768031,-0.68293357,自动合成参数 DQN 实验版 / self-synthesized DQN experimental run
江苏,2023-06,生产,0.24624807,0.1410261,-0.043368682,-0.24627957,-0.7098822,自动合成参数 DQN 实验版 / self-synthesized DQN experimental run
江苏,2023-07,生产,0.25811267,0.15195054,-0.03177178,-0.23367366,-0.6999417,自动合成参数 DQN 实验版 / self-synthesized DQN experimental run
江苏,2023-08,生产,0.28026378,0.17028457,-0.012578726,-0.21027267,-0.681857,自动合成参数 DQN 实验版 / self-synthesized DQN experimental run
江苏,2023-09,生产,0.2702955,0.16455409,-0.01472047,-0.2145253,-0.7097415,自动合成参数 DQN 实验版 / self-synthesized DQN experimental run
江苏,2023-10,生产,0.28399932,0.17785963,-0.0088723,-0.20565014,-0.68524814,自动合成参数 DQN 实验版 / self-synthesized DQN experimental run
江苏,2023-11,生产,0.40702343,0.309971,0.10411684,-0.08078914,-0.5807468,自动合成参数 DQN 实验版 / self-synthesized DQN experimental run
江苏,2023-12,生产,0.43165374,0.3325805,0.12349172,-0.062476873,-0.5623766,自动合成参数 DQN 实验版 / self-synthesized DQN experimental run
江苏,2024-01,生产,0.32671914,0.22123227,0.039130956,-0.16042605,-0.6548767,自动合成参数 DQN 实验版 / self-synthesized DQN experimental run
江苏,2024-02,生产,0.3120557,0.20456654,0.021242186,-0.17408027,-0.6691221,自动合成参数 DQN 实验版 / self-synthesized DQN experimental run
江苏,2024-03,生产,0.3278225,0.21644706,0.03640762,-0.1572962,-0.65391445,自动合成参数 DQN 实验版 / self-synthesized DQN experimental run
江苏,2024-04,生产,0.33940315,0.23016757,0.04889699,-0.14735006,-0.64182496,自动合成参数 DQN 实验版 / self-synthesized DQN experimental run
江苏,2024-05,生产,0.3506695,0.23911639,0.059808224,-0.13584071,-0.63087666,自动合成参数 DQN 实验版 / self-synthesized DQN experimental run
江苏,2024-06,生产,0.36339557,0.2533158,0.07397036,-0.12469771,-0.6180718,自动合成参数 DQN 实验版 / self-synthesized DQN experimental run
江苏,2024-07,生产,0.44716114,0.33506155,0.15739068,-0.038735755,-0.537458,自动合成参数 DQN 实验版 / self-synthesized DQN experimental run
江苏,2024-08,生产,0.4584748,0.34788007,0.16847277,-0.02600081,-0.5269622,自动合成参数 DQN 实验版 / self-synthesized DQN experimental run
江苏,2024-09,生产,0.36692882,0.2574423,0.07683734,-0.1194595,-0.6166045,自动合成参数 DQN 实验版 / self-synthesized DQN experimental run
江苏,2024-10,生产,0.39158612,0.28029597,0.10074665,-0.093871064,-0.5918469,自动合成参数 DQN 实验版 / self-synthesized DQN experimental run
江苏,2024-11,生产,0.291003,0.22092792,-0.019783646,-0.19701841,-0.70410514,自动合成参数 DQN 实验版 / self-synthesized DQN experimental run
江苏,2024-12,生产,0.38036788,0.2804678,0.09415905,-0.104019605,-0.6026298,自动合成参数 DQN 实验版 / self-synthesized DQN experimental run
江苏,2023-01,餐饮,0.34263012,0.21602784,0.04774244,-0.11737748,-0.6244579,自动合成参数 DQN 实验版 / self-synthesized DQN experimental run
江苏,2023-02,餐饮,0.29983965,0.18890306,0.0059722066,-0.16693816,-0.6596191,自动合成参数 DQN 实验版 / self-synthesized DQN experimental run
江苏,2023-03,餐饮,0.29886466,0.19929883,0.013689354,-0.18244377,-0.67577887,自动合成参数 DQN 实验版 / self-synthesized DQN experimental run
江苏,2023-04,餐饮,0.3060042,0.20940194,0.017480165,-0.18397608,-0.6794129,自动合成参数 DQN 实验版 / self-synthesized DQN experimental run
江苏,2023-05,餐饮,0.30951938,0.21231097,0.01965928,-0.18067363,-0.67839926,自动合成参数 DQN 实验版 / self-synthesized DQN experimental run
江苏,2023-06,餐饮,0.28784603,0.19360727,-0.004966229,-0.19160402,-0.6951577,自动合成参数 DQN 实验版 / self-synthesized DQN experimental run
江苏,2023-07,餐饮,0.30861902,0.21164688,0.011804149,-0.16255558,-0.67561114,自动合成参数 DQN 实验版 / self-synthesized DQN experimental run
江苏,2023-08,餐饮,0.3013159,0.20435391,0.0042213053,-0.17583847,-0.6885498,自动合成参数 DQN 实验版 / self-synthesized DQN experimental run
江苏,2023-09,餐饮,0.30637658,0.20871791,0.007942617,-0.16997623,-0.68564826,自动合成参数 DQN 实验版 / self-synthesized DQN experimental run
江苏,2023-10,餐饮,0.32193816,0.22337337,0.023439705,-0.15304457,-0.67114145,自动合成参数 DQN 实验版 / self-synthesized DQN experimental run
江苏,2023-11,餐饮,0.40418702,0.31174672,0.11406287,-0.0785832,-0.5806003,自动合成参数 DQN 实验版 / self-synthesized DQN experimental run
江苏,2023-12,餐饮,0.3057742,0.41897228,0.44136363,0.36051005,0.055474877,自动合成参数 DQN 实验版 / self-synthesized DQN experimental run
江苏,2024-01,餐饮,0.30285552,0.21569173,0.0123922825,-0.18646008,-0.6904258,自动合成参数 DQN 实验版 / self-synthesized DQN experimental run
江苏,2024-02,餐饮,0.32638934,0.23940122,0.037637025,-0.16806877,-0.67100036,自动合成参数 DQN 实验版 / self-synthesized DQN experimental run
江苏,2024-03,餐饮,0.31271356,0.21574321,0.014506131,-0.15808466,-0.67428833,自动合成参数 DQN 实验版 / self-synthesized DQN experimental run
江苏,2024-04,餐饮,0.36528468,0.27057374,0.06977201,-0.10644711,-0.6184448,自动合成参数 DQN 实验版 / self-synthesized DQN experimental run
江苏,2024-05,餐饮,0.3461088,0.25306275,0.05201243,-0.13761833,-0.6459978,自动合成参数 DQN 实验版 / self-synthesized DQN experimental run
江苏,2024-06,餐饮,0.30232826,0.4034645,0.42726243,0.34945497,0.040489554,自动合成参数 DQN 实验版 / self-synthesized DQN experimental run
江苏,2024-07,餐饮,0.32716253,0.4254315,0.45977044,0.37954992,0.08024651,自动合成参数 DQN 实验版 / self-synthesized DQN experimental run
江苏,2024-08,餐饮,0.40184826,0.518362,0.5413705,0.47163564,0.16253537,自动合成参数 DQN 实验版 / self-synthesized DQN experimental run
江苏,2024-09,餐饮,0.38696784,0.26654765,0.08810551,-0.068867356,-0.56837165,自动合成参数 DQN 实验版 / self-synthesized DQN experimental run
江苏,2024-10,餐饮,0.29253206,0.4028514,0.4357532,0.36229137,0.061504185,自动合成参数 DQN 实验版 / self-synthesized DQN experimental run
江苏,2024-11,餐饮,0.3102772,0.21035005,0.0107667,-0.17562908,-0.6802001,自动合成参数 DQN 实验版 / self-synthesized DQN experimental run
江苏,2024-12,餐饮,0.4944033,0.359686,0.18743265,0.05803541,-0.44846356,自动合成参数 DQN 实验版 / self-synthesized DQN experimental run
江西,2023-01,流通,0.35128996,0.25298497,0.057704628,-0.110420294,-0.6067949,自动合成参数 DQN 实验版 / self-synthesized DQN experimental run
江西,2023-02,流通,0.35808438,0.25928015,0.08000514,-0.10048539,-0.5896336,自动合成参数 DQN 实验版 / self-synthesized DQN experimental run
江西,2023-03,流通,0.28873837,0.19268006,0.00011816621,-0.18113765,-0.673713,自动合成参数 DQN 实验版 / self-synthesized DQN experimental run
江西,2023-04,流通,0.319587,0.21666154,0.021807387,-0.15923351,-0.65871,自动合成参数 DQN 实验版 / self-synthesized DQN experimental run
江西,2023-05,流通,0.29862958,0.2007431,-0.0037722588,-0.1819511,-0.68925023,自动合成参数 DQN 实验版 / self-synthesized DQN experimental run
江西,2023-06,流通,0.26665014,0.16930926,-0.03853956,-0.21684739,-0.7250984,自动合成参数 DQN 实验版 / self-synthesized DQN experimental run
江西,2023-07,流通,0.2959312,0.20052889,-0.008192837,-0.18437661,-0.688371,自动合成参数 DQN 实验版 / self-synthesized DQN experimental run
江西,2023-08,流通,0.29060647,0.18779188,-0.005569339,-0.19060858,-0.698527,自动合成参数 DQN 实验版 / self-synthesized DQN experimental run
江西,2023-09,流通,0.32959503,0.21596065,0.030111313,-0.16056111,-0.6649264,自动合成参数 DQN 实验版 / self-synthesized DQN experimental run
江西,2023-10,流通,0.32472897,0.21985212,0.025739804,-0.15773082,-0.6619964,自动合成参数 DQN 实验版 / self-synthesized DQN experimental run
江西,2023-11,流通,0.42532882,0.30768418,0.12359473,-0.064484276,-0.5655335,自动合成参数 DQN 实验版 / self-synthesized DQN experimental run
江西,2023-12,流通,0.32580632,0.2265532,0.02763775,-0.1564029,-0.665992,自动合成参数 DQN 实验版 / self-synthesized DQN experimental run
江西,2024-01,流通,0.33152407,0.22187829,0.03501965,-0.15381262,-0.658819,自动合成参数 DQN 实验版 / self-synthesized DQN experimental run
江西,2024-02,流通,0.32613468,0.215704,0.029711545,-0.16037071,-0.6656371,自动合成参数 DQN 实验版 / self-synthesized DQN experimental run
江西,2024-03,流通,0.34509754,0.24042721,0.04758785,-0.14597683,-0.65409946,自动合成参数 DQN 实验版 / self-synthesized DQN experimental run
江西,2024-04,流通,0.3555485,0.2563448,0.053931728,-0.13436386,-0.64716023,自动合成参数 DQN 实验版 / self-synthesized DQN experimental run
江西,2024-05,流通,0.35128593,0.24305218,0.050127573,-0.13295045,-0.6376437,自动合成参数 DQN 实验版 / self-synthesized DQN experimental run
江西,2024-06,流通,0.32602933,0.21932754,0.025089175,-0.15855946,-0.6647597,自动合成参数 DQN 实验版 / self-synthesized DQN experimental run
江西,2024-07,流通,0.32919818,0.23517756,0.022271633,-0.15536974,-0.6630105,自动合成参数 DQN 实验版 / self-synthesized DQN experimental run
江西,2024-08,流通,0.3592095,0.43872666,0.43315142,0.34274092,0.009058267,自动合成参数 DQN 实验版 / self-synthesized DQN experimental run
江西,2024-09,流通,0.35647538,0.25003192,0.05755958,-0.12751588,-0.63396156,自动合成参数 DQN 实验版 / self-synthesized DQN experimental run
江西,2024-10,流通,0.3184365,0.21982527,0.015800893,-0.16165528,-0.6663573,自动合成参数 DQN 实验版 / self-synthesized DQN experimental run
江西,2024-11,流通,0.31638086,0.21283397,0.017223,-0.16887218,-0.6793717,自动合成参数 DQN 实验版 / self-synthesized DQN experimental run
江西,2024-12,流通,0.46408486,0.5498614,0.54284453,0.46011677,0.12047261,自动合成参数 DQN 实验版 / self-synthesized DQN experimental run
江西,2023-01,生产,0.37094995,0.36895096,0.28331944,0.1461167,-0.2554146,自动合成参数 DQN 实验版 / self-synthesized DQN experimental run
江西,2023-02,生产,0.34658092,0.24967399,0.08420727,-0.07585705,-0.5647619,自动合成参数 DQN 实验版 / self-synthesized DQN experimental run
江西,2023-04,生产,0.36711144,0.25364628,0.08413702,-0.08912117,-0.58169484,自动合成参数 DQN 实验版 / self-synthesized DQN experimental run
江西,2023-05,生产,0.34891668,0.24668671,0.059193954,-0.12694038,-0.6144289,自动合成参数 DQN 实验版 / self-synthesized DQN experimental run
江西,2023-06,生产,0.23643646,0.15533939,-0.05979967,-0.23839375,-0.72183454,自动合成参数 DQN 实验版 / self-synthesized DQN experimental run
江西,2023-08,生产,0.23717588,0.1552241,-0.057509363,-0.23653373,-0.72013646,自动合成参数 DQN 实验版 / self-synthesized DQN experimental run
江西,2023-09,生产,0.3609097,0.26442942,0.074467,-0.10846729,-0.59607995,自动合成参数 DQN 实验版 / self-synthesized DQN experimental run
江西,2023-10,生产,0.31756788,0.22058699,0.021848857,-0.15164709,-0.6441523,自动合成参数 DQN 实验版 / self-synthesized DQN experimental run
江西,2023-11,生产,0.3769868,0.46199882,0.4790408,0.40001187,0.063590825,自动合成参数 DQN 实验版 / self-synthesized DQN experimental run
江西,2023-12,生产,0.33888888,0.23158747,0.04967904,-0.11786116,-0.6077306,自动合成参数 DQN 实验版 / self-synthesized DQN experimental run
江西,2024-03,生产,0.36288422,0.2555484,0.06994289,-0.0947277,-0.5824688,自动合成参数 DQN 实验版 / self-synthesized DQN experimental run
江西,2024-04,生产,0.36048913,0.25320825,0.067320704,-0.09727851,-0.58488077,自动合成参数 DQN 实验版 / self-synthesized DQN experimental run
江西,2024-06,生产,0.32227042,0.22393546,0.032207638,-0.13636142,-0.6358533,自动合成参数 DQN 实验版 / self-synthesized DQN experimental run
江西,2024-08,生产,0.33040702,0.2301651,0.03151095,-0.13867378,-0.62136334,自动合成参数 DQN 实验版 / self-synthesized DQN experimental run
江西,2024-09,生产,0.36661553,0.2678283,0.06875634,-0.101920314,-0.59393716,自动合成参数 DQN 实验版 / self-synthesized DQN experimental run
江西,2024-10,生产,0.3186345,0.2207065,0.020119548,-0.15144017,-0.6337822,自动合成参数 DQN 实验版 / self-synthesized DQN experimental run
江西,2024-11,生产,0.31495374,0.21675476,0.018021584,-0.1541098,-0.63889396,自动合成参数 DQN 实验版 / self-synthesized DQN experimental run
江西,2024-12,生产,0.3998283,0.47819516,0.4961579,0.41024733,0.08196497,自动合成参数 DQN 实验版 / self-synthesized DQN experimental run
江西,2023-01,餐饮,0.54643166,0.52494776,0.42572606,0.27207696,-0.13019842,自动合成参数 DQN 实验版 / self-synthesized DQN experimental run
江西,2023-02,餐饮,0.3759775,0.26431897,0.097724855,-0.07026035,-0.5643544,自动合成参数 DQN 实验版 / self-synthesized DQN experimental run
江西,2023-03,餐饮,0.3931036,0.29053083,0.10101855,-0.06868539,-0.5648739,自动合成参数 DQN 实验版 / self-synthesized DQN experimental run
江西,2023-04,餐饮,0.41324562,0.3121671,0.12055975,-0.06506506,-0.5507012,自动合成参数 DQN 实验版 / self-synthesized DQN experimental run
江西,2023-05,餐饮,0.32597613,0.23125246,0.026857555,-0.15298107,-0.643844,自动合成参数 DQN 实验版 / self-synthesized DQN experimental run
江西,2023-06,餐饮,0.24952939,0.16360888,-0.050670967,-0.23489423,-0.72241616,自动合成参数 DQN 实验版 / self-synthesized DQN experimental run
江西,2023-07,餐饮,0.252741,0.16668932,-0.04763864,-0.23195909,-0.71972245,自动合成参数 DQN 实验版 / self-synthesized DQN experimental run
江西,2023-08,餐饮,0.2634205,0.16289903,-0.0351419,-0.2178394,-0.7251948,自动合成参数 DQN 实验版 / self-synthesized DQN experimental run
江西,2023-09,餐饮,0.35859665,0.27075502,0.058316946,-0.12800074,-0.6272489,自动合成参数 DQN 实验版 / self-synthesized DQN experimental run
江西,2023-10,餐饮,0.3593883,0.2715821,0.059108406,-0.12712312,-0.6262532,自动合成参数 DQN 实验版 / self-synthesized DQN experimental run
江西,2023-11,餐饮,0.36568823,0.27664655,0.06537664,-0.120849796,-0.61984915,自动合成参数 DQN 实验版 / self-synthesized DQN experimental run
江西,2023-12,餐饮,0.35249817,0.25529522,0.050363958,-0.13469015,-0.6342963,自动合成参数 DQN 实验版 / self-synthesized DQN experimental run
江西,2024-02,餐饮,0.3259749,0.2474291,0.024389356,-0.15876004,-0.6587727,自动合成参数 DQN 实验版 / self-synthesized DQN experimental run
江西,2024-03,餐饮,0.35704544,0.2691851,0.056775928,-0.12972903,-0.62906,自动合成参数 DQN 实验版 / self-synthesized DQN experimental run
江西,2024-04,餐饮,0.34487817,0.26161844,0.044014245,-0.14062577,-0.6398275,自动合成参数 DQN 实验版 / self-synthesized DQN experimental run
江西,2024-05,餐饮,0.34588742,0.24881828,0.04368934,-0.14153507,-0.640675,自动合成参数 DQN 实验版 / self-synthesized DQN experimental run
江西,2024-06,餐饮,0.34549555,0.24695364,0.043065757,-0.14215748,-0.6425841,自动合成参数 DQN 实验版 / self-synthesized DQN experimental run
江西,2024-07,餐饮,0.33878714,0.23987767,0.03629142,-0.14947027,-0.6508459,自动合成参数 DQN 实验版 / self-synthesized DQN experimental run
江西,2024-08,餐饮,0.3463491,0.25648874,0.046069622,-0.14229655,-0.64402795,自动合成参数 DQN 实验版 / self-synthesized DQN experimental run
江西,2024-09,餐饮,0.31440336,0.23488146,0.012972742,-0.17184044,-0.6736471,自动合成参数 DQN 实验版 / self-synthesized DQN experimental run
江西,2024-10,餐饮,0.34972683,0.25377223,0.048240095,-0.13848124,-0.6394692,自动合成参数 DQN 实验版 / self-synthesized DQN experimental run
江西,2024-11,餐饮,0.3293998,0.24483573,0.028740406,-0.15812233,-0.6597241,自动合成参数 DQN 实验版 / self-synthesized DQN experimental run
江西,2024-12,餐饮,0.36161205,0.28158593,0.06278241,-0.115448005,-0.6205709,自动合成参数 DQN 实验版 / self-synthesized DQN experimental run
河北,2023-01,流通,0.5323639,0.42929202,0.23602973,0.044595182,-0.44450212,自动合成参数 DQN 实验版 / self-synthesized DQN experimental run
河北,2023-02,流通,0.3990568,0.29308695,0.10835463,-0.081891455,-0.577546,自动合成参数 DQN 实验版 / self-synthesized DQN experimental run
河北,2023-03,流通,0.39468586,0.2819858,0.09801043,-0.08748657,-0.5931634,自动合成参数 DQN 实验版 / self-synthesized DQN experimental run
河北,2023-04,流通,0.47278768,0.35698825,0.18403652,-0.009946464,-0.504942,自动合成参数 DQN 实验版 / self-synthesized DQN experimental run
河北,2023-05,流通,0.28071195,0.1794136,-0.024050087,-0.20402148,-0.7051704,自动合成参数 DQN 实验版 / self-synthesized DQN experimental run
河北,2023-06,流通,0.20985344,0.11411603,-0.0898726,-0.28650248,-0.7843795,自动合成参数 DQN 实验版 / self-synthesized DQN experimental run
河北,2023-07,流通,0.30232987,0.205495,-0.0037727058,-0.18811524,-0.6968511,自动合成参数 DQN 实验版 / self-synthesized DQN experimental run
河北,2023-08,流通,0.26538938,0.16857783,-0.03710842,-0.22072548,-0.72308546,自动合成参数 DQN 实验版 / self-synthesized DQN experimental run
河北,2023-09,流通,0.37474594,0.45746803,0.48471045,0.39073455,0.086295426,自动合成参数 DQN 实验版 / self-synthesized DQN experimental run
河北,2023-10,流通,0.3319999,0.23779333,0.027968109,-0.15850788,-0.66868246,自动合成参数 DQN 实验版 / self-synthesized DQN experimental run
河北,2023-11,流通,0.45525783,0.36007595,0.14728957,-0.03969623,-0.5524192,自动合成参数 DQN 实验版 / self-synthesized DQN experimental run
河北,2023-12,流通,0.4487453,0.34939867,0.1445496,-0.045227475,-0.55466413,自动合成参数 DQN 实验版 / self-synthesized DQN experimental run
河北,2024-01,流通,0.30114296,0.19747497,0.0058859587,-0.18452159,-0.6860598,自动合成参数 DQN 实验版 / self-synthesized DQN experimental run
河北,2024-02,流通,0.29516461,0.19223817,-0.00079870224,-0.19130178,-0.69370854,自动合成参数 DQN 实验版 / self-synthesized DQN experimental run
河北,2024-03,流通,0.29858413,0.41412064,0.43445173,0.35283378,0.04584703,自动合成参数 DQN 实验版 / self-synthesized DQN experimental run
河北,2024-04,流通,0.30820474,0.2091558,0.0061601102,-0.1711893,-0.67647713,自动合成参数 DQN 实验版 / self-synthesized DQN experimental run
河北,2024-05,流通,0.39315814,0.29116923,0.087803856,-0.09937884,-0.611063,自动合成参数 DQN 实验版 / self-synthesized DQN experimental run
河北,2024-06,流通,0.44495517,0.34331384,0.13827342,-0.03136172,-0.5369384,自动合成参数 DQN 实验版 / self-synthesized DQN experimental run
河北,2024-07,流通,0.462201,0.3523004,0.15766847,-0.0391267,-0.54737353,自动合成参数 DQN 实验版 / self-synthesized DQN experimental run
河北,2024-08,流通,0.3824333,0.47945812,0.50153255,0.42946878,0.103907704,自动合成参数 DQN 实验版 / self-synthesized DQN experimental run
河北,2024-09,流通,0.3924724,0.27842307,0.10218085,-0.09195734,-0.58728576,自动合成参数 DQN 实验版 / self-synthesized DQN experimental run
河北,2024-10,流通,0.27426064,0.17118803,-0.033042893,-0.21200621,-0.7125218,自动合成参数 DQN 实验版 / self-synthesized DQN experimental run
河北,2024-11,流通,0.30719832,0.20192051,0.012560576,-0.17947362,-0.68100077,自动合成参数 DQN 实验版 / self-synthesized DQN experimental run
河北,2024-12,流通,0.39397442,0.28185058,0.0905858,-0.116491176,-0.6123976,自动合成参数 DQN 实验版 / self-synthesized DQN experimental run
河北,2023-03,生产,0.4042369,0.42485362,0.35366222,0.2275245,-0.16073233,自动合成参数 DQN 实验版 / self-synthesized DQN experimental run
河北,2023-04,生产,0.52721214,0.53876114,0.43021393,0.29650357,-0.108899266,自动合成参数 DQN 实验版 / self-synthesized DQN experimental run
河北,2023-06,生产,0.2550692,0.19289793,0.027570084,-0.13226728,-0.59033966,自动合成参数 DQN 实验版 / self-synthesized DQN experimental run
河北,2023-07,生产,0.33503407,0.2603595,0.09962718,-0.068125255,-0.52746874,自动合成参数 DQN 实验版 / self-synthesized DQN experimental run
河北,2023-08,生产,0.2912305,0.19684714,0.024404258,-0.14673418,-0.6178731,自动合成参数 DQN 实验版 / self-synthesized DQN experimental run
河北,2023-09,生产,0.3833884,0.3018727,0.15353751,-0.020940064,-0.48329157,自动合成参数 DQN 实验版 / self-synthesized DQN experimental run
河北,2023-12,生产,0.4425329,0.32030496,0.17530146,-0.017533576,-0.48585898,自动合成参数 DQN 实验版 / self-synthesized DQN experimental run
河北,2024-02,生产,0.3144494,0.19983524,0.042066753,-0.14566547,-0.6108123,自动合成参数 DQN 实验版 / self-synthesized DQN experimental run
河北,2024-03,生产,0.31720212,0.20398492,0.04283017,-0.14589533,-0.61281484,自动合成参数 DQN 实验版 / self-synthesized DQN experimental run
河北,2024-04,生产,0.30469507,0.19412532,0.02801001,-0.1604681,-0.6283003,自动合成参数 DQN 实验版 / self-synthesized DQN experimental run
河北,2024-05,生产,0.4254871,0.32032603,0.15110265,-0.043706037,-0.531255,自动合成参数 DQN 实验版 / self-synthesized DQN experimental run
河北,2024-06,生产,0.38818038,0.49147496,0.53393316,0.46604085,0.15769905,自动合成参数 DQN 实验版 / self-synthesized DQN experimental run
河北,2024-07,生产,0.46941397,0.3601977,0.19267109,-0.008660829,-0.4699075,自动合成参数 DQN 实验版 / self-synthesized DQN experimental run
河北,2024-08,生产,0.36964613,0.2605729,0.08539137,-0.11064861,-0.57365024,自动合成参数 DQN 实验版 / self-synthesized DQN experimental run
河北,2024-09,生产,0.37709993,0.26762915,0.097250074,-0.103753306,-0.57422435,自动合成参数 DQN 实验版 / self-synthesized DQN experimental run
河北,2024-10,生产,0.30999926,0.20092271,0.024740487,-0.16927156,-0.6552129,自动合成参数 DQN 实验版 / self-synthesized DQN experimental run
河北,2024-11,生产,0.37062678,0.262944,0.08460826,-0.107327156,-0.5820074,自动合成参数 DQN 实验版 / self-synthesized DQN experimental run
河北,2024-12,生产,0.44984114,0.33841258,0.16718699,-0.016463196,-0.51904,自动合成参数 DQN 实验版 / self-synthesized DQN experimental run
河北,2023-02,餐饮,0.4042369,0.42485362,0.35366222,0.2275245,-0.16073233,自动合成参数 DQN 实验版 / self-synthesized DQN experimental run
河北,2023-03,餐饮,0.38061732,0.36220473,0.23130348,0.07898814,-0.34018624,自动合成参数 DQN 实验版 / self-synthesized DQN experimental run
河北,2023-04,餐饮,0.5572893,0.5328812,0.38540336,0.225009,-0.22797018,自动合成参数 DQN 实验版 / self-synthesized DQN experimental run
河北,2023-05,餐饮,0.258789,0.15241872,-0.021276772,-0.20382528,-0.67754966,自动合成参数 DQN 实验版 / self-synthesized DQN experimental run
河北,2023-06,餐饮,0.25018814,0.14048788,-0.034757882,-0.22572337,-0.70449644,自动合成参数 DQN 实验版 / self-synthesized DQN experimental run
河北,2023-07,餐饮,0.37258106,0.2647383,0.08499966,-0.08935333,-0.597095,自动合成参数 DQN 实验版 / self-synthesized DQN experimental run
河北,2023-08,餐饮,0.3036921,0.19417843,0.005856782,-0.16027674,-0.67803204,自动合成参数 DQN 实验版 / self-synthesized DQN experimental run
河北,2023-09,餐饮,0.40759242,0.29751065,0.10825515,-0.057416655,-0.57812786,自动合成参数 DQN 实验版 / self-synthesized DQN experimental run
河北,2023-10,餐饮,0.38429415,0.27450472,0.08417587,-0.08852678,-0.60901386,自动合成参数 DQN 实验版 / self-synthesized DQN experimental run
河北,2023-11,餐饮,0.5060693,0.39422795,0.20412792,0.032373615,-0.49240744,自动合成参数 DQN 实验版 / self-synthesized DQN experimental run
河北,2023-12,餐饮,0.4408977,0.34431604,0.13635755,-0.036816888,-0.54177743,自动合成参数 DQN 实验版 / self-synthesized DQN experimental run
河北,2024-01,餐饮,0.35816112,0.25783375,0.066667974,-0.13183275,-0.6346317,自动合成参数 DQN 实验版 / self-synthesized DQN experimental run
河北,2024-02,餐饮,0.3202141,0.21837243,0.026082486,-0.16240683,-0.6725863,自动合成参数 DQN 实验版 / self-synthesized DQN experimental run
河北,2024-03,餐饮,0.32166585,0.21998642,0.027658626,-0.16081917,-0.6709038,自动合成参数 DQN 实验版 / self-synthesized DQN experimental run
河北,2024-04,餐饮,0.33665603,0.23219883,0.038778156,-0.14418031,-0.65817124,自动合成参数 DQN 实验版 / self-synthesized DQN experimental run
河北,2024-05,餐饮,0.3363869,0.43384627,0.46346727,0.3824003,0.07803553,自动合成参数 DQN 实验版 / self-synthesized DQN experimental run
河北,2024-06,餐饮,0.40707585,0.29896814,0.11785336,-0.063427515,-0.5762802,自动合成参数 DQN 实验版 / self-synthesized DQN experimental run
河北,2024-07,餐饮,0.5458571,0.44470453,0.26590943,0.06797855,-0.4305546,自动合成参数 DQN 实验版 / self-synthesized DQN experimental run
河北,2024-08,餐饮,0.39810273,0.28642002,0.10649225,-0.07420748,-0.5878465,自动合成参数 DQN 实验版 / self-synthesized DQN experimental run
河北,2024-09,餐饮,0.4007669,0.29231787,0.108900756,-0.07158353,-0.5853709,自动合成参数 DQN 实验版 / self-synthesized DQN experimental run
河北,2024-10,餐饮,0.32156858,0.21358408,0.0273671,-0.16213706,-0.666641,自动合成参数 DQN 实验版 / self-synthesized DQN experimental run
河北,2024-11,餐饮,0.4000619,0.28864074,0.10945284,-0.074861,-0.5809433,自动合成参数 DQN 实验版 / self-synthesized DQN experimental run
河北,2024-12,餐饮,0.44491297,0.3337196,0.15487468,-0.024739644,-0.5348991,自动合成参数 DQN 实验版 / self-synthesized DQN experimental run
河南,2023-01,流通,0.44211635,0.5520482,0.57188296,0.50619805,0.18730521,自动合成参数 DQN 实验版 / self-synthesized DQN experimental run
河南,2023-02,流通,0.4553601,0.3405708,0.15400104,-0.0050755646,-0.5113797,自动合成参数 DQN 实验版 / self-synthesized DQN experimental run
河南,2023-03,流通,0.4032864,0.26546195,0.09132457,-0.052175306,-0.5593861,自动合成参数 DQN 实验版 / self-synthesized DQN experimental run
河南,2023-04,流通,0.44719663,0.56381845,0.587234,0.52382046,0.20819974,自动合成参数 DQN 实验版 / self-synthesized DQN experimental run
河南,2023-05,流通,0.25663134,0.15603735,-0.0452196,-0.23220289,-0.7253547,自动合成参数 DQN 实验版 / self-synthesized DQN experimental run
河南,2023-06,流通,0.2133548,0.10929668,-0.08909327,-0.2870788,-0.7830702,自动合成参数 DQN 实验版 / self-synthesized DQN experimental run
河南,2023-07,流通,0.3936567,0.28697553,0.09241706,-0.10115359,-0.5990499,自动合成参数 DQN 实验版 / self-synthesized DQN experimental run
河南,2023-08,流通,0.23967308,0.13298991,-0.06416096,-0.2732092,-0.76459193,自动合成参数 DQN 实验版 / self-synthesized DQN experimental run
河南,2023-09,流通,0.4353424,0.32101876,0.14817691,-0.063699074,-0.54306394,自动合成参数 DQN 实验版 / self-synthesized DQN experimental run
河南,2023-10,流通,0.40470317,0.2879842,0.10204443,-0.11317497,-0.59076965,自动合成参数 DQN 实验版 / self-synthesized DQN experimental run
河南,2023-11,流通,0.44167274,0.5331403,0.57131827,0.49619615,0.18679625,自动合成参数 DQN 实验版 / self-synthesized DQN experimental run
河南,2023-12,流通,0.47280255,0.36811298,0.16539869,-0.022838807,-0.53236,自动合成参数 DQN 实验版 / self-synthesized DQN experimental run
河南,2024-01,流通,0.26254982,0.3669521,0.3913957,0.30964816,0.0048324466,自动合成参数 DQN 实验版 / self-synthesized DQN experimental run
河南,2024-02,流通,0.27896437,0.1753945,0.014270633,-0.21848701,-0.7041594,自动合成参数 DQN 实验版 / self-synthesized DQN experimental run
河南,2024-03,流通,0.40439868,0.29836276,0.10754598,-0.07987229,-0.5799548,自动合成参数 DQN 实验版 / self-synthesized DQN experimental run
河南,2024-04,流通,0.42436737,0.30444428,0.1153298,-0.036780067,-0.5310702,自动合成参数 DQN 实验版 / self-synthesized DQN experimental run
河南,2024-05,流通,0.34646934,0.22636192,0.07738793,-0.13473037,-0.62711823,自动合成参数 DQN 实验版 / self-synthesized DQN experimental run
河南,2024-06,流通,0.42399395,0.31709158,0.12301692,-0.09519092,-0.57147384,自动合成参数 DQN 实验版 / self-synthesized DQN experimental run
河南,2024-07,流通,0.5774821,0.45132527,0.27329427,0.067377456,-0.41991645,自动合成参数 DQN 实验版 / self-synthesized DQN experimental run
河南,2024-08,流通,0.41929185,0.3128544,0.13941404,-0.06964635,-0.5457386,自动合成参数 DQN 实验版 / self-synthesized DQN experimental run
河南,2024-09,流通,0.42432946,0.31535625,0.11934435,-0.072112195,-0.58372754,自动合成参数 DQN 实验版 / self-synthesized DQN experimental run
河南,2024-10,流通,0.27940896,0.17601073,0.015593469,-0.21796846,-0.70391816,自动合成参数 DQN 实验版 / self-synthesized DQN experimental run
河南,2024-11,流通,0.44428766,0.33150002,0.13013664,-0.0596942,-0.57342917,自动合成参数 DQN 实验版 / self-synthesized DQN experimental run
河南,2024-12,流通,0.34142333,0.44661227,0.47272187,0.40007344,0.08921093,自动合成参数 DQN 实验版 / self-synthesized DQN experimental run
河南,2023-03,生产,0.41139698,0.41039485,0.2793637,0.13969229,-0.28246278,自动合成参数 DQN 实验版 / self-synthesized DQN experimental run
河南,2023-06,生产,0.23588401,0.22975636,0.084113106,-0.057566456,-0.4860985,自动合成参数 DQN 实验版 / self-synthesized DQN experimental run
河南,2023-08,生产,0.2618879,0.23997201,0.096018456,-0.051008172,-0.48193985,自动合成参数 DQN 实验版 / self-synthesized DQN experimental run
河南,2023-09,生产,0.44200605,0.4118405,0.27046585,0.12620845,-0.32161108,自动合成参数 DQN 实验版 / self-synthesized DQN experimental run
河南,2023-10,生产,0.442554,0.3853148,0.22471702,0.06185528,-0.40481135,自动合成参数 DQN 实验版 / self-synthesized DQN experimental run
河南,2023-11,生产,0.450814,0.3533714,0.17835662,-0.002187444,-0.48518488,自动合成参数 DQN 实验版 / self-synthesized DQN experimental run
河南,2023-12,生产,0.5321028,0.42135516,0.24426822,0.062117457,-0.43357435,自动合成参数 DQN 实验版 / self-synthesized DQN experimental run
河南,2024-01,生产,0.28788418,0.18668216,-0.003384173,-0.21093385,-0.6767398,自动合成参数 DQN 实验版 / self-synthesized DQN experimental run
河南,2024-02,生产,0.29309034,0.20698991,0.018172115,-0.17119868,-0.6551972,自动合成参数 DQN 实验版 / self-synthesized DQN experimental run
河南,2024-03,生产,0.45847666,0.36286804,0.17688958,0.00919188,-0.4867943,自动合成参数 DQN 实验版 / self-synthesized DQN experimental run
河南,2024-05,生产,0.41068318,0.3138377,0.13119444,-0.049547188,-0.52569646,自动合成参数 DQN 实验版 / self-synthesized DQN experimental run
河南,2024-06,生产,0.5225519,0.4233875,0.2414278,0.064448185,-0.41948962,自动合成参数 DQN 实验版 / self-synthesized DQN experimental run
河南,2024-07,生产,0.5960288,0.5100087,0.35713395,0.17189708,-0.30930895,自动合成参数 DQN 实验版 / self-synthesized DQN experimental run
河南,2024-08,生产,0.46589333,0.3686168,0.20151953,0.033988826,-0.45807698,自动合成参数 DQN 实验版 / self-synthesized DQN experimental run
河南,2024-09,生产,0.49642834,0.39979613,0.21405844,0.050559007,-0.45166776,自动合成参数 DQN 实验版 / self-synthesized DQN experimental run
河南,2024-10,生产,0.33939993,0.23362559,0.041476667,-0.12520725,-0.62090355,自动合成参数 DQN 实验版 / self-synthesized DQN experimental run
河南,2024-11,生产,0.4892568,0.3525985,0.16803099,0.06333607,-0.4462548,自动合成参数 DQN 实验版 / self-synthesized DQN experimental run
河南,2024-12,生产,0.372332,0.25205863,0.08017471,-0.11165526,-0.59373266,自动合成参数 DQN 实验版 / self-synthesized DQN experimental run
河南,2023-01,餐饮,0.261939,0.39614844,0.45248902,0.38953793,0.11021924,自动合成参数 DQN 实验版 / self-synthesized DQN experimental run
河南,2023-02,餐饮,0.26933882,0.39104652,0.43470848,0.36491787,0.07468921,自动合成参数 DQN 实验版 / self-synthesized DQN experimental run
河南,2023-03,餐饮,0.26625162,0.39102042,0.43772557,0.36941126,0.08190203,自动合成参数 DQN 实验版 / self-synthesized DQN experimental run
河南,2023-04,餐饮,0.25883597,0.3980032,0.4593635,0.39909855,0.124112606,自动合成参数 DQN 实验版 / self-synthesized DQN experimental run
河南,2023-05,餐饮,0.24662599,0.20304513,0.061212562,-0.10929583,-0.53822094,自动合成参数 DQN 实验版 / self-synthesized DQN experimental run
河南,2023-06,餐饮,0.26468605,0.21788782,0.074637175,-0.097554386,-0.5286022,自动合成参数 DQN 实验版 / self-synthesized DQN experimental run
河南,2023-07,餐饮,0.18982044,0.3315811,0.4091711,0.35226354,0.09353906,自动合成参数 DQN 实验版 / self-synthesized DQN experimental run
河南,2023-08,餐饮,0.29698557,0.23947829,0.044038266,-0.1245111,-0.5735205,自动合成参数 DQN 实验版 / self-synthesized DQN experimental run
河南,2023-09,餐饮,0.27948642,0.4162498,0.4783334,0.42139772,0.14511216,自动合成参数 DQN 实验版 / self-synthesized DQN experimental run
河南,2023-10,餐饮,0.26968515,0.40435106,0.46153903,0.40008464,0.12086201,自动合成参数 DQN 实验版 / self-synthesized DQN experimental run
河南,2023-11,餐饮,0.2796984,0.404062,0.44948077,0.38434535,0.092978716,自动合成参数 DQN 实验版 / self-synthesized DQN experimental run
河南,2023-12,餐饮,0.35672122,0.4951411,0.5428043,0.48375407,0.193667,自动合成参数 DQN 实验版 / self-synthesized DQN experimental run
河南,2024-01,餐饮,0.29533386,0.20213237,0.028422862,-0.15622368,-0.6330792,自动合成参数 DQN 实验版 / self-synthesized DQN experimental run
河南,2024-02,餐饮,0.2747272,0.177428,0.012515292,-0.1816481,-0.6384667,自动合成参数 DQN 实验版 / self-synthesized DQN experimental run
河南,2024-03,餐饮,0.26556432,0.39166757,0.43973097,0.37216267,0.08581412,自动合成参数 DQN 实验版 / self-synthesized DQN experimental run
河南,2024-04,餐饮,0.4759421,0.38383296,0.21973999,0.03162343,-0.43960634,自动合成参数 DQN 实验版 / self-synthesized DQN experimental run
河南,2024-05,餐饮,0.40929994,0.31411943,0.15019648,-0.039978094,-0.5078815,自动合成参数 DQN 实验版 / self-synthesized DQN experimental run
河南,2024-06,餐饮,0.34597844,0.50441104,0.5358635,0.46447587,0.17847157,自动合成参数 DQN 实验版 / self-synthesized DQN experimental run
河南,2024-07,餐饮,0.46622053,0.6043588,0.6387205,0.5824922,0.2768662,自动合成参数 DQN 实验版 / self-synthesized DQN experimental run
河南,2024-08,餐饮,0.30610728,0.43031102,0.47833905,0.4158632,0.12637085,自动合成参数 DQN 实验版 / self-synthesized DQN experimental run
河南,2024-09,餐饮,0.29060283,0.4123469,0.45525998,0.3874119,0.09530717,自动合成参数 DQN 实验版 / self-synthesized DQN experimental run
河南,2024-10,餐饮,0.2959473,0.2019327,0.026690423,-0.15738393,-0.6352893,自动合成参数 DQN 实验版 / self-synthesized DQN experimental run
河南,2024-11,餐饮,0.36383015,0.5088811,0.5336386,0.4908884,0.12973416,自动合成参数 DQN 实验版 / self-synthesized DQN experimental run
河南,2024-12,餐饮,0.2796761,0.38320827,0.42824563,0.35536847,0.06389934,自动合成参数 DQN 实验版 / self-synthesized DQN experimental run
浙江,2023-01,流通,0.29878104,0.19468763,-0.0035877228,-0.18144809,-0.6915175,自动合成参数 DQN 实验版 / self-synthesized DQN experimental run
浙江,2023-02,流通,0.26864833,0.15493217,-0.0312296,-0.20370844,-0.71983755,自动合成参数 DQN 实验版 / self-synthesized DQN experimental run
浙江,2023-03,流通,0.2517838,0.1376053,-0.0543541,-0.22864124,-0.7411226,自动合成参数 DQN 实验版 / self-synthesized DQN experimental run
浙江,2023-04,流通,0.22451504,0.11369364,-0.08572945,-0.2600143,-0.77005684,自动合成参数 DQN 实验版 / self-synthesized DQN experimental run
浙江,2023-05,流通,0.23619163,0.12885015,-0.06301844,-0.25632888,-0.7721913,自动合成参数 DQN 实验版 / self-synthesized DQN experimental run
浙江,2023-06,流通,0.30424792,0.18796909,-0.0016736686,-0.171331,-0.6862486,自动合成参数 DQN 实验版 / self-synthesized DQN experimental run
浙江,2023-07,流通,0.20006973,0.09478578,-0.09272057,-0.2885956,-0.79873145,自动合成参数 DQN 实验版 / self-synthesized DQN experimental run
浙江,2023-08,流通,0.28771484,0.1754455,-0.016295582,-0.18263486,-0.6942428,自动合成参数 DQN 实验版 / self-synthesized DQN experimental run
浙江,2023-09,流通,0.28568846,0.16659568,-0.017305404,-0.20156471,-0.7206861,自动合成参数 DQN 实验版 / self-synthesized DQN experimental run
浙江,2023-10,流通,0.28797597,0.17051047,-0.007042706,-0.19426472,-0.6978433,自动合成参数 DQN 实验版 / self-synthesized DQN experimental run
浙江,2023-11,流通,0.2592549,0.15446594,-0.046826124,-0.21187548,-0.7194389,自动合成参数 DQN 实验版 / self-synthesized DQN experimental run
浙江,2023-12,流通,0.3914543,0.2853278,0.10079709,-0.080565944,-0.59219587,自动合成参数 DQN 实验版 / self-synthesized DQN experimental run
浙江,2024-01,流通,0.27410862,0.16124302,-0.030868426,-0.19678319,-0.7086389,自动合成参数 DQN 实验版 / self-synthesized DQN experimental run
浙江,2024-02,流通,0.26603553,0.15146719,-0.03960356,-0.20563681,-0.7205342,自动合成参数 DQN 实验版 / self-synthesized DQN experimental run
浙江,2024-03,流通,0.25381482,0.14973012,-0.06997892,-0.21885577,-0.74683213,自动合成参数 DQN 实验版 / self-synthesized DQN experimental run
浙江,2024-04,流通,0.47228175,0.35137513,0.15816796,0.004058996,-0.52177995,自动合成参数 DQN 实验版 / self-synthesized DQN experimental run
浙江,2024-05,流通,0.40596384,0.2817573,0.095299244,-0.066672795,-0.58798116,自动合成参数 DQN 实验版 / self-synthesized DQN experimental run
浙江,2024-06,流通,0.31699577,0.4108934,0.4278485,0.34769598,0.03202218,自动合成参数 DQN 实验版 / self-synthesized DQN experimental run
浙江,2024-07,流通,0.3838866,0.47460106,0.51181495,0.42350882,0.12675607,自动合成参数 DQN 实验版 / self-synthesized DQN experimental run
浙江,2024-08,流通,0.32463768,0.21185002,0.022615135,-0.14212158,-0.6566666,自动合成参数 DQN 实验版 / self-synthesized DQN experimental run
浙江,2024-09,流通,0.31203148,0.19961223,0.009103417,-0.15601215,-0.6707902,自动合成参数 DQN 实验版 / self-synthesized DQN experimental run
浙江,2024-10,流通,0.30227226,0.19243345,-0.007774025,-0.16739905,-0.6870642,自动合成参数 DQN 实验版 / self-synthesized DQN experimental run
浙江,2024-11,流通,0.37545702,0.2684003,0.07582703,-0.09327396,-0.5976737,自动合成参数 DQN 实验版 / self-synthesized DQN experimental run
浙江,2024-12,流通,0.24736822,0.14218616,-0.044733435,-0.22675282,-0.7357514,自动合成参数 DQN 实验版 / self-synthesized DQN experimental run
浙江,2023-01,生产,0.31924424,0.21529251,0.044194162,-0.11359102,-0.59493273,自动合成参数 DQN 实验版 / self-synthesized DQN experimental run
浙江,2023-02,生产,0.30938566,0.21331358,0.035443842,-0.12531772,-0.59792197,自动合成参数 DQN 实验版 / self-synthesized DQN experimental run
浙江,2023-03,生产,0.2816918,0.18622383,0.0035692751,-0.1578117,-0.62971044,自动合成参数 DQN 实验版 / self-synthesized DQN experimental run
浙江,2023-04,生产,0.25724056,0.14254755,-0.03694731,-0.21152124,-0.6979068,自动合成参数 DQN 实验版 / self-synthesized DQN experimental run
浙江,2023-05,生产,0.25621778,0.14857009,-0.03273326,-0.20983717,-0.6954843,自动合成参数 DQN 实验版 / self-synthesized DQN experimental run
浙江,2023-06,生产,0.29789734,0.18927228,0.011169106,-0.16947457,-0.6678357,自动合成参数 DQN 实验版 / self-synthesized DQN experimental run
浙江,2023-07,生产,0.23016661,0.13004068,-0.026809216,-0.23245518,-0.70521307,自动合成参数 DQN 实验版 / self-synthesized DQN experimental run
浙江,2023-08,生产,0.37973326,0.2503806,0.0838635,-0.08791811,-0.5681536,自动合成参数 DQN 实验版 / self-synthesized DQN experimental run
浙江,2023-09,生产,0.33943257,0.21433246,0.04010582,-0.12707171,-0.60605204,自动合成参数 DQN 实验版 / self-synthesized DQN experimental run
浙江,2023-10,生产,0.3140929,0.18958697,0.012207985,-0.15399957,-0.6371767,自动合成参数 DQN 实验版 / self-synthesized DQN experimental run
浙江,2023-11,生产,0.2954689,0.17369911,-0.009328663,-0.1730831,-0.6629716,自动合成参数 DQN 实验版 / self-synthesized DQN experimental run
浙江,2023-12,生产,0.45093423,0.33477104,0.15790775,-0.016685342,-0.50836825,自动合成参数 DQN 实验版 / self-synthesized DQN experimental run
浙江,2024-01,生产,0.30255318,0.19543758,-0.0006364286,-0.16173518,-0.6690605,自动合成参数 DQN 实验版 / self-synthesized DQN experimental run
浙江,2024-02,生产,0.22109619,0.11426455,-0.08378589,-0.24546427,-0.754449,自动合成参数 DQN 实验版 / self-synthesized DQN experimental run
浙江,2024-03,生产,0.22063723,0.11715314,-0.08312225,-0.24632716,-0.7507627,自动合成参数 DQN 实验版 / self-synthesized DQN experimental run
浙江,2024-04,生产,0.43523285,0.53146887,0.5716635,0.5007238,0.19199473,自动合成参数 DQN 实验版 / self-synthesized DQN experimental run
浙江,2024-05,生产,0.48053688,0.36561674,0.193804,0.008165205,-0.4820251,自动合成参数 DQN 实验版 / self-synthesized DQN experimental run
浙江,2024-06,生产,0.30387568,0.19799359,0.03026782,-0.16910022,-0.6477382,自动合成参数 DQN 实验版 / self-synthesized DQN experimental run
浙江,2024-07,生产,0.40056503,0.28204674,0.1004419,-0.0697983,-0.5473054,自动合成参数 DQN 实验版 / self-synthesized DQN experimental run
浙江,2024-08,生产,0.36491302,0.24837947,0.06349853,-0.10524268,-0.58385175,自动合成参数 DQN 实验版 / self-synthesized DQN experimental run
浙江,2024-09,生产,0.34273624,0.22765899,0.040641427,-0.12711203,-0.60611033,自动合成参数 DQN 实验版 / self-synthesized DQN experimental run
浙江,2024-10,生产,0.3329786,0.21830234,0.033097208,-0.13666752,-0.6196153,自动合成参数 DQN 实验版 / self-synthesized DQN experimental run
浙江,2024-11,生产,0.27832633,0.39686164,0.43262187,0.3666981,0.063323975,自动合成参数 DQN 实验版 / self-synthesized DQN experimental run
浙江,2024-12,生产,0.29466888,0.18774238,0.01144281,-0.16380253,-0.6423851,自动合成参数 DQN 实验版 / self-synthesized DQN experimental run
浙江,2023-01,餐饮,0.3212607,0.23539418,0.07009873,-0.07857231,-0.5484576,自动合成参数 DQN 实验版 / self-synthesized DQN experimental run
浙江,2023-02,餐饮,0.29611182,0.20629975,0.036557198,-0.120080955,-0.59103626,自动合成参数 DQN 实验版 / self-synthesized DQN experimental run
浙江,2023-03,餐饮,0.2651043,0.15300694,-0.02540332,-0.19773167,-0.6790763,自动合成参数 DQN 实验版 / self-synthesized DQN experimental run
浙江,2023-04,餐饮,0.22885267,0.12378207,-0.060859367,-0.23070216,-0.7392258,自动合成参数 DQN 实验版 / self-synthesized DQN experimental run
浙江,2023-05,餐饮,0.2698226,0.15626062,-0.027198553,-0.19840497,-0.71434194,自动合成参数 DQN 实验版 / self-synthesized DQN experimental run
浙江,2023-06,餐饮,0.2077254,0.3116438,0.34584066,0.24420315,-0.042683393,自动合成参数 DQN 实验版 / self-synthesized DQN experimental run
浙江,2023-07,餐饮,0.2096596,0.10599637,-0.07835913,-0.25814152,-0.7553996,自动合成参数 DQN 实验版 / self-synthesized DQN experimental run
浙江,2023-08,餐饮,0.27029377,0.36557525,0.4057923,0.31284177,0.015138149,自动合成参数 DQN 实验版 / self-synthesized DQN experimental run
浙江,2023-09,餐饮,0.363894,0.2526308,0.068125755,-0.10576189,-0.5879398,自动合成参数 DQN 实验版 / self-synthesized DQN experimental run
浙江,2023-10,餐饮,0.27545637,0.1717814,-0.015555516,-0.18672627,-0.6903134,自动合成参数 DQN 实验版 / self-synthesized DQN experimental run
浙江,2023-11,餐饮,0.28092816,0.17750758,-0.010441229,-0.18403469,-0.6906805,自动合成参数 DQN 实验版 / self-synthesized DQN experimental run
浙江,2023-12,餐饮,0.31238732,0.42146552,0.45402583,0.38285926,0.080268085,自动合成参数 DQN 实验版 / self-synthesized DQN experimental run
浙江,2024-01,餐饮,0.29582697,0.18715504,-0.0003630817,-0.17383492,-0.65787953,自动合成参数 DQN 实验版 / self-synthesized DQN experimental run
浙江,2024-02,餐饮,0.23781973,0.12761185,-0.059879124,-0.23229477,-0.7244898,自动合成参数 DQN 实验版 / self-synthesized DQN experimental run
浙江,2024-04,餐饮,0.412454,0.30442733,0.12961507,-0.055581428,-0.5477804,自动合成参数 DQN 实验版 / self-synthesized DQN experimental run
浙江,2024-05,餐饮,0.36723465,0.45757392,0.5012607,0.4048025,0.11711818,自动合成参数 DQN 实验版 / self-synthesized DQN experimental run
浙江,2024-06,餐饮,0.27337933,0.16544682,-0.024195224,-0.1972161,-0.6790295,自动合成参数 DQN 实验版 / self-synthesized DQN experimental run
浙江,2024-07,餐饮,0.6167863,0.5137011,0.34072402,0.15462878,-0.33480296,自动合成参数 DQN 实验版 / self-synthesized DQN experimental run
浙江,2024-08,餐饮,0.32261088,0.21352005,0.03823802,-0.14768523,-0.63568413,自动合成参数 DQN 实验版 / self-synthesized DQN experimental run
浙江,2024-09,餐饮,0.26663366,0.16249847,-0.025835156,-0.195274,-0.70258504,自动合成参数 DQN 实验版 / self-synthesized DQN experimental run
浙江,2024-10,餐饮,0.26583505,0.16301396,-0.029053286,-0.19705145,-0.70795333,自动合成参数 DQN 实验版 / self-synthesized DQN experimental run
浙江,2024-11,餐饮,0.24886256,0.14561397,-0.04930848,-0.21359795,-0.7268852,自动合成参数 DQN 实验版 / self-synthesized DQN experimental run
浙江,2024-12,餐饮,0.2590818,0.1558016,-0.04003796,-0.20641248,-0.71978533,自动合成参数 DQN 实验版 / self-synthesized DQN experimental run
海南,2023-09,流通,0.3182904,0.39341527,0.37970388,0.27884856,-0.057724684,自动合成参数 DQN 实验版 / self-synthesized DQN experimental run
海南,2023-11,生产,0.21868256,0.12985148,-0.07458791,-0.21263412,-0.72240037,自动合成参数 DQN 实验版 / self-synthesized DQN experimental run
海南,2024-05,生产,0.29431474,0.36459535,0.35584083,0.25706524,-0.077836275,自动合成参数 DQN 实验版 / self-synthesized DQN experimental run
海南,2024-01,餐饮,0.33596677,0.32537466,0.23430541,0.09031839,-0.31492388,自动合成参数 DQN 实验版 / self-synthesized DQN experimental run
海南,2024-04,餐饮,0.24387929,0.45614567,0.59235764,0.5747647,0.36177683,自动合成参数 DQN 实验版 / self-synthesized DQN experimental run
海南,2024-07,餐饮,0.20615661,0.46950155,0.6577947,0.66870457,0.50129974,自动合成参数 DQN 实验版 / self-synthesized DQN experimental run
湖北,2023-01,流通,0.3435713,0.24092185,0.07159969,-0.083133526,-0.55887324,自动合成参数 DQN 实验版 / self-synthesized DQN experimental run
湖北,2023-02,流通,0.33597717,0.22050792,0.049882352,-0.12255562,-0.6214189,自动合成参数 DQN 实验版 / self-synthesized DQN experimental run
湖北,2023-03,流通,0.32678506,0.22781497,0.045981586,-0.13505673,-0.6278246,自动合成参数 DQN 实验版 / self-synthesized DQN experimental run
湖北,2023-04,流通,0.28487718,0.17547667,0.0023588538,-0.18431078,-0.6750956,自动合成参数 DQN 实验版 / self-synthesized DQN experimental run
湖北,2023-05,流通,0.26219752,0.15624034,-0.035950154,-0.20787796,-0.7110237,自动合成参数 DQN 实验版 / self-synthesized DQN experimental run
湖北,2023-06,流通,0.2303852,0.12200862,-0.068547875,-0.24369109,-0.7501779,自动合成参数 DQN 实验版 / self-synthesized DQN experimental run
湖北,2023-07,流通,0.22660801,0.124345005,-0.07699825,-0.2531178,-0.7633122,自动合成参数 DQN 实验版 / self-synthesized DQN experimental run
湖北,2023-08,流通,0.25979084,0.15049438,-0.03901665,-0.21503812,-0.72426325,自动合成参数 DQN 实验版 / self-synthesized DQN experimental run
湖北,2023-09,流通,0.20940185,0.119164854,-0.0969632,-0.27744085,-0.7902415,自动合成参数 DQN 实验版 / self-synthesized DQN experimental run
湖北,2023-10,流通,0.23946828,0.1253905,-0.06310114,-0.24224745,-0.75079036,自动合成参数 DQN 实验版 / self-synthesized DQN experimental run
湖北,2023-11,流通,0.25443298,0.14884642,-0.05046296,-0.22858474,-0.73822933,自动合成参数 DQN 实验版 / self-synthesized DQN experimental run
湖北,2023-12,流通,0.2972254,0.20660307,-0.011226863,-0.19288552,-0.7041619,自动合成参数 DQN 实验版 / self-synthesized DQN experimental run
湖北,2024-01,流通,0.36214438,0.27828243,0.059921913,-0.11696068,-0.6347148,自动合成参数 DQN 实验版 / self-synthesized DQN experimental run
湖北,2024-02,流通,0.26753962,0.16060199,-0.03178948,-0.2057274,-0.71263015,自动合成参数 DQN 实验版 / self-synthesized DQN experimental run
湖北,2024-03,流通,0.236254,0.15070817,-0.072573185,-0.23817186,-0.75005627,自动合成参数 DQN 实验版 / self-synthesized DQN experimental run
湖北,2024-04,流通,0.25352645,0.16350037,-0.05276984,-0.22061542,-0.73119533,自动合成参数 DQN 实验版 / self-synthesized DQN experimental run
湖北,2024-05,流通,0.29200613,0.18450971,-0.010204613,-0.18427292,-0.69118667,自动合成参数 DQN 实验版 / self-synthesized DQN experimental run
湖北,2024-06,流通,0.2816493,0.18434241,-0.020182624,-0.19245616,-0.7004695,自动合成参数 DQN 实验版 / self-synthesized DQN experimental run
湖北,2024-07,流通,0.23596187,0.1367337,-0.06610075,-0.24326982,-0.75692093,自动合成参数 DQN 实验版 / self-synthesized DQN experimental run
湖北,2024-08,流通,0.2857523,0.1816835,-0.019397244,-0.19348976,-0.70593894,自动合成参数 DQN 实验版 / self-synthesized DQN experimental run
湖北,2024-09,流通,0.25208527,0.15735295,-0.055438235,-0.22720638,-0.7384889,自动合成参数 DQN 实验版 / self-synthesized DQN experimental run
湖北,2024-10,流通,0.28874147,0.18399191,-0.015775353,-0.1911821,-0.69993645,自动合成参数 DQN 实验版 / self-synthesized DQN experimental run
湖北,2024-11,流通,0.35918286,0.24555118,0.059161603,-0.13294189,-0.64263564,自动合成参数 DQN 实验版 / self-synthesized DQN experimental run
湖北,2024-12,流通,0.29673618,0.19315243,-0.007212028,-0.1807121,-0.6888699,自动合成参数 DQN 实验版 / self-synthesized DQN experimental run
湖北,2023-01,生产,0.34407347,0.3344547,0.2476238,0.10716228,-0.29379442,自动合成参数 DQN 实验版 / self-synthesized DQN experimental run
湖北,2023-04,生产,0.28125453,0.28081036,0.122073025,-0.020713424,-0.4543915,自动合成参数 DQN 实验版 / self-synthesized DQN experimental run
湖北,2023-05,生产,0.25551045,0.18097425,0.030805618,-0.12548423,-0.589138,自动合成参数 DQN 实验版 / self-synthesized DQN experimental run
湖北,2023-06,生产,0.2503232,0.157309,0.018372595,-0.14795625,-0.61250854,自动合成参数 DQN 实验版 / self-synthesized DQN experimental run
湖北,2023-07,生产,0.23830491,0.14026272,-0.0034824312,-0.16612849,-0.6347654,自动合成参数 DQN 实验版 / self-synthesized DQN experimental run
湖北,2023-09,生产,0.23011442,0.16538256,0.012394115,-0.15861641,-0.6152888,自动合成参数 DQN 实验版 / self-synthesized DQN experimental run
湖北,2023-11,生产,0.2299864,0.14506362,0.009937376,-0.17434448,-0.62733096,自动合成参数 DQN 实验版 / self-synthesized DQN experimental run
湖北,2023-12,生产,0.3803066,0.27310792,0.14056924,-0.04797054,-0.50830024,自动合成参数 DQN 实验版 / self-synthesized DQN experimental run
湖北,2024-02,生产,0.2785786,0.17628169,0.028037816,-0.14929813,-0.61369205,自动合成参数 DQN 实验版 / self-synthesized DQN experimental run
湖北,2024-05,生产,0.2743584,0.16196483,0.0042958558,-0.16606551,-0.6397972,自动合成参数 DQN 实验版 / self-synthesized DQN experimental run
湖北,2024-06,生产,0.28702897,0.21018672,0.056240186,-0.1242334,-0.5896393,自动合成参数 DQN 实验版 / self-synthesized DQN experimental run
湖北,2024-07,生产,0.26318893,0.16871136,0.02349551,-0.16692245,-0.62629366,自动合成参数 DQN 实验版 / self-synthesized DQN experimental run
湖北,2024-08,生产,0.30200756,0.20276873,0.058713086,-0.13401604,-0.59300995,自动合成参数 DQN 实验版 / self-synthesized DQN experimental run
湖北,2024-09,生产,0.26280063,0.18609008,0.011194557,-0.16828246,-0.6436319,自动合成参数 DQN 实验版 / self-synthesized DQN experimental run
湖北,2024-10,生产,0.29504257,0.20073944,0.042406335,-0.14095666,-0.6007726,自动合成参数 DQN 实验版 / self-synthesized DQN experimental run
湖北,2024-11,生产,0.38433033,0.28437436,0.10729942,-0.064578526,-0.53046536,自动合成参数 DQN 实验版 / self-synthesized DQN experimental run
湖北,2024-12,生产,0.40179592,0.2947417,0.11197454,-0.052042015,-0.53114593,自动合成参数 DQN 实验版 / self-synthesized DQN experimental run
湖北,2023-01,餐饮,0.3364287,0.4206141,0.40760657,0.3076917,-0.026071131,自动合成参数 DQN 实验版 / self-synthesized DQN experimental run
湖北,2023-03,餐饮,0.34671122,0.33821592,0.25192213,0.112002715,-0.2885162,自动合成参数 DQN 实验版 / self-synthesized DQN experimental run
湖北,2023-04,餐饮,0.2769677,0.23356444,0.09053901,-0.05518896,-0.49623334,自动合成参数 DQN 实验版 / self-synthesized DQN experimental run
湖北,2023-05,餐饮,0.27289355,0.17662135,0.002346933,-0.1568059,-0.6322362,自动合成参数 DQN 实验版 / self-synthesized DQN experimental run
湖北,2023-06,餐饮,0.25887245,0.16109458,-0.02126348,-0.18485013,-0.6682986,自动合成参数 DQN 实验版 / self-synthesized DQN experimental run
湖北,2023-07,餐饮,0.24243093,0.1370902,-0.04371673,-0.21381691,-0.7039703,自动合成参数 DQN 实验版 / self-synthesized DQN experimental run
湖北,2023-08,餐饮,0.27161455,0.1663275,-0.019585788,-0.18539882,-0.6710578,自动合成参数 DQN 实验版 / self-synthesized DQN experimental run
湖北,2023-09,餐饮,0.22707295,0.12844452,-0.06273469,-0.23260124,-0.7331963,自动合成参数 DQN 实验版 / self-synthesized DQN experimental run
湖北,2023-10,餐饮,0.21647653,0.12372561,-0.06792514,-0.2526533,-0.73546517,自动合成参数 DQN 实验版 / self-synthesized DQN experimental run
湖北,2023-11,餐饮,0.2262329,0.11367823,-0.061872065,-0.2554232,-0.75412863,自动合成参数 DQN 实验版 / self-synthesized DQN experimental run
湖北,2023-12,餐饮,0.25197992,0.34525624,0.3710512,0.30227375,-0.03789869,自动合成参数 DQN 实验版 / self-synthesized DQN experimental run
湖北,2024-01,餐饮,0.2649358,0.36377567,0.39148265,0.3267642,-0.017301142,自动合成参数 DQN 实验版 / self-synthesized DQN experimental run
湖北,2024-03,餐饮,0.26525307,0.16583723,-0.024283677,-0.20426376,-0.6859664,自动合成参数 DQN 实验版 / self-synthesized DQN experimental run
湖北,2024-04,餐饮,0.2747216,0.17575562,-0.015147388,-0.19526377,-0.6760696,自动合成参数 DQN 实验版 / self-synthesized DQN experimental run
湖北,2024-05,餐饮,0.24929702,0.14982459,-0.041816235,-0.21797779,-0.7090765,自动合成参数 DQN 实验版 / self-synthesized DQN experimental run
湖北,2024-06,餐饮,0.28320748,0.18524684,-0.004473299,-0.1872864,-0.66671866,自动合成参数 DQN 实验版 / self-synthesized DQN experimental run
湖北,2024-07,餐饮,0.2558661,0.14563255,-0.03625518,-0.21591811,-0.7135167,自动合成参数 DQN 实验版 / self-synthesized DQN experimental run
湖北,2024-08,餐饮,0.2626727,0.17562799,-0.030620128,-0.20777765,-0.70434916,自动合成参数 DQN 实验版 / self-synthesized DQN experimental run
湖北,2024-09,餐饮,0.23747718,0.1392119,-0.038645476,-0.23797807,-0.7271501,自动合成参数 DQN 实验版 / self-synthesized DQN experimental run
湖北,2024-10,餐饮,0.2346294,0.12858883,-0.071963996,-0.2336627,-0.72548676,自动合成参数 DQN 实验版 / self-synthesized DQN experimental run
湖北,2024-11,餐饮,0.2671825,0.3798488,0.3978219,0.33829984,-0.0061675906,自动合成参数 DQN 实验版 / self-synthesized DQN experimental run
湖北,2024-12,餐饮,0.31445903,0.41794237,0.44016242,0.37008953,0.05174014,自动合成参数 DQN 实验版 / self-synthesized DQN experimental run
湖南,2023-01,流通,0.32782325,0.22391593,0.05495438,-0.10082842,-0.5820172,自动合成参数 DQN 实验版 / self-synthesized DQN experimental run
湖南,2023-02,流通,0.34972456,0.23316684,0.06099695,-0.11600847,-0.60678566,自动合成参数 DQN 实验版 / self-synthesized DQN experimental run
湖南,2023-03,流通,0.2603622,0.15809835,-0.028961986,-0.19921508,-0.704133,自动合成参数 DQN 实验版 / self-synthesized DQN experimental run
湖南,2023-04,流通,0.32614386,0.21469122,0.032754228,-0.14290157,-0.65641963,自动合成参数 DQN 实验版 / self-synthesized DQN experimental run
湖南,2023-05,流通,0.26677245,0.1518967,-0.037965372,-0.2034834,-0.7240001,自动合成参数 DQN 实验版 / self-synthesized DQN experimental run
湖南,2023-06,流通,0.26323527,0.14858258,-0.038135275,-0.21068995,-0.7279526,自动合成参数 DQN 实验版 / self-synthesized DQN experimental run
湖南,2023-07,流通,0.25598514,0.14590314,-0.051153585,-0.21971764,-0.7366461,自动合成参数 DQN 实验版 / self-synthesized DQN experimental run
湖南,2023-08,流通,0.26523483,0.14842254,-0.04307647,-0.20749,-0.7297966,自动合成参数 DQN 实验版 / self-synthesized DQN experimental run
湖南,2023-09,流通,0.23067719,0.11466317,-0.07491623,-0.24314359,-0.7641453,自动合成参数 DQN 实验版 / self-synthesized DQN experimental run
湖南,2023-10,流通,0.2354469,0.119813725,-0.06901431,-0.24115646,-0.7604267,自动合成参数 DQN 实验版 / self-synthesized DQN experimental run
湖南,2023-11,流通,0.23106062,0.1151396,-0.07402003,-0.24620187,-0.7656175,自动合成参数 DQN 实验版 / self-synthesized DQN experimental run
湖南,2023-12,流通,0.24474844,0.12242213,-0.06455791,-0.23932609,-0.7591461,自动合成参数 DQN 实验版 / self-synthesized DQN experimental run
湖南,2024-01,流通,0.232032,0.1224072,-0.0845477,-0.2456353,-0.76858246,自动合成参数 DQN 实验版 / self-synthesized DQN experimental run
湖南,2024-02,流通,0.22229105,0.11235383,-0.09554669,-0.2585283,-0.782834,自动合成参数 DQN 实验版 / self-synthesized DQN experimental run
湖南,2024-03,流通,0.2254413,0.11554861,-0.09227973,-0.25498652,-0.77922356,自动合成参数 DQN 实验版 / self-synthesized DQN experimental run
湖南,2024-04,流通,0.3007446,0.18807372,-0.013195455,-0.17503995,-0.6970132,自动合成参数 DQN 实验版 / self-synthesized DQN experimental run
湖南,2024-05,流通,0.24373204,0.13328555,-0.07112488,-0.23313147,-0.7552392,自动合成参数 DQN 实验版 / self-synthesized DQN experimental run
湖南,2024-06,流通,0.25480008,0.14458871,-0.045847535,-0.23850256,-0.7566744,自动合成参数 DQN 实验版 / self-synthesized DQN experimental run
湖南,2024-07,流通,0.24766196,0.14205426,-0.04950294,-0.2391179,-0.75235665,自动合成参数 DQN 实验版 / self-synthesized DQN experimental run
湖南,2024-08,流通,0.256844,0.15105963,-0.05938238,-0.21294604,-0.73492664,自动合成参数 DQN 实验版 / self-synthesized DQN experimental run
湖南,2024-09,流通,0.2551131,0.15284297,-0.06709933,-0.21677005,-0.74181587,自动合成参数 DQN 实验版 / self-synthesized DQN experimental run
湖南,2024-10,流通,0.25563455,0.15399218,-0.070860356,-0.21831405,-0.74519545,自动合成参数 DQN 实验版 / self-synthesized DQN experimental run
湖南,2024-11,流通,0.26154235,0.15875307,-0.060131043,-0.21084416,-0.73615485,自动合成参数 DQN 实验版 / self-synthesized DQN experimental run
湖南,2024-12,流通,0.2753908,0.18285894,-0.028385133,-0.21345559,-0.72592485,自动合成参数 DQN 实验版 / self-synthesized DQN experimental run
湖南,2023-02,生产,0.34080938,0.3582641,0.2909931,0.16115698,-0.22290345,自动合成参数 DQN 实验版 / self-synthesized DQN experimental run
湖南,2023-04,生产,0.45460773,0.4412081,0.3319031,0.18618,-0.22315258,自动合成参数 DQN 实验版 / self-synthesized DQN experimental run
湖南,2023-05,生产,0.22879793,0.21103282,0.051138073,-0.09086836,-0.53185225,自动合成参数 DQN 实验版 / self-synthesized DQN experimental run
湖南,2023-06,生产,0.2818652,0.19947177,0.03480974,-0.1168393,-0.58446467,自动合成参数 DQN 实验版 / self-synthesized DQN experimental run
湖南,2023-07,生产,0.28515977,0.18684766,0.0123075545,-0.14928833,-0.6231259,自动合成参数 DQN 实验版 / self-synthesized DQN experimental run
湖南,2023-09,生产,0.23601452,0.13868228,-0.04728508,-0.2140787,-0.6848748,自动合成参数 DQN 实验版 / self-synthesized DQN experimental run
湖南,2023-10,生产,0.22319883,0.115312845,-0.069172084,-0.24101901,-0.7204869,自动合成参数 DQN 实验版 / self-synthesized DQN experimental run
湖南,2023-11,生产,0.25251016,0.14460874,-0.041672528,-0.21075675,-0.7154629,自动合成参数 DQN 实验版 / self-synthesized DQN experimental run
湖南,2023-12,生产,0.2677495,0.1644173,-0.02806595,-0.19288702,-0.70534444,自动合成参数 DQN 实验版 / self-synthesized DQN experimental run
湖南,2024-02,生产,0.24228829,0.14556307,-0.052768797,-0.22751333,-0.73159146,自动合成参数 DQN 实验版 / self-synthesized DQN experimental run
湖南,2024-03,生产,0.2935594,0.18015315,-0.0017360598,-0.17607696,-0.6897386,自动合成参数 DQN 实验版 / self-synthesized DQN experimental run
湖南,2024-04,生产,0.24082106,0.3249556,0.36731458,0.24307832,-0.032206655,自动合成参数 DQN 实验版 / self-synthesized DQN experimental run
湖南,2024-05,生产,0.27091494,0.16728406,-0.020733625,-0.19170563,-0.70142466,自动合成参数 DQN 实验版 / self-synthesized DQN experimental run
湖南,2024-06,生产,0.2586899,0.15804693,-0.042443335,-0.20958897,-0.72361577,自动合成参数 DQN 实验版 / self-synthesized DQN experimental run
湖南,2024-07,生产,0.28181136,0.1642389,-0.007401794,-0.1952456,-0.6962204,自动合成参数 DQN 实验版 / self-synthesized DQN experimental run
湖南,2024-08,生产,0.25068384,0.15021789,-0.05448118,-0.22441761,-0.73351276,自动合成参数 DQN 实验版 / self-synthesized DQN experimental run
湖南,2024-09,生产,0.24371023,0.1335132,-0.051811114,-0.2261261,-0.7368343,自动合成参数 DQN 实验版 / self-synthesized DQN experimental run
湖南,2024-10,生产,0.3171196,0.4211587,0.4422615,0.37608832,0.04344231,自动合成参数 DQN 实验版 / self-synthesized DQN experimental run
湖南,2024-11,生产,0.2792641,0.17420796,-0.017997801,-0.19357727,-0.6929886,自动合成参数 DQN 实验版 / self-synthesized DQN experimental run
湖南,2024-12,生产,0.30259734,0.19557473,0.008295536,-0.16631365,-0.6744291,自动合成参数 DQN 实验版 / self-synthesized DQN experimental run
湖南,2023-01,餐饮,0.33133903,0.3204892,0.23606454,0.09602999,-0.30264246,自动合成参数 DQN 实验版 / self-synthesized DQN experimental run
湖南,2023-04,餐饮,0.41504222,0.39837378,0.26127166,0.108955175,-0.31290317,自动合成参数 DQN 实验版 / self-synthesized DQN experimental run
湖南,2023-05,餐饮,0.23434326,0.1737604,0.01422362,-0.1311401,-0.58510303,自动合成参数 DQN 实验版 / self-synthesized DQN experimental run
湖南,2023-06,餐饮,0.28326848,0.18294823,0.010163307,-0.14801508,-0.6240253,自动合成参数 DQN 实验版 / self-synthesized DQN experimental run
湖南,2023-07,餐饮,0.26520944,0.1688357,-0.00963369,-0.17559996,-0.65323454,自动合成参数 DQN 实验版 / self-synthesized DQN experimental run
湖南,2023-08,餐饮,0.29135114,0.19064358,0.005110204,-0.16201931,-0.632771,自动合成参数 DQN 实验版 / self-synthesized DQN experimental run
湖南,2023-09,餐饮,0.26074764,0.14564088,-0.034710467,-0.20640904,-0.70144737,自动合成参数 DQN 实验版 / self-synthesized DQN experimental run
湖南,2023-10,餐饮,0.21864673,0.107325524,-0.073369235,-0.2496129,-0.7460252,自动合成参数 DQN 实验版 / self-synthesized DQN experimental run
湖南,2023-11,餐饮,0.2550226,0.15208104,-0.041039065,-0.20562741,-0.71809673,自动合成参数 DQN 实验版 / self-synthesized DQN experimental run
湖南,2023-12,餐饮,0.26608625,0.16536471,-0.034266174,-0.2017404,-0.7159672,自动合成参数 DQN 实验版 / self-synthesized DQN experimental run
湖南,2024-01,餐饮,0.24295199,0.14567544,-0.053574607,-0.22833773,-0.7343035,自动合成参数 DQN 实验版 / self-synthesized DQN experimental run
湖南,2024-03,餐饮,0.24277386,0.14553908,-0.053657666,-0.2284095,-0.7342441,自动合成参数 DQN 实验版 / self-synthesized DQN experimental run
湖南,2024-04,餐饮,0.22977227,0.13136205,-0.06744525,-0.24210143,-0.7491707,自动合成参数 DQN 实验版 / self-synthesized DQN experimental run
湖南,2024-05,餐饮,0.23005834,0.13158119,-0.0673109,-0.24198563,-0.74926484,自动合成参数 DQN 实验版 / self-synthesized DQN experimental run
湖南,2024-06,餐饮,0.23032612,0.13178647,-0.06718457,-0.241877,-0.7493521,自动合成参数 DQN 实验版 / self-synthesized DQN experimental run
湖南,2024-07,餐饮,0.2713797,0.17645001,-0.023311734,-0.19843715,-0.7017435,自动合成参数 DQN 实验版 / self-synthesized DQN experimental run
湖南,2024-08,餐饮,0.24025151,0.14147377,-0.05717595,-0.23144372,-0.7401103,自动合成参数 DQN 实验版 / self-synthesized DQN experimental run
湖南,2024-09,餐饮,0.23024306,0.13172281,-0.06722382,-0.24191077,-0.7493251,自动合成参数 DQN 实验版 / self-synthesized DQN experimental run
湖南,2024-11,餐饮,0.2679352,0.16924095,-0.030874655,-0.2035779,-0.7156266,自动合成参数 DQN 实验版 / self-synthesized DQN experimental run
湖南,2024-12,餐饮,0.31025723,0.20863935,0.005382687,-0.15877494,-0.67855537,自动合成参数 DQN 实验版 / self-synthesized DQN experimental run
甘肃,2023-01,流通,0.33398032,0.3503131,0.28221107,0.15112731,-0.23333788,自动合成参数 DQN 实验版 / self-synthesized DQN experimental run
甘肃,2023-02,流通,0.33536315,0.28688434,0.16173156,-0.002544336,-0.4362776,自动合成参数 DQN 实验版 / self-synthesized DQN experimental run
甘肃,2023-03,流通,0.3382384,0.2839312,0.15245353,-0.01193543,-0.45347214,自动合成参数 DQN 实验版 / self-synthesized DQN experimental run
甘肃,2023-04,流通,0.55136347,0.48482585,0.35015544,0.1875941,-0.2706558,自动合成参数 DQN 实验版 / self-synthesized DQN experimental run
甘肃,2023-05,流通,0.26266965,0.17547682,0.018624425,-0.14097849,-0.62025094,自动合成参数 DQN 实验版 / self-synthesized DQN experimental run
甘肃,2023-06,流通,0.28380936,0.20995075,0.033800155,-0.117768325,-0.60448784,自动合成参数 DQN 实验版 / self-synthesized DQN experimental run
甘肃,2023-07,流通,0.30687872,0.24091172,0.04446706,-0.09808708,-0.5942467,自动合成参数 DQN 实验版 / self-synthesized DQN experimental run
甘肃,2023-08,流通,0.30842176,0.23284966,0.043480158,-0.10659442,-0.6071398,自动合成参数 DQN 实验版 / self-synthesized DQN experimental run
甘肃,2023-09,流通,0.2953965,0.21918383,0.034044087,-0.11896453,-0.61844695,自动合成参数 DQN 实验版 / self-synthesized DQN experimental run
甘肃,2023-11,流通,0.29802608,0.21881714,0.03585869,-0.11905063,-0.6195743,自动合成参数 DQN 实验版 / self-synthesized DQN experimental run
甘肃,2023-12,流通,0.3008992,0.21668336,0.038312644,-0.12034381,-0.62174726,自动合成参数 DQN 实验版 / self-synthesized DQN experimental run
甘肃,2024-02,流通,0.28341448,0.1970776,0.018642962,-0.14114308,-0.64360106,自动合成参数 DQN 实验版 / self-synthesized DQN experimental run
甘肃,2024-03,流通,0.26933384,0.18344319,0.0057770014,-0.15459758,-0.65665376,自动合成参数 DQN 实验版 / self-synthesized DQN experimental run
甘肃,2024-05,流通,0.27012557,0.18446091,0.006678492,-0.15355873,-0.655591,自动合成参数 DQN 实验版 / self-synthesized DQN experimental run
甘肃,2024-07,流通,0.27500358,0.18785629,0.010451078,-0.15041873,-0.65266895,自动合成参数 DQN 实验版 / self-synthesized DQN experimental run
甘肃,2024-09,流通,0.2665767,0.17992747,0.002649933,-0.15819511,-0.66033137,自动合成参数 DQN 实验版 / self-synthesized DQN experimental run
甘肃,2024-11,流通,0.2796388,0.19102189,0.014945596,-0.14741492,-0.64928854,自动合成参数 DQN 实验版 / self-synthesized DQN experimental run
甘肃,2023-03,生产,0.3091123,0.38509867,0.37552667,0.2767328,-0.05714923,自动合成参数 DQN 实验版 / self-synthesized DQN experimental run
甘肃,2023-12,生产,0.27190885,0.36160848,0.3743152,0.28615826,-0.02982688,自动合成参数 DQN 实验版 / self-synthesized DQN experimental run
甘肃,2024-02,生产,0.2320508,0.28341752,0.26525673,0.1545293,-0.18506089,自动合成参数 DQN 实验版 / self-synthesized DQN experimental run
甘肃,2024-10,生产,0.24818084,0.27343422,0.22832796,0.10305335,-0.25968736,自动合成参数 DQN 实验版 / self-synthesized DQN experimental run
甘肃,2023-02,餐饮,0.3091123,0.38509867,0.37552667,0.2767328,-0.05714923,自动合成参数 DQN 实验版 / self-synthesized DQN experimental run
甘肃,2023-04,餐饮,0.3323054,0.3508721,0.28523964,0.15549962,-0.226906,自动合成参数 DQN 实验版 / self-synthesized DQN experimental run
甘肃,2023-08,餐饮,0.25113377,0.14888605,0.0033262968,-0.15995252,-0.64027655,自动合成参数 DQN 实验版 / self-synthesized DQN experimental run
甘肃,2023-10,餐饮,0.26326942,0.18321398,0.017984778,-0.13839993,-0.62049794,自动合成参数 DQN 实验版 / self-synthesized DQN experimental run
甘肃,2023-11,餐饮,0.28815815,0.22164282,0.020496875,-0.119999,-0.6201124,自动合成参数 DQN 实验版 / self-synthesized DQN experimental run
甘肃,2024-03,餐饮,0.23664027,0.19629495,0.0906175,-0.07219719,-0.4845898,自动合成参数 DQN 实验版 / self-synthesized DQN experimental run
甘肃,2024-05,餐饮,0.22243053,0.20582247,0.13287222,-0.010583398,-0.39636242,自动合成参数 DQN 实验版 / self-synthesized DQN experimental run
甘肃,2024-11,餐饮,0.21598731,0.2103847,0.10308829,0.001939157,-0.42454436,自动合成参数 DQN 实验版 / self-synthesized DQN experimental run
甘肃,2024-12,餐饮,0.23071282,0.340326,0.38908392,0.31999978,0.034248054,自动合成参数 DQN 实验版 / self-synthesized DQN experimental run
福建,2023-01,流通,0.3375572,0.24489424,0.043325245,-0.13671973,-0.62867475,自动合成参数 DQN 实验版 / self-synthesized DQN experimental run
福建,2023-02,流通,0.24015331,0.15337089,-0.03957808,-0.21678665,-0.7180447,自动合成参数 DQN 实验版 / self-synthesized DQN experimental run
福建,2023-03,流通,0.25354084,0.15996252,-0.035574585,-0.20809487,-0.7051388,自动合成参数 DQN 实验版 / self-synthesized DQN experimental run
福建,2023-04,流通,0.26009843,0.16519451,-0.035282403,-0.21138225,-0.71564466,自动合成参数 DQN 实验版 / self-synthesized DQN experimental run
福建,2023-05,流通,0.25613558,0.16544867,-0.046044156,-0.22662276,-0.74438906,自动合成参数 DQN 实验版 / self-synthesized DQN experimental run
福建,2023-06,流通,0.25964886,0.16955893,-0.050257057,-0.22896017,-0.75527465,自动合成参数 DQN 实验版 / self-synthesized DQN experimental run
福建,2023-07,流通,0.25766754,0.15892409,-0.0342869,-0.2154977,-0.7357849,自动合成参数 DQN 实验版 / self-synthesized DQN experimental run
福建,2023-08,流通,0.2580187,0.16109106,-0.039748296,-0.22172628,-0.73605025,自动合成参数 DQN 实验版 / self-synthesized DQN experimental run
福建,2023-09,流通,0.25908193,0.1691512,-0.046307296,-0.22535418,-0.748699,自动合成参数 DQN 实验版 / self-synthesized DQN experimental run
福建,2023-10,流通,0.26900715,0.16611356,-0.027412921,-0.21753983,-0.72682583,自动合成参数 DQN 实验版 / self-synthesized DQN experimental run
福建,2023-11,流通,0.2599632,0.164112,-0.0375977,-0.21954457,-0.733948,自动合成参数 DQN 实验版 / self-synthesized DQN experimental run
福建,2023-12,流通,0.29975465,0.1891455,-0.0036510825,-0.1978052,-0.7107845,自动合成参数 DQN 实验版 / self-synthesized DQN experimental run
福建,2024-01,流通,0.29518998,0.3710697,0.37033668,0.29640722,-0.039153606,自动合成参数 DQN 实验版 / self-synthesized DQN experimental run
福建,2024-02,流通,0.23028466,0.13989455,-0.07057151,-0.25134584,-0.76986384,自动合成参数 DQN 实验版 / self-synthesized DQN experimental run
福建,2024-03,流通,0.23917332,0.14477126,-0.06481077,-0.24490799,-0.7632892,自动合成参数 DQN 实验版 / self-synthesized DQN experimental run
福建,2024-04,流通,0.24426371,0.14375621,-0.051566243,-0.23558255,-0.745525,自动合成参数 DQN 实验版 / self-synthesized DQN experimental run
福建,2024-05,流通,0.24133056,0.14936449,-0.061636046,-0.24207604,-0.7601366,自动合成参数 DQN 实验版 / self-synthesized DQN experimental run
福建,2024-06,流通,0.25126064,0.14886919,-0.05681388,-0.23987415,-0.7573638,自动合成参数 DQN 实验版 / self-synthesized DQN experimental run
福建,2024-07,流通,0.26277518,0.16438343,-0.032007515,-0.21042803,-0.7292565,自动合成参数 DQN 实验版 / self-synthesized DQN experimental run
福建,2024-08,流通,0.26806653,0.16690437,-0.028014675,-0.21259433,-0.7258517,自动合成参数 DQN 实验版 / self-synthesized DQN experimental run
福建,2024-09,流通,0.31932676,0.22776327,0.028197452,-0.1496425,-0.6708987,自动合成参数 DQN 实验版 / self-synthesized DQN experimental run
福建,2024-10,流通,0.24595334,0.1459102,-0.04976897,-0.2351123,-0.74685895,自动合成参数 DQN 实验版 / self-synthesized DQN experimental run
福建,2024-11,流通,0.2615752,0.17272395,-0.04313363,-0.22197503,-0.7458581,自动合成参数 DQN 实验版 / self-synthesized DQN experimental run
福建,2024-12,流通,0.24259284,0.15861283,-0.06632358,-0.24460779,-0.77426046,自动合成参数 DQN 实验版 / self-synthesized DQN experimental run
福建,2023-01,生产,0.34710398,0.32241234,0.22767012,0.080162995,-0.32871926,自动合成参数 DQN 实验版 / self-synthesized DQN experimental run
福建,2023-02,生产,0.24844173,0.15803081,0.023318648,-0.13502985,-0.6035903,自动合成参数 DQN 实验版 / self-synthesized DQN experimental run
福建,2023-03,生产,0.23579168,0.14958283,-0.0106060505,-0.17307127,-0.6490788,自动合成参数 DQN 实验版 / self-synthesized DQN experimental run
福建,2023-04,生产,0.23913646,0.14410797,-0.030603617,-0.19857594,-0.684209,自动合成参数 DQN 实验版 / self-synthesized DQN experimental run
福建,2023-05,生产,0.27888483,0.18416739,0.0054278374,-0.16154027,-0.6506113,自动合成参数 DQN 实验版 / self-synthesized DQN experimental run
福建,2023-06,生产,0.27796775,0.18246257,-0.0014227033,-0.16787201,-0.6577341,自动合成参数 DQN 实验版 / self-synthesized DQN experimental run
福建,2023-07,生产,0.25702983,0.15555707,-0.03261584,-0.20031542,-0.6908593,自动合成参数 DQN 实验版 / self-synthesized DQN experimental run
福建,2023-08,生产,0.25189018,0.1512864,-0.047774613,-0.21106672,-0.70096684,自动合成参数 DQN 实验版 / self-synthesized DQN experimental run
福建,2023-09,生产,0.25463367,0.15530097,-0.051145047,-0.21044445,-0.69864076,自动合成参数 DQN 实验版 / self-synthesized DQN experimental run
福建,2023-10,生产,0.30640513,0.20454821,0.010125846,-0.1644997,-0.64686847,自动合成参数 DQN 实验版 / self-synthesized DQN experimental run
福建,2023-11,生产,0.2778557,0.18601999,-0.008686453,-0.17927329,-0.67638135,自动合成参数 DQN 实验版 / self-synthesized DQN experimental run
福建,2023-12,生产,0.2811368,0.1870032,-0.010201544,-0.18470863,-0.680684,自动合成参数 DQN 实验版 / self-synthesized DQN experimental run
福建,2024-01,生产,0.2907457,0.21024999,-0.0038268566,-0.18229605,-0.6766145,自动合成参数 DQN 实验版 / self-synthesized DQN experimental run
福建,2024-02,生产,0.22193146,0.14885767,-0.07614307,-0.25185075,-0.7466532,自动合成参数 DQN 实验版 / self-synthesized DQN experimental run
福建,2024-03,生产,0.24390414,0.16861445,-0.054570347,-0.23122694,-0.72574437,自动合成参数 DQN 实验版 / self-synthesized DQN experimental run
福建,2024-04,生产,0.25292796,0.1770815,-0.046756238,-0.22353937,-0.7174476,自动合成参数 DQN 实验版 / self-synthesized DQN experimental run
福建,2024-05,生产,0.2417537,0.16109079,-0.061605543,-0.23853259,-0.7321137,自动合成参数 DQN 实验版 / self-synthesized DQN experimental run
福建,2024-06,生产,0.22871277,0.1533708,-0.07409337,-0.25180727,-0.74341255,自动合成参数 DQN 实验版 / self-synthesized DQN experimental run
福建,2024-07,生产,0.25557435,0.17553228,-0.048921168,-0.22689264,-0.7193806,自动合成参数 DQN 实验版 / self-synthesized DQN experimental run
福建,2024-08,生产,0.25258797,0.16524154,-0.05397305,-0.23110735,-0.72585166,自动合成参数 DQN 实验版 / self-synthesized DQN experimental run
福建,2024-09,生产,0.2579846,0.34636185,0.34232658,0.26141137,-0.09692648,自动合成参数 DQN 实验版 / self-synthesized DQN experimental run
福建,2024-10,生产,0.23135233,0.14578225,-0.067403376,-0.24553937,-0.7349888,自动合成参数 DQN 实验版 / self-synthesized DQN experimental run
福建,2024-11,生产,0.23212779,0.15031633,-0.06637205,-0.24686244,-0.73590696,自动合成参数 DQN 实验版 / self-synthesized DQN experimental run
福建,2024-12,生产,0.21402657,0.13325854,-0.084575444,-0.2654097,-0.7537718,自动合成参数 DQN 实验版 / self-synthesized DQN experimental run
福建,2023-01,餐饮,0.34510344,0.36853266,0.30213356,0.17234407,-0.2092344,自动合成参数 DQN 实验版 / self-synthesized DQN experimental run
福建,2023-02,餐饮,0.25978014,0.22514437,0.08710341,-0.05136352,-0.49204528,自动合成参数 DQN 实验版 / self-synthesized DQN experimental run
福建,2023-03,餐饮,0.2630846,0.1730294,0.03338793,-0.12448097,-0.5957536,自动合成参数 DQN 实验版 / self-synthesized DQN experimental run
福建,2023-04,餐饮,0.22120434,0.12706873,-0.04267752,-0.20864594,-0.6908569,自动合成参数 DQN 实验版 / self-synthesized DQN experimental run
福建,2023-05,餐饮,0.31519377,0.21281871,0.0348199,-0.13365984,-0.6237426,自动合成参数 DQN 实验版 / self-synthesized DQN experimental run
福建,2023-06,餐饮,0.21447182,0.119955406,-0.08318567,-0.2636901,-0.7581639,自动合成参数 DQN 实验版 / self-synthesized DQN experimental run
福建,2023-07,餐饮,0.22539082,0.1397602,-0.068375066,-0.25426757,-0.73881835,自动合成参数 DQN 实验版 / self-synthesized DQN experimental run
福建,2023-08,餐饮,0.21143469,0.12991858,-0.08512735,-0.2694463,-0.7532982,自动合成参数 DQN 实验版 / self-synthesized DQN experimental run
福建,2023-09,餐饮,0.22886194,0.1296359,-0.07063106,-0.25323084,-0.75958765,自动合成参数 DQN 实验版 / self-synthesized DQN experimental run
福建,2023-10,餐饮,0.26931396,0.17921674,-0.03201303,-0.22164719,-0.7140586,自动合成参数 DQN 实验版 / self-synthesized DQN experimental run
福建,2023-11,餐饮,0.27435374,0.16777697,-0.022000223,-0.21061334,-0.7163185,自动合成参数 DQN 实验版 / self-synthesized DQN experimental run
福建,2023-12,餐饮,0.30981582,0.20807572,0.0124258995,-0.17613629,-0.6827418,自动合成参数 DQN 实验版 / self-synthesized DQN experimental run
福建,2024-01,餐饮,0.25247118,0.16493516,-0.055727154,-0.2364201,-0.73771495,自动合成参数 DQN 实验版 / self-synthesized DQN experimental run
福建,2024-02,餐饮,0.19379795,0.11606562,-0.112772614,-0.29274467,-0.7927226,自动合成参数 DQN 实验版 / self-synthesized DQN experimental run
福建,2024-03,餐饮,0.2411561,0.15422587,-0.0663217,-0.24782762,-0.7482203,自动合成参数 DQN 实验版 / self-synthesized DQN experimental run
福建,2024-04,餐饮,0.1996955,0.11776826,-0.10693285,-0.2889829,-0.7885715,自动合成参数 DQN 实验版 / self-synthesized DQN experimental run
福建,2024-05,餐饮,0.18518135,0.107865244,-0.12143111,-0.30154353,-0.80050015,自动合成参数 DQN 实验版 / self-synthesized DQN experimental run
福建,2024-06,餐饮,0.22591189,0.14061198,-0.08066726,-0.2625721,-0.7612523,自动合成参数 DQN 实验版 / self-synthesized DQN experimental run
福建,2024-07,餐饮,0.24185404,0.1449256,-0.061760068,-0.24415754,-0.7470299,自动合成参数 DQN 实验版 / self-synthesized DQN experimental run
福建,2024-08,餐饮,0.2604168,0.15994944,-0.043451518,-0.22569756,-0.7345861,自动合成参数 DQN 实验版 / self-synthesized DQN experimental run
福建,2024-09,餐饮,0.2618823,0.14617889,-0.034417555,-0.22681606,-0.73548603,自动合成参数 DQN 实验版 / self-synthesized DQN experimental run
福建,2024-10,餐饮,0.24895996,0.1612592,-0.060725853,-0.24106658,-0.74657774,自动合成参数 DQN 实验版 / self-synthesized DQN experimental run
福建,2024-11,餐饮,0.3239904,0.21442729,0.029979855,-0.16140988,-0.6650282,自动合成参数 DQN 实验版 / self-synthesized DQN experimental run
福建,2024-12,餐饮,0.28015387,0.186216,-0.02613224,-0.21071436,-0.7167397,自动合成参数 DQN 实验版 / self-synthesized DQN experimental run
西藏,2024-12,流通,0.32161036,0.39621896,0.38084134,0.27914503,-0.05855623,自动合成参数 DQN 实验版 / self-synthesized DQN experimental run
西藏,2023-05,餐饮,0.3675475,0.3777753,0.29209566,0.15209621,-0.24444276,自动合成参数 DQN 实验版 / self-synthesized DQN experimental run
西藏,2023-10,餐饮,0.28876632,0.22652325,0.08170438,-0.088846385,-0.53699124,自动合成参数 DQN 实验版 / self-synthesized DQN experimental run
西藏,2023-11,餐饮,0.29156363,0.22014444,0.06517033,-0.110896684,-0.5676593,自动合成参数 DQN 实验版 / self-synthesized DQN experimental run
西藏,2023-12,餐饮,0.36158335,0.28233334,0.12542543,-0.05234175,-0.51466084,自动合成参数 DQN 实验版 / self-synthesized DQN experimental run
西藏,2024-11,餐饮,0.3260819,0.25693572,0.10329552,-0.07151651,-0.5313128,自动合成参数 DQN 实验版 / self-synthesized DQN experimental run
西藏,2024-12,餐饮,0.32138178,0.23186325,0.05643496,-0.11911539,-0.6030418,自动合成参数 DQN 实验版 / self-synthesized DQN experimental run
贵州,2023-01,流通,0.3097561,0.25895855,0.1189118,-0.024738153,-0.47365305,自动合成参数 DQN 实验版 / self-synthesized DQN experimental run
贵州,2023-02,流通,0.26391345,0.17586944,0.0017518103,-0.15740609,-0.6498359,自动合成参数 DQN 实验版 / self-synthesized DQN experimental run
贵州,2023-03,流通,0.23619485,0.14288911,-0.040393353,-0.20421952,-0.6987401,自动合成参数 DQN 实验版 / self-synthesized DQN experimental run
贵州,2023-04,流通,0.27954304,0.17591426,-0.014000177,-0.18730545,-0.6753112,自动合成参数 DQN 实验版 / self-synthesized DQN experimental run
贵州,2023-05,流通,0.26308295,0.17900646,0.0028751493,-0.1879817,-0.6690534,自动合成参数 DQN 实验版 / self-synthesized DQN experimental run
贵州,2023-06,流通,0.24991804,0.14312348,-0.046049178,-0.20126435,-0.7002387,自动合成参数 DQN 实验版 / self-synthesized DQN experimental run
贵州,2023-07,流通,0.27097023,0.1784744,-0.030042768,-0.18571502,-0.6915839,自动合成参数 DQN 实验版 / self-synthesized DQN experimental run
贵州,2023-08,流通,0.22062963,0.13037777,-0.083921015,-0.2439318,-0.7478612,自动合成参数 DQN 实验版 / self-synthesized DQN experimental run
贵州,2023-09,流通,0.23601419,0.15469578,-0.06447697,-0.23119603,-0.73154277,自动合成参数 DQN 实验版 / self-synthesized DQN experimental run
贵州,2023-10,流通,0.29168856,0.21037847,-0.003248021,-0.17737393,-0.6716912,自动合成参数 DQN 实验版 / self-synthesized DQN experimental run
贵州,2023-11,流通,0.2964304,0.21581799,-0.001995489,-0.17689222,-0.6710336,自动合成参数 DQN 实验版 / self-synthesized DQN experimental run
贵州,2023-12,流通,0.32468402,0.35611948,0.30832425,0.18944442,-0.17963418,自动合成参数 DQN 实验版 / self-synthesized DQN experimental run
贵州,2024-01,流通,0.25284326,0.16461053,-0.047779173,-0.21312517,-0.71348655,自动合成参数 DQN 实验版 / self-synthesized DQN experimental run
贵州,2024-02,流通,0.27433708,0.19416282,-0.022924125,-0.19487205,-0.6908914,自动合成参数 DQN 实验版 / self-synthesized DQN experimental run
贵州,2024-03,流通,0.2918579,0.3728031,0.37142318,0.28479683,-0.07052812,自动合成参数 DQN 实验版 / self-synthesized DQN experimental run
贵州,2024-04,流通,0.24134234,0.14892958,-0.049928173,-0.21979323,-0.7179704,自动合成参数 DQN 实验版 / self-synthesized DQN experimental run
贵州,2024-05,流通,0.28831792,0.20183519,0.018913954,-0.16835776,-0.66031975,自动合成参数 DQN 实验版 / self-synthesized DQN experimental run
贵州,2024-06,流通,0.26080766,0.17037977,-0.041903287,-0.1945755,-0.6999444,自动合成参数 DQN 实验版 / self-synthesized DQN experimental run
贵州,2024-07,流通,0.28352365,0.19839212,0.016903296,-0.1725265,-0.6604446,自动合成参数 DQN 实验版 / self-synthesized DQN experimental run
贵州,2024-08,流通,0.2602901,0.1527762,-0.024260938,-0.19724762,-0.6913204,自动合成参数 DQN 实验版 / self-synthesized DQN experimental run
贵州,2024-09,流通,0.2660129,0.1728513,-0.030903056,-0.18170232,-0.68137217,自动合成参数 DQN 实验版 / self-synthesized DQN experimental run
贵州,2024-10,流通,0.26314452,0.17146637,-0.03670603,-0.18848586,-0.68917453,自动合成参数 DQN 实验版 / self-synthesized DQN experimental run
贵州,2024-11,流通,0.26721337,0.3500511,0.35516882,0.27135932,-0.07203975,自动合成参数 DQN 实验版 / self-synthesized DQN experimental run
贵州,2024-12,流通,0.3128845,0.21535918,0.035621315,-0.13622454,-0.62718725,自动合成参数 DQN 实验版 / self-synthesized DQN experimental run
贵州,2023-01,生产,0.33518547,0.32972983,0.24319233,0.10173964,-0.29944953,自动合成参数 DQN 实验版 / self-synthesized DQN experimental run
贵州,2023-02,生产,0.30331594,0.25337654,0.11351994,-0.041313216,-0.4887222,自动合成参数 DQN 实验版 / self-synthesized DQN experimental run
贵州,2023-08,生产,0.22210455,0.14289051,0.014601797,-0.15599677,-0.6115976,自动合成参数 DQN 实验版 / self-synthesized DQN experimental run
贵州,2023-09,生产,0.25192663,0.1695755,0.038075298,-0.13143478,-0.5920789,自动合成参数 DQN 实验版 / self-synthesized DQN experimental run
贵州,2023-10,生产,0.3580038,0.26895264,0.12183967,-0.04415021,-0.5298506,自动合成参数 DQN 实验版 / self-synthesized DQN experimental run
贵州,2023-11,生产,0.2773885,0.18710303,0.035312384,-0.1301588,-0.61266375,自动合成参数 DQN 实验版 / self-synthesized DQN experimental run
贵州,2023-12,生产,0.35677546,0.25668132,0.096977234,-0.0752571,-0.571699,自动合成参数 DQN 实验版 / self-synthesized DQN experimental run
贵州,2024-01,生产,0.27771693,0.17229348,0.012013823,-0.16062641,-0.6485125,自动合成参数 DQN 实验版 / self-synthesized DQN experimental run
贵州,2024-02,生产,0.26437917,0.16019991,-0.0035588145,-0.1749067,-0.663312,自动合成参数 DQN 实验版 / self-synthesized DQN experimental run
贵州,2024-07,生产,0.26933247,0.16550002,0.0010765493,-0.16987708,-0.6582061,自动合成参数 DQN 实验版 / self-synthesized DQN experimental run
贵州,2024-08,生产,0.27506953,0.17125887,0.006488025,-0.1642595,-0.65276814,自动合成参数 DQN 实验版 / self-synthesized DQN experimental run
贵州,2024-10,生产,0.28067845,0.17688894,0.011778057,-0.15876803,-0.6474523,自动合成参数 DQN 实验版 / self-synthesized DQN experimental run
贵州,2024-11,生产,0.27617022,0.17226812,0.005441785,-0.1646435,-0.65500367,自动合成参数 DQN 实验版 / self-synthesized DQN experimental run
贵州,2024-12,生产,0.33102006,0.22082022,0.0546121,-0.12098939,-0.60795856,自动合成参数 DQN 实验版 / self-synthesized DQN experimental run
贵州,2023-02,餐饮,0.3097561,0.25895855,0.1189118,-0.024738153,-0.47365305,自动合成参数 DQN 实验版 / self-synthesized DQN experimental run
贵州,2023-04,餐饮,0.29483527,0.19318393,0.0062817335,-0.16703188,-0.65471405,自动合成参数 DQN 实验版 / self-synthesized DQN experimental run
贵州,2023-05,餐饮,0.2375068,0.14402997,-0.07156408,-0.22568989,-0.7152869,自动合成参数 DQN 实验版 / self-synthesized DQN experimental run
贵州,2023-06,餐饮,0.22460097,0.1300813,-0.081192255,-0.23996264,-0.7296661,自动合成参数 DQN 实验版 / self-synthesized DQN experimental run
贵州,2023-07,餐饮,0.27824128,0.1867126,-0.010686129,-0.19379535,-0.6791327,自动合成参数 DQN 实验版 / self-synthesized DQN experimental run
贵州,2023-08,餐饮,0.19844642,0.10320592,-0.09663409,-0.28011227,-0.7838615,自动合成参数 DQN 实验版 / self-synthesized DQN experimental run
贵州,2023-09,餐饮,0.2289536,0.14068642,-0.07177673,-0.26249003,-0.7490567,自动合成参数 DQN 实验版 / self-synthesized DQN experimental run
贵州,2023-10,餐饮,0.30595443,0.3823085,0.38044417,0.28736103,-0.0428147,自动合成参数 DQN 实验版 / self-synthesized DQN experimental run
贵州,2023-11,餐饮,0.26133037,0.16314712,-0.03770989,-0.19302356,-0.69447964,自动合成参数 DQN 实验版 / self-synthesized DQN experimental run
贵州,2023-12,餐饮,0.2894713,0.36895195,0.3723694,0.28973183,-0.058380127,自动合成参数 DQN 实验版 / self-synthesized DQN experimental run
贵州,2024-01,餐饮,0.26746804,0.16567859,-0.034035802,-0.1946919,-0.6917451,自动合成参数 DQN 实验版 / self-synthesized DQN experimental run
贵州,2024-02,餐饮,0.25368044,0.15654045,-0.06672996,-0.21083021,-0.7060776,自动合成参数 DQN 实验版 / self-synthesized DQN experimental run
贵州,2024-03,餐饮,0.23887634,0.14089286,-0.076248705,-0.22442833,-0.7212385,自动合成参数 DQN 实验版 / self-synthesized DQN experimental run
贵州,2024-04,餐饮,0.23337132,0.1349977,-0.08093017,-0.23054537,-0.7274397,自动合成参数 DQN 实验版 / self-synthesized DQN experimental run
贵州,2024-05,餐饮,0.25333446,0.15747845,-0.06606889,-0.21234637,-0.7058475,自动合成参数 DQN 实验版 / self-synthesized DQN experimental run
贵州,2024-06,餐饮,0.23280573,0.13529894,-0.08398622,-0.23169631,-0.72780216,自动合成参数 DQN 实验版 / self-synthesized DQN experimental run
贵州,2024-07,餐饮,0.23598099,0.13796023,-0.07944381,-0.2292741,-0.724772,自动合成参数 DQN 实验版 / self-synthesized DQN experimental run
贵州,2024-08,餐饮,0.24401449,0.15907031,-0.054650247,-0.22911756,-0.72641206,自动合成参数 DQN 实验版 / self-synthesized DQN experimental run
贵州,2024-09,餐饮,0.30458814,0.21965808,0.007015258,-0.16802488,-0.6469436,自动合成参数 DQN 实验版 / self-synthesized DQN experimental run
贵州,2024-10,餐饮,0.2790763,0.35773754,0.3525098,0.26472044,-0.08611277,自动合成参数 DQN 实验版 / self-synthesized DQN experimental run
贵州,2024-11,餐饮,0.23994029,0.13962129,-0.06953016,-0.22375336,-0.72129256,自动合成参数 DQN 实验版 / self-synthesized DQN experimental run
贵州,2024-12,餐饮,0.25587386,0.33553314,0.33630314,0.24563159,-0.080085635,自动合成参数 DQN 实验版 / self-synthesized DQN experimental run
辽宁,2023-01,流通,0.33682442,0.23748085,0.048537552,-0.1182294,-0.6206877,自动合成参数 DQN 实验版 / self-synthesized DQN experimental run
辽宁,2023-02,流通,0.33702695,0.24237078,0.057059854,-0.117414124,-0.6099801,自动合成参数 DQN 实验版 / self-synthesized DQN experimental run
辽宁,2023-03,流通,0.236588,0.14809948,-0.058616728,-0.23048694,-0.7284032,自动合成参数 DQN 实验版 / self-synthesized DQN experimental run
辽宁,2023-04,流通,0.25623596,0.16111152,-0.03896442,-0.219616,-0.71627265,自动合成参数 DQN 实验版 / self-synthesized DQN experimental run
辽宁,2023-05,流通,0.26850116,0.16975996,-0.031145394,-0.21252786,-0.71302193,自动合成参数 DQN 实验版 / self-synthesized DQN experimental run
辽宁,2023-06,流通,0.24731955,0.14630133,-0.055083185,-0.23663858,-0.75037915,自动合成参数 DQN 实验版 / self-synthesized DQN experimental run
辽宁,2023-07,流通,0.25221604,0.15926932,-0.05674091,-0.235241,-0.7589607,自动合成参数 DQN 实验版 / self-synthesized DQN experimental run
辽宁,2023-08,流通,0.21121967,0.11172944,-0.09540388,-0.2761252,-0.7926781,自动合成参数 DQN 实验版 / self-synthesized DQN experimental run
辽宁,2023-09,流通,0.26645976,0.16673061,-0.03978184,-0.2201469,-0.73514557,自动合成参数 DQN 实验版 / self-synthesized DQN experimental run
辽宁,2023-10,流通,0.29544896,0.19946675,-0.008365959,-0.19287549,-0.7097907,自动合成参数 DQN 实验版 / self-synthesized DQN experimental run
辽宁,2023-11,流通,0.2726019,0.17497969,-0.027606338,-0.21013668,-0.72736174,自动合成参数 DQN 实验版 / self-synthesized DQN experimental run
辽宁,2023-12,流通,0.29993477,0.20718698,-0.00055761635,-0.18122889,-0.6989526,自动合成参数 DQN 实验版 / self-synthesized DQN experimental run
辽宁,2024-01,流通,0.28625295,0.18849197,-0.011170119,-0.1994919,-0.7077442,自动合成参数 DQN 实验版 / self-synthesized DQN experimental run
辽宁,2024-02,流通,0.26666653,0.1571975,-0.02041617,-0.2143772,-0.7186506,自动合成参数 DQN 实验版 / self-synthesized DQN experimental run
辽宁,2024-03,流通,0.28328794,0.2006819,-0.02524075,-0.19818923,-0.70774186,自动合成参数 DQN 实验版 / self-synthesized DQN experimental run
辽宁,2024-04,流通,0.28758192,0.18899967,-0.009935841,-0.19879442,-0.7070539,自动合成参数 DQN 实验版 / self-synthesized DQN experimental run
辽宁,2024-05,流通,0.27085966,0.17107931,-0.023314059,-0.20563383,-0.7108734,自动合成参数 DQN 实验版 / self-synthesized DQN experimental run
辽宁,2024-06,流通,0.2194328,0.13414368,-0.08753255,-0.2646031,-0.79389226,自动合成参数 DQN 实验版 / self-synthesized DQN experimental run
辽宁,2024-07,流通,0.26836777,0.17100137,-0.031161472,-0.21370699,-0.72860694,自动合成参数 DQN 实验版 / self-synthesized DQN experimental run
辽宁,2024-08,流通,0.27395532,0.16981378,-0.022747546,-0.20958719,-0.7192854,自动合成参数 DQN 实验版 / self-synthesized DQN experimental run
辽宁,2024-09,流通,0.29195586,0.19045785,-0.010166109,-0.1948496,-0.7094941,自动合成参数 DQN 实验版 / self-synthesized DQN experimental run
辽宁,2024-10,流通,0.24099469,0.13546243,-0.057008237,-0.24564257,-0.75353026,自动合成参数 DQN 实验版 / self-synthesized DQN experimental run
辽宁,2024-11,流通,0.25934324,0.16884148,-0.051578358,-0.23138273,-0.75708616,自动合成参数 DQN 实验版 / self-synthesized DQN experimental run
辽宁,2024-12,流通,0.25586256,0.15865776,-0.04393454,-0.22683504,-0.7430514,自动合成参数 DQN 实验版 / self-synthesized DQN experimental run
辽宁,2023-01,生产,0.35124832,0.34754845,0.26139495,0.121793516,-0.27947932,自动合成参数 DQN 实验版 / self-synthesized DQN experimental run
辽宁,2023-02,生产,0.32265976,0.2717518,0.13293594,-0.02198903,-0.47141048,自动合成参数 DQN 实验版 / self-synthesized DQN experimental run
辽宁,2023-04,生产,0.24706095,0.16831154,0.040215716,-0.12953793,-0.5847358,自动合成参数 DQN 实验版 / self-synthesized DQN experimental run
辽宁,2023-05,生产,0.2602671,0.17736676,0.048268646,-0.12074066,-0.5787748,自动合成参数 DQN 实验版 / self-synthesized DQN experimental run
辽宁,2023-06,生产,0.25982702,0.17033994,0.025746137,-0.1391159,-0.61179584,自动合成参数 DQN 实验版 / self-synthesized DQN experimental run
辽宁,2023-07,生产,0.28229034,0.17386846,0.01578325,-0.15796937,-0.6467634,自动合成参数 DQN 实验版 / self-synthesized DQN experimental run
辽宁,2023-08,生产,0.22770834,0.120571226,-0.05153951,-0.22451001,-0.72143406,自动合成参数 DQN 实验版 / self-synthesized DQN experimental run
辽宁,2023-09,生产,0.29107702,0.18437842,0.0034139752,-0.1698029,-0.6606486,自动合成参数 DQN 实验版 / self-synthesized DQN experimental run
辽宁,2023-10,生产,0.30892646,0.20383778,0.017309785,-0.15549433,-0.64520276,自动合成参数 DQN 实验版 / self-synthesized DQN experimental run
辽宁,2023-11,生产,0.28338614,0.19129655,0.0055450946,-0.1689538,-0.6628275,自动合成参数 DQN 实验版 / self-synthesized DQN experimental run
辽宁,2023-12,生产,0.3057677,0.21159425,0.0033968985,-0.15437609,-0.66102827,自动合成参数 DQN 实验版 / self-synthesized DQN experimental run
辽宁,2024-02,生产,0.28850776,0.19856003,-0.011818796,-0.17356965,-0.67774,自动合成参数 DQN 实验版 / self-synthesized DQN experimental run
辽宁,2024-06,生产,0.24589387,0.16041112,-0.054685473,-0.2182125,-0.72151643,自动合成参数 DQN 实验版 / self-synthesized DQN experimental run
辽宁,2024-07,生产,0.2649954,0.18425065,-0.033438534,-0.20099345,-0.7021654,自动合成参数 DQN 实验版 / self-synthesized DQN experimental run
辽宁,2024-08,生产,0.2665394,0.18808523,-0.030308068,-0.20068985,-0.70063066,自动合成参数 DQN 实验版 / self-synthesized DQN experimental run
辽宁,2024-09,生产,0.28184003,0.1977908,-0.011189416,-0.18815835,-0.68099797,自动合成参数 DQN 实验版 / self-synthesized DQN experimental run
辽宁,2024-10,生产,0.22889209,0.15697634,-0.06953685,-0.24422172,-0.74114394,自动合成参数 DQN 实验版 / self-synthesized DQN experimental run
辽宁,2024-11,生产,0.23629701,0.16316727,-0.06299567,-0.23795675,-0.7346176,自动合成参数 DQN 实验版 / self-synthesized DQN experimental run
辽宁,2024-12,生产,0.24116132,0.16374508,-0.060584262,-0.23597457,-0.7316314,自动合成参数 DQN 实验版 / self-synthesized DQN experimental run
辽宁,2023-02,餐饮,0.3395701,0.25043952,0.106329605,-0.06301685,-0.5324615,自动合成参数 DQN 实验版 / self-synthesized DQN experimental run
辽宁,2023-03,餐饮,0.2539429,0.15750268,0.013224542,-0.15459517,-0.6264225,自动合成参数 DQN 实验版 / self-synthesized DQN experimental run
辽宁,2023-04,餐饮,0.25242394,0.15503116,0.007231593,-0.15998228,-0.635386,自动合成参数 DQN 实验版 / self-synthesized DQN experimental run
辽宁,2023-05,餐饮,0.28036237,0.17610922,0.025747687,-0.14783491,-0.62728834,自动合成参数 DQN 实验版 / self-synthesized DQN experimental run
辽宁,2023-06,餐饮,0.26768985,0.17212057,-0.013688624,-0.18564896,-0.6804626,自动合成参数 DQN 实验版 / self-synthesized DQN experimental run
辽宁,2023-07,餐饮,0.2790637,0.18510231,-0.014515996,-0.18920562,-0.6848766,自动合成参数 DQN 实验版 / self-synthesized DQN experimental run
辽宁,2023-08,餐饮,0.19404101,0.10150856,-0.10248834,-0.28393462,-0.79250157,自动合成参数 DQN 实验版 / self-synthesized DQN experimental run
辽宁,2023-09,餐饮,0.261832,0.17508812,-0.045364484,-0.22416934,-0.7201003,自动合成参数 DQN 实验版 / self-synthesized DQN experimental run
辽宁,2023-10,餐饮,0.2809896,0.17516871,-0.013159752,-0.20306508,-0.7094834,自动合成参数 DQN 实验版 / self-synthesized DQN experimental run
辽宁,2023-11,餐饮,0.30027822,0.19070357,0.0065733492,-0.18557167,-0.6921716,自动合成参数 DQN 实验版 / self-synthesized DQN experimental run
辽宁,2023-12,餐饮,0.28628385,0.17804545,-0.011021033,-0.20092201,-0.70937216,自动合成参数 DQN 实验版 / self-synthesized DQN experimental run
辽宁,2024-01,餐饮,0.2604217,0.17301187,-0.04235837,-0.23271403,-0.7409929,自动合成参数 DQN 实验版 / self-synthesized DQN experimental run
辽宁,2024-02,餐饮,0.25650194,0.17040409,-0.04620914,-0.23641121,-0.7444791,自动合成参数 DQN 实验版 / self-synthesized DQN experimental run
辽宁,2024-03,餐饮,0.27153227,0.18302509,-0.03117615,-0.22126263,-0.728725,自动合成参数 DQN 实验版 / self-synthesized DQN experimental run
辽宁,2024-04,餐饮,0.26117772,0.17521127,-0.041428596,-0.23138359,-0.738786,自动合成参数 DQN 实验版 / self-synthesized DQN experimental run
辽宁,2024-05,餐饮,0.28503108,0.18886644,-0.018692821,-0.20794152,-0.7148401,自动合成参数 DQN 实验版 / self-synthesized DQN experimental run
辽宁,2024-06,餐饮,0.2757704,0.17810263,-0.027510226,-0.21665451,-0.72413754,自动合成参数 DQN 实验版 / self-synthesized DQN experimental run
辽宁,2024-07,餐饮,0.29109895,0.17818588,-0.0028779209,-0.19734183,-0.7030672,自动合成参数 DQN 实验版 / self-synthesized DQN experimental run
辽宁,2024-08,餐饮,0.2580918,0.15910691,-0.048538208,-0.22862215,-0.74205494,自动合成参数 DQN 实验版 / self-synthesized DQN experimental run
辽宁,2024-09,餐饮,0.22860795,0.1257406,-0.070738345,-0.24762964,-0.76800877,自动合成参数 DQN 实验版 / self-synthesized DQN experimental run
辽宁,2024-10,餐饮,0.2738355,0.15996945,-0.02439335,-0.21780837,-0.7257779,自动合成参数 DQN 实验版 / self-synthesized DQN experimental run
辽宁,2024-11,餐饮,0.26478332,0.15216962,-0.035472482,-0.22720635,-0.73630667,自动合成参数 DQN 实验版 / self-synthesized DQN experimental run
辽宁,2024-12,餐饮,0.23434266,0.12610726,-0.073023126,-0.2537895,-0.76601803,自动合成参数 DQN 实验版 / self-synthesized DQN experimental run
进口,2024-01,流通,0.3231079,0.39663738,0.37980962,0.27733964,-0.06150961,自动合成参数 DQN 实验版 / self-synthesized DQN experimental run
进口,2024-11,流通,0.337302,0.32588547,0.23363698,0.089024365,-0.31713742,自动合成参数 DQN 实验版 / self-synthesized DQN experimental run
进口,2023-11,餐饮,0.3231079,0.39663738,0.37980962,0.27733964,-0.06150961,自动合成参数 DQN 实验版 / self-synthesized DQN experimental run
重庆,2023-01,流通,0.29423296,0.19660869,0.017586201,-0.12741318,-0.63379586,自动合成参数 DQN 实验版 / self-synthesized DQN experimental run
重庆,2023-02,流通,0.34849083,0.25984412,0.09018718,-0.074565135,-0.5621825,自动合成参数 DQN 实验版 / self-synthesized DQN experimental run
重庆,2023-03,流通,0.23748001,0.14248112,-0.04335338,-0.20705551,-0.71043664,自动合成参数 DQN 实验版 / self-synthesized DQN experimental run
重庆,2023-04,流通,0.26242268,0.1717425,-0.025378942,-0.18990386,-0.69440037,自动合成参数 DQN 实验版 / self-synthesized DQN experimental run
重庆,2023-05,流通,0.29209885,0.20779344,0.0090351105,-0.16866797,-0.66676867,自动合成参数 DQN 实验版 / self-synthesized DQN experimental run
重庆,2023-06,流通,0.27482057,0.1822258,-0.0073420405,-0.1961033,-0.69075453,自动合成参数 DQN 实验版 / self-synthesized DQN experimental run
重庆,2023-07,流通,0.24687576,0.15838426,-0.036654323,-0.23459277,-0.7241626,自动合成参数 DQN 实验版 / self-synthesized DQN experimental run
重庆,2023-08,流通,0.23313761,0.1352258,-0.054748505,-0.2483137,-0.744038,自动合成参数 DQN 实验版 / self-synthesized DQN experimental run
重庆,2023-09,流通,0.27108812,0.17753828,-0.016401261,-0.20707479,-0.7119746,自动合成参数 DQN 实验版 / self-synthesized DQN experimental run
重庆,2023-10,流通,0.26138762,0.18425387,-0.029280141,-0.20866582,-0.71690774,自动合成参数 DQN 实验版 / self-synthesized DQN experimental run
重庆,2023-11,流通,0.2556965,0.18101794,-0.030123726,-0.21006976,-0.7167915,自动合成参数 DQN 实验版 / self-synthesized DQN experimental run
重庆,2023-12,流通,0.30426675,0.20434912,0.022722572,-0.16861501,-0.6664877,自动合成参数 DQN 实验版 / self-synthesized DQN experimental run
重庆,2024-01,流通,0.29091024,0.21381822,0.009478942,-0.18445571,-0.68344665,自动合成参数 DQN 实验版 / self-synthesized DQN experimental run
重庆,2024-02,流通,0.2897317,0.2088505,0.008160412,-0.1862724,-0.6857675,自动合成参数 DQN 实验版 / self-synthesized DQN experimental run
重庆,2024-03,流通,0.27410275,0.19846347,-0.010058507,-0.20501365,-0.7044084,自动合成参数 DQN 实验版 / self-synthesized DQN experimental run
重庆,2024-04,流通,0.28444284,0.20345102,0.0008378923,-0.19474989,-0.6945379,自动合成参数 DQN 实验版 / self-synthesized DQN experimental run
重庆,2024-05,流通,0.30388376,0.22084849,0.023500413,-0.17565872,-0.6771758,自动合成参数 DQN 实验版 / self-synthesized DQN experimental run
重庆,2024-06,流通,0.2426661,0.16847393,-0.047699705,-0.22710791,-0.7372774,自动合成参数 DQN 实验版 / self-synthesized DQN experimental run
重庆,2024-07,流通,0.30088165,0.21460006,0.023164019,-0.16687627,-0.66741395,自动合成参数 DQN 实验版 / self-synthesized DQN experimental run
重庆,2024-08,流通,0.3095042,0.2137151,0.04031834,-0.15809199,-0.64903396,自动合成参数 DQN 实验版 / self-synthesized DQN experimental run
重庆,2024-09,流通,0.2839321,0.18105072,0.004346788,-0.1885591,-0.6854607,自动合成参数 DQN 实验版 / self-synthesized DQN experimental run
重庆,2024-10,流通,0.2525061,0.17190841,-0.027954653,-0.22101206,-0.7203425,自动合成参数 DQN 实验版 / self-synthesized DQN experimental run
重庆,2024-11,流通,0.30162573,0.21257797,0.016292885,-0.16931158,-0.6709837,自动合成参数 DQN 实验版 / self-synthesized DQN experimental run
重庆,2024-12,流通,0.24220255,0.16837284,-0.047366306,-0.22772387,-0.7387664,自动合成参数 DQN 实验版 / self-synthesized DQN experimental run
重庆,2023-01,生产,0.33041343,0.22958288,0.10142237,-0.061010785,-0.5469167,自动合成参数 DQN 实验版 / self-synthesized DQN experimental run
重庆,2023-02,生产,0.34295264,0.26578534,0.10275519,-0.04847697,-0.54602087,自动合成参数 DQN 实验版 / self-synthesized DQN experimental run
重庆,2023-03,生产,0.2493628,0.20586866,0.058823824,-0.09468571,-0.5460409,自动合成参数 DQN 实验版 / self-synthesized DQN experimental run
重庆,2023-04,生产,0.30180866,0.2121021,0.07484427,-0.09816585,-0.56433576,自动合成参数 DQN 实验版 / self-synthesized DQN experimental run
重庆,2023-05,生产,0.30222347,0.24317831,0.075999156,-0.09650031,-0.5660923,自动合成参数 DQN 实验版 / self-synthesized DQN experimental run
重庆,2023-06,生产,0.3249008,0.23863268,0.0816371,-0.099985465,-0.5758731,自动合成参数 DQN 实验版 / self-synthesized DQN experimental run
重庆,2023-07,生产,0.31847394,0.23321167,0.06721572,-0.10652291,-0.587844,自动合成参数 DQN 实验版 / self-synthesized DQN experimental run
重庆,2023-08,生产,0.3161034,0.22925465,0.059404537,-0.10960017,-0.5952614,自动合成参数 DQN 实验版 / self-synthesized DQN experimental run
重庆,2023-09,生产,0.32398885,0.22946748,0.057118803,-0.108478166,-0.6024714,自动合成参数 DQN 实验版 / self-synthesized DQN experimental run
重庆,2023-10,生产,0.32450685,0.22391629,0.052922696,-0.112152316,-0.61046815,自动合成参数 DQN 实验版 / self-synthesized DQN experimental run
重庆,2023-11,生产,0.29037473,0.18698242,0.015931219,-0.14949343,-0.6496895,自动合成参数 DQN 实验版 / self-synthesized DQN experimental run
重庆,2023-12,生产,0.35013875,0.26184055,0.09657849,-0.08298273,-0.5649415,自动合成参数 DQN 实验版 / self-synthesized DQN experimental run
重庆,2024-03,生产,0.37291715,0.27921444,0.114660904,-0.056540407,-0.5435418,自动合成参数 DQN 实验版 / self-synthesized DQN experimental run
重庆,2024-04,生产,0.33720812,0.24091867,0.070916295,-0.09762464,-0.5915365,自动合成参数 DQN 实验版 / self-synthesized DQN experimental run
重庆,2024-06,生产,0.26369423,0.16946839,-0.011144832,-0.18102658,-0.68278825,自动合成参数 DQN 实验版 / self-synthesized DQN experimental run
重庆,2024-07,生产,0.3152725,0.21081078,0.042442143,-0.12956503,-0.62861323,自动合成参数 DQN 实验版 / self-synthesized DQN experimental run
重庆,2024-09,生产,0.27787077,0.17748094,-0.0002462864,-0.17191203,-0.6731596,自动合成参数 DQN 实验版 / self-synthesized DQN experimental run
重庆,2024-10,生产,0.25780088,0.16033539,-0.024425983,-0.19632985,-0.6982286,自动合成参数 DQN 实验版 / self-synthesized DQN experimental run
重庆,2024-11,生产,0.32145116,0.22730547,0.03665456,-0.13290927,-0.6324784,自动合成参数 DQN 实验版 / self-synthesized DQN experimental run
重庆,2024-12,生产,0.2696542,0.17997259,-0.014429361,-0.1930681,-0.69390666,自动合成参数 DQN 实验版 / self-synthesized DQN experimental run
重庆,2023-05,餐饮,0.33041343,0.22958288,0.10142237,-0.061010785,-0.5469167,自动合成参数 DQN 实验版 / self-synthesized DQN experimental run
重庆,2023-06,餐饮,0.2866556,0.19500864,-0.009519085,-0.19005185,-0.702679,自动合成参数 DQN 实验版 / self-synthesized DQN experimental run
重庆,2023-07,餐饮,0.29834282,0.20369478,0.011752367,-0.1937966,-0.67989635,自动合成参数 DQN 实验版 / self-synthesized DQN experimental run
重庆,2023-08,餐饮,0.27387586,0.18701491,-0.0069943964,-0.21689796,-0.7006145,自动合成参数 DQN 实验版 / self-synthesized DQN experimental run
重庆,2023-09,餐饮,0.26155347,0.16546781,-0.030528292,-0.23056346,-0.72140306,自动合成参数 DQN 实验版 / self-synthesized DQN experimental run
重庆,2023-10,餐饮,0.29741874,0.2016948,0.0072805583,-0.19650713,-0.6879294,自动合成参数 DQN 实验版 / self-synthesized DQN experimental run
重庆,2023-11,餐饮,0.28237426,0.18130636,-0.0127697885,-0.20240408,-0.7051141,自动合成参数 DQN 实验版 / self-synthesized DQN experimental run
重庆,2023-12,餐饮,0.28766578,0.18768308,-0.017977238,-0.19727188,-0.7092514,自动合成参数 DQN 实验版 / self-synthesized DQN experimental run
重庆,2024-03,餐饮,0.32179996,0.23315623,0.032381505,-0.17298634,-0.6758375,自动合成参数 DQN 实验版 / self-synthesized DQN experimental run
重庆,2024-04,餐饮,0.31801075,0.22540744,0.027462885,-0.17835844,-0.67951536,自动合成参数 DQN 实验版 / self-synthesized DQN experimental run
重庆,2024-06,餐饮,0.22865623,0.1377262,-0.086069405,-0.2619064,-0.78800094,自动合成参数 DQN 实验版 / self-synthesized DQN experimental run
重庆,2024-07,餐饮,0.33825532,0.23156872,0.040421233,-0.15546244,-0.66124564,自动合成参数 DQN 实验版 / self-synthesized DQN experimental run
重庆,2024-08,餐饮,0.30620006,0.21826752,0.014169067,-0.1895579,-0.6990082,自动合成参数 DQN 实验版 / self-synthesized DQN experimental run
重庆,2024-09,餐饮,0.30525208,0.19588116,0.008829698,-0.18513307,-0.691677,自动合成参数 DQN 实验版 / self-synthesized DQN experimental run
重庆,2024-10,餐饮,0.21975881,0.114035234,-0.08238983,-0.267291,-0.7776271,自动合成参数 DQN 实验版 / self-synthesized DQN experimental run
重庆,2024-11,餐饮,0.3556447,0.25066015,0.05676952,-0.1412949,-0.6477508,自动合成参数 DQN 实验版 / self-synthesized DQN experimental run
重庆,2024-12,餐饮,0.31887376,0.21829353,0.007090628,-0.17220746,-0.68588185,自动合成参数 DQN 实验版 / self-synthesized DQN experimental run
陕西,2023-01,流通,0.3404507,0.2325323,0.063933164,-0.09774787,-0.5963153,自动合成参数 DQN 实验版 / self-synthesized DQN experimental run
陕西,2023-03,流通,0.2406919,0.1480827,-0.039888382,-0.20446718,-0.69658285,自动合成参数 DQN 实验版 / self-synthesized DQN experimental run
陕西,2023-04,流通,0.27725664,0.18700266,-0.008797586,-0.16911298,-0.658502,自动合成参数 DQN 实验版 / self-synthesized DQN experimental run
陕西,2023-05,流通,0.2664836,0.17200032,-0.025185227,-0.18730688,-0.6774359,自动合成参数 DQN 实验版 / self-synthesized DQN experimental run
陕西,2023-06,流通,0.35935527,0.2530209,0.10018456,-0.07632322,-0.55956244,自动合成参数 DQN 实验版 / self-synthesized DQN experimental run
陕西,2023-07,流通,0.34615284,0.25109807,0.085950896,-0.09527462,-0.57179344,自动合成参数 DQN 实验版 / self-synthesized DQN experimental run
陕西,2023-08,流通,0.31399637,0.20480922,0.03414467,-0.13167103,-0.6209117,自动合成参数 DQN 实验版 / self-synthesized DQN experimental run
陕西,2023-09,流通,0.2630628,0.1546416,-0.026897043,-0.1865255,-0.6822029,自动合成参数 DQN 实验版 / self-synthesized DQN experimental run
陕西,2023-10,流通,0.36675954,0.27397457,0.09307808,-0.07951294,-0.5631894,自动合成参数 DQN 实验版 / self-synthesized DQN experimental run
陕西,2023-11,流通,0.26879224,0.1750614,-0.029806048,-0.18426666,-0.68495953,自动合成参数 DQN 实验版 / self-synthesized DQN experimental run
陕西,2023-12,流通,0.33716813,0.24171072,0.048459128,-0.12582196,-0.61783975,自动合成参数 DQN 实验版 / self-synthesized DQN experimental run
陕西,2024-01,流通,0.26507613,0.1811811,-0.03823057,-0.202573,-0.7011273,自动合成参数 DQN 实验版 / self-synthesized DQN experimental run
陕西,2024-02,流通,0.2991534,0.21923608,-0.001642555,-0.16923903,-0.6657105,自动合成参数 DQN 实验版 / self-synthesized DQN experimental run
陕西,2024-03,流通,0.30088428,0.22296917,0.0015161633,-0.1678987,-0.66372895,自动合成参数 DQN 实验版 / self-synthesized DQN experimental run
陕西,2024-04,流通,0.30605805,0.23007277,0.007424712,-0.16255918,-0.65729296,自动合成参数 DQN 实验版 / self-synthesized DQN experimental run
陕西,2024-05,流通,0.2908358,0.20547274,0.0035565645,-0.1745565,-0.6665243,自动合成参数 DQN 实验版 / self-synthesized DQN experimental run
陕西,2024-06,流通,0.24239266,0.15641743,-0.061965555,-0.22484045,-0.7246666,自动合成参数 DQN 实验版 / self-synthesized DQN experimental run
陕西,2024-07,流通,0.3156852,0.23674387,0.015792519,-0.15192954,-0.64740485,自动合成参数 DQN 实验版 / self-synthesized DQN experimental run
陕西,2024-08,流通,0.32299381,0.24603543,0.024212837,-0.14569785,-0.64037585,自动合成参数 DQN 实验版 / self-synthesized DQN experimental run
陕西,2024-09,流通,0.2986716,0.22281206,-0.00018620491,-0.17198674,-0.66787344,自动合成参数 DQN 实验版 / self-synthesized DQN experimental run
陕西,2024-10,流通,0.29864687,0.2241722,-0.0016921759,-0.17357728,-0.67011106,自动合成参数 DQN 实验版 / self-synthesized DQN experimental run
陕西,2024-11,流通,0.27053618,0.19979353,-0.0316557,-0.20170009,-0.69981134,自动合成参数 DQN 实验版 / self-synthesized DQN experimental run
陕西,2024-12,流通,0.32302582,0.23802969,0.03310591,-0.14488554,-0.6469265,自动合成参数 DQN 实验版 / self-synthesized DQN experimental run
陕西,2023-02,生产,0.3121622,0.3892404,0.3794305,0.28059366,-0.053141803,自动合成参数 DQN 实验版 / self-synthesized DQN experimental run
陕西,2023-06,生产,0.3415844,0.3661016,0.30191505,0.17326893,-0.20670547,自动合成参数 DQN 实验版 / self-synthesized DQN experimental run
陕西,2023-07,生产,0.33809692,0.33578756,0.25075966,0.11024617,-0.28921402,自动合成参数 DQN 实验版 / self-synthesized DQN experimental run
陕西,2024-05,生产,0.33630255,0.31782266,0.22386016,0.078808606,-0.32953864,自动合成参数 DQN 实验版 / self-synthesized DQN experimental run
陕西,2024-06,生产,0.24088468,0.20095149,0.057941064,-0.08213363,-0.52836466,自动合成参数 DQN 实验版 / self-synthesized DQN experimental run
陕西,2024-09,生产,0.32625785,0.27807862,0.13875645,-0.008828348,-0.4556352,自动合成参数 DQN 实验版 / self-synthesized DQN experimental run
陕西,2024-12,生产,0.37062788,0.2805477,0.15677929,-0.0025166925,-0.4700789,自动合成参数 DQN 实验版 / self-synthesized DQN experimental run
陕西,2023-01,餐饮,0.34287328,0.36537707,0.29904714,0.16922988,-0.21255171,自动合成参数 DQN 实验版 / self-synthesized DQN experimental run
陕西,2023-03,餐饮,0.2851158,0.18568161,-0.0012811124,-0.17107469,-0.6601633,自动合成参数 DQN 实验版 / self-synthesized DQN experimental run
陕西,2023-05,餐饮,0.26300463,0.16924015,-0.040218294,-0.19613099,-0.68486595,自动合成参数 DQN 实验版 / self-synthesized DQN experimental run
陕西,2023-07,餐饮,0.2796934,0.18466711,-0.011523455,-0.19854923,-0.68341225,自动合成参数 DQN 实验版 / self-synthesized DQN experimental run
陕西,2023-08,餐饮,0.28886005,0.21172138,-0.0061831474,-0.18764839,-0.6655474,自动合成参数 DQN 实验版 / self-synthesized DQN experimental run
陕西,2023-09,餐饮,0.24340951,0.15769693,-0.049117684,-0.23604321,-0.71894366,自动合成参数 DQN 实验版 / self-synthesized DQN experimental run
陕西,2023-10,餐饮,0.35829335,0.25555286,0.062728524,-0.117384024,-0.6208383,自动合成参数 DQN 实验版 / self-synthesized DQN experimental run
陕西,2023-11,餐饮,0.25792933,0.17492518,-0.04763353,-0.22658858,-0.7214613,自动合成参数 DQN 实验版 / self-synthesized DQN experimental run
陕西,2023-12,餐饮,0.32741827,0.25332028,0.030052915,-0.14598607,-0.6485734,自动合成参数 DQN 实验版 / self-synthesized DQN experimental run
陕西,2024-01,餐饮,0.28853968,0.21253139,-0.016139686,-0.18764323,-0.68482786,自动合成参数 DQN 实验版 / self-synthesized DQN experimental run
陕西,2024-02,餐饮,0.2968644,0.22880349,-0.008555412,-0.1809463,-0.6744013,自动合成参数 DQN 实验版 / self-synthesized DQN experimental run
陕西,2024-05,餐饮,0.28773126,0.22131027,-0.017143339,-0.18888377,-0.6810618,自动合成参数 DQN 实验版 / self-synthesized DQN experimental run
陕西,2024-07,餐饮,0.29331297,0.21691944,-0.012947649,-0.18647118,-0.6825461,自动合成参数 DQN 实验版 / self-synthesized DQN experimental run
陕西,2024-08,餐饮,0.37361625,0.4394697,0.43095607,0.33498576,-0.01988101,自动合成参数 DQN 实验版 / self-synthesized DQN experimental run
陕西,2024-09,餐饮,0.34911585,0.26694995,0.05691147,-0.12228862,-0.61454254,自动合成参数 DQN 实验版 / self-synthesized DQN experimental run
陕西,2024-10,餐饮,0.31382713,0.22950464,0.018742144,-0.16051202,-0.6516229,自动合成参数 DQN 实验版 / self-synthesized DQN experimental run
陕西,2024-11,餐饮,0.2759588,0.19851764,-0.021935895,-0.19972298,-0.69220674,自动合成参数 DQN 实验版 / self-synthesized DQN experimental run
陕西,2024-12,餐饮,0.34143454,0.40531293,0.39491397,0.29834497,-0.04090792,自动合成参数 DQN 实验版 / self-synthesized DQN experimental run
青海,2023-06,流通,0.32042402,0.39534104,0.38066113,0.27932307,-0.057881534,自动合成参数 DQN 实验版 / self-synthesized DQN experimental run
青海,2023-08,流通,0.33800146,0.32771865,0.23614469,0.09193374,-0.3135273,自动合成参数 DQN 实验版 / self-synthesized DQN experimental run
青海,2023-09,流通,0.2970433,0.26798272,0.17326728,0.021323705,-0.38696647,自动合成参数 DQN 实验版 / self-synthesized DQN experimental run
青海,2023-10,流通,0.39343446,0.33709067,0.21433228,0.052955844,-0.38594198,自动合成参数 DQN 实验版 / self-synthesized DQN experimental run
青海,2023-11,流通,0.34437653,0.2953358,0.16668999,0.0009904406,-0.43583238,自动合成参数 DQN 实验版 / self-synthesized DQN experimental run
青海,2024-06,流通,0.2713495,0.21464363,0.088720396,-0.08273752,-0.5136534,自动合成参数 DQN 实验版 / self-synthesized DQN experimental run
青海,2024-07,流通,0.3542898,0.29307216,0.161466,-0.0071343463,-0.44920057,自动合成参数 DQN 实验版 / self-synthesized DQN experimental run
青海,2024-08,流通,0.36891854,0.3073833,0.17407419,0.0058041904,-0.43854332,自动合成参数 DQN 实验版 / self-synthesized DQN experimental run
青海,2024-09,流通,0.4391057,0.36565822,0.21171086,0.0400512,-0.42747685,自动合成参数 DQN 实验版 / self-synthesized DQN experimental run
青海,2024-12,流通,0.3380007,0.28347093,0.15049651,-0.018447774,-0.4585415,自动合成参数 DQN 实验版 / self-synthesized DQN experimental run
青海,2023-10,生产,0.32042402,0.39534104,0.38066113,0.27932307,-0.057881534,自动合成参数 DQN 实验版 / self-synthesized DQN experimental run
青海,2024-11,生产,0.36935726,0.38168308,0.29705924,0.15770991,-0.23764686,自动合成参数 DQN 实验版 / self-synthesized DQN experimental run
青海,2023-08,餐饮,0.31501842,0.25908875,0.12071204,-0.044278532,-0.4908395,自动合成参数 DQN 实验版 / self-synthesized DQN experimental run
青海,2023-09,餐饮,0.30644077,0.2467332,0.10442625,-0.063777015,-0.5120364,自动合成参数 DQN 实验版 / self-synthesized DQN experimental run
青海,2023-10,餐饮,0.35288996,0.25663024,0.07125249,-0.08795654,-0.58259994,自动合成参数 DQN 实验版 / self-synthesized DQN experimental run
青海,2023-11,餐饮,0.34312773,0.23949835,0.06265417,-0.0979356,-0.58660865,自动合成参数 DQN 实验版 / self-synthesized DQN experimental run
青海,2023-12,餐饮,0.34804875,0.24301958,0.06611866,-0.09463737,-0.5837507,自动合成参数 DQN 实验版 / self-synthesized DQN experimental run
青海,2024-07,餐饮,0.3713874,0.25656414,0.0911123,-0.079971485,-0.5680788,自动合成参数 DQN 实验版 / self-synthesized DQN experimental run
青海,2024-08,餐饮,0.35764378,0.23911315,0.1128293,-0.09452427,-0.55694664,自动合成参数 DQN 实验版 / self-synthesized DQN experimental run
青海,2024-09,餐饮,0.47758806,0.35300824,0.24555197,0.02615553,-0.42959225,自动合成参数 DQN 实验版 / self-synthesized DQN experimental run
青海,2024-10,餐饮,0.23200293,0.112222314,-0.024656847,-0.22955817,-0.6947692,自动合成参数 DQN 实验版 / self-synthesized DQN experimental run
青海,2024-11,餐饮,0.32010552,0.19395094,0.07510996,-0.14040169,-0.59869707,自动合成参数 DQN 实验版 / self-synthesized DQN experimental run
青海,2024-12,餐饮,0.29855135,0.17279403,0.04900904,-0.16442364,-0.6250718,自动合成参数 DQN 实验版 / self-synthesized DQN experimental run
香港,2023-10,流通,0.3231079,0.39663738,0.37980962,0.27733964,-0.06150961,自动合成参数 DQN 实验版 / self-synthesized DQN experimental run
黑龙江,2023-01,流通,0.307327,0.38384473,0.37537816,0.27715474,-0.055929065,自动合成参数 DQN 实验版 / self-synthesized DQN experimental run
黑龙江,2023-02,流通,0.3001542,0.20343813,0.021591723,-0.12692696,-0.63133186,自动合成参数 DQN 实验版 / self-synthesized DQN experimental run
黑龙江,2023-04,流通,0.31343812,0.22675052,0.04120627,-0.11422745,-0.6146871,自动合成参数 DQN 实验版 / self-synthesized DQN experimental run
黑龙江,2023-05,流通,0.28806555,0.19716793,0.006545365,-0.15431216,-0.6546023,自动合成参数 DQN 实验版 / self-synthesized DQN experimental run
黑龙江,2023-06,流通,0.31697553,0.22314644,0.025738731,-0.15926906,-0.6606926,自动合成参数 DQN 实验版 / self-synthesized DQN experimental run
黑龙江,2023-07,流通,0.30748582,0.2261746,0.03715758,-0.15886733,-0.65459013,自动合成参数 DQN 实验版 / self-synthesized DQN experimental run
黑龙江,2023-08,流通,0.28175035,0.20452443,0.012098134,-0.19225177,-0.67737615,自动合成参数 DQN 实验版 / self-synthesized DQN experimental run
黑龙江,2023-09,流通,0.30825585,0.230097,0.03421876,-0.15747464,-0.6541507,自动合成参数 DQN 实验版 / self-synthesized DQN experimental run
黑龙江,2023-11,流通,0.29179096,0.21492222,0.020819068,-0.17671457,-0.66854,自动合成参数 DQN 实验版 / self-synthesized DQN experimental run
黑龙江,2023-12,流通,0.3561877,0.2763554,0.091820024,-0.09952723,-0.5940472,自动合成参数 DQN 实验版 / self-synthesized DQN experimental run
黑龙江,2024-01,流通,0.39261013,0.2924663,0.13458735,-0.05943788,-0.5489444,自动合成参数 DQN 实验版 / self-synthesized DQN experimental run
黑龙江,2024-02,流通,0.3778187,0.27808645,0.1176869,-0.074685045,-0.5653039,自动合成参数 DQN 实验版 / self-synthesized DQN experimental run
黑龙江,2024-03,流通,0.36331013,0.26544407,0.09952104,-0.09098134,-0.5830536,自动合成参数 DQN 实验版 / self-synthesized DQN experimental run
黑龙江,2024-04,流通,0.34887773,0.25268552,0.08347818,-0.10759587,-0.6003586,自动合成参数 DQN 实验版 / self-synthesized DQN experimental run
黑龙江,2024-05,流通,0.33559275,0.24049303,0.06888789,-0.12243094,-0.6158501,自动合成参数 DQN 实验版 / self-synthesized DQN experimental run
黑龙江,2024-06,流通,0.25818628,0.17574309,-0.029509515,-0.21012256,-0.71488583,自动合成参数 DQN 实验版 / self-synthesized DQN experimental run
黑龙江,2024-07,流通,0.3042435,0.22724238,0.032170087,-0.17109261,-0.66434145,自动合成参数 DQN 实验版 / self-synthesized DQN experimental run
黑龙江,2024-08,流通,0.34087968,0.40942016,0.38926327,0.28719622,-0.06662208,自动合成参数 DQN 实验版 / self-synthesized DQN experimental run
黑龙江,2024-09,流通,0.25420225,0.1723074,-0.026543587,-0.20898224,-0.7095976,自动合成参数 DQN 实验版 / self-synthesized DQN experimental run
黑龙江,2024-10,流通,0.22721702,0.15044412,-0.047268957,-0.23952658,-0.73349494,自动合成参数 DQN 实验版 / self-synthesized DQN experimental run
黑龙江,2024-11,流通,0.26840207,0.18135281,-0.0059164315,-0.1966558,-0.6889311,自动合成参数 DQN 实验版 / self-synthesized DQN experimental run
黑龙江,2024-12,流通,0.2742407,0.19373721,4.915893e-05,-0.19924074,-0.689772,自动合成参数 DQN 实验版 / self-synthesized DQN experimental run
黑龙江,2023-04,生产,0.30652803,0.26868063,0.15240176,-0.0015098657,-0.42807624,自动合成参数 DQN 实验版 / self-synthesized DQN experimental run
黑龙江,2023-08,生产,0.37433648,0.28575662,0.14658645,-0.014677798,-0.50537324,自动合成参数 DQN 实验版 / self-synthesized DQN experimental run
黑龙江,2023-09,生产,0.31622472,0.24475086,0.06026724,-0.08796594,-0.5939325,自动合成参数 DQN 实验版 / self-synthesized DQN experimental run
黑龙江,2023-11,生产,0.32711494,0.25960746,0.07235479,-0.07579816,-0.5779248,自动合成参数 DQN 实验版 / self-synthesized DQN experimental run
黑龙江,2024-06,生产,0.25222465,0.18247774,-0.0017839372,-0.15095219,-0.64306533,自动合成参数 DQN 实验版 / self-synthesized DQN experimental run
黑龙江,2024-08,生产,0.3302357,0.24764585,0.069076,-0.08568067,-0.5822406,自动合成参数 DQN 实验版 / self-synthesized DQN experimental run
黑龙江,2024-09,生产,0.33331043,0.24282017,0.057234406,-0.10120351,-0.6019788,自动合成参数 DQN 实验版 / self-synthesized DQN experimental run
黑龙江,2024-10,生产,0.25603664,0.16732118,-0.024183303,-0.18408939,-0.6844056,自动合成参数 DQN 实验版 / self-synthesized DQN experimental run
黑龙江,2024-11,生产,0.26734304,0.17429015,-0.019060344,-0.18349448,-0.6840788,自动合成参数 DQN 实验版 / self-synthesized DQN experimental run
黑龙江,2024-12,生产,0.22598964,0.13456511,-0.06154135,-0.22752908,-0.7270708,自动合成参数 DQN 实验版 / self-synthesized DQN experimental run
黑龙江,2023-01,餐饮,0.33490384,0.24169114,0.026819944,-0.1557363,-0.67346275,自动合成参数 DQN 实验版 / self-synthesized DQN experimental run
黑龙江,2023-02,餐饮,0.2883217,0.19441792,0.00061799586,-0.20670035,-0.7030987,自动合成参数 DQN 实验版 / self-synthesized DQN experimental run
黑龙江,2023-03,餐饮,0.28827637,0.194383,0.00061410666,-0.20672381,-0.7030539,自动合成参数 DQN 实验版 / self-synthesized DQN experimental run
黑龙江,2023-04,餐饮,0.31771275,0.21733561,0.013691679,-0.16665204,-0.6740349,自动合成参数 DQN 实验版 / self-synthesized DQN experimental run
黑龙江,2023-05,餐饮,0.28305882,0.19212715,-0.005728543,-0.21248151,-0.7155013,自动合成参数 DQN 实验版 / self-synthesized DQN experimental run
黑龙江,2023-06,餐饮,0.31942135,0.21820681,0.023639604,-0.17562646,-0.679116,自动合成参数 DQN 实验版 / self-synthesized DQN experimental run
黑龙江,2023-07,餐饮,0.29943112,0.20331432,0.0073542297,-0.19669648,-0.7001631,自动合成参数 DQN 实验版 / self-synthesized DQN experimental run
黑龙江,2023-08,餐饮,0.36929634,0.26847377,0.060838714,-0.11997903,-0.62783986,自动合成参数 DQN 实验版 / self-synthesized DQN experimental run
黑龙江,2023-09,餐饮,0.326666,0.23386715,0.036143795,-0.16854593,-0.6771184,自动合成参数 DQN 实验版 / self-synthesized DQN experimental run
黑龙江,2023-10,餐饮,0.3610248,0.25685328,0.06479074,-0.13417885,-0.6396434,自动合成参数 DQN 实验版 / self-synthesized DQN experimental run
黑龙江,2023-11,餐饮,0.38883787,0.28743747,0.07823542,-0.10275794,-0.61092305,自动合成参数 DQN 实验版 / self-synthesized DQN experimental run
黑龙江,2023-12,餐饮,0.36767763,0.26072866,0.07137571,-0.1268789,-0.6325785,自动合成参数 DQN 实验版 / self-synthesized DQN experimental run
黑龙江,2024-02,餐饮,0.37501886,0.27470112,0.081337586,-0.12246943,-0.6299114,自动合成参数 DQN 实验版 / self-synthesized DQN experimental run
黑龙江,2024-04,餐饮,0.3579862,0.26044452,0.06595978,-0.13880745,-0.6469235,自动合成参数 DQN 实验版 / self-synthesized DQN experimental run
黑龙江,2024-05,餐饮,0.33688638,0.24276282,0.046317354,-0.15907042,-0.66837114,自动合成参数 DQN 实验版 / self-synthesized DQN experimental run
黑龙江,2024-06,餐饮,0.2760384,0.16814741,-0.021603778,-0.21219505,-0.7200856,自动合成参数 DQN 实验版 / self-synthesized DQN experimental run
黑龙江,2024-07,餐饮,0.35113317,0.25470144,0.059567288,-0.14541417,-0.6539543,自动合成参数 DQN 实验版 / self-synthesized DQN experimental run
黑龙江,2024-08,餐饮,0.32157218,0.22982207,0.031668574,-0.17389113,-0.68402594,自动合成参数 DQN 实验版 / self-synthesized DQN experimental run
黑龙江,2024-09,餐饮,0.34995884,0.2310716,0.036155432,-0.15675768,-0.67304957,自动合成参数 DQN 实验版 / self-synthesized DQN experimental run
黑龙江,2024-10,餐饮,0.38550568,0.27918765,0.08922969,-0.112991326,-0.62106115,自动合成参数 DQN 实验版 / self-synthesized DQN experimental run
黑龙江,2024-12,餐饮,0.16488706,0.05907789,-0.14134616,-0.3243833,-0.8377038,自动合成参数 DQN 实验版 / self-synthesized DQN experimental run
