policy,状态ID,省份,年月,供应链环节,desired_action,applied_action,risk_score,uncertainty_score,rescaled_reward,experimental_label
Q-learning,上海|流通|2023-01,上海,2023-01,流通,3,3,0.54,1.0,0.9660816192626953,DQN修正版 experimental run / revised DQN experimental run; not formal policy conclusion
Q-learning,不详|流通|2023-01,不详,2023-01,流通,5,5,0.358076354789762,0.0006639639466778775,0.7470471262931824,DQN修正版 experimental run / revised DQN experimental run; not formal policy conclusion
Q-learning,不详|餐饮|2023-01,不详,2023-01,餐饮,0,0,0.01335623492969882,0.0029673315133508034,-0.004204052034765482,DQN修正版 experimental run / revised DQN experimental run; not formal policy conclusion
Q-learning,云南|流通|2023-01,云南,2023-01,流通,3,3,0.3622757598362948,0.591260444195483,0.8526921272277832,DQN修正版 experimental run / revised DQN experimental run; not formal policy conclusion
Q-learning,云南|餐饮|2023-01,云南,2023-01,餐饮,10,10,0.3208099612242066,0.4804793972381209,0.9408970475196838,DQN修正版 experimental run / revised DQN experimental run; not formal policy conclusion
Q-learning,内蒙古|餐饮|2023-01,内蒙古,2023-01,餐饮,10,10,0.3208099612242066,0.4804793972381209,0.9408970475196838,DQN修正版 experimental run / revised DQN experimental run; not formal policy conclusion
Q-learning,北京|流通|2023-01,北京,2023-01,流通,3,3,0.54,1.0,0.9660816192626953,DQN修正版 experimental run / revised DQN experimental run; not formal policy conclusion
Q-learning,吉林|流通|2023-01,吉林,2023-01,流通,3,3,0.415588929480408,0.7447291723394609,0.9087384343147278,DQN修正版 experimental run / revised DQN experimental run; not formal policy conclusion
Q-learning,吉林|餐饮|2023-01,吉林,2023-01,餐饮,3,3,0.54,1.0,0.9660816192626953,DQN修正版 experimental run / revised DQN experimental run; not formal policy conclusion
Q-learning,四川|流通|2023-01,四川,2023-01,流通,3,3,0.13125202471180325,0.10012916199417415,0.29638320207595825,DQN修正版 experimental run / revised DQN experimental run; not formal policy conclusion
Q-learning,四川|生产|2023-01,四川,2023-01,生产,5,5,0.54,1.0,0.9887419939041138,DQN修正版 experimental run / revised DQN experimental run; not formal policy conclusion
Q-learning,四川|餐饮|2023-01,四川,2023-01,餐饮,3,3,0.54,1.0,0.9660816192626953,DQN修正版 experimental run / revised DQN experimental run; not formal policy conclusion
Q-learning,天津|流通|2023-01,天津,2023-01,流通,3,3,0.15494676677585353,0.13420215500921534,0.37203335762023926,DQN修正版 experimental run / revised DQN experimental run; not formal policy conclusion
Q-learning,天津|生产|2023-01,天津,2023-01,生产,3,3,0.54,1.0,0.9660816192626953,DQN修正版 experimental run / revised DQN experimental run; not formal policy conclusion
Q-learning,天津|餐饮|2023-01,天津,2023-01,餐饮,3,3,0.54,1.0,0.9660816192626953,DQN修正版 experimental run / revised DQN experimental run; not formal policy conclusion
Q-learning,宁夏|餐饮|2023-01,宁夏,2023-01,餐饮,3,3,0.54,1.0,0.9660816192626953,DQN修正版 experimental run / revised DQN experimental run; not formal policy conclusion
Q-learning,安徽|流通|2023-01,安徽,2023-01,流通,1,1,0.05672348545287659,0.007505858313789851,0.04084385186433792,DQN修正版 experimental run / revised DQN experimental run; not formal policy conclusion
Q-learning,安徽|生产|2023-01,安徽,2023-01,生产,5,5,0.54,1.0,0.9887419939041138,DQN修正版 experimental run / revised DQN experimental run; not formal policy conclusion
Q-learning,安徽|餐饮|2023-01,安徽,2023-01,餐饮,10,10,0.2187403031021432,0.2466419817885368,0.7486451268196106,DQN修正版 experimental run / revised DQN experimental run; not formal policy conclusion
Q-learning,山东|流通|2023-01,山东,2023-01,流通,0,0,0.031612792327678454,0.0015506813482758098,-0.009950275532901287,DQN修正版 experimental run / revised DQN experimental run; not formal policy conclusion
Q-learning,山东|生产|2023-01,山东,2023-01,生产,5,5,0.2187403031021432,0.2466419817885368,0.6571694016456604,DQN修正版 experimental run / revised DQN experimental run; not formal policy conclusion
Q-learning,山东|餐饮|2023-01,山东,2023-01,餐饮,5,5,0.05851467698029951,0.024927432647313577,0.05227091908454895,DQN修正版 experimental run / revised DQN experimental run; not formal policy conclusion
Q-learning,山西|流通|2023-01,山西,2023-01,流通,5,5,0.17567966608189783,0.1675477907655853,0.5150994062423706,DQN修正版 experimental run / revised DQN experimental run; not formal policy conclusion
Q-learning,山西|生产|2023-01,山西,2023-01,生产,3,3,0.56,1.0,0.9691704511642456,DQN修正版 experimental run / revised DQN experimental run; not formal policy conclusion
Q-learning,山西|餐饮|2023-01,山西,2023-01,餐饮,3,3,0.025942059982690148,0.007039245063364228,-0.025748880580067635,DQN修正版 experimental run / revised DQN experimental run; not formal policy conclusion
Q-learning,广东|流通|2023-01,广东,2023-01,流通,10,10,0.10688565386569213,0.002144028239731714,0.1361558884382248,DQN修正版 experimental run / revised DQN experimental run; not formal policy conclusion
Q-learning,广东|生产|2023-01,广东,2023-01,生产,3,3,0.03298853556382933,0.01002244018795056,-0.0062286825850605965,DQN修正版 experimental run / revised DQN experimental run; not formal policy conclusion
Q-learning,广东|餐饮|2023-01,广东,2023-01,餐饮,10,10,0.20792842711167833,0.1224703773314362,0.6290979981422424,DQN修正版 experimental run / revised DQN experimental run; not formal policy conclusion
Q-learning,广西|流通|2023-01,广西,2023-01,流通,5,5,0.10391193771482188,0.06646425995808813,0.2339279055595398,DQN修正版 experimental run / revised DQN experimental run; not formal policy conclusion
Q-learning,广西|生产|2023-01,广西,2023-01,生产,5,5,0.415588929480408,0.7447291723394609,0.9586232304573059,DQN修正版 experimental run / revised DQN experimental run; not formal policy conclusion
Q-learning,广西|餐饮|2023-01,广西,2023-01,餐饮,3,3,0.415588929480408,0.7447291723394609,0.9087384343147278,DQN修正版 experimental run / revised DQN experimental run; not formal policy conclusion
Q-learning,新疆|流通|2023-01,新疆,2023-01,流通,3,3,0.54,1.0,0.9660816192626953,DQN修正版 experimental run / revised DQN experimental run; not formal policy conclusion
Q-learning,江苏|流通|2023-01,江苏,2023-01,流通,1,1,0.04920139390676474,0.005289386080838853,0.03068956546485424,DQN修正版 experimental run / revised DQN experimental run; not formal policy conclusion
Q-learning,江苏|生产|2023-01,江苏,2023-01,生产,5,5,0.3622757598362948,0.591260444195483,0.9216907620429993,DQN修正版 experimental run / revised DQN experimental run; not formal policy conclusion
Q-learning,江苏|餐饮|2023-01,江苏,2023-01,餐饮,5,5,0.047623523309272456,0.01779411812184164,0.010666261427104473,DQN修正版 experimental run / revised DQN experimental run; not formal policy conclusion
Q-learning,江西|流通|2023-01,江西,2023-01,流通,3,3,0.05851467698029951,0.024927432647313577,0.06773689389228821,DQN修正版 experimental run / revised DQN experimental run; not formal policy conclusion
Q-learning,江西|生产|2023-01,江西,2023-01,生产,5,5,0.54,1.0,0.9887419939041138,DQN修正版 experimental run / revised DQN experimental run; not formal policy conclusion
Q-learning,江西|餐饮|2023-01,江西,2023-01,餐饮,3,3,0.4866731556725592,0.9654482420296796,0.9538114070892334,DQN修正版 experimental run / revised DQN experimental run; not formal policy conclusion
Q-learning,河北|流通|2023-01,河北,2023-01,流通,0,0,0.016727438068892826,0.003898295833541738,-0.0052651651203632355,DQN修正版 experimental run / revised DQN experimental run; not formal policy conclusion
Q-learning,河南|流通|2023-01,河南,2023-01,流通,10,10,0.46015927237872617,0.008155919275930314,0.9258598685264587,DQN修正版 experimental run / revised DQN experimental run; not formal policy conclusion
Q-learning,河南|餐饮|2023-01,河南,2023-01,餐饮,5,5,0.6623362509039543,0.04526733177187794,0.9616411328315735,DQN修正版 experimental run / revised DQN experimental run; not formal policy conclusion
Q-learning,浙江|流通|2023-01,浙江,2023-01,流通,1,1,0.021186126091698156,0.005309660232948346,-0.003278448712080717,DQN修正版 experimental run / revised DQN experimental run; not formal policy conclusion
Q-learning,浙江|生产|2023-01,浙江,2023-01,生产,10,10,0.14621712496278244,0.12113665944806615,0.4453985393047333,DQN修正版 experimental run / revised DQN experimental run; not formal policy conclusion
Q-learning,浙江|餐饮|2023-01,浙江,2023-01,餐饮,10,10,0.2187403031021432,0.2466419817885368,0.7486451268196106,DQN修正版 experimental run / revised DQN experimental run; not formal policy conclusion
Q-learning,湖北|流通|2023-01,湖北,2023-01,流通,3,3,0.15494676677585353,0.13420215500921534,0.37203335762023926,DQN修正版 experimental run / revised DQN experimental run; not formal policy conclusion
Q-learning,湖北|生产|2023-01,湖北,2023-01,生产,5,5,0.54,1.0,0.9887419939041138,DQN修正版 experimental run / revised DQN experimental run; not formal policy conclusion
Q-learning,湖北|餐饮|2023-01,湖北,2023-01,餐饮,3,3,0.54,1.0,0.9660816192626953,DQN修正版 experimental run / revised DQN experimental run; not formal policy conclusion
Q-learning,湖南|流通|2023-01,湖南,2023-01,流通,3,3,0.15494676677585353,0.13420215500921534,0.37203335762023926,DQN修正版 experimental run / revised DQN experimental run; not formal policy conclusion
Q-learning,湖南|餐饮|2023-01,湖南,2023-01,餐饮,3,3,0.54,1.0,0.9660816192626953,DQN修正版 experimental run / revised DQN experimental run; not formal policy conclusion
Q-learning,甘肃|流通|2023-01,甘肃,2023-01,流通,3,3,0.54,1.0,0.9660816192626953,DQN修正版 experimental run / revised DQN experimental run; not formal policy conclusion
Q-learning,福建|流通|2023-01,福建,2023-01,流通,1,1,0.04649775502116138,0.01712184084298388,0.03296899050474167,DQN修正版 experimental run / revised DQN experimental run; not formal policy conclusion
Q-learning,福建|生产|2023-01,福建,2023-01,生产,5,5,0.4866731556725592,0.9654482420296796,0.9831331372261047,DQN修正版 experimental run / revised DQN experimental run; not formal policy conclusion
Q-learning,福建|餐饮|2023-01,福建,2023-01,餐饮,3,3,0.54,1.0,0.9660816192626953,DQN修正版 experimental run / revised DQN experimental run; not formal policy conclusion
Q-learning,贵州|流通|2023-01,贵州,2023-01,流通,5,5,0.3208099612242066,0.4804793972381209,0.8749182224273682,DQN修正版 experimental run / revised DQN experimental run; not formal policy conclusion
Q-learning,贵州|生产|2023-01,贵州,2023-01,生产,5,5,0.54,1.0,0.9887419939041138,DQN修正版 experimental run / revised DQN experimental run; not formal policy conclusion
Q-learning,辽宁|流通|2023-01,辽宁,2023-01,流通,3,3,0.06372200982925966,0.02873636152219323,0.08338241279125214,DQN修正版 experimental run / revised DQN experimental run; not formal policy conclusion
Q-learning,辽宁|生产|2023-01,辽宁,2023-01,生产,5,5,0.54,1.0,0.9887419939041138,DQN修正版 experimental run / revised DQN experimental run; not formal policy conclusion
Q-learning,重庆|流通|2023-01,重庆,2023-01,流通,3,3,0.15494676677585353,0.13420215500921534,0.37203335762023926,DQN修正版 experimental run / revised DQN experimental run; not formal policy conclusion
Q-learning,重庆|生产|2023-01,重庆,2023-01,生产,5,5,0.2604960723338964,0.33498519689181727,0.7664281725883484,DQN修正版 experimental run / revised DQN experimental run; not formal policy conclusion
Q-learning,陕西|流通|2023-01,陕西,2023-01,流通,5,5,0.12478982233069849,0.09161327622055174,0.31874194741249084,DQN修正版 experimental run / revised DQN experimental run; not formal policy conclusion
Q-learning,陕西|餐饮|2023-01,陕西,2023-01,餐饮,3,3,0.54,1.0,0.9660816192626953,DQN修正版 experimental run / revised DQN experimental run; not formal policy conclusion
Q-learning,黑龙江|流通|2023-01,黑龙江,2023-01,流通,3,3,0.54,1.0,0.9660816192626953,DQN修正版 experimental run / revised DQN experimental run; not formal policy conclusion
Q-learning,黑龙江|餐饮|2023-01,黑龙江,2023-01,餐饮,0,0,0.008725266406910914,0.0018812752845262105,-0.002746402518823743,DQN修正版 experimental run / revised DQN experimental run; not formal policy conclusion
Q-learning,上海|流通|2023-02,上海,2023-02,流通,5,5,0.3226631812739088,0.4852544612300188,0.8774341940879822,DQN修正版 experimental run / revised DQN experimental run; not formal policy conclusion
Q-learning,不详|流通|2023-02,不详,2023-02,流通,10,10,0.3944298630477565,0.0011140377156480493,0.8722141981124878,DQN修正版 experimental run / revised DQN experimental run; not formal policy conclusion
Q-learning,不详|餐饮|2023-02,不详,2023-02,餐饮,0,0,0.010416459073269645,0.002251917452299819,-0.003278726013377309,DQN修正版 experimental run / revised DQN experimental run; not formal policy conclusion
Q-learning,云南|流通|2023-02,云南,2023-02,流通,5,5,0.2442577176326589,0.29934366298316406,0.7274212837219238,DQN修正版 experimental run / revised DQN experimental run; not formal policy conclusion
Q-learning,云南|餐饮|2023-02,云南,2023-02,餐饮,10,10,0.19287452796370227,0.19758647382146022,0.6574985980987549,DQN修正版 experimental run / revised DQN experimental run; not formal policy conclusion
Q-learning,内蒙古|流通|2023-02,内蒙古,2023-02,流通,3,3,0.54,1.0,0.9660816192626953,DQN修正版 experimental run / revised DQN experimental run; not formal policy conclusion
Q-learning,北京|餐饮|2023-02,北京,2023-02,餐饮,3,3,0.4866731556725592,0.9654482420296796,0.9538114070892334,DQN修正版 experimental run / revised DQN experimental run; not formal policy conclusion
Q-learning,吉林|流通|2023-02,吉林,2023-02,流通,5,5,0.20621357233261722,0.2223182990867734,0.6187432408332825,DQN修正版 experimental run / revised DQN experimental run; not formal policy conclusion
Q-learning,四川|流通|2023-02,四川,2023-02,流通,3,3,0.08223606842953962,0.04431486718117511,0.1402500867843628,DQN修正版 experimental run / revised DQN experimental run; not formal policy conclusion
Q-learning,四川|餐饮|2023-02,四川,2023-02,餐饮,3,3,0.16522147793637104,0.1503261490619329,0.404349684715271,DQN修正版 experimental run / revised DQN experimental run; not formal policy conclusion
Q-learning,天津|流通|2023-02,天津,2023-02,流通,5,5,0.11777053353742961,0.08275110867483518,0.29032328724861145,DQN修正版 experimental run / revised DQN experimental run; not formal policy conclusion
Q-learning,天津|餐饮|2023-02,天津,2023-02,餐饮,3,3,0.54,1.0,0.9660816192626953,DQN修正版 experimental run / revised DQN experimental run; not formal policy conclusion
Q-learning,宁夏|流通|2023-02,宁夏,2023-02,流通,1,1,0.54,1.0,0.798214316368103,DQN修正版 experimental run / revised DQN experimental run; not formal policy conclusion
Q-learning,宁夏|餐饮|2023-02,宁夏,2023-02,餐饮,10,10,0.26173539881794383,0.3377701613078277,0.8580126166343689,DQN修正版 experimental run / revised DQN experimental run; not formal policy conclusion
Q-learning,安徽|流通|2023-02,安徽,2023-02,流通,0,0,0.01859136584055248,0.002844115670485028,-0.0058518461883068085,DQN修正版 experimental run / revised DQN experimental run; not formal policy conclusion
Q-learning,安徽|生产|2023-02,安徽,2023-02,生产,5,5,0.54,1.0,0.9887419939041138,DQN修正版 experimental run / revised DQN experimental run; not formal policy conclusion
Q-learning,安徽|餐饮|2023-02,安徽,2023-02,餐饮,3,3,0.1425816443105521,0.11587025775927712,0.33269405364990234,DQN修正版 experimental run / revised DQN experimental run; not formal policy conclusion
Q-learning,山东|流通|2023-02,山东,2023-02,流通,0,0,0.0007324259802349804,0.0002329890973579756,-0.00023054213670548052,DQN修正版 experimental run / revised DQN experimental run; not formal policy conclusion
Q-learning,山东|生产|2023-02,山东,2023-02,生产,5,5,0.5005584694847792,0.05245235021422821,0.89909827709198,DQN修正版 experimental run / revised DQN experimental run; not formal policy conclusion
Q-learning,山东|餐饮|2023-02,山东,2023-02,餐饮,3,3,0.03367711228374204,0.010340662343888715,-0.004298945423215628,DQN修正版 experimental run / revised DQN experimental run; not formal policy conclusion
Q-learning,山西|流通|2023-02,山西,2023-02,流通,5,5,0.1722453821477677,0.16180363826224237,0.502644956111908,DQN修正版 experimental run / revised DQN experimental run; not formal policy conclusion
Q-learning,山西|生产|2023-02,山西,2023-02,生产,3,3,0.5321960312925356,1.0,0.9647955298423767,DQN修正版 experimental run / revised DQN experimental run; not formal policy conclusion
Q-learning,山西|餐饮|2023-02,山西,2023-02,餐饮,3,3,0.023380384505218774,0.006079027202384334,-0.032740090042352676,DQN修正版 experimental run / revised DQN experimental run; not formal policy conclusion
Q-learning,广东|流通|2023-02,广东,2023-02,流通,5,5,0.030920792024682016,0.0004948285158798748,-0.059823621064424515,DQN修正版 experimental run / revised DQN experimental run; not formal policy conclusion
Q-learning,广东|生产|2023-02,广东,2023-02,生产,3,3,0.022742394199770602,0.0058502644932909575,-0.034472350031137466,DQN修正版 experimental run / revised DQN experimental run; not formal policy conclusion
Q-learning,广东|餐饮|2023-02,广东,2023-02,餐饮,3,3,0.030332190519678753,0.005705405643651747,-0.01618715561926365,DQN修正版 experimental run / revised DQN experimental run; not formal policy conclusion
Q-learning,广西|流通|2023-02,广西,2023-02,流通,3,3,0.047853995557232076,0.017933264179513752,0.0362643338739872,DQN修正版 experimental run / revised DQN experimental run; not formal policy conclusion
Q-learning,广西|生产|2023-02,广西,2023-02,生产,0,0,0.10971135010812111,0.07308213735330736,-0.034519582986831665,DQN修正版 experimental run / revised DQN experimental run; not formal policy conclusion
Q-learning,广西|餐饮|2023-02,广西,2023-02,餐饮,10,10,0.26680799093869606,0.34926295488398224,0.8678083419799805,DQN修正版 experimental run / revised DQN experimental run; not formal policy conclusion
Q-learning,江苏|流通|2023-02,江苏,2023-02,流通,1,1,0.01162137048215374,0.0015841054524681844,-0.016631724312901497,DQN修正版 experimental run / revised DQN experimental run; not formal policy conclusion
Q-learning,江苏|生产|2023-02,江苏,2023-02,生产,5,5,0.224165265246426,0.25749749687060164,0.6730166077613831,DQN修正版 experimental run / revised DQN experimental run; not formal policy conclusion
Q-learning,江苏|餐饮|2023-02,江苏,2023-02,餐饮,3,3,0.031401609181793556,0.009307088672487512,-0.010661161504685879,DQN修正版 experimental run / revised DQN experimental run; not formal policy conclusion
Q-learning,江西|流通|2023-02,江西,2023-02,流通,3,3,0.07446501135589365,0.014161391169895383,0.09746625274419785,DQN修正版 experimental run / revised DQN experimental run; not formal policy conclusion
Q-learning,江西|生产|2023-02,江西,2023-02,生产,10,10,0.15634057513256247,0.136342520271706,0.4960354268550873,DQN修正版 experimental run / revised DQN experimental run; not formal policy conclusion
Q-learning,江西|餐饮|2023-02,江西,2023-02,餐饮,10,10,0.10048422531520027,0.06268828337606971,0.19750334322452545,DQN修正版 experimental run / revised DQN experimental run; not formal policy conclusion
Q-learning,河北|流通|2023-02,河北,2023-02,流通,3,3,0.06476003914858824,0.003000128410799166,0.06505045294761658,DQN修正版 experimental run / revised DQN experimental run; not formal policy conclusion
Q-learning,河北|餐饮|2023-02,河北,2023-02,餐饮,3,3,0.54,1.0,0.9660816192626953,DQN修正版 experimental run / revised DQN experimental run; not formal policy conclusion
Q-learning,河南|流通|2023-02,河南,2023-02,流通,3,3,0.03314537207362262,0.0032364407407853442,-0.011372419074177742,DQN修正版 experimental run / revised DQN experimental run; not formal policy conclusion
Q-learning,河南|餐饮|2023-02,河南,2023-02,餐饮,5,5,0.5924809694108729,0.015783302265879123,0.9375275373458862,DQN修正版 experimental run / revised DQN experimental run; not formal policy conclusion
Q-learning,浙江|流通|2023-02,浙江,2023-02,流通,1,1,0.012326371082427647,0.0027064552779815162,-0.015249245800077915,DQN修正版 experimental run / revised DQN experimental run; not formal policy conclusion
Q-learning,浙江|生产|2023-02,浙江,2023-02,生产,10,10,0.13724920508533459,0.10833404980008977,0.39884814620018005,DQN修正版 experimental run / revised DQN experimental run; not formal policy conclusion
Q-learning,浙江|餐饮|2023-02,浙江,2023-02,餐饮,3,3,0.17057521366916353,0.15904140638693795,0.4210135042667389,DQN修正版 experimental run / revised DQN experimental run; not formal policy conclusion
Q-learning,湖北|流通|2023-02,湖北,2023-02,流通,3,3,0.07637999045821275,0.03904797410571781,0.12207210808992386,DQN修正版 experimental run / revised DQN experimental run; not formal policy conclusion
Q-learning,湖南|流通|2023-02,湖南,2023-02,流通,3,3,0.07389997857949945,0.036911432447538715,0.11442384868860245,DQN修正版 experimental run / revised DQN experimental run; not formal policy conclusion
Q-learning,湖南|生产|2023-02,湖南,2023-02,生产,5,5,0.54,1.0,0.9887419939041138,DQN修正版 experimental run / revised DQN experimental run; not formal policy conclusion
Q-learning,甘肃|流通|2023-02,甘肃,2023-02,流通,3,3,0.36699971157691225,0.6043817219101,0.8586227297782898,DQN修正版 experimental run / revised DQN experimental run; not formal policy conclusion
Q-learning,甘肃|餐饮|2023-02,甘肃,2023-02,餐饮,3,3,0.54,1.0,0.9660816192626953,DQN修正版 experimental run / revised DQN experimental run; not formal policy conclusion
Q-learning,福建|流通|2023-02,福建,2023-02,流通,5,5,0.10757179933389335,0.014902612864878697,0.19316700100898743,DQN修正版 experimental run / revised DQN experimental run; not formal policy conclusion
Q-learning,福建|生产|2023-02,福建,2023-02,生产,5,5,0.26552222974142203,0.34633563914260085,0.7776132225990295,DQN修正版 experimental run / revised DQN experimental run; not formal policy conclusion
Q-learning,福建|餐饮|2023-02,福建,2023-02,餐饮,3,3,0.36699971157691225,0.6043817219101,0.8586227297782898,DQN修正版 experimental run / revised DQN experimental run; not formal policy conclusion
Q-learning,贵州|流通|2023-02,贵州,2023-02,流通,3,3,0.15823583862043866,0.13927669004255516,0.3824213743209839,DQN修正版 experimental run / revised DQN experimental run; not formal policy conclusion
Q-learning,贵州|生产|2023-02,贵州,2023-02,生产,5,5,0.3170587682895265,0.27515084645769144,0.8096818327903748,DQN修正版 experimental run / revised DQN experimental run; not formal policy conclusion
Q-learning,贵州|餐饮|2023-02,贵州,2023-02,餐饮,10,10,0.3208099612242066,0.4804793972381209,0.9408970475196838,DQN修正版 experimental run / revised DQN experimental run; not formal policy conclusion
Q-learning,辽宁|流通|2023-02,辽宁,2023-02,流通,3,3,0.07827315871231302,0.015846763458312197,0.10796613991260529,DQN修正版 experimental run / revised DQN experimental run; not formal policy conclusion
Q-learning,辽宁|生产|2023-02,辽宁,2023-02,生产,5,5,0.3170587682895265,0.27515084645769144,0.8096818327903748,DQN修正版 experimental run / revised DQN experimental run; not formal policy conclusion
Q-learning,辽宁|餐饮|2023-02,辽宁,2023-02,餐饮,10,10,0.23775515532930508,0.15913389056760643,0.7257067561149597,DQN修正版 experimental run / revised DQN experimental run; not formal policy conclusion
Q-learning,重庆|流通|2023-02,重庆,2023-02,流通,3,3,0.16570794424654475,0.07786182856926971,0.35488611459732056,DQN修正版 experimental run / revised DQN experimental run; not formal policy conclusion
Q-learning,重庆|生产|2023-02,重庆,2023-02,生产,5,5,0.20941844318140113,0.22844146000162335,0.6288141012191772,DQN修正版 experimental run / revised DQN experimental run; not formal policy conclusion
Q-learning,陕西|生产|2023-02,陕西,2023-02,生产,1,1,0.54,1.0,0.798214316368103,DQN修正版 experimental run / revised DQN experimental run; not formal policy conclusion
Q-learning,黑龙江|流通|2023-02,黑龙江,2023-02,流通,3,3,0.13159132889410474,0.1005856578573786,0.2974727749824524,DQN修正版 experimental run / revised DQN experimental run; not formal policy conclusion
Q-learning,黑龙江|餐饮|2023-02,黑龙江,2023-02,餐饮,0,0,0.008790090479780409,0.0018949295793443195,-0.0027668066322803497,DQN修正版 experimental run / revised DQN experimental run; not formal policy conclusion
Q-learning,上海|流通|2023-03,上海,2023-03,流通,5,5,0.12117238993928492,0.08699528844352941,0.3041154444217682,DQN修正版 experimental run / revised DQN experimental run; not formal policy conclusion
Q-learning,上海|生产|2023-03,上海,2023-03,生产,5,5,0.3208099612242066,0.4804793972381209,0.8749182224273682,DQN修正版 experimental run / revised DQN experimental run; not formal policy conclusion
Q-learning,不详|流通|2023-03,不详,2023-03,流通,10,10,0.3824228623021685,0.0006386947648690016,0.859430730342865,DQN修正版 experimental run / revised DQN experimental run; not formal policy conclusion
Q-learning,不详|餐饮|2023-03,不详,2023-03,餐饮,0,0,0.004080938683225989,0.0009375248961516943,-0.0012845363235101104,DQN修正版 experimental run / revised DQN experimental run; not formal policy conclusion
Q-learning,云南|流通|2023-03,云南,2023-03,流通,5,5,0.10748680453334464,0.07050975269550429,0.24849063158035278,DQN修正版 experimental run / revised DQN experimental run; not formal policy conclusion
Q-learning,云南|餐饮|2023-03,云南,2023-03,餐饮,0,0,0.018933723551740087,0.004571141704750361,-0.005959604866802692,DQN修正版 experimental run / revised DQN experimental run; not formal policy conclusion
Q-learning,内蒙古|流通|2023-03,内蒙古,2023-03,流通,3,3,0.36462288051245045,0.5977675848358822,0.8556641936302185,DQN修正版 experimental run / revised DQN experimental run; not formal policy conclusion
Q-learning,内蒙古|餐饮|2023-03,内蒙古,2023-03,餐饮,3,3,0.15823583862043866,0.13927669004255516,0.3824213743209839,DQN修正版 experimental run / revised DQN experimental run; not formal policy conclusion
Q-learning,北京|生产|2023-03,北京,2023-03,生产,3,3,0.54,1.0,0.9660816192626953,DQN修正版 experimental run / revised DQN experimental run; not formal policy conclusion
Q-learning,吉林|流通|2023-03,吉林,2023-03,流通,5,5,0.10319871805403097,0.06567024234021691,0.2310227006673813,DQN修正版 experimental run / revised DQN experimental run; not formal policy conclusion
Q-learning,四川|流通|2023-03,四川,2023-03,流通,1,1,0.037591432111738154,0.01223926180568691,0.01987847127020359,DQN修正版 experimental run / revised DQN experimental run; not formal policy conclusion
Q-learning,四川|生产|2023-03,四川,2023-03,生产,5,5,0.49510687742417053,0.9926700906210701,0.9848785996437073,DQN修正版 experimental run / revised DQN experimental run; not formal policy conclusion
Q-learning,四川|餐饮|2023-03,四川,2023-03,餐饮,3,3,0.13686416879181712,0.10779862336750105,0.3143910765647888,DQN修正版 experimental run / revised DQN experimental run; not formal policy conclusion
Q-learning,天津|流通|2023-03,天津,2023-03,流通,3,3,0.09517943231578627,0.05704507148312534,0.18093545734882355,DQN修正版 experimental run / revised DQN experimental run; not formal policy conclusion
Q-learning,安徽|流通|2023-03,安徽,2023-03,流通,10,10,0.4160529204208716,0.0033253896736373033,0.8929498195648193,DQN修正版 experimental run / revised DQN experimental run; not formal policy conclusion
Q-learning,安徽|生产|2023-03,安徽,2023-03,生产,5,5,0.424769453403072,0.7722762566833125,0.9630526900291443,DQN修正版 experimental run / revised DQN experimental run; not formal policy conclusion
Q-learning,安徽|餐饮|2023-03,安徽,2023-03,餐饮,5,5,0.09734347623722234,0.05931760261772806,0.20718730986118317,DQN修正版 experimental run / revised DQN experimental run; not formal policy conclusion
Q-learning,山东|流通|2023-03,山东,2023-03,流通,0,0,0.0,1.519715036014636e-05,0.0,DQN修正版 experimental run / revised DQN experimental run; not formal policy conclusion
Q-learning,山东|生产|2023-03,山东,2023-03,生产,0,0,0.13291157863068603,0.05360623685055215,-0.041811536997556686,DQN修正版 experimental run / revised DQN experimental run; not formal policy conclusion
Q-learning,山东|餐饮|2023-03,山东,2023-03,餐饮,3,3,0.02199928578711146,0.005589043304326733,-0.03648550808429718,DQN修正版 experimental run / revised DQN experimental run; not formal policy conclusion
Q-learning,山西|流通|2023-03,山西,2023-03,流通,3,3,0.14972589140580866,0.1263173403474671,0.3554726839065552,DQN修正版 experimental run / revised DQN experimental run; not formal policy conclusion
Q-learning,山西|生产|2023-03,山西,2023-03,生产,3,3,0.45698303408130514,0.6767895013993155,0.9162842631340027,DQN修正版 experimental run / revised DQN experimental run; not formal policy conclusion
Q-learning,山西|餐饮|2023-03,山西,2023-03,餐饮,3,3,0.022331017969866702,0.0057049590714592195,-0.03558741509914398,DQN修正版 experimental run / revised DQN experimental run; not formal policy conclusion
Q-learning,广东|流通|2023-03,广东,2023-03,流通,5,5,0.4124468347424513,0.0006682140303357763,0.8133165836334229,DQN修正版 experimental run / revised DQN experimental run; not formal policy conclusion
Q-learning,广东|生产|2023-03,广东,2023-03,生产,10,10,0.4094986033171789,0.010389362507000984,0.8894505500793457,DQN修正版 experimental run / revised DQN experimental run; not formal policy conclusion
Q-learning,广东|餐饮|2023-03,广东,2023-03,餐饮,3,3,0.02976967052449819,0.005649119051050197,-0.017597438767552376,DQN修正版 experimental run / revised DQN experimental run; not formal policy conclusion
Q-learning,广西|流通|2023-03,广西,2023-03,流通,1,1,0.0362037980230554,0.01154880406603614,0.01787121407687664,DQN修正版 experimental run / revised DQN experimental run; not formal policy conclusion
Q-learning,广西|生产|2023-03,广西,2023-03,生产,10,10,0.6302004100738169,0.04740003364151394,0.9836928844451904,DQN修正版 experimental run / revised DQN experimental run; not formal policy conclusion
Q-learning,广西|餐饮|2023-03,广西,2023-03,餐饮,10,10,0.2529984894607915,0.318331316702146,0.839713454246521,DQN修正版 experimental run / revised DQN experimental run; not formal policy conclusion
Q-learning,新疆|流通|2023-03,新疆,2023-03,流通,3,3,0.54,1.0,0.9660816192626953,DQN修正版 experimental run / revised DQN experimental run; not formal policy conclusion
Q-learning,新疆|餐饮|2023-03,新疆,2023-03,餐饮,10,10,0.2187403031021432,0.2466419817885368,0.7486451268196106,DQN修正版 experimental run / revised DQN experimental run; not formal policy conclusion
Q-learning,江苏|流通|2023-03,江苏,2023-03,流通,1,1,0.007006794569984055,0.0009522655193713892,-0.02252468653023243,DQN修正版 experimental run / revised DQN experimental run; not formal policy conclusion
Q-learning,江苏|生产|2023-03,江苏,2023-03,生产,10,10,0.13713899013411365,0.10818066563542883,0.39826729893684387,DQN修正版 experimental run / revised DQN experimental run; not formal policy conclusion
Q-learning,江苏|餐饮|2023-03,江苏,2023-03,餐饮,3,3,0.023749745511864415,0.006213363188679174,-0.03173557296395302,DQN修正版 experimental run / revised DQN experimental run; not formal policy conclusion
Q-learning,江西|流通|2023-03,江西,2023-03,流通,5,5,0.036613113609199145,0.007611084732816492,-0.03455086424946785,DQN修正版 experimental run / revised DQN experimental run; not formal policy conclusion
Q-learning,江西|餐饮|2023-03,江西,2023-03,餐饮,5,5,0.0546133682026181,0.022241814966216168,0.03724421560764313,DQN修正版 experimental run / revised DQN experimental run; not formal policy conclusion
Q-learning,河北|流通|2023-03,河北,2023-03,流通,3,3,0.045372772547283946,0.0024718827189156934,0.017670556902885437,DQN修正版 experimental run / revised DQN experimental run; not formal policy conclusion
Q-learning,河北|生产|2023-03,河北,2023-03,生产,5,5,0.54,1.0,0.9887419939041138,DQN修正版 experimental run / revised DQN experimental run; not formal policy conclusion
Q-learning,河北|餐饮|2023-03,河北,2023-03,餐饮,3,3,0.42177016654059507,0.7632428022816844,0.9138357043266296,DQN修正版 experimental run / revised DQN experimental run; not formal policy conclusion
Q-learning,河南|流通|2023-03,河南,2023-03,流通,3,3,0.021373344695438046,0.0017210912142273994,-0.04114622622728348,DQN修正版 experimental run / revised DQN experimental run; not formal policy conclusion
Q-learning,河南|生产|2023-03,河南,2023-03,生产,5,5,0.4866731556725592,0.9654482420296796,0.9831331372261047,DQN修正版 experimental run / revised DQN experimental run; not formal policy conclusion
Q-learning,河南|餐饮|2023-03,河南,2023-03,餐饮,10,10,0.6146792122991408,0.010304926603957931,0.9793039560317993,DQN修正版 experimental run / revised DQN experimental run; not formal policy conclusion
Q-learning,浙江|流通|2023-03,浙江,2023-03,流通,1,1,0.005566643645055205,0.0012694947095370141,-0.024121850728988647,DQN修正版 experimental run / revised DQN experimental run; not formal policy conclusion
Q-learning,浙江|生产|2023-03,浙江,2023-03,生产,10,10,0.12962905897315702,0.0979585141181027,0.3582489490509033,DQN修正版 experimental run / revised DQN experimental run; not formal policy conclusion
Q-learning,浙江|餐饮|2023-03,浙江,2023-03,餐饮,5,5,0.08951372959166204,0.05128986859217376,0.17540636658668518,DQN修正版 experimental run / revised DQN experimental run; not formal policy conclusion
Q-learning,湖北|流通|2023-03,湖北,2023-03,流通,1,1,0.04092482080936119,0.013975596140314824,0.02473614364862442,DQN修正版 experimental run / revised DQN experimental run; not formal policy conclusion
Q-learning,湖北|餐饮|2023-03,湖北,2023-03,餐饮,3,3,0.54,1.0,0.9660816192626953,DQN修正版 experimental run / revised DQN experimental run; not formal policy conclusion
Q-learning,湖南|流通|2023-03,湖南,2023-03,流通,1,1,0.043823900528277275,0.01557445400891871,0.029001647606492043,DQN修正版 experimental run / revised DQN experimental run; not formal policy conclusion
Q-learning,甘肃|流通|2023-03,甘肃,2023-03,流通,3,3,0.33603737826246305,0.5202158080647485,0.8159012794494629,DQN修正版 experimental run / revised DQN experimental run; not formal policy conclusion
Q-learning,甘肃|生产|2023-03,甘肃,2023-03,生产,1,1,0.54,1.0,0.798214316368103,DQN修正版 experimental run / revised DQN experimental run; not formal policy conclusion
Q-learning,福建|流通|2023-03,福建,2023-03,流通,5,5,0.04381378800112952,0.007448850336685708,-0.012153290212154388,DQN修正版 experimental run / revised DQN experimental run; not formal policy conclusion
Q-learning,福建|生产|2023-03,福建,2023-03,生产,5,5,0.1834545033216642,0.18086841737461565,0.5427378416061401,DQN修正版 experimental run / revised DQN experimental run; not formal policy conclusion
Q-learning,福建|餐饮|2023-03,福建,2023-03,餐饮,10,10,0.2463466055089184,0.30383899389899205,0.8245100975036621,DQN修正版 experimental run / revised DQN experimental run; not formal policy conclusion
Q-learning,贵州|流通|2023-03,贵州,2023-03,流通,5,5,0.11417155808513574,0.0783658711861305,0.2757014036178589,DQN修正版 experimental run / revised DQN experimental run; not formal policy conclusion
Q-learning,辽宁|流通|2023-03,辽宁,2023-03,流通,5,5,0.043959168542627255,0.010166483270218452,-0.00884141307324171,DQN修正版 experimental run / revised DQN experimental run; not formal policy conclusion
Q-learning,辽宁|餐饮|2023-03,辽宁,2023-03,餐饮,10,10,0.19243366065500284,0.13006047114333993,0.5955186486244202,DQN修正版 experimental run / revised DQN experimental run; not formal policy conclusion
Q-learning,重庆|流通|2023-03,重庆,2023-03,流通,3,3,0.08712102765118741,0.03204823873602356,0.14207881689071655,DQN修正版 experimental run / revised DQN experimental run; not formal policy conclusion
Q-learning,重庆|生产|2023-03,重庆,2023-03,生产,5,5,0.33640020571709345,0.3071345938792774,0.8397648334503174,DQN修正版 experimental run / revised DQN experimental run; not formal policy conclusion
Q-learning,陕西|流通|2023-03,陕西,2023-03,流通,5,5,0.10391193771482188,0.06646425995808813,0.2339279055595398,DQN修正版 experimental run / revised DQN experimental run; not formal policy conclusion
Q-learning,陕西|餐饮|2023-03,陕西,2023-03,餐饮,5,5,0.07462905943553377,0.03753370577107448,0.11558393388986588,DQN修正版 experimental run / revised DQN experimental run; not formal policy conclusion
Q-learning,黑龙江|餐饮|2023-03,黑龙江,2023-03,餐饮,0,0,0.008852070920914867,0.0019080261385638303,-0.002786315744742751,DQN修正版 experimental run / revised DQN experimental run; not formal policy conclusion
Q-learning,上海|流通|2023-04,上海,2023-04,流通,3,3,0.09736359898716834,0.05933892579263822,0.18785874545574188,DQN修正版 experimental run / revised DQN experimental run; not formal policy conclusion
Q-learning,上海|餐饮|2023-04,上海,2023-04,餐饮,3,3,0.54,1.0,0.9660816192626953,DQN修正版 experimental run / revised DQN experimental run; not formal policy conclusion
Q-learning,不详|流通|2023-04,不详,2023-04,流通,3,3,0.3748921951317479,0.00026762597312524153,0.6725594997406006,DQN修正版 experimental run / revised DQN experimental run; not formal policy conclusion
Q-learning,不详|生产|2023-04,不详,2023-04,生产,5,5,0.54,1.0,0.9887419939041138,DQN修正版 experimental run / revised DQN experimental run; not formal policy conclusion
Q-learning,不详|餐饮|2023-04,不详,2023-04,餐饮,0,0,0.0021033680774695195,0.00037369115990618806,-0.0006620667409151793,DQN修正版 experimental run / revised DQN experimental run; not formal policy conclusion
Q-learning,云南|流通|2023-04,云南,2023-04,流通,5,5,0.10824648880156618,0.07138349681928569,0.2515849769115448,DQN修正版 experimental run / revised DQN experimental run; not formal policy conclusion
Q-learning,内蒙古|流通|2023-04,内蒙古,2023-04,流通,5,5,0.29838556663678356,0.42408850118898744,0.8408549427986145,DQN修正版 experimental run / revised DQN experimental run; not formal policy conclusion
Q-learning,内蒙古|生产|2023-04,内蒙古,2023-04,生产,1,1,0.54,1.0,0.798214316368103,DQN修正版 experimental run / revised DQN experimental run; not formal policy conclusion
Q-learning,北京|流通|2023-04,北京,2023-04,流通,3,3,0.54,1.0,0.9660816192626953,DQN修正版 experimental run / revised DQN experimental run; not formal policy conclusion
Q-learning,北京|餐饮|2023-04,北京,2023-04,餐饮,10,10,0.2420952248758357,0.2947182354958828,0.8141927719116211,DQN修正版 experimental run / revised DQN experimental run; not formal policy conclusion
Q-learning,吉林|餐饮|2023-04,吉林,2023-04,餐饮,3,3,0.49943186293781716,1.0,0.958853542804718,DQN修正版 experimental run / revised DQN experimental run; not formal policy conclusion
Q-learning,四川|流通|2023-04,四川,2023-04,流通,1,1,0.031997646437190164,0.009572815482931698,0.011841010302305222,DQN修正版 experimental run / revised DQN experimental run; not formal policy conclusion
Q-learning,四川|餐饮|2023-04,四川,2023-04,餐饮,3,3,0.658980044994937,0.2028783480281428,0.9315047860145569,DQN修正版 experimental run / revised DQN experimental run; not formal policy conclusion
Q-learning,天津|流通|2023-04,天津,2023-04,流通,3,3,0.05878537934709663,0.02511913945771767,0.06854600459337234,DQN修正版 experimental run / revised DQN experimental run; not formal policy conclusion
Q-learning,安徽|流通|2023-04,安徽,2023-04,流通,10,10,0.37840519879078355,0.0019163225658651985,0.8554691672325134,DQN修正版 experimental run / revised DQN experimental run; not formal policy conclusion
Q-learning,安徽|生产|2023-04,安徽,2023-04,生产,1,1,0.09721653200480292,0.05918316679373801,0.11378677934408188,DQN修正版 experimental run / revised DQN experimental run; not formal policy conclusion
Q-learning,安徽|餐饮|2023-04,安徽,2023-04,餐饮,3,3,0.044067239042271916,0.01571239563886709,0.0252788458019495,DQN修正版 experimental run / revised DQN experimental run; not formal policy conclusion
Q-learning,山东|流通|2023-04,山东,2023-04,流通,10,10,0.3631442855112554,0.0,0.8364704251289368,DQN修正版 experimental run / revised DQN experimental run; not formal policy conclusion
Q-learning,山东|生产|2023-04,山东,2023-04,生产,3,3,0.07193820027582357,0.01868222484186942,0.09503861516714096,DQN修正版 experimental run / revised DQN experimental run; not formal policy conclusion
Q-learning,山东|餐饮|2023-04,山东,2023-04,餐饮,0,0,0.010368190365518243,0.002240923683629746,-0.0032635328825563192,DQN修正版 experimental run / revised DQN experimental run; not formal policy conclusion
Q-learning,山西|流通|2023-04,山西,2023-04,流通,3,3,0.1263133851388425,0.09359038426050222,0.28051745891571045,DQN修正版 experimental run / revised DQN experimental run; not formal policy conclusion
Q-learning,山西|餐饮|2023-04,山西,2023-04,餐饮,3,3,0.022106644220721623,0.005626434128768171,-0.03619496524333954,DQN修正版 experimental run / revised DQN experimental run; not formal policy conclusion
Q-learning,广东|流通|2023-04,广东,2023-04,流通,5,5,0.10377808423787885,0.000529814979921949,0.16704125702381134,DQN修正版 experimental run / revised DQN experimental run; not formal policy conclusion
Q-learning,广东|生产|2023-04,广东,2023-04,生产,0,0,0.024421435594224723,0.0032367056820390414,-0.007686864119023085,DQN修正版 experimental run / revised DQN experimental run; not formal policy conclusion
Q-learning,广东|餐饮|2023-04,广东,2023-04,餐饮,3,3,0.019424091603955678,0.003129624620205895,-0.04472242668271065,DQN修正版 experimental run / revised DQN experimental run; not formal policy conclusion
Q-learning,广西|流通|2023-04,广西,2023-04,流通,1,1,0.024087294834539606,0.0063373435247710865,0.0007241916027851403,DQN修正版 experimental run / revised DQN experimental run; not formal policy conclusion
Q-learning,广西|生产|2023-04,广西,2023-04,生产,10,10,0.4500871870439461,0.0030639705182299378,0.9184057712554932,DQN修正版 experimental run / revised DQN experimental run; not formal policy conclusion
Q-learning,广西|餐饮|2023-04,广西,2023-04,餐饮,10,10,0.11975954005045411,0.08522095915357544,0.3045448958873749,DQN修正版 experimental run / revised DQN experimental run; not formal policy conclusion
Q-learning,新疆|流通|2023-04,新疆,2023-04,流通,3,3,0.4310580356983892,0.7913211764170014,0.9210186004638672,DQN修正版 experimental run / revised DQN experimental run; not formal policy conclusion
Q-learning,新疆|餐饮|2023-04,新疆,2023-04,餐饮,10,10,0.11639860431344316,0.08106669442809382,0.2860337793827057,DQN修正版 experimental run / revised DQN experimental run; not formal policy conclusion
Q-learning,江苏|流通|2023-04,江苏,2023-04,流通,0,0,0.0025707304113284134,0.0004663712487303218,-0.0008091760682873428,DQN修正版 experimental run / revised DQN experimental run; not formal policy conclusion
Q-learning,江苏|生产|2023-04,江苏,2023-04,生产,1,1,0.09861744925964967,0.06067452208571955,0.11615558713674545,DQN修正版 experimental run / revised DQN experimental run; not formal policy conclusion
Q-learning,江苏|餐饮|2023-04,江苏,2023-04,餐饮,3,3,0.020872890218766912,0.00520384375608509,-0.03952772170305252,DQN修正版 experimental run / revised DQN experimental run; not formal policy conclusion
Q-learning,江西|流通|2023-04,江西,2023-04,流通,1,1,0.022832789040057734,0.003841834916406783,-0.001970714656636119,DQN修正版 experimental run / revised DQN experimental run; not formal policy conclusion
Q-learning,江西|生产|2023-04,江西,2023-04,生产,1,1,0.0822142749733824,0.044294691970376325,0.08884841203689575,DQN修正版 experimental run / revised DQN experimental run; not formal policy conclusion
Q-learning,江西|餐饮|2023-04,江西,2023-04,餐饮,3,3,0.030908367094673733,0.009089881098352555,-0.012034589424729347,DQN修正版 experimental run / revised DQN experimental run; not formal policy conclusion
Q-learning,河北|流通|2023-04,河北,2023-04,流通,3,3,0.04072383576089361,0.0015218235962673585,0.005618993658572435,DQN修正版 experimental run / revised DQN experimental run; not formal policy conclusion
Q-learning,河北|生产|2023-04,河北,2023-04,生产,5,5,0.54,1.0,0.9887419939041138,DQN修正版 experimental run / revised DQN experimental run; not formal policy conclusion
Q-learning,河北|餐饮|2023-04,河北,2023-04,餐饮,3,3,0.3790950027743134,0.6384172137967393,0.8729003071784973,DQN修正版 experimental run / revised DQN experimental run; not formal policy conclusion
Q-learning,河南|流通|2023-04,河南,2023-04,流通,5,5,0.4451010232337347,0.0013904644641354713,0.8454304337501526,DQN修正版 experimental run / revised DQN experimental run; not formal policy conclusion
Q-learning,河南|餐饮|2023-04,河南,2023-04,餐饮,5,5,0.8614699054663754,0.018445397832554646,0.9882028698921204,DQN修正版 experimental run / revised DQN experimental run; not formal policy conclusion
Q-learning,浙江|流通|2023-04,浙江,2023-04,流通,1,1,0.003045562078708223,0.0006186172124988037,-0.027484038844704628,DQN修正版 experimental run / revised DQN experimental run; not formal policy conclusion
Q-learning,浙江|生产|2023-04,浙江,2023-04,生产,3,3,0.07617531213695009,0.038869517105902675,0.12143971771001816,DQN修正版 experimental run / revised DQN experimental run; not formal policy conclusion
Q-learning,浙江|餐饮|2023-04,浙江,2023-04,餐饮,3,3,0.041149824952825834,0.014096739010078668,0.016888651996850967,DQN修正版 experimental run / revised DQN experimental run; not formal policy conclusion
Q-learning,湖北|流通|2023-04,湖北,2023-04,流通,1,1,0.06567809482193017,0.010616954363054562,0.0531422421336174,DQN修正版 experimental run / revised DQN experimental run; not formal policy conclusion
Q-learning,湖北|生产|2023-04,湖北,2023-04,生产,5,5,0.42492846284872,0.7727560774612691,0.9631253480911255,DQN修正版 experimental run / revised DQN experimental run; not formal policy conclusion
Q-learning,湖北|餐饮|2023-04,湖北,2023-04,餐饮,10,10,0.3282528424292164,0.49976006760093333,0.9473938941955566,DQN修正版 experimental run / revised DQN experimental run; not formal policy conclusion
Q-learning,湖南|流通|2023-04,湖南,2023-04,流通,1,1,0.021565783767344332,0.005439260724016316,-0.0027569481171667576,DQN修正版 experimental run / revised DQN experimental run; not formal policy conclusion
Q-learning,湖南|生产|2023-04,湖南,2023-04,生产,5,5,0.49510687742417053,0.9926700906210701,0.9848785996437073,DQN修正版 experimental run / revised DQN experimental run; not formal policy conclusion
Q-learning,湖南|餐饮|2023-04,湖南,2023-04,餐饮,3,3,0.42492846284872,0.7727560774612691,0.9163410663604736,DQN修正版 experimental run / revised DQN experimental run; not formal policy conclusion
Q-learning,甘肃|流通|2023-04,甘肃,2023-04,流通,3,3,0.2796539025126975,0.379031027348059,0.7127171754837036,DQN修正版 experimental run / revised DQN experimental run; not formal policy conclusion
Q-learning,甘肃|餐饮|2023-04,甘肃,2023-04,餐饮,3,3,0.54,1.0,0.9660816192626953,DQN修正版 experimental run / revised DQN experimental run; not formal policy conclusion
Q-learning,福建|流通|2023-04,福建,2023-04,流通,5,5,0.027009808966380083,0.0036083631826077734,-0.06877874583005905,DQN修正版 experimental run / revised DQN experimental run; not formal policy conclusion
Q-learning,福建|生产|2023-04,福建,2023-04,生产,10,10,0.13336819923985105,0.10299139265502649,0.3782784342765808,DQN修正版 experimental run / revised DQN experimental run; not formal policy conclusion
Q-learning,福建|餐饮|2023-04,福建,2023-04,餐饮,3,3,0.14519214891387974,0.11964138713469151,0.34103095531463623,DQN修正版 experimental run / revised DQN experimental run; not formal policy conclusion
Q-learning,贵州|流通|2023-04,贵州,2023-04,流通,3,3,0.058881318045743924,0.025187247998256192,0.0688328742980957,DQN修正版 experimental run / revised DQN experimental run; not formal policy conclusion
Q-learning,贵州|餐饮|2023-04,贵州,2023-04,餐饮,5,5,0.06632904451560828,0.0307388167576519,0.08274275809526443,DQN修正版 experimental run / revised DQN experimental run; not formal policy conclusion
Q-learning,辽宁|流通|2023-04,辽宁,2023-04,流通,1,1,0.02892669242361799,0.005412136461028006,0.0061602285131812096,DQN修正版 experimental run / revised DQN experimental run; not formal policy conclusion
Q-learning,辽宁|生产|2023-04,辽宁,2023-04,生产,5,5,0.2663648897446099,0.23134670703592888,0.726412296295166,DQN修正版 experimental run / revised DQN experimental run; not formal policy conclusion
Q-learning,辽宁|餐饮|2023-04,辽宁,2023-04,餐饮,10,10,0.18040688817246398,0.11798006777820459,0.5495548248291016,DQN修正版 experimental run / revised DQN experimental run; not formal policy conclusion
Q-learning,重庆|流通|2023-04,重庆,2023-04,流通,3,3,0.06848646154974462,0.02156709872596632,0.08906328678131104,DQN修正版 experimental run / revised DQN experimental run; not formal policy conclusion
Q-learning,重庆|生产|2023-04,重庆,2023-04,生产,5,5,0.2336719866950633,0.18359625176526417,0.6459848284721375,DQN修正版 experimental run / revised DQN experimental run; not formal policy conclusion
Q-learning,陕西|流通|2023-04,陕西,2023-04,流通,5,5,0.10048422531520056,0.06268828337606971,0.2199682891368866,DQN修正版 experimental run / revised DQN experimental run; not formal policy conclusion
Q-learning,黑龙江|流通|2023-04,黑龙江,2023-04,流通,5,5,0.1039008975873931,0.06645193585303241,0.23388293385505676,DQN修正版 experimental run / revised DQN experimental run; not formal policy conclusion
Q-learning,黑龙江|生产|2023-04,黑龙江,2023-04,生产,5,5,0.415588929480408,0.7447291723394609,0.9586232304573059,DQN修正版 experimental run / revised DQN experimental run; not formal policy conclusion
Q-learning,黑龙江|餐饮|2023-04,黑龙江,2023-04,餐饮,0,0,0.004301133086042364,0.0010120446625888557,-0.0013538458151742816,DQN修正版 experimental run / revised DQN experimental run; not formal policy conclusion
Q-learning,上海|流通|2023-05,上海,2023-05,流通,3,3,0.06138354625080665,0.026994313157906527,0.07633552700281143,DQN修正版 experimental run / revised DQN experimental run; not formal policy conclusion
Q-learning,上海|餐饮|2023-05,上海,2023-05,餐饮,3,3,0.54,1.0,0.9660816192626953,DQN修正版 experimental run / revised DQN experimental run; not formal policy conclusion
Q-learning,不详|流通|2023-05,不详,2023-05,流通,3,3,0.3754660760440348,0.00019397657370846477,0.6732885837554932,DQN修正版 experimental run / revised DQN experimental run; not formal policy conclusion
Q-learning,不详|餐饮|2023-05,不详,2023-05,餐饮,0,0,0.0009056747562895058,0.00012491677377596795,-0.0002850748132914305,DQN修正版 experimental run / revised DQN experimental run; not formal policy conclusion
Q-learning,云南|流通|2023-05,云南,2023-05,流通,5,5,0.10006375329560907,0.0622320707593625,0.21825651824474335,DQN修正版 experimental run / revised DQN experimental run; not formal policy conclusion
Q-learning,云南|生产|2023-05,云南,2023-05,生产,3,3,0.415588929480408,0.7447291723394609,0.9087384343147278,DQN修正版 experimental run / revised DQN experimental run; not formal policy conclusion
Q-learning,云南|餐饮|2023-05,云南,2023-05,餐饮,1,1,0.019825348002575405,0.004857266040729208,-0.005141908768564463,DQN修正版 experimental run / revised DQN experimental run; not formal policy conclusion
Q-learning,内蒙古|流通|2023-05,内蒙古,2023-05,流通,3,3,0.16195902742317175,0.14512007481314879,0.39413297176361084,DQN修正版 experimental run / revised DQN experimental run; not formal policy conclusion
Q-learning,内蒙古|餐饮|2023-05,内蒙古,2023-05,餐饮,5,5,0.09621688174062909,0.05812942962281785,0.20260627567768097,DQN修正版 experimental run / revised DQN experimental run; not formal policy conclusion
Q-learning,北京|流通|2023-05,北京,2023-05,流通,3,3,0.3263371730132224,0.4947714051353257,0.8005642294883728,DQN修正版 experimental run / revised DQN experimental run; not formal policy conclusion
Q-learning,吉林|流通|2023-05,吉林,2023-05,流通,3,3,0.09219536458930408,0.053978642592128,0.17150108516216278,DQN修正版 experimental run / revised DQN experimental run; not formal policy conclusion
Q-learning,吉林|餐饮|2023-05,吉林,2023-05,餐饮,3,3,0.16831439928654912,0.1553351199513964,0.4139927923679352,DQN修正版 experimental run / revised DQN experimental run; not formal policy conclusion
Q-learning,四川|流通|2023-05,四川,2023-05,流通,1,1,0.025407683538296907,0.006833440200289282,0.0025592222809791565,DQN修正版 experimental run / revised DQN experimental run; not formal policy conclusion
Q-learning,四川|生产|2023-05,四川,2023-05,生产,5,5,0.29671237192259103,0.4199862773677558,0.8380320072174072,DQN修正版 experimental run / revised DQN experimental run; not formal policy conclusion
Q-learning,四川|餐饮|2023-05,四川,2023-05,餐饮,10,10,0.24924361965741038,0.1654051691838093,0.7518226504325867,DQN修正版 experimental run / revised DQN experimental run; not formal policy conclusion
Q-learning,天津|流通|2023-05,天津,2023-05,流通,1,1,0.0445857580891586,0.01600825598893786,0.030128825455904007,DQN修正版 experimental run / revised DQN experimental run; not formal policy conclusion
Q-learning,天津|餐饮|2023-05,天津,2023-05,餐饮,3,3,0.54,1.0,0.9660816192626953,DQN修正版 experimental run / revised DQN experimental run; not formal policy conclusion
Q-learning,安徽|流通|2023-05,安徽,2023-05,流通,3,3,0.02502116704069831,0.001227912121777228,-0.03270847350358963,DQN修正版 experimental run / revised DQN experimental run; not formal policy conclusion
Q-learning,安徽|生产|2023-05,安徽,2023-05,生产,3,3,0.06906179323815007,0.03290574711262581,0.09959570318460464,DQN修正版 experimental run / revised DQN experimental run; not formal policy conclusion
Q-learning,安徽|餐饮|2023-05,安徽,2023-05,餐饮,10,10,0.4382255821724462,0.02012187063275236,0.9144952893257141,DQN修正版 experimental run / revised DQN experimental run; not formal policy conclusion
Q-learning,山东|流通|2023-05,山东,2023-05,流通,0,0,0.0,0.0,0.0,DQN修正版 experimental run / revised DQN experimental run; not formal policy conclusion
Q-learning,山东|生产|2023-05,山东,2023-05,生产,0,0,0.10649654522836406,0.0202006472708733,-0.033508844673633575,DQN修正版 experimental run / revised DQN experimental run; not formal policy conclusion
Q-learning,山东|餐饮|2023-05,山东,2023-05,餐饮,0,0,0.007139001208712732,0.0015609079610650848,-0.0022471046540886164,DQN修正版 experimental run / revised DQN experimental run; not formal policy conclusion
Q-learning,山西|流通|2023-05,山西,2023-05,流通,3,3,0.12623639497088546,0.09349001984629879,0.2802700400352478,DQN修正版 experimental run / revised DQN experimental run; not formal policy conclusion
Q-learning,山西|餐饮|2023-05,山西,2023-05,餐饮,0,0,0.018942756240352042,0.0045739993712939206,-0.005962447728961706,DQN修正版 experimental run / revised DQN experimental run; not formal policy conclusion
Q-learning,广东|流通|2023-05,广东,2023-05,流通,5,5,0.035893155208994304,0.00023024146956096236,-0.04455043748021126,DQN修正版 experimental run / revised DQN experimental run; not formal policy conclusion
Q-learning,广东|生产|2023-05,广东,2023-05,生产,5,5,0.08227923386474427,0.0014484971431811748,0.10181281715631485,DQN修正版 experimental run / revised DQN experimental run; not formal policy conclusion
Q-learning,广东|餐饮|2023-05,广东,2023-05,餐饮,0,0,0.013366629019815016,0.001976678747834844,-0.004207323305308819,DQN修正版 experimental run / revised DQN experimental run; not formal policy conclusion
Q-learning,广西|流通|2023-05,广西,2023-05,流通,1,1,0.003825148790193559,0.0008539047362151298,-0.02642844244837761,DQN修正版 experimental run / revised DQN experimental run; not formal policy conclusion
Q-learning,广西|生产|2023-05,广西,2023-05,生产,10,10,0.4429591733576505,0.0017207105978113363,0.9132615327835083,DQN修正版 experimental run / revised DQN experimental run; not formal policy conclusion
Q-learning,广西|餐饮|2023-05,广西,2023-05,餐饮,10,10,0.13681689267465894,0.05262235941367154,0.3253820240497589,DQN修正版 experimental run / revised DQN experimental run; not formal policy conclusion
Q-learning,新疆|流通|2023-05,新疆,2023-05,流通,5,5,0.2483066941725897,0.30808144874073323,0.7375612258911133,DQN修正版 experimental run / revised DQN experimental run; not formal policy conclusion
Q-learning,新疆|生产|2023-05,新疆,2023-05,生产,3,3,0.54,1.0,0.9660816192626953,DQN修正版 experimental run / revised DQN experimental run; not formal policy conclusion
Q-learning,新疆|餐饮|2023-05,新疆,2023-05,餐饮,3,3,0.043987484792589265,0.01566712158041837,0.025048620998859406,DQN修正版 experimental run / revised DQN experimental run; not formal policy conclusion
Q-learning,江苏|流通|2023-05,江苏,2023-05,流通,3,3,0.02523267752560116,0.0004991874815435603,-0.0327884703874588,DQN修正版 experimental run / revised DQN experimental run; not formal policy conclusion
Q-learning,江苏|生产|2023-05,江苏,2023-05,生产,3,3,0.0539951516603167,0.021829542660739103,0.054299354553222656,DQN修正版 experimental run / revised DQN experimental run; not formal policy conclusion
Q-learning,江苏|餐饮|2023-05,江苏,2023-05,餐饮,0,0,0.019143185491118708,0.00463762477494117,-0.0060255336575210094,DQN修正版 experimental run / revised DQN experimental run; not formal policy conclusion
Q-learning,江西|流通|2023-05,江西,2023-05,流通,1,1,0.013303493246197633,0.0019302668652292606,-0.014428852126002312,DQN修正版 experimental run / revised DQN experimental run; not formal policy conclusion
Q-learning,江西|生产|2023-05,江西,2023-05,生产,3,3,0.03462631626159152,0.010787080359785256,-0.0016324426978826523,DQN修正版 experimental run / revised DQN experimental run; not formal policy conclusion
Q-learning,江西|餐饮|2023-05,江西,2023-05,餐饮,3,3,0.021923108851694365,0.0055625837775502215,-0.03669160604476929,DQN修正版 experimental run / revised DQN experimental run; not formal policy conclusion
Q-learning,河北|流通|2023-05,河北,2023-05,流通,0,0,0.012667937327684876,0.000795938398278445,-0.003987403586506844,DQN修正版 experimental run / revised DQN experimental run; not formal policy conclusion
Q-learning,河北|餐饮|2023-05,河北,2023-05,餐饮,5,5,0.09431095119489233,0.05614456089238775,0.19486162066459656,DQN修正版 experimental run / revised DQN experimental run; not formal policy conclusion
Q-learning,河南|流通|2023-05,河南,2023-05,流通,0,0,0.016783141579295224,0.0007829094152373423,-0.0052826981991529465,DQN修正版 experimental run / revised DQN experimental run; not formal policy conclusion
Q-learning,河南|餐饮|2023-05,河南,2023-05,餐饮,5,5,0.3869698358499207,0.018150367987831695,0.7914227843284607,DQN修正版 experimental run / revised DQN experimental run; not formal policy conclusion
Q-learning,浙江|流通|2023-05,浙江,2023-05,流通,3,3,0.05197854839131112,0.0011289314287478292,0.032595325261354446,DQN修正版 experimental run / revised DQN experimental run; not formal policy conclusion
Q-learning,浙江|生产|2023-05,浙江,2023-05,生产,3,3,0.06629636891912025,0.030713326465009287,0.0911782905459404,DQN修正版 experimental run / revised DQN experimental run; not formal policy conclusion
Q-learning,浙江|餐饮|2023-05,浙江,2023-05,餐饮,3,3,0.022413949541948242,0.005734113023602623,-0.035362742841243744,DQN修正版 experimental run / revised DQN experimental run; not formal policy conclusion
Q-learning,湖北|流通|2023-05,湖北,2023-05,流通,1,1,0.024228937391017807,0.004103173693430704,-0.00015411699132528156,DQN修正版 experimental run / revised DQN experimental run; not formal policy conclusion
Q-learning,湖北|生产|2023-05,湖北,2023-05,生产,5,5,0.2844670833939517,0.22440156731131963,0.748949408531189,DQN修正版 experimental run / revised DQN experimental run; not formal policy conclusion
Q-learning,湖北|餐饮|2023-05,湖北,2023-05,餐饮,3,3,0.14248404375353935,0.11573030233949806,0.33238208293914795,DQN修正版 experimental run / revised DQN experimental run; not formal policy conclusion
Q-learning,湖南|流通|2023-05,湖南,2023-05,流通,1,1,0.01472869738893157,0.0033321264201443056,-0.012041333131492138,DQN修正版 experimental run / revised DQN experimental run; not formal policy conclusion
Q-learning,湖南|生产|2023-05,湖南,2023-05,生产,5,5,0.3765641044586301,0.6312438847190469,0.9337614178657532,DQN修正版 experimental run / revised DQN experimental run; not formal policy conclusion
Q-learning,湖南|餐饮|2023-05,湖南,2023-05,餐饮,10,10,0.27053891053823387,0.35781141613915857,0.8746417164802551,DQN修正版 experimental run / revised DQN experimental run; not formal policy conclusion
Q-learning,甘肃|流通|2023-05,甘肃,2023-05,流通,3,3,0.2212221772833976,0.25158446260042283,0.5697494149208069,DQN修正版 experimental run / revised DQN experimental run; not formal policy conclusion
Q-learning,福建|流通|2023-05,福建,2023-05,流通,0,0,0.012606140851399699,0.0013167621399359842,-0.003967952448874712,DQN修正版 experimental run / revised DQN experimental run; not formal policy conclusion
Q-learning,福建|生产|2023-05,福建,2023-05,生产,0,0,0.12027331720478676,0.08586427576116261,-0.03783976659178734,DQN修正版 experimental run / revised DQN experimental run; not formal policy conclusion
Q-learning,福建|餐饮|2023-05,福建,2023-05,餐饮,5,5,0.09857020090947238,0.06062394560077945,0.2121778130531311,DQN修正版 experimental run / revised DQN experimental run; not formal policy conclusion
Q-learning,西藏|餐饮|2023-05,西藏,2023-05,餐饮,3,3,0.54,1.0,0.9660816192626953,DQN修正版 experimental run / revised DQN experimental run; not formal policy conclusion
Q-learning,贵州|流通|2023-05,贵州,2023-05,流通,5,5,0.14164918268928894,0.030251475810464598,0.3082616925239563,DQN修正版 experimental run / revised DQN experimental run; not formal policy conclusion
Q-learning,贵州|餐饮|2023-05,贵州,2023-05,餐饮,5,5,0.0680294968352114,0.03207904392897873,0.08943400532007217,DQN修正版 experimental run / revised DQN experimental run; not formal policy conclusion
Q-learning,辽宁|流通|2023-05,辽宁,2023-05,流通,3,3,0.0198138466693821,0.003214873469115214,-0.04370933026075363,DQN修正版 experimental run / revised DQN experimental run; not formal policy conclusion
Q-learning,辽宁|生产|2023-05,辽宁,2023-05,生产,5,5,0.25692490707155,0.22088557626544422,0.7066649794578552,DQN修正版 experimental run / revised DQN experimental run; not formal policy conclusion
Q-learning,辽宁|餐饮|2023-05,辽宁,2023-05,餐饮,10,10,0.15601585045351618,0.09264508837475392,0.44441547989845276,DQN修正版 experimental run / revised DQN experimental run; not formal policy conclusion
Q-learning,重庆|流通|2023-05,重庆,2023-05,流通,3,3,0.05033801469776128,0.013118388626107138,0.03836852312088013,DQN修正版 experimental run / revised DQN experimental run; not formal policy conclusion
Q-learning,重庆|生产|2023-05,重庆,2023-05,生产,5,5,0.2623613489447294,0.09790565174518974,0.6459298133850098,DQN修正版 experimental run / revised DQN experimental run; not formal policy conclusion
Q-learning,重庆|餐饮|2023-05,重庆,2023-05,餐饮,10,10,0.2604960723338964,0.33498519689181727,0.8555285334587097,DQN修正版 experimental run / revised DQN experimental run; not formal policy conclusion
Q-learning,陕西|流通|2023-05,陕西,2023-05,流通,3,3,0.08368235243112393,0.045663301055975575,0.1447634994983673,DQN修正版 experimental run / revised DQN experimental run; not formal policy conclusion
Q-learning,陕西|餐饮|2023-05,陕西,2023-05,餐饮,5,5,0.07623982689093249,0.038925725675620464,0.12200639396905899,DQN修正版 experimental run / revised DQN experimental run; not formal policy conclusion
Q-learning,黑龙江|流通|2023-05,黑龙江,2023-05,流通,3,3,0.08296138805888412,0.044988765650175316,0.1425124555826187,DQN修正版 experimental run / revised DQN experimental run; not formal policy conclusion
Q-learning,黑龙江|餐饮|2023-05,黑龙江,2023-05,餐饮,0,0,0.004577158210482926,0.0010994903725820085,-0.001440728665329516,DQN修正版 experimental run / revised DQN experimental run; not formal policy conclusion
Q-learning,上海|流通|2023-06,上海,2023-06,流通,3,3,0.052163992006854315,0.02062983795343013,0.04889407381415367,DQN修正版 experimental run / revised DQN experimental run; not formal policy conclusion
Q-learning,上海|生产|2023-06,上海,2023-06,生产,5,5,0.19287452796370227,0.19758647382146022,0.5751206278800964,DQN修正版 experimental run / revised DQN experimental run; not formal policy conclusion
Q-learning,不详|流通|2023-06,不详,2023-06,流通,5,5,0.3664320480899615,1.9151966911474397e-05,0.7581139802932739,DQN修正版 experimental run / revised DQN experimental run; not formal policy conclusion
Q-learning,不详|餐饮|2023-06,不详,2023-06,餐饮,0,0,0.00034870132222758075,3.3179089572340866e-05,-0.00010975900659104809,DQN修正版 experimental run / revised DQN experimental run; not formal policy conclusion
Q-learning,云南|流通|2023-06,云南,2023-06,流通,3,3,0.0864704669397144,0.048315675747994495,0.15348924696445465,DQN修正版 experimental run / revised DQN experimental run; not formal policy conclusion
Q-learning,云南|餐饮|2023-06,云南,2023-06,餐饮,3,3,0.02106206544169782,0.005267630318829831,-0.03901757672429085,DQN修正版 experimental run / revised DQN experimental run; not formal policy conclusion
Q-learning,内蒙古|流通|2023-06,内蒙古,2023-06,流通,5,5,0.10613418294951321,0.06896621661092432,0.24298062920570374,DQN修正版 experimental run / revised DQN experimental run; not formal policy conclusion
Q-learning,内蒙古|餐饮|2023-06,内蒙古,2023-06,餐饮,5,5,0.08073722380917073,0.042937287517588026,0.14001153409481049,DQN修正版 experimental run / revised DQN experimental run; not formal policy conclusion
Q-learning,北京|流通|2023-06,北京,2023-06,流通,3,3,0.27315331626549727,0.36384939106479797,0.6985956430435181,DQN修正版 experimental run / revised DQN experimental run; not formal policy conclusion
Q-learning,北京|餐饮|2023-06,北京,2023-06,餐饮,10,10,0.17213308183518627,0.16161726516704183,0.5702418088912964,DQN修正版 experimental run / revised DQN experimental run; not formal policy conclusion
Q-learning,吉林|流通|2023-06,吉林,2023-06,流通,3,3,0.08987675042722432,0.021530355091453495,0.14023959636688232,DQN修正版 experimental run / revised DQN experimental run; not formal policy conclusion
Q-learning,吉林|生产|2023-06,吉林,2023-06,生产,5,5,0.4866731556725592,0.9654482420296796,0.9831331372261047,DQN修正版 experimental run / revised DQN experimental run; not formal policy conclusion
Q-learning,吉林|餐饮|2023-06,吉林,2023-06,餐饮,3,3,0.028405959498597616,0.008025540097044129,-0.01897108182311058,DQN修正版 experimental run / revised DQN experimental run; not formal policy conclusion
Q-learning,四川|流通|2023-06,四川,2023-06,流通,1,1,0.07466156419464284,0.004991898847400438,0.06136959418654442,DQN修正版 experimental run / revised DQN experimental run; not formal policy conclusion
Q-learning,四川|餐饮|2023-06,四川,2023-06,餐饮,10,10,0.19669395310254975,0.11084357807900116,0.5885798335075378,DQN修正版 experimental run / revised DQN experimental run; not formal policy conclusion
Q-learning,天津|流通|2023-06,天津,2023-06,流通,1,1,0.033510035272443436,0.0102630139618131,0.013999848626554012,DQN修正版 experimental run / revised DQN experimental run; not formal policy conclusion
Q-learning,宁夏|流通|2023-06,宁夏,2023-06,流通,1,1,0.54,1.0,0.798214316368103,DQN修正版 experimental run / revised DQN experimental run; not formal policy conclusion
Q-learning,宁夏|餐饮|2023-06,宁夏,2023-06,餐饮,10,10,0.24863910373983306,0.30880324737376574,0.829877495765686,DQN修正版 experimental run / revised DQN experimental run; not formal policy conclusion
Q-learning,安徽|流通|2023-06,安徽,2023-06,流通,3,3,0.03993643671863699,0.0007804496443925398,0.003104975214228034,DQN修正版 experimental run / revised DQN experimental run; not formal policy conclusion
Q-learning,安徽|生产|2023-06,安徽,2023-06,生产,3,3,0.05185385620542896,0.020429830738154058,0.047980897128582,DQN修正版 experimental run / revised DQN experimental run; not formal policy conclusion
Q-learning,安徽|餐饮|2023-06,安徽,2023-06,餐饮,5,5,0.07062192184249576,0.017660038735825286,0.08246084302663803,DQN修正版 experimental run / revised DQN experimental run; not formal policy conclusion
Q-learning,山东|流通|2023-06,山东,2023-06,流通,10,10,0.23220111632257434,0.0,0.5781985521316528,DQN修正版 experimental run / revised DQN experimental run; not formal policy conclusion
Q-learning,山东|生产|2023-06,山东,2023-06,生产,1,1,0.07683269905731556,0.008119030826470449,0.06545690447092056,DQN修正版 experimental run / revised DQN experimental run; not formal policy conclusion
Q-learning,山东|餐饮|2023-06,山东,2023-06,餐饮,0,0,0.006125643533314603,0.0013701097514596543,-0.0019281364511698484,DQN修正版 experimental run / revised DQN experimental run; not formal policy conclusion
Q-learning,山西|流通|2023-06,山西,2023-06,流通,5,5,0.12014567039584242,0.08570424108701628,0.29995623230934143,DQN修正版 experimental run / revised DQN experimental run; not formal policy conclusion
Q-learning,山西|餐饮|2023-06,山西,2023-06,餐饮,0,0,0.017225688619185536,0.004045860988655541,-0.005421992391347885,DQN修正版 experimental run / revised DQN experimental run; not formal policy conclusion
Q-learning,广东|流通|2023-06,广东,2023-06,流通,0,0,0.008348616760668144,1.697689550070338e-05,-0.0026278472505509853,DQN修正版 experimental run / revised DQN experimental run; not formal policy conclusion
Q-learning,广东|生产|2023-06,广东,2023-06,生产,3,3,0.013005816573831291,0.0006932395536340122,-0.06222818046808243,DQN修正版 experimental run / revised DQN experimental run; not formal policy conclusion
Q-learning,广东|餐饮|2023-06,广东,2023-06,餐饮,0,0,0.005513386594865157,0.000818311212857633,-0.0017354199662804604,DQN修正版 experimental run / revised DQN experimental run; not formal policy conclusion
Q-learning,广西|流通|2023-06,广西,2023-06,流通,0,0,0.002445449830324954,0.00045761567866410015,-0.000769742124248296,DQN修正版 experimental run / revised DQN experimental run; not formal policy conclusion
Q-learning,广西|生产|2023-06,广西,2023-06,生产,10,10,0.42853967397037745,0.0011872586254690726,0.9024978280067444,DQN修正版 experimental run / revised DQN experimental run; not formal policy conclusion
Q-learning,广西|餐饮|2023-06,广西,2023-06,餐饮,5,5,0.08446940008927864,0.030375566136122915,0.1385418325662613,DQN修正版 experimental run / revised DQN experimental run; not formal policy conclusion
Q-learning,新疆|流通|2023-06,新疆,2023-06,流通,3,3,0.15456627148632945,0.13362043771713109,0.3708292543888092,DQN修正版 experimental run / revised DQN experimental run; not formal policy conclusion
Q-learning,新疆|生产|2023-06,新疆,2023-06,生产,3,3,0.54,1.0,0.9660816192626953,DQN修正版 experimental run / revised DQN experimental run; not formal policy conclusion
Q-learning,新疆|餐饮|2023-06,新疆,2023-06,餐饮,3,3,0.033804947281978165,0.010400261097567101,-0.003940260037779808,DQN修正版 experimental run / revised DQN experimental run; not formal policy conclusion
Q-learning,江苏|流通|2023-06,江苏,2023-06,流通,0,0,0.0017381867188652434,0.00024221781563369955,-0.0005471204640343785,DQN修正版 experimental run / revised DQN experimental run; not formal policy conclusion
Q-learning,江苏|生产|2023-06,江苏,2023-06,生产,3,3,0.05026987044390731,0.019422727169663822,0.04332743585109711,DQN修正版 experimental run / revised DQN experimental run; not formal policy conclusion
Q-learning,江苏|餐饮|2023-06,江苏,2023-06,餐饮,0,0,0.00960914504181593,0.002071248488111362,-0.0030246141832321882,DQN修正版 experimental run / revised DQN experimental run; not formal policy conclusion
Q-learning,江西|流通|2023-06,江西,2023-06,流通,3,3,0.03720748989242326,0.0019014211083334873,-0.0026037287898361683,DQN修正版 experimental run / revised DQN experimental run; not formal policy conclusion
Q-learning,江西|生产|2023-06,江西,2023-06,生产,3,3,0.03619123765182644,0.011542641417980377,0.0027796952053904533,DQN修正版 experimental run / revised DQN experimental run; not formal policy conclusion
Q-learning,江西|餐饮|2023-06,江西,2023-06,餐饮,3,3,0.021371083188186993,0.005372613316351017,-0.03818356990814209,DQN修正版 experimental run / revised DQN experimental run; not formal policy conclusion
Q-learning,河北|流通|2023-06,河北,2023-06,流通,0,0,0.006531418057219143,0.00036694476767497834,-0.0020558596588671207,DQN修正版 experimental run / revised DQN experimental run; not formal policy conclusion
Q-learning,河北|生产|2023-06,河北,2023-06,生产,5,5,0.24306379351596108,0.2967863690800553,0.7243785262107849,DQN修正版 experimental run / revised DQN experimental run; not formal policy conclusion
Q-learning,河北|餐饮|2023-06,河北,2023-06,餐饮,5,5,0.06007713382548885,0.02604347704601706,0.058325186371803284,DQN修正版 experimental run / revised DQN experimental run; not formal policy conclusion
Q-learning,河南|流通|2023-06,河南,2023-06,流通,3,3,0.07887892985030588,0.0006330021543483763,0.09716491401195526,DQN修正版 experimental run / revised DQN experimental run; not formal policy conclusion
Q-learning,河南|生产|2023-06,河南,2023-06,生产,5,5,0.4281332046907875,0.7824458725633434,0.964561939239502,DQN修正版 experimental run / revised DQN experimental run; not formal policy conclusion
Q-learning,河南|餐饮|2023-06,河南,2023-06,餐饮,5,5,0.37153371767573806,0.017729208313554734,0.7724515795707703,DQN修正版 experimental run / revised DQN experimental run; not formal policy conclusion
Q-learning,浙江|流通|2023-06,浙江,2023-06,流通,1,1,0.008779715745433164,0.0008127300911961769,-0.020440388470888138,DQN修正版 experimental run / revised DQN experimental run; not formal policy conclusion
Q-learning,浙江|生产|2023-06,浙江,2023-06,生产,3,3,0.04899437836463963,0.018629323844759068,0.0395931676030159,DQN修正版 experimental run / revised DQN experimental run; not formal policy conclusion
Q-learning,浙江|餐饮|2023-06,浙江,2023-06,餐饮,10,10,0.4456164907848327,0.008512273677364878,0.9167199730873108,DQN修正版 experimental run / revised DQN experimental run; not formal policy conclusion
Q-learning,湖北|流通|2023-06,湖北,2023-06,流通,0,0,0.014687363037878244,0.0021384282150645516,-0.004623036365956068,DQN修正版 experimental run / revised DQN experimental run; not formal policy conclusion
Q-learning,湖北|生产|2023-06,湖北,2023-06,生产,5,5,0.22715144294009657,0.17461909426800745,0.6282340884208679,DQN修正版 experimental run / revised DQN experimental run; not formal policy conclusion
Q-learning,湖北|餐饮|2023-06,湖北,2023-06,餐饮,10,10,0.1104999124443497,0.07400407955005704,0.2533482015132904,DQN修正版 experimental run / revised DQN experimental run; not formal policy conclusion
Q-learning,湖南|流通|2023-06,湖南,2023-06,流通,1,1,0.009027511224464116,0.0019453154330412018,-0.019607746973633766,DQN修正版 experimental run / revised DQN experimental run; not formal policy conclusion
Q-learning,湖南|生产|2023-06,湖南,2023-06,生产,5,5,0.2115569790653572,0.23256572861126096,0.6354432106018066,DQN修正版 experimental run / revised DQN experimental run; not formal policy conclusion
Q-learning,湖南|餐饮|2023-06,湖南,2023-06,餐饮,3,3,0.14476579789939184,0.11902183019649974,0.3396703600883484,DQN修正版 experimental run / revised DQN experimental run; not formal policy conclusion
Q-learning,甘肃|流通|2023-06,甘肃,2023-06,流通,3,3,0.1976005055429239,0.20620855588131887,0.502687394618988,DQN修正版 experimental run / revised DQN experimental run; not formal policy conclusion
Q-learning,福建|流通|2023-06,福建,2023-06,流通,0,0,0.02910391114521711,0.0006729989054564011,-0.009160639718174934,DQN修正版 experimental run / revised DQN experimental run; not formal policy conclusion
Q-learning,福建|生产|2023-06,福建,2023-06,生产,0,0,0.10516413445559383,0.0678688700745821,-0.03308991342782974,DQN修正版 experimental run / revised DQN experimental run; not formal policy conclusion
Q-learning,福建|餐饮|2023-06,福建,2023-06,餐饮,3,3,0.03364045060809982,0.01032360013654845,-0.004401788115501404,DQN修正版 experimental run / revised DQN experimental run; not formal policy conclusion
Q-learning,贵州|流通|2023-06,贵州,2023-06,流通,3,3,0.09065165596706645,0.025431672183019238,0.1451929658651352,DQN修正版 experimental run / revised DQN experimental run; not formal policy conclusion
Q-learning,贵州|餐饮|2023-06,贵州,2023-06,餐饮,5,5,0.061854303531209284,0.027340878327146524,0.06523548811674118,DQN修正版 experimental run / revised DQN experimental run; not formal policy conclusion
Q-learning,辽宁|流通|2023-06,辽宁,2023-06,流通,3,3,0.03630982987187997,0.00177057245143812,-0.004888246301561594,DQN修正版 experimental run / revised DQN experimental run; not formal policy conclusion
Q-learning,辽宁|生产|2023-06,辽宁,2023-06,生产,5,5,0.20893483524698597,0.15576357796584053,0.5793930292129517,DQN修正版 experimental run / revised DQN experimental run; not formal policy conclusion
Q-learning,辽宁|餐饮|2023-06,辽宁,2023-06,餐饮,5,5,0.061806471576495596,0.018750892320728605,0.056090932339429855,DQN修正版 experimental run / revised DQN experimental run; not formal policy conclusion
Q-learning,重庆|流通|2023-06,重庆,2023-06,流通,1,1,0.029635087639877305,0.005807875353854961,0.007205595728009939,DQN修正版 experimental run / revised DQN experimental run; not formal policy conclusion
Q-learning,重庆|生产|2023-06,重庆,2023-06,生产,10,10,0.16430148425539648,0.058980558010977305,0.43208274245262146,DQN修正版 experimental run / revised DQN experimental run; not formal policy conclusion
Q-learning,重庆|餐饮|2023-06,重庆,2023-06,餐饮,3,3,0.021342216304490035,0.005362764970937925,-0.03826151415705681,DQN修正版 experimental run / revised DQN experimental run; not formal policy conclusion
Q-learning,陕西|流通|2023-06,陕西,2023-06,流通,3,3,0.15163801594186668,0.06501283222667263,0.3153037428855896,DQN修正版 experimental run / revised DQN experimental run; not formal policy conclusion
Q-learning,陕西|生产|2023-06,陕西,2023-06,生产,1,1,0.54,1.0,0.798214316368103,DQN修正版 experimental run / revised DQN experimental run; not formal policy conclusion
Q-learning,青海|流通|2023-06,青海,2023-06,流通,3,3,0.54,1.0,0.9660816192626953,DQN修正版 experimental run / revised DQN experimental run; not formal policy conclusion
Q-learning,黑龙江|流通|2023-06,黑龙江,2023-06,流通,1,1,0.025800515599756293,0.0069844501656603775,0.003106769174337387,DQN修正版 experimental run / revised DQN experimental run; not formal policy conclusion
Q-learning,黑龙江|餐饮|2023-06,黑龙江,2023-06,餐饮,0,0,0.004315671040293417,0.001017047217114363,-0.001358421752229333,DQN修正版 experimental run / revised DQN experimental run; not formal policy conclusion
Q-learning,上海|流通|2023-07,上海,2023-07,流通,3,3,0.04993514942178216,0.019213000253884373,0.042346347123384476,DQN修正版 experimental run / revised DQN experimental run; not formal policy conclusion
Q-learning,上海|餐饮|2023-07,上海,2023-07,餐饮,3,3,0.5036096386903359,1.0,0.959662675857544,DQN修正版 experimental run / revised DQN experimental run; not formal policy conclusion
Q-learning,不详|流通|2023-07,不详,2023-07,流通,5,5,0.35135514538292,0.0,0.7372665405273438,DQN修正版 experimental run / revised DQN experimental run; not formal policy conclusion
Q-learning,不详|餐饮|2023-07,不详,2023-07,餐饮,10,10,0.2614133315278418,7.194353006341665e-05,0.6541159152984619,DQN修正版 experimental run / revised DQN experimental run; not formal policy conclusion
Q-learning,云南|流通|2023-07,云南,2023-07,流通,3,3,0.07631969653820056,0.0389953647679316,0.12188579887151718,DQN修正版 experimental run / revised DQN experimental run; not formal policy conclusion
Q-learning,云南|餐饮|2023-07,云南,2023-07,餐饮,1,1,0.01961280252140944,0.004788318761515304,-0.0054321615025401115,DQN修正版 experimental run / revised DQN experimental run; not formal policy conclusion
Q-learning,内蒙古|流通|2023-07,内蒙古,2023-07,流通,5,5,0.12536397274571254,0.0438740017786547,0.27463579177856445,DQN修正版 experimental run / revised DQN experimental run; not formal policy conclusion
Q-learning,内蒙古|餐饮|2023-07,内蒙古,2023-07,餐饮,5,5,0.06554676815557328,0.030131292519392446,0.07967141270637512,DQN修正版 experimental run / revised DQN experimental run; not formal policy conclusion
Q-learning,北京|流通|2023-07,北京,2023-07,流通,3,3,0.35861723178396776,0.34548269932945713,0.7844988703727722,DQN修正版 experimental run / revised DQN experimental run; not formal policy conclusion
Q-learning,吉林|流通|2023-07,吉林,2023-07,流通,3,3,0.052490317120079025,0.013570022781045347,0.043948933482170105,DQN修正版 experimental run / revised DQN experimental run; not formal policy conclusion
Q-learning,吉林|餐饮|2023-07,吉林,2023-07,餐饮,0,0,0.01311622227126903,0.002905547303648652,-0.004128505475819111,DQN修正版 experimental run / revised DQN experimental run; not formal policy conclusion
Q-learning,四川|流通|2023-07,四川,2023-07,流通,3,3,0.026017044947578515,0.0033202959618240774,-0.0285925455391407,DQN修正版 experimental run / revised DQN experimental run; not formal policy conclusion
Q-learning,四川|生产|2023-07,四川,2023-07,生产,5,5,0.18396517940792653,0.18175858352238938,0.5445250868797302,DQN修正版 experimental run / revised DQN experimental run; not formal policy conclusion
Q-learning,四川|餐饮|2023-07,四川,2023-07,餐饮,10,10,0.1733671299553815,0.09046087179292625,0.4984894096851349,DQN修正版 experimental run / revised DQN experimental run; not formal policy conclusion
Q-learning,天津|流通|2023-07,天津,2023-07,流通,1,1,0.024650373282215948,0.006546737945598023,0.0015057220589369535,DQN修正版 experimental run / revised DQN experimental run; not formal policy conclusion
Q-learning,天津|生产|2023-07,天津,2023-07,生产,3,3,0.42177016654059507,0.7632428022816844,0.9138357043266296,DQN修正版 experimental run / revised DQN experimental run; not formal policy conclusion
Q-learning,天津|餐饮|2023-07,天津,2023-07,餐饮,3,3,0.5098817148356902,1.0,0.9608482122421265,DQN修正版 experimental run / revised DQN experimental run; not formal policy conclusion
Q-learning,宁夏|餐饮|2023-07,宁夏,2023-07,餐饮,10,10,0.17536095711885624,0.1670110917892404,0.5846149921417236,DQN修正版 experimental run / revised DQN experimental run; not formal policy conclusion
Q-learning,安徽|流通|2023-07,安徽,2023-07,流通,1,1,0.01436630578715014,0.0004885757676318074,-0.013817254453897476,DQN修正版 experimental run / revised DQN experimental run; not formal policy conclusion
Q-learning,安徽|生产|2023-07,安徽,2023-07,生产,1,1,0.04308646833053227,0.015159956116363064,0.02791307121515274,DQN修正版 experimental run / revised DQN experimental run; not formal policy conclusion
Q-learning,安徽|餐饮|2023-07,安徽,2023-07,餐饮,5,5,0.06014597989317724,0.013775536013126116,0.045681484043598175,DQN修正版 experimental run / revised DQN experimental run; not formal policy conclusion
Q-learning,山东|流通|2023-07,山东,2023-07,流通,0,0,0.0,0.0,0.0,DQN修正版 experimental run / revised DQN experimental run; not formal policy conclusion
Q-learning,山东|生产|2023-07,山东,2023-07,生产,1,1,0.08107255084325692,0.007869177380478608,0.07045988738536835,DQN修正版 experimental run / revised DQN experimental run; not formal policy conclusion
Q-learning,山东|餐饮|2023-07,山东,2023-07,餐饮,0,0,0.002725163199977326,0.0005304776719776425,-0.0008577860426157713,DQN修正版 experimental run / revised DQN experimental run; not formal policy conclusion
Q-learning,山西|流通|2023-07,山西,2023-07,流通,5,5,0.10506917894685283,0.06776188617792436,0.23864208161830902,DQN修正版 experimental run / revised DQN experimental run; not formal policy conclusion
Q-learning,山西|餐饮|2023-07,山西,2023-07,餐饮,0,0,0.01625360094981668,0.0037603389064026394,-0.005116021726280451,DQN修正版 experimental run / revised DQN experimental run; not formal policy conclusion
Q-learning,广东|流通|2023-07,广东,2023-07,流通,3,3,0.02706464019298526,0.0,-0.028753750026226044,DQN修正版 experimental run / revised DQN experimental run; not formal policy conclusion
Q-learning,广东|生产|2023-07,广东,2023-07,生产,5,5,0.4242688363460605,0.0008835243172181129,0.8255659341812134,DQN修正版 experimental run / revised DQN experimental run; not formal policy conclusion
Q-learning,广东|餐饮|2023-07,广东,2023-07,餐饮,0,0,0.004087852299805947,0.0006634414681604152,-0.001286712591536343,DQN修正版 experimental run / revised DQN experimental run; not formal policy conclusion
Q-learning,广西|流通|2023-07,广西,2023-07,流通,0,0,0.0013368975172720478,0.0002063976606505573,-0.00042080864659510553,DQN修正版 experimental run / revised DQN experimental run; not formal policy conclusion
Q-learning,广西|生产|2023-07,广西,2023-07,生产,10,10,0.4334631695243231,0.0010001637807892474,0.9062104225158691,DQN修正版 experimental run / revised DQN experimental run; not formal policy conclusion
Q-learning,新疆|流通|2023-07,新疆,2023-07,流通,3,3,0.1527704755115719,0.13088992726379547,0.3651401400566101,DQN修正版 experimental run / revised DQN experimental run; not formal policy conclusion
Q-learning,新疆|生产|2023-07,新疆,2023-07,生产,3,3,0.49921385854199885,1.0,0.9588109254837036,DQN修正版 experimental run / revised DQN experimental run; not formal policy conclusion
Q-learning,新疆|餐饮|2023-07,新疆,2023-07,餐饮,1,1,0.019387231248602713,0.004715653236611822,-0.00573996314778924,DQN修正版 experimental run / revised DQN experimental run; not formal policy conclusion
Q-learning,江苏|流通|2023-07,江苏,2023-07,流通,10,10,0.4167540595372565,0.00036138515893076615,0.8926529288291931,DQN修正版 experimental run / revised DQN experimental run; not formal policy conclusion
Q-learning,江苏|生产|2023-07,江苏,2023-07,生产,1,1,0.04710643038889444,0.0174837989384409,0.033876534551382065,DQN修正版 experimental run / revised DQN experimental run; not formal policy conclusion
Q-learning,江苏|餐饮|2023-07,江苏,2023-07,餐饮,0,0,0.006616494018078052,0.0014611770651178496,-0.002082638442516327,DQN修正版 experimental run / revised DQN experimental run; not formal policy conclusion
Q-learning,江西|流通|2023-07,江西,2023-07,流通,0,0,0.014153039432502373,0.0015165330477689546,-0.004454853478819132,DQN修正版 experimental run / revised DQN experimental run; not formal policy conclusion
Q-learning,江西|餐饮|2023-07,江西,2023-07,餐饮,3,3,0.02086357876075945,0.005200713555018421,-0.03955282270908356,DQN修正版 experimental run / revised DQN experimental run; not formal policy conclusion
Q-learning,河北|流通|2023-07,河北,2023-07,流通,0,0,0.003265080621701171,0.00017222774208759412,-0.0010277330875396729,DQN修正版 experimental run / revised DQN experimental run; not formal policy conclusion
Q-learning,河北|生产|2023-07,河北,2023-07,生产,5,5,0.198341663415156,0.20757478264946996,0.593326210975647,DQN修正版 experimental run / revised DQN experimental run; not formal policy conclusion
Q-learning,河北|餐饮|2023-07,河北,2023-07,餐饮,3,3,0.027334705528412634,0.007589181812252702,-0.021924316883087158,DQN修正版 experimental run / revised DQN experimental run; not formal policy conclusion
Q-learning,河南|流通|2023-07,河南,2023-07,流通,5,5,0.034899283475779266,0.0003932996752385657,-0.04748959094285965,DQN修正版 experimental run / revised DQN experimental run; not formal policy conclusion
Q-learning,河南|餐饮|2023-07,河南,2023-07,餐饮,5,5,0.6944211280315931,0.013298097002959834,0.9663719534873962,DQN修正版 experimental run / revised DQN experimental run; not formal policy conclusion
Q-learning,浙江|流通|2023-07,浙江,2023-07,流通,3,3,0.05606193357340465,0.001044547957827521,0.04242036119103432,DQN修正版 experimental run / revised DQN experimental run; not formal policy conclusion
Q-learning,浙江|生产|2023-07,浙江,2023-07,生产,0,0,0.12936330508442587,0.024141396773763556,-0.04069656506180763,DQN修正版 experimental run / revised DQN experimental run; not formal policy conclusion
Q-learning,浙江|餐饮|2023-07,浙江,2023-07,餐饮,3,3,0.04344940943058742,0.007852442191346442,0.017384396865963936,DQN修正版 experimental run / revised DQN experimental run; not formal policy conclusion
Q-learning,湖北|流通|2023-07,湖北,2023-07,流通,1,1,0.010492134324094227,0.0014676883785265547,-0.01805596798658371,DQN修正版 experimental run / revised DQN experimental run; not formal policy conclusion
Q-learning,湖北|生产|2023-07,湖北,2023-07,生产,5,5,0.20964727736137978,0.15410781344665395,0.5797210335731506,DQN修正版 experimental run / revised DQN experimental run; not formal policy conclusion
Q-learning,湖北|餐饮|2023-07,湖北,2023-07,餐饮,5,5,0.08398367095661637,0.04594659695139081,0.15306849777698517,DQN修正版 experimental run / revised DQN experimental run; not formal policy conclusion
Q-learning,湖南|流通|2023-07,湖南,2023-07,流通,1,1,0.005921368146635123,0.0013329595365111403,-0.023661943152546883,DQN修正版 experimental run / revised DQN experimental run; not formal policy conclusion
Q-learning,湖南|生产|2023-07,湖南,2023-07,生产,10,10,0.1394978613830705,0.11148455843899863,0.41065484285354614,DQN修正版 experimental run / revised DQN experimental run; not formal policy conclusion
Q-learning,湖南|餐饮|2023-07,湖南,2023-07,餐饮,10,10,0.11185289981387259,0.07559816450252778,0.26086390018463135,DQN修正版 experimental run / revised DQN experimental run; not formal policy conclusion
Q-learning,甘肃|流通|2023-07,甘肃,2023-07,流通,3,3,0.1678361827337645,0.15455600133951553,0.412504643201828,DQN修正版 experimental run / revised DQN experimental run; not formal policy conclusion
Q-learning,福建|流通|2023-07,福建,2023-07,流通,3,3,0.052588128415823686,0.0006425793355738605,0.033677227795124054,DQN修正版 experimental run / revised DQN experimental run; not formal policy conclusion
Q-learning,福建|生产|2023-07,福建,2023-07,生产,1,1,0.07811492118441066,0.04057595629724003,0.08217643946409225,DQN修正版 experimental run / revised DQN experimental run; not formal policy conclusion
Q-learning,福建|餐饮|2023-07,福建,2023-07,餐饮,3,3,0.030119162627127695,0.008747416952737954,-0.014227894134819508,DQN修正版 experimental run / revised DQN experimental run; not formal policy conclusion
Q-learning,贵州|流通|2023-07,贵州,2023-07,流通,3,3,0.06897693143829249,0.016287697479959194,0.08597902208566666,DQN修正版 experimental run / revised DQN experimental run; not formal policy conclusion
Q-learning,贵州|餐饮|2023-07,贵州,2023-07,餐饮,3,3,0.04139232632441476,0.014227858872773955,0.017583582550287247,DQN修正版 experimental run / revised DQN experimental run; not formal policy conclusion
Q-learning,辽宁|流通|2023-07,辽宁,2023-07,流通,1,1,0.007735995409846693,0.0007547635653069327,-0.02173326537013054,DQN修正版 experimental run / revised DQN experimental run; not formal policy conclusion
Q-learning,辽宁|生产|2023-07,辽宁,2023-07,生产,0,0,0.1276321726924674,0.06592183329120802,-0.04015255346894264,DQN修正版 experimental run / revised DQN experimental run; not formal policy conclusion
Q-learning,辽宁|餐饮|2023-07,辽宁,2023-07,餐饮,3,3,0.04176373855881579,0.010024955566714525,0.015063717029988766,DQN修正版 experimental run / revised DQN experimental run; not formal policy conclusion
Q-learning,重庆|流通|2023-07,重庆,2023-07,流通,1,1,0.02469425302624728,0.004521222192503421,0.0006068871589377522,DQN修正版 experimental run / revised DQN experimental run; not formal policy conclusion
Q-learning,重庆|生产|2023-07,重庆,2023-07,生产,10,10,0.15514659687663765,0.05493568299243129,0.3952615559101105,DQN修正版 experimental run / revised DQN experimental run; not formal policy conclusion
Q-learning,重庆|餐饮|2023-07,重庆,2023-07,餐饮,0,0,0.0183470926300845,0.004387346078497028,-0.00577496038749814,DQN修正版 experimental run / revised DQN experimental run; not formal policy conclusion
Q-learning,陕西|流通|2023-07,陕西,2023-07,流通,3,3,0.15896641771879824,0.05332583046187708,0.32272881269454956,DQN修正版 experimental run / revised DQN experimental run; not formal policy conclusion
Q-learning,陕西|生产|2023-07,陕西,2023-07,生产,1,1,0.54,1.0,0.798214316368103,DQN修正版 experimental run / revised DQN experimental run; not formal policy conclusion
Q-learning,陕西|餐饮|2023-07,陕西,2023-07,餐饮,3,3,0.03674369788286224,0.011815180306191797,0.004342009779065847,DQN修正版 experimental run / revised DQN experimental run; not formal policy conclusion
Q-learning,黑龙江|流通|2023-07,黑龙江,2023-07,流通,1,1,0.05807763886935996,0.007943548018123994,0.04268917068839073,DQN修正版 experimental run / revised DQN experimental run; not formal policy conclusion
Q-learning,黑龙江|餐饮|2023-07,黑龙江,2023-07,餐饮,0,0,0.004346035177607179,0.0010275285647477477,-0.0013679793337360024,DQN修正版 experimental run / revised DQN experimental run; not formal policy conclusion
Q-learning,上海|流通|2023-08,上海,2023-08,流通,3,3,0.09752830785439266,0.025723343914616916,0.1617165505886078,DQN修正版 experimental run / revised DQN experimental run; not formal policy conclusion
Q-learning,上海|生产|2023-08,上海,2023-08,生产,5,5,0.18788746778748763,0.18865753574954144,0.5581327080726624,DQN修正版 experimental run / revised DQN experimental run; not formal policy conclusion
Q-learning,上海|餐饮|2023-08,上海,2023-08,餐饮,3,3,0.4405911622736777,0.8204561548046159,0.9278281331062317,DQN修正版 experimental run / revised DQN experimental run; not formal policy conclusion
Q-learning,不详|流通|2023-08,不详,2023-08,流通,3,3,0.36985445625492624,0.0,0.6656888127326965,DQN修正版 experimental run / revised DQN experimental run; not formal policy conclusion
Q-learning,不详|生产|2023-08,不详,2023-08,生产,5,5,0.54,1.0,0.9887419939041138,DQN修正版 experimental run / revised DQN experimental run; not formal policy conclusion
Q-learning,不详|餐饮|2023-08,不详,2023-08,餐饮,1,1,0.02086778041171896,5.929668829249821e-06,-0.0061575439758598804,DQN修正版 experimental run / revised DQN experimental run; not formal policy conclusion
Q-learning,云南|流通|2023-08,云南,2023-08,流通,3,3,0.06640415307945294,0.03079744676563887,0.09150554239749908,DQN修正版 experimental run / revised DQN experimental run; not formal policy conclusion
Q-learning,云南|餐饮|2023-08,云南,2023-08,餐饮,3,3,0.02050925197338472,0.005082260412110515,-0.04050743952393532,DQN修正版 experimental run / revised DQN experimental run; not formal policy conclusion
Q-learning,内蒙古|流通|2023-08,内蒙古,2023-08,流通,3,3,0.08376562085855709,0.029938653169723238,0.13240578770637512,DQN修正版 experimental run / revised DQN experimental run; not formal policy conclusion
Q-learning,内蒙古|餐饮|2023-08,内蒙古,2023-08,餐饮,3,3,0.041284537202839144,0.014169506323877598,0.017274636775255203,DQN修正版 experimental run / revised DQN experimental run; not formal policy conclusion
Q-learning,北京|流通|2023-08,北京,2023-08,流通,3,3,0.29837378492429634,0.2822819799434911,0.6959169507026672,DQN修正版 experimental run / revised DQN experimental run; not formal policy conclusion
Q-learning,北京|餐饮|2023-08,北京,2023-08,餐饮,3,3,0.16899483811257124,0.1564466253673184,0.4161083698272705,DQN修正版 experimental run / revised DQN experimental run; not formal policy conclusion
Q-learning,吉林|流通|2023-08,吉林,2023-08,流通,5,5,0.03059919657575637,0.00588698616976462,-0.05518019571900368,DQN修正版 experimental run / revised DQN experimental run; not formal policy conclusion
Q-learning,吉林|餐饮|2023-08,吉林,2023-08,餐饮,0,0,0.011344270654015819,0.0024679704727365746,-0.003570765256881714,DQN修正版 experimental run / revised DQN experimental run; not formal policy conclusion
Q-learning,四川|流通|2023-08,四川,2023-08,流通,3,3,0.024656828741241706,0.003155276515079587,-0.0320240743458271,DQN修正版 experimental run / revised DQN experimental run; not formal policy conclusion
Q-learning,四川|餐饮|2023-08,四川,2023-08,餐饮,10,10,0.17156714489117325,0.09081731273910415,0.49319198727607727,DQN修正版 experimental run / revised DQN experimental run; not formal policy conclusion
Q-learning,天津|流通|2023-08,天津,2023-08,流通,1,1,0.02056177167689211,0.005099736828571102,-0.004134554881602526,DQN修正版 experimental run / revised DQN experimental run; not formal policy conclusion
Q-learning,宁夏|生产|2023-08,宁夏,2023-08,生产,1,1,0.54,1.0,0.798214316368103,DQN修正版 experimental run / revised DQN experimental run; not formal policy conclusion
Q-learning,宁夏|餐饮|2023-08,宁夏,2023-08,餐饮,5,5,0.09088868941774038,0.05266055617274424,0.18097619712352753,DQN修正版 experimental run / revised DQN experimental run; not formal policy conclusion
Q-learning,安徽|流通|2023-08,安徽,2023-08,流通,5,5,0.07612116707096189,0.00040638809792844567,0.08157818019390106,DQN修正版 experimental run / revised DQN experimental run; not formal policy conclusion
Q-learning,安徽|生产|2023-08,安徽,2023-08,生产,3,3,0.038333184402744164,0.012616155778752648,0.008850528858602047,DQN修正版 experimental run / revised DQN experimental run; not formal policy conclusion
Q-learning,安徽|餐饮|2023-08,安徽,2023-08,餐饮,5,5,0.05837072599850246,0.013417344909827033,0.039748694747686386,DQN修正版 experimental run / revised DQN experimental run; not formal policy conclusion
Q-learning,山东|流通|2023-08,山东,2023-08,流通,0,0,0.0,0.0,0.0,DQN修正版 experimental run / revised DQN experimental run; not formal policy conclusion
Q-learning,山东|生产|2023-08,山东,2023-08,生产,1,1,0.05240718884739024,0.00629952129934892,0.03504880890250206,DQN修正版 experimental run / revised DQN experimental run; not formal policy conclusion
Q-learning,山东|餐饮|2023-08,山东,2023-08,餐饮,0,0,0.000949567683553191,0.00013279371490103252,-0.00029889075085520744,DQN修正版 experimental run / revised DQN experimental run; not formal policy conclusion
Q-learning,山西|流通|2023-08,山西,2023-08,流通,5,5,0.10151813305739524,0.06381657286188445,0.22417809069156647,DQN修正版 experimental run / revised DQN experimental run; not formal policy conclusion
Q-learning,山西|生产|2023-08,山西,2023-08,生产,3,3,0.40646335417519175,0.49721901144503794,0.8608419895172119,DQN修正版 experimental run / revised DQN experimental run; not formal policy conclusion
Q-learning,山西|餐饮|2023-08,山西,2023-08,餐饮,10,10,0.36924350687276386,0.009069061426415066,0.8478291034698486,DQN修正版 experimental run / revised DQN experimental run; not formal policy conclusion
Q-learning,广东|流通|2023-08,广东,2023-08,流通,10,10,0.41508164442693896,0.0,0.8911073803901672,DQN修正版 experimental run / revised DQN experimental run; not formal policy conclusion
Q-learning,广东|生产|2023-08,广东,2023-08,生产,3,3,0.11072671220543918,0.0006115155076536705,0.17297159135341644,DQN修正版 experimental run / revised DQN experimental run; not formal policy conclusion
Q-learning,广东|餐饮|2023-08,广东,2023-08,餐饮,1,1,0.021382036005324675,0.00022093888651862455,-0.005432628095149994,DQN修正版 experimental run / revised DQN experimental run; not formal policy conclusion
Q-learning,广西|流通|2023-08,广西,2023-08,流通,10,10,0.29839988577642207,0.00044772437893748874,0.7344150543212891,DQN修正版 experimental run / revised DQN experimental run; not formal policy conclusion
Q-learning,广西|生产|2023-08,广西,2023-08,生产,10,10,0.4191233044017485,0.0005832312526442111,0.8947210907936096,DQN修正版 experimental run / revised DQN experimental run; not formal policy conclusion
Q-learning,广西|餐饮|2023-08,广西,2023-08,餐饮,3,3,0.039375888729835856,0.008685475589715927,0.008180443197488785,DQN修正版 experimental run / revised DQN experimental run; not formal policy conclusion
Q-learning,新疆|流通|2023-08,新疆,2023-08,流通,3,3,0.14276058741702524,0.11612704996910121,0.3332659602165222,DQN修正版 experimental run / revised DQN experimental run; not formal policy conclusion
Q-learning,新疆|餐饮|2023-08,新疆,2023-08,餐饮,0,0,0.01903038721352876,0.004601766660453282,-0.0059900302439928055,DQN修正版 experimental run / revised DQN experimental run; not formal policy conclusion
Q-learning,江苏|流通|2023-08,江苏,2023-08,流通,0,0,0.006668127373767618,0.0002313863751726401,-0.002098890719935298,DQN修正版 experimental run / revised DQN experimental run; not formal policy conclusion
Q-learning,江苏|生产|2023-08,江苏,2023-08,生产,1,1,0.04241409274245966,0.014786658986537308,0.026922648772597313,DQN修正版 experimental run / revised DQN experimental run; not formal policy conclusion
Q-learning,江苏|餐饮|2023-08,江苏,2023-08,餐饮,0,0,0.003989515096819334,0.000907273874465974,-0.0012557595036923885,DQN修正版 experimental run / revised DQN experimental run; not formal policy conclusion
Q-learning,江西|流通|2023-08,江西,2023-08,流通,1,1,0.009472844416889304,0.0009680258769767331,-0.019526876509189606,DQN修正版 experimental run / revised DQN experimental run; not formal policy conclusion
Q-learning,江西|生产|2023-08,江西,2023-08,生产,3,3,0.03699933192824845,0.011942312796007748,0.005065749865025282,DQN修正版 experimental run / revised DQN experimental run; not formal policy conclusion
Q-learning,江西|餐饮|2023-08,江西,2023-08,餐饮,0,0,0.010508819934279209,0.002273021650268795,-0.0033077977132052183,DQN修正版 experimental run / revised DQN experimental run; not formal policy conclusion
Q-learning,河北|流通|2023-08,河北,2023-08,流通,0,0,0.0013959590837380252,7.424443993745658e-05,-0.0004393991839606315,DQN修正版 experimental run / revised DQN experimental run; not formal policy conclusion
Q-learning,河北|生产|2023-08,河北,2023-08,生产,10,10,0.13363444683334627,0.10335405818201109,0.3796969950199127,DQN修正版 experimental run / revised DQN experimental run; not formal policy conclusion
Q-learning,河北|餐饮|2023-08,河北,2023-08,餐饮,0,0,0.017183169871220372,0.004033168391031937,-0.005408609285950661,DQN修正版 experimental run / revised DQN experimental run; not formal policy conclusion
Q-learning,河南|流通|2023-08,河南,2023-08,流通,5,5,0.030566770113250034,0.00019239438309156176,-0.061246465891599655,DQN修正版 experimental run / revised DQN experimental run; not formal policy conclusion
Q-learning,河南|生产|2023-08,河南,2023-08,生产,5,5,0.38399594006167437,0.652384077545364,0.9393512606620789,DQN修正版 experimental run / revised DQN experimental run; not formal policy conclusion
Q-learning,河南|餐饮|2023-08,河南,2023-08,餐饮,5,5,0.25184382969327973,0.009332382721111287,0.5663998126983643,DQN修正版 experimental run / revised DQN experimental run; not formal policy conclusion
Q-learning,浙江|流通|2023-08,浙江,2023-08,流通,0,0,0.012730343053395946,0.0007923449199103123,-0.004007046110928059,DQN修正版 experimental run / revised DQN experimental run; not formal policy conclusion
Q-learning,浙江|生产|2023-08,浙江,2023-08,生产,1,1,0.08076829826712639,0.020806991672834067,0.07614133507013321,DQN修正版 experimental run / revised DQN experimental run; not formal policy conclusion
Q-learning,浙江|餐饮|2023-08,浙江,2023-08,餐饮,10,10,0.42181348614087905,0.008726443324679676,0.8992911577224731,DQN修正版 experimental run / revised DQN experimental run; not formal policy conclusion
Q-learning,湖北|流通|2023-08,湖北,2023-08,流通,1,1,0.007851010885156804,0.0011053393094215085,-0.021429091691970825,DQN修正版 experimental run / revised DQN experimental run; not formal policy conclusion
Q-learning,湖北|餐饮|2023-08,湖北,2023-08,餐饮,5,5,0.0854322478040705,0.0473198816480666,0.1589089184999466,DQN修正版 experimental run / revised DQN experimental run; not formal policy conclusion
Q-learning,湖南|流通|2023-08,湖南,2023-08,流通,1,1,0.00440901229531281,0.0010494095984879626,-0.025628766044974327,DQN修正版 experimental run / revised DQN experimental run; not formal policy conclusion
Q-learning,湖南|餐饮|2023-08,湖南,2023-08,餐饮,10,10,0.10754621056312508,0.07057790100514848,0.2369106411933899,DQN修正版 experimental run / revised DQN experimental run; not formal policy conclusion
Q-learning,甘肃|流通|2023-08,甘肃,2023-08,流通,3,3,0.13860745636013133,0.1102322409276073,0.3199772536754608,DQN修正版 experimental run / revised DQN experimental run; not formal policy conclusion
Q-learning,甘肃|餐饮|2023-08,甘肃,2023-08,餐饮,3,3,0.24097452360953847,0.29233250989734194,0.6219946146011353,DQN修正版 experimental run / revised DQN experimental run; not formal policy conclusion
Q-learning,福建|流通|2023-08,福建,2023-08,流通,3,3,0.05495375256252894,0.0005941601395551003,0.03936998173594475,DQN修正版 experimental run / revised DQN experimental run; not formal policy conclusion
Q-learning,福建|生产|2023-08,福建,2023-08,生产,3,3,0.06572055711760104,0.03026576620032498,0.08943116664886475,DQN修正版 experimental run / revised DQN experimental run; not formal policy conclusion
Q-learning,福建|餐饮|2023-08,福建,2023-08,餐饮,3,3,0.02877584790159237,0.008178896066312698,-0.01794910617172718,DQN修正版 experimental run / revised DQN experimental run; not formal policy conclusion
Q-learning,贵州|流通|2023-08,贵州,2023-08,流通,3,3,0.056493538047444725,0.011929503749372893,0.05230703577399254,DQN修正版 experimental run / revised DQN experimental run; not formal policy conclusion
Q-learning,贵州|生产|2023-08,贵州,2023-08,生产,5,5,0.2663648897446099,0.23134670703592888,0.726412296295166,DQN修正版 experimental run / revised DQN experimental run; not formal policy conclusion
Q-learning,贵州|餐饮|2023-08,贵州,2023-08,餐饮,3,3,0.020404277413051723,0.005047413849139775,-0.040790047496557236,DQN修正版 experimental run / revised DQN experimental run; not formal policy conclusion
Q-learning,辽宁|流通|2023-08,辽宁,2023-08,流通,0,0,0.02833846143645699,0.0006064746232960311,-0.008919722400605679,DQN修正版 experimental run / revised DQN experimental run; not formal policy conclusion
Q-learning,辽宁|生产|2023-08,辽宁,2023-08,生产,1,1,0.09077935832121536,0.03679797931805742,0.09565708041191101,DQN修正版 experimental run / revised DQN experimental run; not formal policy conclusion
Q-learning,辽宁|餐饮|2023-08,辽宁,2023-08,餐饮,3,3,0.020052205594355492,0.0034360505850794133,-0.04295235127210617,DQN修正版 experimental run / revised DQN experimental run; not formal policy conclusion
Q-learning,重庆|流通|2023-08,重庆,2023-08,流通,0,0,0.018426824579061356,0.003067790163656676,-0.005800056271255016,DQN修正版 experimental run / revised DQN experimental run; not formal policy conclusion
Q-learning,重庆|生产|2023-08,重庆,2023-08,生产,10,10,0.15050537189222,0.05365329185394234,0.37706679105758667,DQN修正版 experimental run / revised DQN experimental run; not formal policy conclusion
Q-learning,重庆|餐饮|2023-08,重庆,2023-08,餐饮,0,0,0.01863709503564407,0.004477763546383336,-0.005866239778697491,DQN修正版 experimental run / revised DQN experimental run; not formal policy conclusion
Q-learning,陕西|流通|2023-08,陕西,2023-08,流通,3,3,0.12183258725867052,0.043354912764231285,0.23216208815574646,DQN修正版 experimental run / revised DQN experimental run; not formal policy conclusion
Q-learning,陕西|餐饮|2023-08,陕西,2023-08,餐饮,1,1,0.038341627550859125,0.012620477139297747,0.02096731588244438,DQN修正版 experimental run / revised DQN experimental run; not formal policy conclusion
Q-learning,青海|流通|2023-08,青海,2023-08,流通,3,3,0.54,1.0,0.9660816192626953,DQN修正版 experimental run / revised DQN experimental run; not formal policy conclusion
Q-learning,青海|餐饮|2023-08,青海,2023-08,餐饮,10,10,0.287637322334536,0.3979995792261033,0.9022135138511658,DQN修正版 experimental run / revised DQN experimental run; not formal policy conclusion
Q-learning,黑龙江|流通|2023-08,黑龙江,2023-08,流通,5,5,0.038049258494302324,0.008083105535593268,-0.029556164517998695,DQN修正版 experimental run / revised DQN experimental run; not formal policy conclusion
Q-learning,黑龙江|生产|2023-08,黑龙江,2023-08,生产,5,5,0.24317187020582864,0.2970174990999351,0.7246549725532532,DQN修正版 experimental run / revised DQN experimental run; not formal policy conclusion
Q-learning,黑龙江|餐饮|2023-08,黑龙江,2023-08,餐饮,0,0,0.0028116557500138606,0.0005537790697714205,-0.0008850108715705574,DQN修正版 experimental run / revised DQN experimental run; not formal policy conclusion
Q-learning,上海|流通|2023-09,上海,2023-09,流通,3,3,0.06496558281821492,0.019375782626589066,0.07880929112434387,DQN修正版 experimental run / revised DQN experimental run; not formal policy conclusion
Q-learning,不详|流通|2023-09,不详,2023-09,流通,3,3,0.36528596530876545,0.0,0.6594705581665039,DQN修正版 experimental run / revised DQN experimental run; not formal policy conclusion
Q-learning,不详|生产|2023-09,不详,2023-09,生产,10,10,0.13946954387115265,0.11144463422858122,0.4105066955089569,DQN修正版 experimental run / revised DQN experimental run; not formal policy conclusion
Q-learning,不详|餐饮|2023-09,不详,2023-09,餐饮,0,0,0.0001528799867980522,0.0,-4.812128463527188e-05,DQN修正版 experimental run / revised DQN experimental run; not formal policy conclusion
Q-learning,云南|流通|2023-09,云南,2023-09,流通,3,3,0.05886874270740942,0.02517831559062172,0.06879527121782303,DQN修正版 experimental run / revised DQN experimental run; not formal policy conclusion
Q-learning,云南|生产|2023-09,云南,2023-09,生产,3,3,0.33028785804982647,0.5050791978258177,0.8069276213645935,DQN修正版 experimental run / revised DQN experimental run; not formal policy conclusion
Q-learning,云南|餐饮|2023-09,云南,2023-09,餐饮,0,0,0.007818947496728314,0.0016949929615934717,-0.002461126772686839,DQN修正版 experimental run / revised DQN experimental run; not formal policy conclusion
Q-learning,内蒙古|流通|2023-09,内蒙古,2023-09,流通,5,5,0.12200632451824325,0.0312516833226885,0.2524940073490143,DQN修正版 experimental run / revised DQN experimental run; not formal policy conclusion
Q-learning,内蒙古|餐饮|2023-09,内蒙古,2023-09,餐饮,3,3,0.03335738169718233,0.010192312207788748,-0.0051954747177660465,DQN修正版 experimental run / revised DQN experimental run; not formal policy conclusion
Q-learning,北京|流通|2023-09,北京,2023-09,流通,3,3,0.26691984553449233,0.23624146392640277,0.6324796080589294,DQN修正版 experimental run / revised DQN experimental run; not formal policy conclusion
Q-learning,吉林|流通|2023-09,吉林,2023-09,流通,1,1,0.026489348656811032,0.0048386136953210415,0.002933815587311983,DQN修正版 experimental run / revised DQN experimental run; not formal policy conclusion
Q-learning,吉林|生产|2023-09,吉林,2023-09,生产,5,5,0.4281332046907875,0.7824458725633434,0.964561939239502,DQN修正版 experimental run / revised DQN experimental run; not formal policy conclusion
Q-learning,吉林|餐饮|2023-09,吉林,2023-09,餐饮,0,0,0.012315315818357472,0.002703714755559948,-0.0038764122873544693,DQN修正版 experimental run / revised DQN experimental run; not formal policy conclusion
Q-learning,四川|流通|2023-09,四川,2023-09,流通,3,3,0.04409919310760213,0.0023924764032164,0.014516601338982582,DQN修正版 experimental run / revised DQN experimental run; not formal policy conclusion
Q-learning,四川|生产|2023-09,四川,2023-09,生产,5,5,0.1798068888509468,0.17456461208223806,0.529869794845581,DQN修正版 experimental run / revised DQN experimental run; not formal policy conclusion
Q-learning,四川|餐饮|2023-09,四川,2023-09,餐饮,10,10,0.15159475488354776,0.04397835270804179,0.36862167716026306,DQN修正版 experimental run / revised DQN experimental run; not formal policy conclusion
Q-learning,天津|流通|2023-09,天津,2023-09,流通,0,0,0.017195348623638057,0.00403680205819651,-0.005412442609667778,DQN修正版 experimental run / revised DQN experimental run; not formal policy conclusion
Q-learning,天津|餐饮|2023-09,天津,2023-09,餐饮,3,3,0.33931867004445815,0.5289254360443681,0.820871889591217,DQN修正版 experimental run / revised DQN experimental run; not formal policy conclusion
Q-learning,安徽|流通|2023-09,安徽,2023-09,流通,1,1,0.012632926438616526,0.00028164304690266436,-0.01601690798997879,DQN修正版 experimental run / revised DQN experimental run; not formal policy conclusion
Q-learning,安徽|生产|2023-09,安徽,2023-09,生产,3,3,0.036707774348512565,0.0117973666075839,0.004240346606820822,DQN修正版 experimental run / revised DQN experimental run; not formal policy conclusion
Q-learning,安徽|餐饮|2023-09,安徽,2023-09,餐饮,5,5,0.054248794944376524,0.01215323339629246,0.025509145110845566,DQN修正版 experimental run / revised DQN experimental run; not formal policy conclusion
Q-learning,山东|流通|2023-09,山东,2023-09,流通,5,5,0.08,0.0,0.09322524070739746,DQN修正版 experimental run / revised DQN experimental run; not formal policy conclusion
Q-learning,山东|生产|2023-09,山东,2023-09,生产,10,10,0.5328330740656386,0.009857579333741226,0.9592249989509583,DQN修正版 experimental run / revised DQN experimental run; not formal policy conclusion
Q-learning,山东|餐饮|2023-09,山东,2023-09,餐饮,1,1,0.02083890029310136,0.0002677267761290521,-0.006069529335945845,DQN修正版 experimental run / revised DQN experimental run; not formal policy conclusion
Q-learning,山西|流通|2023-09,山西,2023-09,流通,3,3,0.08753207894714797,0.049343843545924755,0.15681996941566467,DQN修正版 experimental run / revised DQN experimental run; not formal policy conclusion
Q-learning,山西|餐饮|2023-09,山西,2023-09,餐饮,5,5,0.051635089808606455,0.006963069271430744,0.011862513609230518,DQN修正版 experimental run / revised DQN experimental run; not formal policy conclusion
Q-learning,广东|流通|2023-09,广东,2023-09,流通,5,5,0.08821303090228055,0.0,0.1186906099319458,DQN修正版 experimental run / revised DQN experimental run; not formal policy conclusion
Q-learning,广东|生产|2023-09,广东,2023-09,生产,3,3,0.06003655760172384,0.00022919286790259148,0.05138050764799118,DQN修正版 experimental run / revised DQN experimental run; not formal policy conclusion
Q-learning,广东|餐饮|2023-09,广东,2023-09,餐饮,0,0,0.0007371308618335166,0.0001877639043864526,-0.00023202307056635618,DQN修正版 experimental run / revised DQN experimental run; not formal policy conclusion
Q-learning,广西|流通|2023-09,广西,2023-09,流通,10,10,0.4577071437523651,0.003084613863162596,0.9232717156410217,DQN修正版 experimental run / revised DQN experimental run; not formal policy conclusion
Q-learning,广西|生产|2023-09,广西,2023-09,生产,10,10,0.3727792373664978,0.0002627894497431482,0.8483203053474426,DQN修正版 experimental run / revised DQN experimental run; not formal policy conclusion
Q-learning,广西|餐饮|2023-09,广西,2023-09,餐饮,3,3,0.04048692277110802,0.009234660771231312,0.011322989128530025,DQN修正版 experimental run / revised DQN experimental run; not formal policy conclusion
Q-learning,新疆|餐饮|2023-09,新疆,2023-09,餐饮,0,0,0.014863206253272285,0.003368929912593819,-0.004678384400904179,DQN修正版 experimental run / revised DQN experimental run; not formal policy conclusion
Q-learning,江苏|流通|2023-09,江苏,2023-09,流通,5,5,0.04819683558388642,0.00020656459388796982,-0.006020527798682451,DQN修正版 experimental run / revised DQN experimental run; not formal policy conclusion
Q-learning,江苏|生产|2023-09,江苏,2023-09,生产,3,3,0.06903729916280568,0.011914917316548363,0.08258973807096481,DQN修正版 experimental run / revised DQN experimental run; not formal policy conclusion
Q-learning,江苏|餐饮|2023-09,江苏,2023-09,餐饮,0,0,0.0030137549331157925,0.0006096440686375001,-0.000948624568991363,DQN修正版 experimental run / revised DQN experimental run; not formal policy conclusion
Q-learning,江西|流通|2023-09,江西,2023-09,流通,3,3,0.03127817185685462,0.0008891858632350425,-0.017812445759773254,DQN修正版 experimental run / revised DQN experimental run; not formal policy conclusion
Q-learning,江西|生产|2023-09,江西,2023-09,生产,1,1,0.08021817171369558,0.016742076453496478,0.07357772439718246,DQN修正版 experimental run / revised DQN experimental run; not formal policy conclusion
Q-learning,江西|餐饮|2023-09,江西,2023-09,餐饮,0,0,0.010643012237250575,0.0023038431621914763,-0.0033500362187623978,DQN修正版 experimental run / revised DQN experimental run; not formal policy conclusion
Q-learning,河北|流通|2023-09,河北,2023-09,流通,10,10,0.3610041926321948,0.00012333950915784052,0.8338086605072021,DQN修正版 experimental run / revised DQN experimental run; not formal policy conclusion
Q-learning,河北|生产|2023-09,河北,2023-09,生产,5,5,0.21963515822414714,0.13637178539074224,0.5880781412124634,DQN修正版 experimental run / revised DQN experimental run; not formal policy conclusion
Q-learning,河北|餐饮|2023-09,河北,2023-09,餐饮,0,0,0.012585082096208648,0.0027709514069497597,-0.003961323760449886,DQN修正版 experimental run / revised DQN experimental run; not formal policy conclusion
Q-learning,河南|流通|2023-09,河南,2023-09,流通,5,5,0.05117502272600701,0.00016559692414431,0.0032758971210569143,DQN修正版 experimental run / revised DQN experimental run; not formal policy conclusion
Q-learning,河南|生产|2023-09,河南,2023-09,生产,5,5,0.3495686604789557,0.5564585869591452,0.9093437790870667,DQN修正版 experimental run / revised DQN experimental run; not formal policy conclusion
Q-learning,河南|餐饮|2023-09,河南,2023-09,餐饮,10,10,0.613592230135478,0.008273102112952237,0.9789910912513733,DQN修正版 experimental run / revised DQN experimental run; not formal policy conclusion
Q-learning,浙江|流通|2023-09,浙江,2023-09,流通,3,3,0.03577485628708809,0.0008949702676506469,-0.006899054162204266,DQN修正版 experimental run / revised DQN experimental run; not formal policy conclusion
Q-learning,浙江|生产|2023-09,浙江,2023-09,生产,1,1,0.08153333539755675,0.02171632288550722,0.07748887687921524,DQN修正版 experimental run / revised DQN experimental run; not formal policy conclusion
Q-learning,浙江|餐饮|2023-09,浙江,2023-09,餐饮,5,5,0.059081407180392634,0.009031355224262879,0.037371087819337845,DQN修正版 experimental run / revised DQN experimental run; not formal policy conclusion
Q-learning,海南|流通|2023-09,海南,2023-09,流通,1,1,0.54,1.0,0.798214316368103,DQN修正版 experimental run / revised DQN experimental run; not formal policy conclusion
Q-learning,湖北|流通|2023-09,湖北,2023-09,流通,0,0,0.0024325736512101144,0.00047423441905440703,-0.0007656891248188913,DQN修正版 experimental run / revised DQN experimental run; not formal policy conclusion
Q-learning,湖北|生产|2023-09,湖北,2023-09,生产,5,5,0.28993551555048236,0.17794446321795085,0.734706699848175,DQN修正版 experimental run / revised DQN experimental run; not formal policy conclusion
Q-learning,湖北|餐饮|2023-09,湖北,2023-09,餐饮,3,3,0.04382644638574017,0.015575894191001102,0.024583904072642326,DQN修正版 experimental run / revised DQN experimental run; not formal policy conclusion
Q-learning,湖南|流通|2023-09,湖南,2023-09,流通,1,1,0.0035988253068814967,0.0007825603781172741,-0.02673632837831974,DQN修正版 experimental run / revised DQN experimental run; not formal policy conclusion
Q-learning,湖南|生产|2023-09,湖南,2023-09,生产,0,0,0.11370776147005365,0.07780863601435295,-0.035775959491729736,DQN修正版 experimental run / revised DQN experimental run; not formal policy conclusion
Q-learning,湖南|餐饮|2023-09,湖南,2023-09,餐饮,5,5,0.0675631175012467,0.03170878942379786,0.08759680390357971,DQN修正版 experimental run / revised DQN experimental run; not formal policy conclusion
Q-learning,甘肃|流通|2023-09,甘肃,2023-09,流通,3,3,0.13785008474886631,0.10917198455492384,0.3175508677959442,DQN修正版 experimental run / revised DQN experimental run; not formal policy conclusion
Q-learning,福建|流通|2023-09,福建,2023-09,流通,5,5,0.033008413405772555,0.0004086615846952056,-0.05338813364505768,DQN修正版 experimental run / revised DQN experimental run; not formal policy conclusion
Q-learning,福建|生产|2023-09,福建,2023-09,生产,3,3,0.06351911336868438,0.028583181269325752,0.08276966959238052,DQN修正版 experimental run / revised DQN experimental run; not formal policy conclusion
Q-learning,福建|餐饮|2023-09,福建,2023-09,餐饮,0,0,0.014266030810903042,0.0032069669059214905,-0.0044904183596372604,DQN修正版 experimental run / revised DQN experimental run; not formal policy conclusion
Q-learning,贵州|流通|2023-09,贵州,2023-09,流通,1,1,0.05062298332537831,0.010199116924799643,0.034717634320259094,DQN修正版 experimental run / revised DQN experimental run; not formal policy conclusion
Q-learning,贵州|生产|2023-09,贵州,2023-09,生产,5,5,0.25692490707155,0.22088557626544422,0.7066649794578552,DQN修正版 experimental run / revised DQN experimental run; not formal policy conclusion
Q-learning,贵州|餐饮|2023-09,贵州,2023-09,餐饮,0,0,0.018744533782382576,0.004511480591127398,-0.005900056567043066,DQN修正版 experimental run / revised DQN experimental run; not formal policy conclusion
Q-learning,辽宁|流通|2023-09,辽宁,2023-09,流通,0,0,0.00543027916560641,0.00040078810926610047,-0.0017092607449740171,DQN修正版 experimental run / revised DQN experimental run; not formal policy conclusion
Q-learning,辽宁|生产|2023-09,辽宁,2023-09,生产,1,1,0.07845325472472682,0.02902493812365232,0.0771893560886383,DQN修正版 experimental run / revised DQN experimental run; not formal policy conclusion
Q-learning,辽宁|餐饮|2023-09,辽宁,2023-09,餐饮,0,0,0.0176177918976472,0.002937518876328494,-0.005545409396290779,DQN修正版 experimental run / revised DQN experimental run; not formal policy conclusion
Q-learning,重庆|流通|2023-09,重庆,2023-09,流通,3,3,0.04299810351895416,0.0029465704709450975,0.012296494096517563,DQN修正版 experimental run / revised DQN experimental run; not formal policy conclusion
Q-learning,重庆|生产|2023-09,重庆,2023-09,生产,10,10,0.1327029616128442,0.04418251530867512,0.29847460985183716,DQN修正版 experimental run / revised DQN experimental run; not formal policy conclusion
Q-learning,重庆|餐饮|2023-09,重庆,2023-09,餐饮,0,0,0.01525635644826177,0.003477576089727966,-0.004802131559699774,DQN修正版 experimental run / revised DQN experimental run; not formal policy conclusion
Q-learning,陕西|流通|2023-09,陕西,2023-09,流通,5,5,0.10128115158895257,0.03211592416244433,0.19159194827079773,DQN修正版 experimental run / revised DQN experimental run; not formal policy conclusion
Q-learning,陕西|餐饮|2023-09,陕西,2023-09,餐饮,3,3,0.032554066750683966,0.009824088084084248,-0.007444276474416256,DQN修正版 experimental run / revised DQN experimental run; not formal policy conclusion
Q-learning,青海|流通|2023-09,青海,2023-09,流通,3,3,0.4760759903826828,0.6856623345724956,0.9244655966758728,DQN修正版 experimental run / revised DQN experimental run; not formal policy conclusion
Q-learning,青海|餐饮|2023-09,青海,2023-09,餐饮,10,10,0.24645749474735862,0.30407837803521265,0.824772834777832,DQN修正版 experimental run / revised DQN experimental run; not formal policy conclusion
Q-learning,黑龙江|流通|2023-09,黑龙江,2023-09,流通,1,1,0.06897474228350171,0.008925537463582567,0.05633699148893356,DQN修正版 experimental run / revised DQN experimental run; not formal policy conclusion
Q-learning,黑龙江|生产|2023-09,黑龙江,2023-09,生产,5,5,0.18469618494472284,0.1830360515464111,0.5470772981643677,DQN修正版 experimental run / revised DQN experimental run; not formal policy conclusion
Q-learning,黑龙江|餐饮|2023-09,黑龙江,2023-09,餐饮,0,0,0.0030046882798381467,0.0006070952746171593,-0.0009457707055844367,DQN修正版 experimental run / revised DQN experimental run; not formal policy conclusion
Q-learning,上海|流通|2023-10,上海,2023-10,流通,3,3,0.06228447222681727,0.01836801828799598,0.07152500003576279,DQN修正版 experimental run / revised DQN experimental run; not formal policy conclusion
Q-learning,不详|流通|2023-10,不详,2023-10,流通,3,3,0.37875312065781497,0.0,0.6775398254394531,DQN修正版 experimental run / revised DQN experimental run; not formal policy conclusion
Q-learning,不详|生产|2023-10,不详,2023-10,生产,5,5,0.42040748665117517,0.10424137294515527,0.8539528846740723,DQN修正版 experimental run / revised DQN experimental run; not formal policy conclusion
Q-learning,不详|餐饮|2023-10,不详,2023-10,餐饮,10,10,0.3343768083616045,4.8565964652005085e-05,0.7963821291923523,DQN修正版 experimental run / revised DQN experimental run; not formal policy conclusion
Q-learning,云南|流通|2023-10,云南,2023-10,流通,3,3,0.054351578056947486,0.022066788523074175,0.05535413324832916,DQN修正版 experimental run / revised DQN experimental run; not formal policy conclusion
Q-learning,云南|生产|2023-10,云南,2023-10,生产,3,3,0.2296102591408221,0.2685848085760669,0.5923927426338196,DQN修正版 experimental run / revised DQN experimental run; not formal policy conclusion
Q-learning,云南|餐饮|2023-10,云南,2023-10,餐饮,0,0,0.006096605824685445,0.0013648020079111865,-0.0019189964514225721,DQN修正版 experimental run / revised DQN experimental run; not formal policy conclusion
Q-learning,内蒙古|流通|2023-10,内蒙古,2023-10,流通,3,3,0.09068487390291011,0.02611141145385117,0.14581352472305298,DQN修正版 experimental run / revised DQN experimental run; not formal policy conclusion
Q-learning,内蒙古|生产|2023-10,内蒙古,2023-10,生产,1,1,0.54,1.0,0.798214316368103,DQN修正版 experimental run / revised DQN experimental run; not formal policy conclusion
Q-learning,内蒙古|餐饮|2023-10,内蒙古,2023-10,餐饮,3,3,0.027280452295849883,0.007567390826014277,-0.022073620930314064,DQN修正版 experimental run / revised DQN experimental run; not formal policy conclusion
Q-learning,北京|流通|2023-10,北京,2023-10,流通,3,3,0.22781631194812585,0.1816007860769519,0.541429340839386,DQN修正版 experimental run / revised DQN experimental run; not formal policy conclusion
Q-learning,北京|生产|2023-10,北京,2023-10,生产,3,3,0.54,1.0,0.9660816192626953,DQN修正版 experimental run / revised DQN experimental run; not formal policy conclusion
Q-learning,吉林|流通|2023-10,吉林,2023-10,流通,1,1,0.05144290134106916,0.004525489381178909,0.03304743021726608,DQN修正版 experimental run / revised DQN experimental run; not formal policy conclusion
Q-learning,吉林|餐饮|2023-10,吉林,2023-10,餐饮,0,0,0.013124509788381172,0.0029076706958252,-0.004131114110350609,DQN修正版 experimental run / revised DQN experimental run; not formal policy conclusion
Q-learning,四川|流通|2023-10,四川,2023-10,流通,3,3,0.04580675573916241,0.0021880028892415854,0.018492162227630615,DQN修正版 experimental run / revised DQN experimental run; not formal policy conclusion
Q-learning,四川|生产|2023-10,四川,2023-10,生产,10,10,0.16500275305234224,0.14997462441113474,0.5375123620033264,DQN修正版 experimental run / revised DQN experimental run; not formal policy conclusion
Q-learning,四川|餐饮|2023-10,四川,2023-10,餐饮,5,5,0.0668707345166466,0.013796060061065143,0.06672435253858566,DQN修正版 experimental run / revised DQN experimental run; not formal policy conclusion
Q-learning,天津|流通|2023-10,天津,2023-10,流通,1,1,0.011364990033184693,0.0024728978915213185,-0.016525018960237503,DQN修正版 experimental run / revised DQN experimental run; not formal policy conclusion
Q-learning,天津|生产|2023-10,天津,2023-10,生产,3,3,0.29830547808310404,0.42389180507588403,0.7506585717201233,DQN修正版 experimental run / revised DQN experimental run; not formal policy conclusion
Q-learning,天津|餐饮|2023-10,天津,2023-10,餐饮,3,3,0.1733969200710039,0.16372006776990503,0.4297407567501068,DQN修正版 experimental run / revised DQN experimental run; not formal policy conclusion
Q-learning,安徽|流通|2023-10,安徽,2023-10,流通,5,5,0.03075402514460969,0.00018970585493636,-0.060664232820272446,DQN修正版 experimental run / revised DQN experimental run; not formal policy conclusion
Q-learning,安徽|生产|2023-10,安徽,2023-10,生产,3,3,0.028546085639887052,0.00808347428336782,-0.018584059551358223,DQN修正版 experimental run / revised DQN experimental run; not formal policy conclusion
Q-learning,安徽|餐饮|2023-10,安徽,2023-10,餐饮,5,5,0.04723014564862718,0.009896404961340935,0.0011322485515847802,DQN修正版 experimental run / revised DQN experimental run; not formal policy conclusion
Q-learning,山东|流通|2023-10,山东,2023-10,流通,3,3,0.02,0.0,-0.04587063938379288,DQN修正版 experimental run / revised DQN experimental run; not formal policy conclusion
Q-learning,山东|生产|2023-10,山东,2023-10,生产,1,1,0.09070619417421817,0.007559826197370064,0.08193455636501312,DQN修正版 experimental run / revised DQN experimental run; not formal policy conclusion
Q-learning,山东|餐饮|2023-10,山东,2023-10,餐饮,0,0,0.0003226858881477806,0.00013661436372008326,-0.00010157025826629251,DQN修正版 experimental run / revised DQN experimental run; not formal policy conclusion
Q-learning,山西|生产|2023-10,山西,2023-10,生产,3,3,0.37828096504563313,0.4471396107418442,0.8297820091247559,DQN修正版 experimental run / revised DQN experimental run; not formal policy conclusion
Q-learning,山西|餐饮|2023-10,山西,2023-10,餐饮,3,3,0.04700040567940701,0.0061611713687985264,0.024620162323117256,DQN修正版 experimental run / revised DQN experimental run; not formal policy conclusion
Q-learning,广东|流通|2023-10,广东,2023-10,流通,5,5,0.06941423017538098,0.0,0.06022687256336212,DQN修正版 experimental run / revised DQN experimental run; not formal policy conclusion
Q-learning,广东|生产|2023-10,广东,2023-10,生产,0,0,0.03919405846434519,0.00019226587145061913,-0.012336296029388905,DQN修正版 experimental run / revised DQN experimental run; not formal policy conclusion
Q-learning,广东|餐饮|2023-10,广东,2023-10,餐饮,0,0,0.0007048827608638782,0.00019500468891408545,-0.00022187248396221548,DQN修正版 experimental run / revised DQN experimental run; not formal policy conclusion
Q-learning,广西|流通|2023-10,广西,2023-10,流通,10,10,0.46151829535022165,0.0029195036713900364,0.9255623817443848,DQN修正版 experimental run / revised DQN experimental run; not formal policy conclusion
Q-learning,广西|生产|2023-10,广西,2023-10,生产,10,10,0.40659878041143815,0.00012529742904196509,0.8835799694061279,DQN修正版 experimental run / revised DQN experimental run; not formal policy conclusion
Q-learning,广西|餐饮|2023-10,广西,2023-10,餐饮,3,3,0.0358793943311134,0.0077702233529169575,-0.0010481710778549314,DQN修正版 experimental run / revised DQN experimental run; not formal policy conclusion
Q-learning,新疆|流通|2023-10,新疆,2023-10,流通,5,5,0.24294710575496234,0.16592763392269022,0.6520711183547974,DQN修正版 experimental run / revised DQN experimental run; not formal policy conclusion
Q-learning,新疆|生产|2023-10,新疆,2023-10,生产,3,3,0.527158287131257,1.0,0.9639400243759155,DQN修正版 experimental run / revised DQN experimental run; not formal policy conclusion
Q-learning,新疆|餐饮|2023-10,新疆,2023-10,餐饮,0,0,0.01393831485287092,0.003119657708582546,-0.004387266933917999,DQN修正版 experimental run / revised DQN experimental run; not formal policy conclusion
Q-learning,江苏|流通|2023-10,江苏,2023-10,流通,0,0,0.006558524633217172,0.0001545218112081283,-0.002064391737803817,DQN修正版 experimental run / revised DQN experimental run; not formal policy conclusion
Q-learning,江苏|生产|2023-10,江苏,2023-10,生产,3,3,0.049350756329683096,0.01226343389896218,0.03528125584125519,DQN修正版 experimental run / revised DQN experimental run; not formal policy conclusion
Q-learning,江苏|餐饮|2023-10,江苏,2023-10,餐饮,0,0,0.002336393471873397,0.00043024070248976474,-0.0007354149711318314,DQN修正版 experimental run / revised DQN experimental run; not formal policy conclusion
Q-learning,江西|流通|2023-10,江西,2023-10,流通,1,1,0.00934701470109925,0.0007369064036964468,-0.019788064062595367,DQN修正版 experimental run / revised DQN experimental run; not formal policy conclusion
Q-learning,江西|生产|2023-10,江西,2023-10,生产,1,1,0.058033769748476946,0.01602939199096158,0.04642915725708008,DQN修正版 experimental run / revised DQN experimental run; not formal policy conclusion
Q-learning,江西|餐饮|2023-10,江西,2023-10,餐饮,0,0,0.010772061241129973,0.002333660917607921,-0.003390655852854252,DQN修正版 experimental run / revised DQN experimental run; not formal policy conclusion
Q-learning,河北|流通|2023-10,河北,2023-10,流通,3,3,0.04646350386919428,0.00011817452663716847,0.01840057410299778,DQN修正版 experimental run / revised DQN experimental run; not formal policy conclusion
Q-learning,河北|餐饮|2023-10,河北,2023-10,餐饮,0,0,0.006667880582881162,0.0014708576809082904,-0.0020988129545003176,DQN修正版 experimental run / revised DQN experimental run; not formal policy conclusion
Q-learning,河南|流通|2023-10,河南,2023-10,流通,5,5,0.029240172930018835,9.481118294706127e-05,-0.06549210101366043,DQN修正版 experimental run / revised DQN experimental run; not formal policy conclusion
Q-learning,河南|生产|2023-10,河南,2023-10,生产,5,5,0.23854567512501326,0.28718882096521264,0.7126463055610657,DQN修正版 experimental run / revised DQN experimental run; not formal policy conclusion
Q-learning,河南|餐饮|2023-10,河南,2023-10,餐饮,10,10,0.6648295446747083,0.007327873094196867,0.9862458109855652,DQN修正版 experimental run / revised DQN experimental run; not formal policy conclusion
Q-learning,浙江|流通|2023-10,浙江,2023-10,流通,3,3,0.03675760854333316,0.0008451870474225486,-0.004555176943540573,DQN修正版 experimental run / revised DQN experimental run; not formal policy conclusion
Q-learning,浙江|生产|2023-10,浙江,2023-10,生产,1,1,0.07795613835292264,0.020620379805366976,0.0726613774895668,DQN修正版 experimental run / revised DQN experimental run; not formal policy conclusion
Q-learning,浙江|餐饮|2023-10,浙江,2023-10,餐饮,3,3,0.04667366733378482,0.006292789715867309,0.023934943601489067,DQN修正版 experimental run / revised DQN experimental run; not formal policy conclusion
Q-learning,湖北|流通|2023-10,湖北,2023-10,流通,0,0,0.001314083592208312,0.00034797602299766844,-0.00041362762567587197,DQN修正版 experimental run / revised DQN experimental run; not formal policy conclusion
Q-learning,湖北|餐饮|2023-10,湖北,2023-10,餐饮,3,3,0.044462997371874285,0.01593797343384069,0.02642197161912918,DQN修正版 experimental run / revised DQN experimental run; not formal policy conclusion
Q-learning,湖南|流通|2023-10,湖南,2023-10,流通,0,0,0.0028260347580911656,0.0005576881173453296,-0.0008895368664525449,DQN修正版 experimental run / revised DQN experimental run; not formal policy conclusion
Q-learning,湖南|生产|2023-10,湖南,2023-10,生产,1,1,0.08583282167401111,0.04770294680225069,0.0947897881269455,DQN修正版 experimental run / revised DQN experimental run; not formal policy conclusion
Q-learning,湖南|餐饮|2023-10,湖南,2023-10,餐饮,5,5,0.052282758564974136,0.020706675098077738,0.028331607580184937,DQN修正版 experimental run / revised DQN experimental run; not formal policy conclusion
Q-learning,甘肃|餐饮|2023-10,甘肃,2023-10,餐饮,3,3,0.2125540389351862,0.23449906469611514,0.5456810593605042,DQN修正版 experimental run / revised DQN experimental run; not formal policy conclusion
Q-learning,福建|流通|2023-10,福建,2023-10,流通,5,5,0.03413442124209093,0.00041812097833616204,-0.049856480211019516,DQN修正版 experimental run / revised DQN experimental run; not formal policy conclusion
Q-learning,福建|生产|2023-10,福建,2023-10,生产,3,3,0.05101958358040207,0.01989639044316904,0.045527759939432144,DQN修正版 experimental run / revised DQN experimental run; not formal policy conclusion
Q-learning,福建|餐饮|2023-10,福建,2023-10,餐饮,0,0,0.013609787230191777,0.0030332516090223805,-0.004283859860152006,DQN修正版 experimental run / revised DQN experimental run; not formal policy conclusion
Q-learning,西藏|餐饮|2023-10,西藏,2023-10,餐饮,10,10,0.23996907653509325,0.29019877060726224,0.8088528513908386,DQN修正版 experimental run / revised DQN experimental run; not formal policy conclusion
Q-learning,贵州|流通|2023-10,贵州,2023-10,流通,5,5,0.04135881008103461,0.007529672917695324,-0.019765155389904976,DQN修正版 experimental run / revised DQN experimental run; not formal policy conclusion
Q-learning,贵州|生产|2023-10,贵州,2023-10,生产,5,5,0.20893483524698597,0.15576357796584053,0.5793930292129517,DQN修正版 experimental run / revised DQN experimental run; not formal policy conclusion
Q-learning,贵州|餐饮|2023-10,贵州,2023-10,餐饮,10,10,0.495726710339809,0.009700730006838056,0.9447116851806641,DQN修正版 experimental run / revised DQN experimental run; not formal policy conclusion
Q-learning,辽宁|流通|2023-10,辽宁,2023-10,流通,5,5,0.05074960906412643,0.0005306603845017656,0.002325506415218115,DQN修正版 experimental run / revised DQN experimental run; not formal policy conclusion
Q-learning,辽宁|生产|2023-10,辽宁,2023-10,生产,1,1,0.07057416048819638,0.02457429239221875,0.06559824198484421,DQN修正版 experimental run / revised DQN experimental run; not formal policy conclusion
Q-learning,辽宁|餐饮|2023-10,辽宁,2023-10,餐饮,0,0,0.01110430504818291,0.0017036326622465263,-0.003495233366265893,DQN修正版 experimental run / revised DQN experimental run; not formal policy conclusion
Q-learning,重庆|流通|2023-10,重庆,2023-10,流通,3,3,0.07330333890762455,0.003224439422315393,0.08584216237068176,DQN修正版 experimental run / revised DQN experimental run; not formal policy conclusion
Q-learning,重庆|生产|2023-10,重庆,2023-10,生产,10,10,0.12096412489305897,0.03859497433246877,0.24517486989498138,DQN修正版 experimental run / revised DQN experimental run; not formal policy conclusion
Q-learning,重庆|餐饮|2023-10,重庆,2023-10,餐饮,0,0,0.01346191585406542,0.0029947258826974396,-0.004237316083163023,DQN修正版 experimental run / revised DQN experimental run; not formal policy conclusion
Q-learning,陕西|流通|2023-10,陕西,2023-10,流通,5,5,0.1202170492284912,0.025008322425668916,0.24106235802173615,DQN修正版 experimental run / revised DQN experimental run; not formal policy conclusion
Q-learning,陕西|餐饮|2023-10,陕西,2023-10,餐饮,3,3,0.044441790343177884,0.004076552430906289,0.01671837456524372,DQN修正版 experimental run / revised DQN experimental run; not formal policy conclusion
Q-learning,青海|流通|2023-10,青海,2023-10,流通,5,5,0.32290557268314346,0.323920987906586,0.8323380947113037,DQN修正版 experimental run / revised DQN experimental run; not formal policy conclusion
Q-learning,青海|生产|2023-10,青海,2023-10,生产,1,1,0.54,1.0,0.798214316368103,DQN修正版 experimental run / revised DQN experimental run; not formal policy conclusion
Q-learning,青海|餐饮|2023-10,青海,2023-10,餐饮,10,10,0.103384395454237,0.0658765337180139,0.21369868516921997,DQN修正版 experimental run / revised DQN experimental run; not formal policy conclusion
Q-learning,香港|流通|2023-10,香港,2023-10,流通,1,1,0.54,1.0,0.798214316368103,DQN修正版 experimental run / revised DQN experimental run; not formal policy conclusion
Q-learning,黑龙江|餐饮|2023-10,黑龙江,2023-10,餐饮,0,0,0.002893775558596144,0.000576239315457228,-0.0009108593221753836,DQN修正版 experimental run / revised DQN experimental run; not formal policy conclusion
Q-learning,上海|流通|2023-11,上海,2023-11,流通,3,3,0.05653613773121724,0.015890262767805863,0.055625271052122116,DQN修正版 experimental run / revised DQN experimental run; not formal policy conclusion
Q-learning,上海|餐饮|2023-11,上海,2023-11,餐饮,3,3,0.27665895246324124,0.3720068463449053,0.7062686681747437,DQN修正版 experimental run / revised DQN experimental run; not formal policy conclusion
Q-learning,不详|其他|2023-11,不详,2023-11,其他,5,5,0.56,1.0,0.9900626540184021,DQN修正版 experimental run / revised DQN experimental run; not formal policy conclusion
Q-learning,不详|流通|2023-11,不详,2023-11,流通,3,3,0.38241084976076223,0.0,0.6823117733001709,DQN修正版 experimental run / revised DQN experimental run; not formal policy conclusion
Q-learning,不详|生产|2023-11,不详,2023-11,生产,5,5,0.501932782529093,0.13386928320659447,0.9149942994117737,DQN修正版 experimental run / revised DQN experimental run; not formal policy conclusion
Q-learning,不详|餐饮|2023-11,不详,2023-11,餐饮,10,10,0.34852411197247096,0.00010009912904995851,0.8171214461326599,DQN修正版 experimental run / revised DQN experimental run; not formal policy conclusion
Q-learning,云南|流通|2023-11,云南,2023-11,流通,1,1,0.045890787171710704,0.016764479402034845,0.03206562250852585,DQN修正版 experimental run / revised DQN experimental run; not formal policy conclusion
Q-learning,云南|生产|2023-11,云南,2023-11,生产,3,3,0.7541174702954277,0.3558602134210265,0.9657537937164307,DQN修正版 experimental run / revised DQN experimental run; not formal policy conclusion
Q-learning,云南|餐饮|2023-11,云南,2023-11,餐饮,0,0,0.006260486876456582,0.0013948740565979405,-0.0019705803133547306,DQN修正版 experimental run / revised DQN experimental run; not formal policy conclusion
Q-learning,内蒙古|流通|2023-11,内蒙古,2023-11,流通,3,3,0.08452131600189566,0.023702713721245727,0.1292179971933365,DQN修正版 experimental run / revised DQN experimental run; not formal policy conclusion
Q-learning,内蒙古|生产|2023-11,内蒙古,2023-11,生产,1,1,0.49921385854199885,1.0,0.7795377373695374,DQN修正版 experimental run / revised DQN experimental run; not formal policy conclusion
Q-learning,内蒙古|餐饮|2023-11,内蒙古,2023-11,餐饮,0,0,0.016637193554244666,0.003871842512199418,-0.005236760247498751,DQN修正版 experimental run / revised DQN experimental run; not formal policy conclusion
Q-learning,北京|流通|2023-11,北京,2023-11,流通,3,3,0.18904981488349515,0.13251861095378212,0.4399394989013672,DQN修正版 experimental run / revised DQN experimental run; not formal policy conclusion
Q-learning,北京|生产|2023-11,北京,2023-11,生产,3,3,0.5077011608788187,1.0,0.9604399800300598,DQN修正版 experimental run / revised DQN experimental run; not formal policy conclusion
Q-learning,北京|餐饮|2023-11,北京,2023-11,餐饮,3,3,0.16611157893122674,0.1517603629634326,0.4071292579174042,DQN修正版 experimental run / revised DQN experimental run; not formal policy conclusion
Q-learning,吉林|流通|2023-11,吉林,2023-11,流通,3,3,0.023418104592425878,0.003000697732701145,-0.03515194356441498,DQN修正版 experimental run / revised DQN experimental run; not formal policy conclusion
Q-learning,吉林|餐饮|2023-11,吉林,2023-11,餐饮,0,0,0.011860670195963945,0.002592114550048885,-0.003733307821676135,DQN修正版 experimental run / revised DQN experimental run; not formal policy conclusion
Q-learning,四川|流通|2023-11,四川,2023-11,流通,3,3,0.07184382733827002,0.00220551064079279,0.08150196820497513,DQN修正版 experimental run / revised DQN experimental run; not formal policy conclusion
Q-learning,四川|生产|2023-11,四川,2023-11,生产,10,10,0.13671786336468839,0.1075954828193952,0.3960460424423218,DQN修正版 experimental run / revised DQN experimental run; not formal policy conclusion
Q-learning,四川|餐饮|2023-11,四川,2023-11,餐饮,3,3,0.031929784925152166,0.004246676987271238,-0.013499046675860882,DQN修正版 experimental run / revised DQN experimental run; not formal policy conclusion
Q-learning,天津|流通|2023-11,天津,2023-11,流通,3,3,0.06503217309768232,0.0030485929227319682,0.0657472014427185,DQN修正版 experimental run / revised DQN experimental run; not formal policy conclusion
Q-learning,天津|生产|2023-11,天津,2023-11,生产,3,3,0.2539408545977085,0.3204060734318457,0.6541781425476074,DQN修正版 experimental run / revised DQN experimental run; not formal policy conclusion
Q-learning,天津|餐饮|2023-11,天津,2023-11,餐饮,3,3,0.1505665056242036,0.12757268736228572,0.3581445515155792,DQN修正版 experimental run / revised DQN experimental run; not formal policy conclusion
Q-learning,宁夏|流通|2023-11,宁夏,2023-11,流通,1,1,0.54,1.0,0.798214316368103,DQN修正版 experimental run / revised DQN experimental run; not formal policy conclusion
Q-learning,宁夏|生产|2023-11,宁夏,2023-11,生产,1,1,0.54,1.0,0.798214316368103,DQN修正版 experimental run / revised DQN experimental run; not formal policy conclusion
Q-learning,宁夏|餐饮|2023-11,宁夏,2023-11,餐饮,5,5,0.09217638364656781,0.053959388178935586,0.18619738519191742,DQN修正版 experimental run / revised DQN experimental run; not formal policy conclusion
Q-learning,安徽|流通|2023-11,安徽,2023-11,流通,5,5,0.3580635744665948,0.00014120392258476375,0.7467864751815796,DQN修正版 experimental run / revised DQN experimental run; not formal policy conclusion
Q-learning,安徽|生产|2023-11,安徽,2023-11,生产,3,3,0.024637420137101775,0.006541884797098812,-0.029316578060388565,DQN修正版 experimental run / revised DQN experimental run; not formal policy conclusion
Q-learning,安徽|餐饮|2023-11,安徽,2023-11,餐饮,3,3,0.04325762312727678,0.008776443579682772,0.01767122931778431,DQN修正版 experimental run / revised DQN experimental run; not formal policy conclusion
Q-learning,山东|流通|2023-11,山东,2023-11,流通,5,5,0.06,0.0,0.030767196789383888,DQN修正版 experimental run / revised DQN experimental run; not formal policy conclusion
Q-learning,山东|生产|2023-11,山东,2023-11,生产,10,10,0.5911464928999989,0.007695475421012704,0.9746476411819458,DQN修正版 experimental run / revised DQN experimental run; not formal policy conclusion
Q-learning,山东|餐饮|2023-11,山东,2023-11,餐饮,10,10,0.42853723442715635,0.0003862227925136121,0.9022747874259949,DQN修正版 experimental run / revised DQN experimental run; not formal policy conclusion
Q-learning,山西|餐饮|2023-11,山西,2023-11,餐饮,3,3,0.04331045135456499,0.005570588820350604,0.015190097503364086,DQN修正版 experimental run / revised DQN experimental run; not formal policy conclusion
Q-learning,广东|流通|2023-11,广东,2023-11,流通,5,5,0.41341945677957376,0.0,0.8141098618507385,DQN修正版 experimental run / revised DQN experimental run; not formal policy conclusion
Q-learning,广东|生产|2023-11,广东,2023-11,生产,10,10,0.3610529836621977,0.00015678561790271925,0.8338861465454102,DQN修正版 experimental run / revised DQN experimental run; not formal policy conclusion
Q-learning,广东|餐饮|2023-11,广东,2023-11,餐饮,1,1,0.02296258500858089,0.0002394166383086824,-0.0035065121483057737,DQN修正版 experimental run / revised DQN experimental run; not formal policy conclusion
Q-learning,广西|流通|2023-11,广西,2023-11,流通,3,3,0.10944629698643295,0.0023794094922182808,0.17135359346866608,DQN修正版 experimental run / revised DQN experimental run; not formal policy conclusion
Q-learning,广西|生产|2023-11,广西,2023-11,生产,10,10,0.47613219256986883,0.0001438752163861583,0.9333416819572449,DQN修正版 experimental run / revised DQN experimental run; not formal policy conclusion
Q-learning,广西|餐饮|2023-11,广西,2023-11,餐饮,3,3,0.028853303120986447,0.005673314665989242,-0.019800381734967232,DQN修正版 experimental run / revised DQN experimental run; not formal policy conclusion
Q-learning,新疆|流通|2023-11,新疆,2023-11,流通,5,5,0.26594156271230895,0.1472333302031752,0.6812031865119934,DQN修正版 experimental run / revised DQN experimental run; not formal policy conclusion
Q-learning,新疆|生产|2023-11,新疆,2023-11,生产,3,3,0.48548510381404,0.8953885086707479,0.9480834603309631,DQN修正版 experimental run / revised DQN experimental run; not formal policy conclusion
Q-learning,新疆|餐饮|2023-11,新疆,2023-11,餐饮,0,0,0.01100165250129989,0.002387139973951594,-0.003462922526523471,DQN修正版 experimental run / revised DQN experimental run; not formal policy conclusion
Q-learning,江苏|流通|2023-11,江苏,2023-11,流通,3,3,0.026565004927132138,0.0001282804823615893,-0.029860643669962883,DQN修正版 experimental run / revised DQN experimental run; not formal policy conclusion
Q-learning,江苏|生产|2023-11,江苏,2023-11,生产,3,3,0.03821194267934062,0.008284885349097694,0.005030328873544931,DQN修正版 experimental run / revised DQN experimental run; not formal policy conclusion
Q-learning,江苏|餐饮|2023-11,江苏,2023-11,餐饮,0,0,0.00149980942920419,0.00023955125248344524,-0.0004720876459032297,DQN修正版 experimental run / revised DQN experimental run; not formal policy conclusion
Q-learning,江西|流通|2023-11,江西,2023-11,流通,3,3,0.030940348755218238,0.0007004766911889257,-0.018785426393151283,DQN修正版 experimental run / revised DQN experimental run; not formal policy conclusion
Q-learning,江西|生产|2023-11,江西,2023-11,生产,5,5,0.39683059327089654,0.018524704800811802,0.802837610244751,DQN修正版 experimental run / revised DQN experimental run; not formal policy conclusion
Q-learning,江西|餐饮|2023-11,江西,2023-11,餐饮,0,0,0.010737889147234404,0.002325748251105454,-0.0033799000084400177,DQN修正版 experimental run / revised DQN experimental run; not formal policy conclusion
Q-learning,河北|流通|2023-11,河北,2023-11,流通,3,3,0.04692894006159701,8.481976842878904e-05,0.01950232684612274,DQN修正版 experimental run / revised DQN experimental run; not formal policy conclusion
Q-learning,河北|餐饮|2023-11,河北,2023-11,餐饮,0,0,0.006008869875626857,0.0013488189842146925,-0.0018913802923634648,DQN修正版 experimental run / revised DQN experimental run; not formal policy conclusion
Q-learning,河南|流通|2023-11,河南,2023-11,流通,10,10,0.40789557736259724,3.645183798424353e-05,0.8847390413284302,DQN修正版 experimental run / revised DQN experimental run; not formal policy conclusion
Q-learning,河南|生产|2023-11,河南,2023-11,生产,1,1,0.09776909469386126,0.059769362485840645,0.11472031474113464,DQN修正版 experimental run / revised DQN experimental run; not formal policy conclusion
Q-learning,河南|餐饮|2023-11,河南,2023-11,餐饮,10,10,0.6055108473395474,0.00452853059378341,0.9772844314575195,DQN修正版 experimental run / revised DQN experimental run; not formal policy conclusion
Q-learning,浙江|流通|2023-11,浙江,2023-11,流通,0,0,0.012681779368093157,0.0005919381744510084,-0.003991760313510895,DQN修正版 experimental run / revised DQN experimental run; not formal policy conclusion
Q-learning,浙江|生产|2023-11,浙江,2023-11,生产,1,1,0.07210320822599274,0.018489590832885452,0.06459745019674301,DQN修正版 experimental run / revised DQN experimental run; not formal policy conclusion
Q-learning,浙江|餐饮|2023-11,浙江,2023-11,餐饮,3,3,0.04255445929968192,0.005589888105819203,0.013371891342103481,DQN修正版 experimental run / revised DQN experimental run; not formal policy conclusion
Q-learning,海南|生产|2023-11,海南,2023-11,生产,0,0,0.11348096816376531,0.07753680949150711,-0.03570466488599777,DQN修正版 experimental run / revised DQN experimental run; not formal policy conclusion
Q-learning,湖北|流通|2023-11,湖北,2023-11,流通,0,0,0.0008751777128741093,0.00022976871050774467,-0.00027547538047656417,DQN修正版 experimental run / revised DQN experimental run; not formal policy conclusion
Q-learning,湖北|生产|2023-11,湖北,2023-11,生产,5,5,0.25007027504529405,0.15960269589059078,0.6609979867935181,DQN修正版 experimental run / revised DQN experimental run; not formal policy conclusion
Q-learning,湖北|餐饮|2023-11,湖北,2023-11,餐饮,5,5,0.0860178064064969,0.005552938913535089,0.1176573857665062,DQN修正版 experimental run / revised DQN experimental run; not formal policy conclusion
Q-learning,湖南|流通|2023-11,湖南,2023-11,流通,0,0,0.002231666313392618,0.00040449825978079376,-0.0007024505757726729,DQN修正版 experimental run / revised DQN experimental run; not formal policy conclusion
Q-learning,湖南|生产|2023-11,湖南,2023-11,生产,3,3,0.05204889568775681,0.020555504402200428,0.048555102199316025,DQN修正版 experimental run / revised DQN experimental run; not formal policy conclusion
Q-learning,湖南|餐饮|2023-11,湖南,2023-11,餐饮,3,3,0.03574854980292649,0.01132643980310048,0.0015295763732865453,DQN修正版 experimental run / revised DQN experimental run; not formal policy conclusion
Q-learning,甘肃|流通|2023-11,甘肃,2023-11,流通,3,3,0.1301424826320222,0.09864289164759614,0.2928197383880615,DQN修正版 experimental run / revised DQN experimental run; not formal policy conclusion
Q-learning,甘肃|餐饮|2023-11,甘肃,2023-11,餐饮,3,3,0.15688693489043104,0.13718556756218633,0.378165602684021,DQN修正版 experimental run / revised DQN experimental run; not formal policy conclusion
Q-learning,福建|流通|2023-11,福建,2023-11,流通,5,5,0.056019910160500536,0.00040107452257824924,0.018714742735028267,DQN修正版 experimental run / revised DQN experimental run; not formal policy conclusion
Q-learning,福建|生产|2023-11,福建,2023-11,生产,1,1,0.08544309695515709,0.01926191427605139,0.08105584233999252,DQN修正版 experimental run / revised DQN experimental run; not formal policy conclusion
Q-learning,福建|餐饮|2023-11,福建,2023-11,餐饮,0,0,0.007657046830183846,0.0016626250719189897,-0.0024101664312183857,DQN修正版 experimental run / revised DQN experimental run; not formal policy conclusion
Q-learning,西藏|餐饮|2023-11,西藏,2023-11,餐饮,10,10,0.19634060114182555,0.20389481009790825,0.6708669066429138,DQN修正版 experimental run / revised DQN experimental run; not formal policy conclusion
Q-learning,贵州|流通|2023-11,贵州,2023-11,流通,5,5,0.033411986928831454,0.005517535926141106,-0.046769578009843826,DQN修正版 experimental run / revised DQN experimental run; not formal policy conclusion
Q-learning,贵州|生产|2023-11,贵州,2023-11,生产,5,5,0.19397525214467315,0.1387209393033199,0.5347135663032532,DQN修正版 experimental run / revised DQN experimental run; not formal policy conclusion
Q-learning,贵州|餐饮|2023-11,贵州,2023-11,餐饮,5,5,0.07639246453537803,0.00816895651509335,0.090520940721035,DQN修正版 experimental run / revised DQN experimental run; not formal policy conclusion
Q-learning,辽宁|流通|2023-11,辽宁,2023-11,流通,5,5,0.05280525694828413,0.00047161113450640355,0.008709720335900784,DQN修正版 experimental run / revised DQN experimental run; not formal policy conclusion
Q-learning,辽宁|生产|2023-11,辽宁,2023-11,生产,1,1,0.0932779703909535,0.018816922480126782,0.09028340131044388,DQN修正版 experimental run / revised DQN experimental run; not formal policy conclusion
Q-learning,辽宁|餐饮|2023-11,辽宁,2023-11,餐饮,0,0,0.007092944307233133,0.0010946507373526815,-0.002232607686892152,DQN修正版 experimental run / revised DQN experimental run; not formal policy conclusion
Q-learning,进口|餐饮|2023-11,进口,2023-11,餐饮,1,1,0.54,1.0,0.798214316368103,DQN修正版 experimental run / revised DQN experimental run; not formal policy conclusion
Q-learning,重庆|流通|2023-11,重庆,2023-11,流通,3,3,0.08034979132048353,0.003223826354391748,0.10278621315956116,DQN修正版 experimental run / revised DQN experimental run; not formal policy conclusion
Q-learning,重庆|生产|2023-11,重庆,2023-11,生产,10,10,0.11333320846886298,0.03538625359205311,0.21029236912727356,DQN修正版 experimental run / revised DQN experimental run; not formal policy conclusion
Q-learning,重庆|餐饮|2023-11,重庆,2023-11,餐饮,0,0,0.009332267484267518,0.002010857815436741,-0.002937463577836752,DQN修正版 experimental run / revised DQN experimental run; not formal policy conclusion
Q-learning,陕西|流通|2023-11,陕西,2023-11,流通,3,3,0.07801988046688964,0.0166636858783877,0.10801608860492706,DQN修正版 experimental run / revised DQN experimental run; not formal policy conclusion
Q-learning,陕西|餐饮|2023-11,陕西,2023-11,餐饮,3,3,0.021188797298626275,0.003397706837356146,-0.040230534970760345,DQN修正版 experimental run / revised DQN experimental run; not formal policy conclusion
Q-learning,青海|流通|2023-11,青海,2023-11,流通,3,3,0.36472422639153956,0.2691693987099289,0.7656180262565613,DQN修正版 experimental run / revised DQN experimental run; not formal policy conclusion
Q-learning,青海|餐饮|2023-11,青海,2023-11,餐饮,5,5,0.1000123640370331,0.06217641826460933,0.21804732084274292,DQN修正版 experimental run / revised DQN experimental run; not formal policy conclusion
Q-learning,黑龙江|流通|2023-11,黑龙江,2023-11,流通,1,1,0.047418908630772444,0.008695729934266521,0.03012874349951744,DQN修正版 experimental run / revised DQN experimental run; not formal policy conclusion
Q-learning,黑龙江|生产|2023-11,黑龙江,2023-11,生产,5,5,0.18047184910591982,0.17570666307243,0.5322288274765015,DQN修正版 experimental run / revised DQN experimental run; not formal policy conclusion
Q-learning,黑龙江|餐饮|2023-11,黑龙江,2023-11,餐饮,0,0,0.0018897800088899272,0.0003241864671277948,-0.0005948367179371417,DQN修正版 experimental run / revised DQN experimental run; not formal policy conclusion
Q-learning,上海|流通|2023-12,上海,2023-12,流通,3,3,0.049077137895269254,0.012796049283349068,0.03505127131938934,DQN修正版 experimental run / revised DQN experimental run; not formal policy conclusion
Q-learning,上海|餐饮|2023-12,上海,2023-12,餐饮,3,3,0.2614203229180525,0.3370612776666591,0.671941876411438,DQN修正版 experimental run / revised DQN experimental run; not formal policy conclusion
Q-learning,不详|流通|2023-12,不详,2023-12,流通,3,3,0.386087467926938,0.0,0.687050461769104,DQN修正版 experimental run / revised DQN experimental run; not formal policy conclusion
Q-learning,不详|生产|2023-12,不详,2023-12,生产,5,5,0.7468505260078742,0.1348797023022268,0.9811140298843384,DQN修正版 experimental run / revised DQN experimental run; not formal policy conclusion
Q-learning,不详|餐饮|2023-12,不详,2023-12,餐饮,10,10,0.29591583316760794,6.807803746507524e-05,0.7293118834495544,DQN修正版 experimental run / revised DQN experimental run; not formal policy conclusion
Q-learning,云南|流通|2023-12,云南,2023-12,流通,1,1,0.03571232391128368,0.011308833752021042,0.017162397503852844,DQN修正版 experimental run / revised DQN experimental run; not formal policy conclusion
Q-learning,云南|生产|2023-12,云南,2023-12,生产,3,3,0.900213097164502,0.46722958828195393,0.9857973456382751,DQN修正版 experimental run / revised DQN experimental run; not formal policy conclusion
Q-learning,云南|餐饮|2023-12,云南,2023-12,餐饮,10,10,0.40811219551573,0.0019917632807188897,0.8855651021003723,DQN修正版 experimental run / revised DQN experimental run; not formal policy conclusion
Q-learning,内蒙古|流通|2023-12,内蒙古,2023-12,流通,3,3,0.06993961024783664,0.01753938728111077,0.08930806815624237,DQN修正版 experimental run / revised DQN experimental run; not formal policy conclusion
Q-learning,内蒙古|生产|2023-12,内蒙古,2023-12,生产,1,1,0.4373708900429762,0.810579371839856,0.7064846754074097,DQN修正版 experimental run / revised DQN experimental run; not formal policy conclusion
Q-learning,内蒙古|餐饮|2023-12,内蒙古,2023-12,餐饮,0,0,0.013750089246144376,0.003070015305717781,-0.004328021313995123,DQN修正版 experimental run / revised DQN experimental run; not formal policy conclusion
Q-learning,北京|流通|2023-12,北京,2023-12,流通,3,3,0.168962075603284,0.11021749837862012,0.3844407796859741,DQN修正版 experimental run / revised DQN experimental run; not formal policy conclusion
Q-learning,北京|餐饮|2023-12,北京,2023-12,餐饮,3,3,0.13745879889949528,0.10862600471683309,0.3162969946861267,DQN修正版 experimental run / revised DQN experimental run; not formal policy conclusion
Q-learning,台湾|流通|2023-12,台湾,2023-12,流通,1,1,0.54,1.0,0.798214316368103,DQN修正版 experimental run / revised DQN experimental run; not formal policy conclusion
Q-learning,吉林|流通|2023-12,吉林,2023-12,流通,0,0,0.01841467132731778,0.0022023458011073394,-0.005796230863779783,DQN修正版 experimental run / revised DQN experimental run; not formal policy conclusion
Q-learning,吉林|生产|2023-12,吉林,2023-12,生产,5,5,0.3378613176628221,0.5250508167483158,0.8964800834655762,DQN修正版 experimental run / revised DQN experimental run; not formal policy conclusion
Q-learning,吉林|餐饮|2023-12,吉林,2023-12,餐饮,0,0,0.009037375912299904,0.0019474217292726563,-0.002844642847776413,DQN修正版 experimental run / revised DQN experimental run; not formal policy conclusion
Q-learning,四川|流通|2023-12,四川,2023-12,流通,3,3,0.095569882130524,0.00185334181827744,0.13807612657546997,DQN修正版 experimental run / revised DQN experimental run; not formal policy conclusion
Q-learning,四川|生产|2023-12,四川,2023-12,生产,1,1,0.09839829393854178,0.06044009323155457,0.11578457802534103,DQN修正版 experimental run / revised DQN experimental run; not formal policy conclusion
Q-learning,四川|餐饮|2023-12,四川,2023-12,餐饮,10,10,0.4315515958647095,0.002872538721846804,0.905269205570221,DQN修正版 experimental run / revised DQN experimental run; not formal policy conclusion
Q-learning,天津|流通|2023-12,天津,2023-12,流通,0,0,0.01588982281021168,0.0016663100474181669,-0.0050015198066830635,DQN修正版 experimental run / revised DQN experimental run; not formal policy conclusion
Q-learning,天津|餐饮|2023-12,天津,2023-12,餐饮,3,3,0.1490472925611294,0.12530793264174625,0.3533143997192383,DQN修正版 experimental run / revised DQN experimental run; not formal policy conclusion
Q-learning,宁夏|餐饮|2023-12,宁夏,2023-12,餐饮,5,5,0.07291938386266489,0.036082170667424175,0.10878349840641022,DQN修正版 experimental run / revised DQN experimental run; not formal policy conclusion
Q-learning,安徽|流通|2023-12,安徽,2023-12,流通,5,5,0.3969949280550932,0.00010361814081732808,0.7960367202758789,DQN修正版 experimental run / revised DQN experimental run; not formal policy conclusion
Q-learning,安徽|生产|2023-12,安徽,2023-12,生产,0,0,0.019587565435824905,0.004780162936893554,-0.006165403872728348,DQN修正版 experimental run / revised DQN experimental run; not formal policy conclusion
Q-learning,安徽|餐饮|2023-12,安徽,2023-12,餐饮,3,3,0.034379695100817606,0.006241031194870679,-0.0059318337589502335,DQN修正版 experimental run / revised DQN experimental run; not formal policy conclusion
Q-learning,山东|流通|2023-12,山东,2023-12,流通,10,10,0.38841401035414075,0.0,0.8656246662139893,DQN修正版 experimental run / revised DQN experimental run; not formal policy conclusion
Q-learning,山东|生产|2023-12,山东,2023-12,生产,5,5,0.11312537406892034,0.006154692217846661,0.20106907188892365,DQN修正版 experimental run / revised DQN experimental run; not formal policy conclusion
Q-learning,山东|餐饮|2023-12,山东,2023-12,餐饮,10,10,0.43802732917559606,0.000642215850989297,0.9094842672348022,DQN修正版 experimental run / revised DQN experimental run; not formal policy conclusion
Q-learning,山西|流通|2023-12,山西,2023-12,流通,3,3,0.055562420804201124,0.022881808712855143,0.05894380807876587,DQN修正版 experimental run / revised DQN experimental run; not formal policy conclusion
Q-learning,山西|生产|2023-12,山西,2023-12,生产,3,3,0.3002241212286783,0.3046239541572063,0.7074287533760071,DQN修正版 experimental run / revised DQN experimental run; not formal policy conclusion
Q-learning,山西|餐饮|2023-12,山西,2023-12,餐饮,10,10,0.3639192723876831,0.005551575406040318,0.8398923277854919,DQN修正版 experimental run / revised DQN experimental run; not formal policy conclusion
Q-learning,广东|流通|2023-12,广东,2023-12,流通,5,5,0.4317185481265234,0.0,0.8325786590576172,DQN修正版 experimental run / revised DQN experimental run; not formal policy conclusion
Q-learning,广东|生产|2023-12,广东,2023-12,生产,3,3,0.0975149920550477,6.703771987590552e-05,0.14127761125564575,DQN修正版 experimental run / revised DQN experimental run; not formal policy conclusion
Q-learning,广东|餐饮|2023-12,广东,2023-12,餐饮,1,1,0.02435539908369777,0.00023169663946128285,-0.001820437260903418,DQN修正版 experimental run / revised DQN experimental run; not formal policy conclusion
Q-learning,广西|流通|2023-12,广西,2023-12,流通,10,10,0.5414514400332955,0.0025309601235501194,0.9611963033676147,DQN修正版 experimental run / revised DQN experimental run; not formal policy conclusion
Q-learning,广西|生产|2023-12,广西,2023-12,生产,10,10,0.45807578017179174,0.00010683079085236885,0.922845721244812,DQN修正版 experimental run / revised DQN experimental run; not formal policy conclusion
Q-learning,广西|餐饮|2023-12,广西,2023-12,餐饮,10,10,0.40964958078082087,0.007480511924882656,0.8886772394180298,DQN修正版 experimental run / revised DQN experimental run; not formal policy conclusion
Q-learning,新疆|流通|2023-12,新疆,2023-12,流通,5,5,0.31720220875591054,0.11973924662198299,0.745705783367157,DQN修正版 experimental run / revised DQN experimental run; not formal policy conclusion
Q-learning,新疆|餐饮|2023-12,新疆,2023-12,餐饮,0,0,0.010484847517469986,0.0022675354479404866,-0.0033002521377056837,DQN修正版 experimental run / revised DQN experimental run; not formal policy conclusion
Q-learning,江苏|流通|2023-12,江苏,2023-12,流通,5,5,0.3927342392353395,0.00015556104353976622,0.7911101579666138,DQN修正版 experimental run / revised DQN experimental run; not formal policy conclusion
Q-learning,江苏|生产|2023-12,江苏,2023-12,生产,3,3,0.03364804936202223,0.006920559476666606,-0.007153773680329323,DQN修正版 experimental run / revised DQN experimental run; not formal policy conclusion
Q-learning,江苏|餐饮|2023-12,江苏,2023-12,餐饮,10,10,0.4044452923769971,0.0004338135023198404,0.8816843628883362,DQN修正版 experimental run / revised DQN experimental run; not formal policy conclusion
Q-learning,江西|流通|2023-12,江西,2023-12,流通,0,0,0.007974655058478585,0.0004970651386886491,-0.0025101378560066223,DQN修正版 experimental run / revised DQN experimental run; not formal policy conclusion
Q-learning,江西|生产|2023-12,江西,2023-12,生产,1,1,0.07975999137287003,0.017455012935219092,0.07335817813873291,DQN修正版 experimental run / revised DQN experimental run; not formal policy conclusion
Q-learning,江西|餐饮|2023-12,江西,2023-12,餐饮,0,0,0.009662275178342743,0.0020829287296199555,-0.0030413377098739147,DQN修正版 experimental run / revised DQN experimental run; not formal policy conclusion
Q-learning,河北|流通|2023-12,河北,2023-12,流通,5,5,0.06589886463204386,0.0,0.04923585429787636,DQN修正版 experimental run / revised DQN experimental run; not formal policy conclusion
Q-learning,河北|生产|2023-12,河北,2023-12,生产,0,0,0.11484319642314841,0.0519954832622455,-0.036132894456386566,DQN修正版 experimental run / revised DQN experimental run; not formal policy conclusion
Q-learning,河北|餐饮|2023-12,河北,2023-12,餐饮,0,0,0.002558712239278224,0.000486660039813226,-0.0008053931524045765,DQN修正版 experimental run / revised DQN experimental run; not formal policy conclusion
Q-learning,河南|流通|2023-12,河南,2023-12,流通,3,3,0.02528402587241177,0.0,-0.03306997939944267,DQN修正版 experimental run / revised DQN experimental run; not formal policy conclusion
Q-learning,河南|生产|2023-12,河南,2023-12,生产,3,3,0.055141089250662516,0.022596623900360414,0.05769360437989235,DQN修正版 experimental run / revised DQN experimental run; not formal policy conclusion
Q-learning,河南|餐饮|2023-12,河南,2023-12,餐饮,10,10,0.6117646907879961,0.004138006280613754,0.9784088134765625,DQN修正版 experimental run / revised DQN experimental run; not formal policy conclusion
Q-learning,浙江|流通|2023-12,浙江,2023-12,流通,5,5,0.03199238555194277,0.00046887763016013894,-0.05650166794657707,DQN修正版 experimental run / revised DQN experimental run; not formal policy conclusion
Q-learning,浙江|生产|2023-12,浙江,2023-12,生产,1,1,0.0627721967974144,0.014967689933062172,0.051665980368852615,DQN修正版 experimental run / revised DQN experimental run; not formal policy conclusion
Q-learning,浙江|餐饮|2023-12,浙江,2023-12,餐饮,10,10,0.4610624120625663,0.0076915328701738644,0.9263012409210205,DQN修正版 experimental run / revised DQN experimental run; not formal policy conclusion
Q-learning,湖北|流通|2023-12,湖北,2023-12,流通,0,0,0.00022025169129385335,8.422189833849049e-05,-6.932754331501201e-05,DQN修正版 experimental run / revised DQN experimental run; not formal policy conclusion
Q-learning,湖北|生产|2023-12,湖北,2023-12,生产,5,5,0.19696243911287942,0.10716117654484096,0.5175006985664368,DQN修正版 experimental run / revised DQN experimental run; not formal policy conclusion
Q-learning,湖北|餐饮|2023-12,湖北,2023-12,餐饮,10,10,0.37623344574182993,0.003869395146515762,0.853794515132904,DQN修正版 experimental run / revised DQN experimental run; not formal policy conclusion
Q-learning,湖南|流通|2023-12,湖南,2023-12,流通,3,3,0.023189431819423612,0.0004910893013299969,-0.03774647414684296,DQN修正版 experimental run / revised DQN experimental run; not formal policy conclusion
Q-learning,湖南|生产|2023-12,湖南,2023-12,生产,3,3,0.03491282246842095,0.010923588698388588,-0.0008261487819254398,DQN修正版 experimental run / revised DQN experimental run; not formal policy conclusion
Q-learning,湖南|餐饮|2023-12,湖南,2023-12,餐饮,3,3,0.03180782971524401,0.009487804984548332,-0.009528524242341518,DQN修正版 experimental run / revised DQN experimental run; not formal policy conclusion
Q-learning,甘肃|流通|2023-12,甘肃,2023-12,流通,3,3,0.11773214503774648,0.08270376314293958,0.25294774770736694,DQN修正版 experimental run / revised DQN experimental run; not formal policy conclusion
Q-learning,甘肃|生产|2023-12,甘肃,2023-12,生产,1,1,0.56,1.0,0.8068494200706482,DQN修正版 experimental run / revised DQN experimental run; not formal policy conclusion
Q-learning,福建|流通|2023-12,福建,2023-12,流通,1,1,0.009596934232144036,0.00014386401666230958,-0.019763631746172905,DQN修正版 experimental run / revised DQN experimental run; not formal policy conclusion
Q-learning,福建|生产|2023-12,福建,2023-12,生产,3,3,0.04322942346866642,0.00989700793833061,0.018514815717935562,DQN修正版 experimental run / revised DQN experimental run; not formal policy conclusion
Q-learning,福建|餐饮|2023-12,福建,2023-12,餐饮,3,3,0.03423928364677012,0.0019787516044724174,-0.009742328897118568,DQN修正版 experimental run / revised DQN experimental run; not formal policy conclusion
Q-learning,西藏|餐饮|2023-12,西藏,2023-12,餐饮,3,3,0.1669555990225872,0.1531257822350155,0.4097616374492645,DQN修正版 experimental run / revised DQN experimental run; not formal policy conclusion
Q-learning,贵州|流通|2023-12,贵州,2023-12,流通,10,10,0.30057294700983106,0.005242133023533451,0.7418097853660583,DQN修正版 experimental run / revised DQN experimental run; not formal policy conclusion
Q-learning,贵州|生产|2023-12,贵州,2023-12,生产,3,3,0.15154715843951322,0.09082782635742748,0.3339079022407532,DQN修正版 experimental run / revised DQN experimental run; not formal policy conclusion
Q-learning,贵州|餐饮|2023-12,贵州,2023-12,餐饮,10,10,0.37040631267079355,0.00574207989880428,0.8478108048439026,DQN修正版 experimental run / revised DQN experimental run; not formal policy conclusion
Q-learning,辽宁|流通|2023-12,辽宁,2023-12,流通,5,5,0.07510150249710915,0.00038006446529018225,0.078373484313488,DQN修正版 experimental run / revised DQN experimental run; not formal policy conclusion
Q-learning,辽宁|生产|2023-12,辽宁,2023-12,生产,1,1,0.0658370519081769,0.016066250336649872,0.05588827282190323,DQN修正版 experimental run / revised DQN experimental run; not formal policy conclusion
Q-learning,辽宁|餐饮|2023-12,辽宁,2023-12,餐饮,0,0,0.004201033452324993,0.0007266186908322128,-0.0013223380083218217,DQN修正版 experimental run / revised DQN experimental run; not formal policy conclusion
Q-learning,重庆|流通|2023-12,重庆,2023-12,流通,3,3,0.031230582277302823,0.002218611239733469,-0.016845880076289177,DQN修正版 experimental run / revised DQN experimental run; not formal policy conclusion
Q-learning,重庆|生产|2023-12,重庆,2023-12,生产,10,10,0.15657238527484937,0.040027051683655474,0.3815259635448456,DQN修正版 experimental run / revised DQN experimental run; not formal policy conclusion
Q-learning,重庆|餐饮|2023-12,重庆,2023-12,餐饮,0,0,0.004077030910323611,0.0009362235826360668,-0.0012833063956350088,DQN修正版 experimental run / revised DQN experimental run; not formal policy conclusion
Q-learning,陕西|流通|2023-12,陕西,2023-12,流通,1,1,0.05652473714408311,0.009918135830919063,0.041735075414180756,DQN修正版 experimental run / revised DQN experimental run; not formal policy conclusion
Q-learning,陕西|餐饮|2023-12,陕西,2023-12,餐饮,5,5,0.05135925829738061,0.004394371362418554,0.008298077620565891,DQN修正版 experimental run / revised DQN experimental run; not formal policy conclusion
Q-learning,青海|餐饮|2023-12,青海,2023-12,餐饮,5,5,0.09698819603298145,0.05894170890051759,0.20574241876602173,DQN修正版 experimental run / revised DQN experimental run; not formal policy conclusion
Q-learning,黑龙江|流通|2023-12,黑龙江,2023-12,流通,10,10,0.11028209789417232,0.010881465528412404,0.16278718411922455,DQN修正版 experimental run / revised DQN experimental run; not formal policy conclusion
Q-learning,黑龙江|餐饮|2023-12,黑龙江,2023-12,餐饮,0,0,0.0018173076488907077,0.00030789537832915363,-0.000572024961002171,DQN修正版 experimental run / revised DQN experimental run; not formal policy conclusion
Q-learning,上海|流通|2024-01,上海,2024-01,流通,1,1,0.046926462117978865,0.012088935334482359,0.031125323846936226,DQN修正版 experimental run / revised DQN experimental run; not formal policy conclusion
Q-learning,不详|流通|2024-01,不详,2024-01,流通,3,3,0.3871500007868642,0.0,0.6884092092514038,DQN修正版 experimental run / revised DQN experimental run; not formal policy conclusion
Q-learning,不详|生产|2024-01,不详,2024-01,生产,10,10,0.23006083928794413,0.042857391769917416,0.6134738922119141,DQN修正版 experimental run / revised DQN experimental run; not formal policy conclusion
Q-learning,不详|餐饮|2024-01,不详,2024-01,餐饮,10,10,0.3194994476569189,9.650297172728119e-05,0.7724102139472961,DQN修正版 experimental run / revised DQN experimental run; not formal policy conclusion
Q-learning,云南|流通|2024-01,云南,2024-01,流通,1,1,0.03578627993989714,0.011344790778998526,0.017268987372517586,DQN修正版 experimental run / revised DQN experimental run; not formal policy conclusion
Q-learning,内蒙古|流通|2024-01,内蒙古,2024-01,流通,3,3,0.06963609180548268,0.017841321083617565,0.08882133662700653,DQN修正版 experimental run / revised DQN experimental run; not formal policy conclusion
Q-learning,北京|生产|2024-01,北京,2024-01,生产,3,3,0.33756616593342453,0.5242673349074076,0.8182306885719299,DQN修正版 experimental run / revised DQN experimental run; not formal policy conclusion
Q-learning,北京|餐饮|2024-01,北京,2024-01,餐饮,3,3,0.12980819386424564,0.09819705272599034,0.29174599051475525,DQN修正版 experimental run / revised DQN experimental run; not formal policy conclusion
Q-learning,吉林|流通|2024-01,吉林,2024-01,流通,0,0,0.018571516269022335,0.002287553185076469,-0.0058455984108150005,DQN修正版 experimental run / revised DQN experimental run; not formal policy conclusion
Q-learning,吉林|餐饮|2024-01,吉林,2024-01,餐饮,0,0,0.008955181936777502,0.0019299029490288339,-0.0028187711723148823,DQN修正版 experimental run / revised DQN experimental run; not formal policy conclusion
Q-learning,四川|流通|2024-01,四川,2024-01,流通,3,3,0.034887282778110325,0.0018798547248615293,-0.008250702172517776,DQN修正版 experimental run / revised DQN experimental run; not formal policy conclusion
Q-learning,四川|生产|2024-01,四川,2024-01,生产,1,1,0.0884497075817498,0.05024064208135984,0.0991162583231926,DQN修正版 experimental run / revised DQN experimental run; not formal policy conclusion
Q-learning,四川|餐饮|2024-01,四川,2024-01,餐饮,10,10,0.43790464817301694,0.0029582455022220096,0.9099889397621155,DQN修正版 experimental run / revised DQN experimental run; not formal policy conclusion
Q-learning,天津|流通|2024-01,天津,2024-01,流通,0,0,0.01558255152594855,0.001672559866120516,-0.004904804285615683,DQN修正版 experimental run / revised DQN experimental run; not formal policy conclusion
Q-learning,宁夏|餐饮|2024-01,宁夏,2024-01,餐饮,5,5,0.07217411574040734,0.035457820278716586,0.10582459717988968,DQN修正版 experimental run / revised DQN experimental run; not formal policy conclusion
Q-learning,安徽|其他|2024-01,安徽,2024-01,其他,1,1,0.9301589205397301,1.0,0.9165471792221069,DQN修正版 experimental run / revised DQN experimental run; not formal policy conclusion
Q-learning,安徽|流通|2024-01,安徽,2024-01,流通,5,5,0.03280647159580161,8.689818774426907e-05,-0.054356787353754044,DQN修正版 experimental run / revised DQN experimental run; not formal policy conclusion
Q-learning,安徽|生产|2024-01,安徽,2024-01,生产,3,3,0.020817609111017384,0.0051852731029696,-0.039676737040281296,DQN修正版 experimental run / revised DQN experimental run; not formal policy conclusion
Q-learning,安徽|餐饮|2024-01,安徽,2024-01,餐饮,10,10,0.3873730467917021,0.009552275453190723,0.8680680394172668,DQN修正版 experimental run / revised DQN experimental run; not formal policy conclusion
Q-learning,山东|流通|2024-01,山东,2024-01,流通,10,10,0.35056862944427936,0.0,0.8199042081832886,DQN修正版 experimental run / revised DQN experimental run; not formal policy conclusion
Q-learning,山东|生产|2024-01,山东,2024-01,生产,1,1,0.09598007827983096,0.004779748777151338,0.08698958903551102,DQN修正版 experimental run / revised DQN experimental run; not formal policy conclusion
Q-learning,山东|餐饮|2024-01,山东,2024-01,餐饮,0,0,0.017028565620059118,0.0006187461819111833,-0.005359946750104427,DQN修正版 experimental run / revised DQN experimental run; not formal policy conclusion
Q-learning,山西|流通|2024-01,山西,2024-01,流通,3,3,0.05730243445881687,0.024077456088033022,0.06411939114332199,DQN修正版 experimental run / revised DQN experimental run; not formal policy conclusion
Q-learning,山西|餐饮|2024-01,山西,2024-01,餐饮,5,5,0.05992545318227771,0.0057853447941471825,0.03660737723112106,DQN修正版 experimental run / revised DQN experimental run; not formal policy conclusion
Q-learning,广东|流通|2024-01,广东,2024-01,流通,5,5,0.07543246034992833,0.0,0.07900795340538025,DQN修正版 experimental run / revised DQN experimental run; not formal policy conclusion
Q-learning,广东|生产|2024-01,广东,2024-01,生产,10,10,0.4294782460828922,4.424192550017189e-05,0.9029124975204468,DQN修正版 experimental run / revised DQN experimental run; not formal policy conclusion
Q-learning,广东|餐饮|2024-01,广东,2024-01,餐饮,10,10,0.37753838522351696,0.0004070986727701917,0.8538840413093567,DQN修正版 experimental run / revised DQN experimental run; not formal policy conclusion
Q-learning,广西|流通|2024-01,广西,2024-01,流通,3,3,0.11074015234238171,0.0025624876204764268,0.1745436042547226,DQN修正版 experimental run / revised DQN experimental run; not formal policy conclusion
Q-learning,广西|生产|2024-01,广西,2024-01,生产,3,3,0.060760910900588674,0.00012284813226265975,0.05304689705371857,DQN修正版 experimental run / revised DQN experimental run; not formal policy conclusion
Q-learning,广西|餐饮|2024-01,广西,2024-01,餐饮,5,5,0.048919119148443324,0.007903375974992832,0.004334080498665571,DQN修正版 experimental run / revised DQN experimental run; not formal policy conclusion
Q-learning,新疆|流通|2024-01,新疆,2024-01,流通,5,5,0.2547380465811204,0.10694441861239098,0.6374557614326477,DQN修正版 experimental run / revised DQN experimental run; not formal policy conclusion
Q-learning,新疆|餐饮|2024-01,新疆,2024-01,餐饮,0,0,0.010015962233090417,0.002161437473673959,-0.0031526649836450815,DQN修正版 experimental run / revised DQN experimental run; not formal policy conclusion
Q-learning,江苏|流通|2024-01,江苏,2024-01,流通,0,0,0.008574176032791887,7.115856760856276e-05,-0.002698844764381647,DQN修正版 experimental run / revised DQN experimental run; not formal policy conclusion
Q-learning,江苏|生产|2024-01,江苏,2024-01,生产,3,3,0.029925912206418544,0.005893273967287406,-0.017019743099808693,DQN修正版 experimental run / revised DQN experimental run; not formal policy conclusion
Q-learning,江苏|餐饮|2024-01,江苏,2024-01,餐饮,0,0,0.0044768721990158826,0.0004556769449460183,-0.0014091621851548553,DQN修正版 experimental run / revised DQN experimental run; not formal policy conclusion
Q-learning,江西|流通|2024-01,江西,2024-01,流通,0,0,0.006595610916924693,0.0004195654068301625,-0.002076065167784691,DQN修正版 experimental run / revised DQN experimental run; not formal policy conclusion
Q-learning,河北|流通|2024-01,河北,2024-01,流通,3,3,0.026115540843086232,0.0,-0.03105452097952366,DQN修正版 experimental run / revised DQN experimental run; not formal policy conclusion
Q-learning,河北|餐饮|2024-01,河北,2024-01,餐饮,0,0,0.0028115624595090585,0.0005537537408540018,-0.000884981534909457,DQN修正版 experimental run / revised DQN experimental run; not formal policy conclusion
Q-learning,河南|流通|2024-01,河南,2024-01,流通,10,10,0.3656933289883307,0.0,0.8396546244621277,DQN修正版 experimental run / revised DQN experimental run; not formal policy conclusion
Q-learning,河南|生产|2024-01,河南,2024-01,生产,3,3,0.05537548031474886,0.02275506639073538,0.05838895961642265,DQN修正版 experimental run / revised DQN experimental run; not formal policy conclusion
Q-learning,河南|餐饮|2024-01,河南,2024-01,餐饮,10,10,0.1620748261802042,0.003903570581153784,0.35507914423942566,DQN修正版 experimental run / revised DQN experimental run; not formal policy conclusion
Q-learning,浙江|流通|2024-01,浙江,2024-01,流通,1,1,0.010197554800931251,0.0003843138535128967,-0.018922273069620132,DQN修正版 experimental run / revised DQN experimental run; not formal policy conclusion
Q-learning,浙江|生产|2024-01,浙江,2024-01,生产,1,1,0.05297226121076545,0.011540438072501939,0.03819354251027107,DQN修正版 experimental run / revised DQN experimental run; not formal policy conclusion
Q-learning,浙江|餐饮|2024-01,浙江,2024-01,餐饮,5,5,0.05931154054359328,0.007433914232098193,0.03641511872410774,DQN修正版 experimental run / revised DQN experimental run; not formal policy conclusion
Q-learning,海南|餐饮|2024-01,海南,2024-01,餐饮,3,3,0.54,1.0,0.9660816192626953,DQN修正版 experimental run / revised DQN experimental run; not formal policy conclusion
Q-learning,湖北|流通|2024-01,湖北,2024-01,流通,5,5,0.08986486880232412,0.00044652744599608187,0.12425670027732849,DQN修正版 experimental run / revised DQN experimental run; not formal policy conclusion
Q-learning,湖北|餐饮|2024-01,湖北,2024-01,餐饮,10,10,0.4099492134317687,0.003449709048388878,0.8876777291297913,DQN修正版 experimental run / revised DQN experimental run; not formal policy conclusion
Q-learning,湖南|流通|2024-01,湖南,2024-01,流通,0,0,0.003035398763216069,0.0004885625541858022,-0.0009554373100399971,DQN修正版 experimental run / revised DQN experimental run; not formal policy conclusion
Q-learning,湖南|餐饮|2024-01,湖南,2024-01,餐饮,3,3,0.032050063519344314,0.009596354294366718,-0.008852467872202396,DQN修正版 experimental run / revised DQN experimental run; not formal policy conclusion
Q-learning,福建|流通|2024-01,福建,2024-01,流通,5,5,0.4329113558440988,0.0002709696811416803,0.8338096141815186,DQN修正版 experimental run / revised DQN experimental run; not formal policy conclusion
Q-learning,福建|生产|2024-01,福建,2024-01,生产,3,3,0.03713870986737654,0.007923466483182299,0.002132104942575097,DQN修正版 experimental run / revised DQN experimental run; not formal policy conclusion
Q-learning,福建|餐饮|2024-01,福建,2024-01,餐饮,0,0,0.013400025366904718,0.0018742732221072227,-0.004217835143208504,DQN修正版 experimental run / revised DQN experimental run; not formal policy conclusion
Q-learning,贵州|流通|2024-01,贵州,2024-01,流通,5,5,0.046015906671928564,0.004365678592140112,-0.008488387800753117,DQN修正版 experimental run / revised DQN experimental run; not formal policy conclusion
Q-learning,贵州|生产|2024-01,贵州,2024-01,生产,0,0,0.12416646298976967,0.06475321515261004,-0.039063382893800735,DQN修正版 experimental run / revised DQN experimental run; not formal policy conclusion
Q-learning,贵州|餐饮|2024-01,贵州,2024-01,餐饮,5,5,0.06324014280980023,0.005220282365892629,0.04639135301113129,DQN修正版 experimental run / revised DQN experimental run; not formal policy conclusion
Q-learning,辽宁|流通|2024-01,辽宁,2024-01,流通,5,5,0.03636363171235765,0.00040646197299386224,-0.04289298877120018,DQN修正版 experimental run / revised DQN experimental run; not formal policy conclusion
Q-learning,辽宁|餐饮|2024-01,辽宁,2024-01,餐饮,0,0,0.004486931524554657,0.0007739910428329989,-0.001412328565493226,DQN修正版 experimental run / revised DQN experimental run; not formal policy conclusion
Q-learning,进口|流通|2024-01,进口,2024-01,流通,1,1,0.54,1.0,0.798214316368103,DQN修正版 experimental run / revised DQN experimental run; not formal policy conclusion
Q-learning,重庆|流通|2024-01,重庆,2024-01,流通,3,3,0.029558405416280298,0.0021193068079465045,-0.020982500165700912,DQN修正版 experimental run / revised DQN experimental run; not formal policy conclusion
Q-learning,陕西|流通|2024-01,陕西,2024-01,流通,1,1,0.05210539472628607,0.00892156783501762,0.03591405600309372,DQN修正版 experimental run / revised DQN experimental run; not formal policy conclusion
Q-learning,陕西|餐饮|2024-01,陕西,2024-01,餐饮,3,3,0.027087399176312026,0.0036212452965417473,-0.0257525984197855,DQN修正版 experimental run / revised DQN experimental run; not formal policy conclusion
Q-learning,黑龙江|流通|2024-01,黑龙江,2024-01,流通,1,1,0.07085267373102695,0.011428913223561994,0.059780269861221313,DQN修正版 experimental run / revised DQN experimental run; not formal policy conclusion
Q-learning,上海|流通|2024-02,上海,2024-02,流通,1,1,0.04651110282659672,0.01210188971317008,0.030627988278865814,DQN修正版 experimental run / revised DQN experimental run; not formal policy conclusion
Q-learning,不详|流通|2024-02,不详,2024-02,流通,3,3,0.3890129748490733,0.0,0.6907798647880554,DQN修正版 experimental run / revised DQN experimental run; not formal policy conclusion
Q-learning,不详|生产|2024-02,不详,2024-02,生产,10,10,0.24482392510082812,0.039391501333488406,0.6476730108261108,DQN修正版 experimental run / revised DQN experimental run; not formal policy conclusion
Q-learning,不详|餐饮|2024-02,不详,2024-02,餐饮,10,10,0.30114088282790225,0.0001251093036161604,0.7394521236419678,DQN修正版 experimental run / revised DQN experimental run; not formal policy conclusion
Q-learning,云南|流通|2024-02,云南,2024-02,流通,3,3,0.07365260355914616,0.013813467164538854,0.095232754945755,DQN修正版 experimental run / revised DQN experimental run; not formal policy conclusion
Q-learning,云南|生产|2024-02,云南,2024-02,生产,3,3,0.5224170962571189,0.43859831100335706,0.9104596376419067,DQN修正版 experimental run / revised DQN experimental run; not formal policy conclusion
Q-learning,内蒙古|流通|2024-02,内蒙古,2024-02,流通,10,10,0.4354492469927952,0.02748529895086437,0.9143794775009155,DQN修正版 experimental run / revised DQN experimental run; not formal policy conclusion
Q-learning,内蒙古|生产|2024-02,内蒙古,2024-02,生产,1,1,0.39107431374003543,0.6727307662490889,0.6405884027481079,DQN修正版 experimental run / revised DQN experimental run; not formal policy conclusion
Q-learning,北京|流通|2024-02,北京,2024-02,流通,3,3,0.15285801352618067,0.09363097679934151,0.3387526571750641,DQN修正版 experimental run / revised DQN experimental run; not formal policy conclusion
Q-learning,吉林|流通|2024-02,吉林,2024-02,流通,0,0,0.014371031399998731,0.0016782213844936853,-0.00452346820384264,DQN修正版 experimental run / revised DQN experimental run; not formal policy conclusion
Q-learning,吉林|餐饮|2024-02,吉林,2024-02,餐饮,0,0,0.008491694169766513,0.0018324422927273605,-0.002672882517799735,DQN修正版 experimental run / revised DQN experimental run; not formal policy conclusion
Q-learning,四川|流通|2024-02,四川,2024-02,流通,3,3,0.03325066219254815,0.0018181049487811262,-0.012271533720195293,DQN修正版 experimental run / revised DQN experimental run; not formal policy conclusion
Q-learning,四川|餐饮|2024-02,四川,2024-02,餐饮,0,0,0.038312626564098194,0.0031355599249116794,-0.012058893218636513,DQN修正版 experimental run / revised DQN experimental run; not formal policy conclusion
Q-learning,天津|流通|2024-02,天津,2024-02,流通,0,0,0.014467060805728228,0.0015639838793488298,-0.004553694278001785,DQN修正版 experimental run / revised DQN experimental run; not formal policy conclusion
Q-learning,宁夏|流通|2024-02,宁夏,2024-02,流通,1,1,0.5098817148356902,1.0,0.7845641374588013,DQN修正版 experimental run / revised DQN experimental run; not formal policy conclusion
Q-learning,宁夏|餐饮|2024-02,宁夏,2024-02,餐饮,5,5,0.06517812110387336,0.029846974815476303,0.07822557538747787,DQN修正版 experimental run / revised DQN experimental run; not formal policy conclusion
Q-learning,安徽|流通|2024-02,安徽,2024-02,流通,1,1,0.011511942248389754,6.891204533676705e-05,-0.017476432025432587,DQN修正版 experimental run / revised DQN experimental run; not formal policy conclusion
Q-learning,安徽|生产|2024-02,安徽,2024-02,生产,3,3,0.022081695280764778,0.00561773440688157,-0.03626249358057976,DQN修正版 experimental run / revised DQN experimental run; not formal policy conclusion
Q-learning,安徽|餐饮|2024-02,安徽,2024-02,餐饮,5,5,0.05614522546315755,0.009025040724456238,0.028166571632027626,DQN修正版 experimental run / revised DQN experimental run; not formal policy conclusion
Q-learning,山东|流通|2024-02,山东,2024-02,流通,3,3,0.02,0.0,-0.04587063938379288,DQN修正版 experimental run / revised DQN experimental run; not formal policy conclusion
Q-learning,山东|生产|2024-02,山东,2024-02,生产,1,1,0.09507567760770144,0.0049321245856209514,0.08597169071435928,DQN修正版 experimental run / revised DQN experimental run; not formal policy conclusion
Q-learning,山东|餐饮|2024-02,山东,2024-02,餐饮,0,0,0.017201584235704195,0.0006634878548309025,-0.00541440537199378,DQN修正版 experimental run / revised DQN experimental run; not formal policy conclusion
Q-learning,山西|流通|2024-02,山西,2024-02,流通,3,3,0.16699519244669547,0.04483304985870223,0.33394020795822144,DQN修正版 experimental run / revised DQN experimental run; not formal policy conclusion
Q-learning,山西|餐饮|2024-02,山西,2024-02,餐饮,5,5,0.05953722677402794,0.005958240088898613,0.035572972148656845,DQN修正版 experimental run / revised DQN experimental run; not formal policy conclusion
Q-learning,广东|流通|2024-02,广东,2024-02,流通,5,5,0.034816668233720406,0.0,-0.048160504549741745,DQN修正版 experimental run / revised DQN experimental run; not formal policy conclusion
Q-learning,广东|生产|2024-02,广东,2024-02,生产,10,10,0.4410476511373892,5.304105446527987e-05,0.9115020632743835,DQN修正版 experimental run / revised DQN experimental run; not formal policy conclusion
Q-learning,广东|餐饮|2024-02,广东,2024-02,餐饮,0,0,0.01106737086907203,0.0004260147155984667,-0.0034836081322282553,DQN修正版 experimental run / revised DQN experimental run; not formal policy conclusion
Q-learning,广西|流通|2024-02,广西,2024-02,流通,3,3,0.12767132393357863,0.002502809658740958,0.2140207439661026,DQN修正版 experimental run / revised DQN experimental run; not formal policy conclusion
Q-learning,广西|生产|2024-02,广西,2024-02,生产,10,10,0.3819448345902907,0.00013761205336011256,0.8587099313735962,DQN修正版 experimental run / revised DQN experimental run; not formal policy conclusion
Q-learning,新疆|流通|2024-02,新疆,2024-02,流通,3,3,0.22830561450340103,0.09124595637024303,0.48828211426734924,DQN修正版 experimental run / revised DQN experimental run; not formal policy conclusion
Q-learning,新疆|生产|2024-02,新疆,2024-02,生产,3,3,0.4241774425836303,0.525540878904935,0.8770005106925964,DQN修正版 experimental run / revised DQN experimental run; not formal policy conclusion
Q-learning,新疆|餐饮|2024-02,新疆,2024-02,餐饮,0,0,0.009730976493845096,0.002098076008492595,-0.003062962321564555,DQN修正版 experimental run / revised DQN experimental run; not formal policy conclusion
Q-learning,江苏|流通|2024-02,江苏,2024-02,流通,0,0,0.008026055890474757,6.785092080561192e-05,-0.002526317024603486,DQN修正版 experimental run / revised DQN experimental run; not formal policy conclusion
Q-learning,江苏|生产|2024-02,江苏,2024-02,生产,3,3,0.030962906334182104,0.00630452862555179,-0.014169530011713505,DQN修正版 experimental run / revised DQN experimental run; not formal policy conclusion
Q-learning,江苏|餐饮|2024-02,江苏,2024-02,餐饮,0,0,0.004570504683970567,0.0004852297470678018,-0.0014386343536898494,DQN修正版 experimental run / revised DQN experimental run; not formal policy conclusion
Q-learning,江西|流通|2024-02,江西,2024-02,流通,0,0,0.005391220698059936,0.00035532334074180754,-0.00169696647208184,DQN修正版 experimental run / revised DQN experimental run; not formal policy conclusion
Q-learning,江西|餐饮|2024-02,江西,2024-02,餐饮,0,0,0.010420263855814373,0.0022527850726063734,-0.0032799236942082644,DQN修正版 experimental run / revised DQN experimental run; not formal policy conclusion
Q-learning,河北|流通|2024-02,河北,2024-02,流通,3,3,0.026281657323697333,0.0,-0.030651850625872612,DQN修正版 experimental run / revised DQN experimental run; not formal policy conclusion
Q-learning,河北|生产|2024-02,河北,2024-02,生产,0,0,0.11165807837333161,0.05035278355830697,-0.035131603479385376,DQN修正版 experimental run / revised DQN experimental run; not formal policy conclusion
Q-learning,河北|餐饮|2024-02,河北,2024-02,餐饮,0,0,0.0030045933396408214,0.0006070686064195343,-0.000945740845054388,DQN修正版 experimental run / revised DQN experimental run; not formal policy conclusion
Q-learning,河南|流通|2024-02,河南,2024-02,流通,3,3,0.026158685455453266,0.0,-0.030949939042329788,DQN修正版 experimental run / revised DQN experimental run; not formal policy conclusion
Q-learning,河南|生产|2024-02,河南,2024-02,生产,0,0,0.11329896331089982,0.03545715649960733,-0.035647448152303696,DQN修正版 experimental run / revised DQN experimental run; not formal policy conclusion
Q-learning,河南|餐饮|2024-02,河南,2024-02,餐饮,10,10,0.15897008027343842,0.0039643948029587876,0.3437192738056183,DQN修正版 experimental run / revised DQN experimental run; not formal policy conclusion
Q-learning,浙江|流通|2024-02,浙江,2024-02,流通,1,1,0.008852462246692137,0.0003279714460519697,-0.020579930394887924,DQN修正版 experimental run / revised DQN experimental run; not formal policy conclusion
Q-learning,浙江|生产|2024-02,浙江,2024-02,生产,3,3,0.04944199807730628,0.01054370628320489,0.03410397842526436,DQN修正版 experimental run / revised DQN experimental run; not formal policy conclusion
Q-learning,浙江|餐饮|2024-02,浙江,2024-02,餐饮,5,5,0.05509035716987261,0.006802744904841522,0.022526439279317856,DQN修正版 experimental run / revised DQN experimental run; not formal policy conclusion
Q-learning,湖北|流通|2024-02,湖北,2024-02,流通,1,1,0.008568625890761135,0.0003903932858857508,-0.020894795656204224,DQN修正版 experimental run / revised DQN experimental run; not formal policy conclusion
Q-learning,湖北|生产|2024-02,湖北,2024-02,生产,5,5,0.18666900511888712,0.09981676480028062,0.48761066794395447,DQN修正版 experimental run / revised DQN experimental run; not formal policy conclusion
Q-learning,湖南|流通|2024-02,湖南,2024-02,流通,0,0,0.003061856477456477,0.0005033844280576176,-0.0009637652547098696,DQN修正版 experimental run / revised DQN experimental run; not formal policy conclusion
Q-learning,湖南|生产|2024-02,湖南,2024-02,生产,3,3,0.03502370829312741,0.010976640331820796,-0.0005139120039530098,DQN修正版 experimental run / revised DQN experimental run; not formal policy conclusion
Q-learning,甘肃|流通|2024-02,甘肃,2024-02,流通,3,3,0.10780897722781074,0.07087969712684919,0.22114181518554688,DQN修正版 experimental run / revised DQN experimental run; not formal policy conclusion
Q-learning,甘肃|生产|2024-02,甘肃,2024-02,生产,1,1,0.54,1.0,0.798214316368103,DQN修正版 experimental run / revised DQN experimental run; not formal policy conclusion
Q-learning,福建|流通|2024-02,福建,2024-02,流通,1,1,0.014821752465308539,0.00020593646205375272,-0.01339765079319477,DQN修正版 experimental run / revised DQN experimental run; not formal policy conclusion
Q-learning,福建|生产|2024-02,福建,2024-02,生产,3,3,0.03610244245502429,0.007714724688571284,-0.0005521653220057487,DQN修正版 experimental run / revised DQN experimental run; not formal policy conclusion
Q-learning,福建|餐饮|2024-02,福建,2024-02,餐饮,0,0,0.013952792598056356,0.002007258207417088,-0.004391823895275593,DQN修正版 experimental run / revised DQN experimental run; not formal policy conclusion
Q-learning,贵州|流通|2024-02,贵州,2024-02,流通,5,5,0.04215500749239065,0.003926512150892759,-0.02105480432510376,DQN修正版 experimental run / revised DQN experimental run; not formal policy conclusion
Q-learning,贵州|生产|2024-02,贵州,2024-02,生产,0,0,0.11987335997490767,0.06174311819807948,-0.03771405294537544,DQN修正版 experimental run / revised DQN experimental run; not formal policy conclusion
Q-learning,贵州|餐饮|2024-02,贵州,2024-02,餐饮,5,5,0.0635674566588852,0.005498276986504318,0.047707073390483856,DQN修正版 experimental run / revised DQN experimental run; not formal policy conclusion
Q-learning,辽宁|流通|2024-02,辽宁,2024-02,流通,1,1,0.014825595076735271,0.000361198004386401,-0.013320024125277996,DQN修正版 experimental run / revised DQN experimental run; not formal policy conclusion
Q-learning,辽宁|生产|2024-02,辽宁,2024-02,生产,1,1,0.06153377457862748,0.014680093588653636,0.05003261938691139,DQN修正版 experimental run / revised DQN experimental run; not formal policy conclusion
Q-learning,辽宁|餐饮|2024-02,辽宁,2024-02,餐饮,0,0,0.0048399862355855,0.0008313031120379432,-0.0015234575839713216,DQN修正版 experimental run / revised DQN experimental run; not formal policy conclusion
Q-learning,重庆|流通|2024-02,重庆,2024-02,流通,3,3,0.027547220204562482,0.001977284354006555,-0.025975167751312256,DQN修正版 experimental run / revised DQN experimental run; not formal policy conclusion
Q-learning,陕西|流通|2024-02,陕西,2024-02,流通,1,1,0.04988562956051922,0.008548191238920207,0.033049020916223526,DQN修正版 experimental run / revised DQN experimental run; not formal policy conclusion
Q-learning,陕西|餐饮|2024-02,陕西,2024-02,餐饮,3,3,0.027555291964229053,0.003816171547657892,-0.02445945516228676,DQN修正版 experimental run / revised DQN experimental run; not formal policy conclusion
Q-learning,黑龙江|流通|2024-02,黑龙江,2024-02,流通,1,1,0.07063253988180213,0.011767495775814197,0.05967274308204651,DQN修正版 experimental run / revised DQN experimental run; not formal policy conclusion
Q-learning,黑龙江|餐饮|2024-02,黑龙江,2024-02,餐饮,0,0,0.001897061899118237,0.00032583755341959085,-0.0005971288192085922,DQN修正版 experimental run / revised DQN experimental run; not formal policy conclusion
Q-learning,上海|流通|2024-03,上海,2024-03,流通,5,5,0.04456519813400445,0.01146575901130907,-0.005575495772063732,DQN修正版 experimental run / revised DQN experimental run; not formal policy conclusion
Q-learning,不详|其他|2024-03,不详,2024-03,其他,5,5,0.84,1.0,0.9982766509056091,DQN修正版 experimental run / revised DQN experimental run; not formal policy conclusion
Q-learning,不详|流通|2024-03,不详,2024-03,流通,3,3,0.3892913882245976,0.0,0.6911328434944153,DQN修正版 experimental run / revised DQN experimental run; not formal policy conclusion
Q-learning,不详|生产|2024-03,不详,2024-03,生产,10,10,0.22074491558120657,0.03979448914904452,0.5855205655097961,DQN修正版 experimental run / revised DQN experimental run; not formal policy conclusion
Q-learning,不详|餐饮|2024-03,不详,2024-03,餐饮,3,3,0.02042961579975113,0.00012626890095326928,-0.04472779855132103,DQN修正版 experimental run / revised DQN experimental run; not formal policy conclusion
Q-learning,云南|流通|2024-03,云南,2024-03,流通,3,3,0.09673385811600478,0.01878564507530805,0.15432998538017273,DQN修正版 experimental run / revised DQN experimental run; not formal policy conclusion
Q-learning,内蒙古|流通|2024-03,内蒙古,2024-03,流通,5,5,0.11082361738953325,0.027656660199703764,0.21578164398670197,DQN修正版 experimental run / revised DQN experimental run; not formal policy conclusion
Q-learning,北京|流通|2024-03,北京,2024-03,流通,3,3,0.15163227485563574,0.09365160411295514,0.33613210916519165,DQN修正版 experimental run / revised DQN experimental run; not formal policy conclusion
Q-learning,吉林|流通|2024-03,吉林,2024-03,流通,0,0,0.013404370691521617,0.0015789032592940192,-0.004219203256070614,DQN修正版 experimental run / revised DQN experimental run; not formal policy conclusion
Q-learning,四川|流通|2024-03,四川,2024-03,流通,3,3,0.032740257841386226,0.0018552582917079504,-0.013479497283697128,DQN修正版 experimental run / revised DQN experimental run; not formal policy conclusion
Q-learning,四川|餐饮|2024-03,四川,2024-03,餐饮,10,10,0.4365196623423163,0.004102175524977303,0.9092792868614197,DQN修正版 experimental run / revised DQN experimental run; not formal policy conclusion
Q-learning,天津|流通|2024-03,天津,2024-03,流通,0,0,0.013988399131099961,0.0015414162708483037,-0.0044030314311385155,DQN修正版 experimental run / revised DQN experimental run; not formal policy conclusion
Q-learning,天津|生产|2024-03,天津,2024-03,生产,3,3,0.2419101579577525,0.29432373229191916,0.6243746280670166,DQN修正版 experimental run / revised DQN experimental run; not formal policy conclusion
Q-learning,天津|餐饮|2024-03,天津,2024-03,餐饮,3,3,0.14763028262054956,0.12321166761122505,0.34880369901657104,DQN修正版 experimental run / revised DQN experimental run; not formal policy conclusion
Q-learning,宁夏|流通|2024-03,宁夏,2024-03,流通,1,1,0.4466806050070904,0.8392287415554579,0.7186710834503174,DQN修正版 experimental run / revised DQN experimental run; not formal policy conclusion
Q-learning,安徽|流通|2024-03,安徽,2024-03,流通,0,0,0.010006227554616524,4.5434431445838283e-05,-0.0031496009323745966,DQN修正版 experimental run / revised DQN experimental run; not formal policy conclusion
Q-learning,安徽|生产|2024-03,安徽,2024-03,生产,0,0,0.013746800070538568,0.0030691510937089442,-0.004326986148953438,DQN修正版 experimental run / revised DQN experimental run; not formal policy conclusion
Q-learning,安徽|餐饮|2024-03,安徽,2024-03,餐饮,5,5,0.05622117264880622,0.009334999221692723,0.028730062767863274,DQN修正版 experimental run / revised DQN experimental run; not formal policy conclusion
Q-learning,山东|流通|2024-03,山东,2024-03,流通,0,0,0.0,0.0,0.0,DQN修正版 experimental run / revised DQN experimental run; not formal policy conclusion
Q-learning,山东|生产|2024-03,山东,2024-03,生产,1,1,0.08654580822084741,0.004361537655244768,0.07542457431554794,DQN修正版 experimental run / revised DQN experimental run; not formal policy conclusion
Q-learning,山东|餐饮|2024-03,山东,2024-03,餐饮,0,0,0.01710176441453474,0.0006928968687908965,-0.00538298673927784,DQN修正版 experimental run / revised DQN experimental run; not formal policy conclusion
Q-learning,山西|流通|2024-03,山西,2024-03,流通,5,5,0.11273985677925412,0.03730376609183201,0.23112371563911438,DQN修正版 experimental run / revised DQN experimental run; not formal policy conclusion
Q-learning,山西|餐饮|2024-03,山西,2024-03,餐饮,5,5,0.05835196154368717,0.005991624661996415,0.03189527243375778,DQN修正版 experimental run / revised DQN experimental run; not formal policy conclusion
Q-learning,广东|流通|2024-03,广东,2024-03,流通,1,1,0.0140863442023415,0.0,-0.014386430382728577,DQN修正版 experimental run / revised DQN experimental run; not formal policy conclusion
Q-learning,广东|生产|2024-03,广东,2024-03,生产,1,1,0.019154666437264687,5.6822364563210775e-05,-0.00821180921047926,DQN修正版 experimental run / revised DQN experimental run; not formal policy conclusion
Q-learning,广东|餐饮|2024-03,广东,2024-03,餐饮,0,0,0.010294561707110694,0.00040612573803670046,-0.0032403573859483004,DQN修正版 experimental run / revised DQN experimental run; not formal policy conclusion
Q-learning,广西|流通|2024-03,广西,2024-03,流通,3,3,0.10622422552310597,0.00257209459488656,0.1639079600572586,DQN修正版 experimental run / revised DQN experimental run; not formal policy conclusion
Q-learning,广西|生产|2024-03,广西,2024-03,生产,10,10,0.3774179407477225,0.00011214887493075137,0.8536281585693359,DQN修正版 experimental run / revised DQN experimental run; not formal policy conclusion
Q-learning,广西|餐饮|2024-03,广西,2024-03,餐饮,3,3,0.04608012848101273,0.007378664446871846,0.02337917499244213,DQN修正版 experimental run / revised DQN experimental run; not formal policy conclusion
Q-learning,新疆|流通|2024-03,新疆,2024-03,流通,3,3,0.22504115183347562,0.09203167989205702,0.482717365026474,DQN修正版 experimental run / revised DQN experimental run; not formal policy conclusion
Q-learning,新疆|生产|2024-03,新疆,2024-03,生产,3,3,0.39353604640209894,0.4707049026620665,0.8464891910552979,DQN修正版 experimental run / revised DQN experimental run; not formal policy conclusion
Q-learning,新疆|餐饮|2024-03,新疆,2024-03,餐饮,0,0,0.006700849900497128,0.0014770833623283146,-0.002109190681949258,DQN修正版 experimental run / revised DQN experimental run; not formal policy conclusion
Q-learning,江苏|流通|2024-03,江苏,2024-03,流通,0,0,0.007032652585043917,5.159479519855228e-05,-0.0022136298939585686,DQN修正版 experimental run / revised DQN experimental run; not formal policy conclusion
Q-learning,江苏|生产|2024-03,江苏,2024-03,生产,3,3,0.030324275738298146,0.006207047539285289,-0.0157980564981699,DQN修正版 experimental run / revised DQN experimental run; not formal policy conclusion
Q-learning,江苏|餐饮|2024-03,江苏,2024-03,餐饮,0,0,0.004102182372701052,0.0004186983236364635,-0.0012912231031805277,DQN修正版 experimental run / revised DQN experimental run; not formal policy conclusion
Q-learning,江西|流通|2024-03,江西,2024-03,流通,3,3,0.02822845188643755,0.0004435874689406916,-0.025571169331669807,DQN修正版 experimental run / revised DQN experimental run; not formal policy conclusion
Q-learning,江西|生产|2024-03,江西,2024-03,生产,1,1,0.07922812648631053,0.01777666475612755,0.0728667676448822,DQN修正版 experimental run / revised DQN experimental run; not formal policy conclusion
Q-learning,江西|餐饮|2024-03,江西,2024-03,餐饮,0,0,0.010557811312268427,0.0022842522505987888,-0.0033232183195650578,DQN修正版 experimental run / revised DQN experimental run; not formal policy conclusion
Q-learning,河北|流通|2024-03,河北,2024-03,流通,10,10,0.4065564743530647,0.0,0.8835002183914185,DQN修正版 experimental run / revised DQN experimental run; not formal policy conclusion
Q-learning,河北|生产|2024-03,河北,2024-03,生产,0,0,0.10244514906813783,0.044016343991060136,-0.03223498538136482,DQN修正版 experimental run / revised DQN experimental run; not formal policy conclusion
Q-learning,河北|餐饮|2024-03,河北,2024-03,餐饮,0,0,0.0032009226507721113,0.0006631527561003092,-0.0010075384052470326,DQN修正版 experimental run / revised DQN experimental run; not formal policy conclusion
Q-learning,河南|流通|2024-03,河南,2024-03,流通,5,5,0.06820630391050797,0.0,0.05645172297954559,DQN修正版 experimental run / revised DQN experimental run; not formal policy conclusion
Q-learning,河南|生产|2024-03,河南,2024-03,生产,1,1,0.08119299839747744,0.028366760442137214,0.08018508553504944,DQN修正版 experimental run / revised DQN experimental run; not formal policy conclusion
Q-learning,河南|餐饮|2024-03,河南,2024-03,餐饮,10,10,0.581408435199312,0.004049118871461234,0.9722226858139038,DQN修正版 experimental run / revised DQN experimental run; not formal policy conclusion
Q-learning,浙江|流通|2024-03,浙江,2024-03,流通,0,0,0.008443709643191771,0.0003282935824041316,-0.0026577787939459085,DQN修正版 experimental run / revised DQN experimental run; not formal policy conclusion
Q-learning,浙江|生产|2024-03,浙江,2024-03,生产,3,3,0.050440625877024234,0.011145153708737145,0.03701295331120491,DQN修正版 experimental run / revised DQN experimental run; not formal policy conclusion
Q-learning,湖北|流通|2024-03,湖北,2024-03,流通,0,0,0.008279427129102896,0.000394295776572413,-0.0026060687378048897,DQN修正版 experimental run / revised DQN experimental run; not formal policy conclusion
Q-learning,湖北|餐饮|2024-03,湖北,2024-03,餐饮,3,3,0.046226772450991216,0.0036153274161246527,0.020672451704740524,DQN修正版 experimental run / revised DQN experimental run; not formal policy conclusion
Q-learning,湖南|流通|2024-03,湖南,2024-03,流通,0,0,0.0030429673461793566,0.0005134899008677075,-0.0009578196331858635,DQN修正版 experimental run / revised DQN experimental run; not formal policy conclusion
Q-learning,湖南|生产|2024-03,湖南,2024-03,生产,1,1,0.018987336025999748,0.00458811533456393,-0.006285030860453844,DQN修正版 experimental run / revised DQN experimental run; not formal policy conclusion
Q-learning,湖南|餐饮|2024-03,湖南,2024-03,餐饮,3,3,0.032282743622516305,0.009701175149180832,-0.00820261798799038,DQN修正版 experimental run / revised DQN experimental run; not formal policy conclusion
Q-learning,甘肃|流通|2024-03,甘肃,2024-03,流通,3,3,0.10855645589211634,0.07174141242516786,0.22353264689445496,DQN修正版 experimental run / revised DQN experimental run; not formal policy conclusion
Q-learning,甘肃|餐饮|2024-03,甘肃,2024-03,餐饮,3,3,0.5008589546780494,0.3232919341164852,0.881848931312561,DQN修正版 experimental run / revised DQN experimental run; not formal policy conclusion
Q-learning,福建|流通|2024-03,福建,2024-03,流通,5,5,0.034137809423891004,0.00017751376164654249,-0.05009813979268074,DQN修正版 experimental run / revised DQN experimental run; not formal policy conclusion
Q-learning,福建|生产|2024-03,福建,2024-03,生产,3,3,0.03368840200283678,0.007050991577216166,-0.006949686445295811,DQN修正版 experimental run / revised DQN experimental run; not formal policy conclusion
Q-learning,福建|餐饮|2024-03,福建,2024-03,餐饮,0,0,0.013519755719290656,0.0019681615840030074,-0.004255521576851606,DQN修正版 experimental run / revised DQN experimental run; not formal policy conclusion
Q-learning,贵州|流通|2024-03,贵州,2024-03,流通,10,10,0.35827271499302793,0.0053881818138727606,0.8326964974403381,DQN修正版 experimental run / revised DQN experimental run; not formal policy conclusion
Q-learning,贵州|餐饮|2024-03,贵州,2024-03,餐饮,5,5,0.06242369130911729,0.005558191345998104,0.044190648943185806,DQN修正版 experimental run / revised DQN experimental run; not formal policy conclusion
Q-learning,辽宁|流通|2024-03,辽宁,2024-03,流通,1,1,0.014354589726402238,0.0003664086539468755,-0.01388887781649828,DQN修正版 experimental run / revised DQN experimental run; not formal policy conclusion
Q-learning,辽宁|餐饮|2024-03,辽宁,2024-03,餐饮,0,0,0.005063509274149751,0.0008730436796752681,-0.0015938146971166134,DQN修正版 experimental run / revised DQN experimental run; not formal policy conclusion
Q-learning,重庆|流通|2024-03,重庆,2024-03,流通,3,3,0.02679117496332272,0.001972315248821843,-0.027812300249934196,DQN修正版 experimental run / revised DQN experimental run; not formal policy conclusion
Q-learning,重庆|生产|2024-03,重庆,2024-03,生产,10,10,0.1335038922864995,0.039705228927284376,0.2954714894294739,DQN修正版 experimental run / revised DQN experimental run; not formal policy conclusion
Q-learning,重庆|餐饮|2024-03,重庆,2024-03,餐饮,0,0,0.00435812517142619,0.001031714295482038,-0.0013717848341912031,DQN修正版 experimental run / revised DQN experimental run; not formal policy conclusion
Q-learning,陕西|流通|2024-03,陕西,2024-03,流通,1,1,0.047809421086180165,0.008202571556046487,0.030370475724339485,DQN修正版 experimental run / revised DQN experimental run; not formal policy conclusion
Q-learning,黑龙江|流通|2024-03,黑龙江,2024-03,流通,1,1,0.06801688438644847,0.011410284667916656,0.05634285882115364,DQN修正版 experimental run / revised DQN experimental run; not formal policy conclusion
Q-learning,上海|流通|2024-04,上海,2024-04,流通,5,5,0.0427877338038535,0.010897876403402923,-0.011745991185307503,DQN修正版 experimental run / revised DQN experimental run; not formal policy conclusion
Q-learning,不详|其他|2024-04,不详,2024-04,其他,5,5,0.54,0.7671633207806873,0.981698751449585,DQN修正版 experimental run / revised DQN experimental run; not formal policy conclusion
Q-learning,不详|流通|2024-04,不详,2024-04,流通,3,3,0.39174055441698646,0.0,0.6942241191864014,DQN修正版 experimental run / revised DQN experimental run; not formal policy conclusion
Q-learning,不详|餐饮|2024-04,不详,2024-04,餐饮,10,10,0.3226862187904316,0.00014829931590567018,0.7777801752090454,DQN修正版 experimental run / revised DQN experimental run; not formal policy conclusion
Q-learning,云南|流通|2024-04,云南,2024-04,流通,3,3,0.07025555769734321,0.016584168787241515,0.08929707854986191,DQN修正版 experimental run / revised DQN experimental run; not formal policy conclusion
Q-learning,云南|餐饮|2024-04,云南,2024-04,餐饮,10,10,0.34026214397486293,0.00213940162073226,0.8063306212425232,DQN修正版 experimental run / revised DQN experimental run; not formal policy conclusion
Q-learning,内蒙古|流通|2024-04,内蒙古,2024-04,流通,5,5,0.10559090556842296,0.026208111869073604,0.1986198127269745,DQN修正版 experimental run / revised DQN experimental run; not formal policy conclusion
Q-learning,北京|流通|2024-04,北京,2024-04,流通,3,3,0.15045259689657292,0.09366228986957228,0.3335985243320465,DQN修正版 experimental run / revised DQN experimental run; not formal policy conclusion
Q-learning,北京|餐饮|2024-04,北京,2024-04,餐饮,5,5,0.06145201712365794,0.027044590978569774,0.06366904824972153,DQN修正版 experimental run / revised DQN experimental run; not formal policy conclusion
Q-learning,四川|流通|2024-04,四川,2024-04,流通,3,3,0.03128278001885393,0.001802039854855115,-0.01705831289291382,DQN修正版 experimental run / revised DQN experimental run; not formal policy conclusion
Q-learning,天津|流通|2024-04,天津,2024-04,流通,3,3,0.03917417915502773,0.0017948509595721407,0.0020813450682908297,DQN修正版 experimental run / revised DQN experimental run; not formal policy conclusion
Q-learning,安徽|流通|2024-04,安徽,2024-04,流通,0,0,0.008927442269445408,3.1390160956371064e-05,-0.0028100397903472185,DQN修正版 experimental run / revised DQN experimental run; not formal policy conclusion
Q-learning,安徽|生产|2024-04,安徽,2024-04,生产,0,0,0.012573324984877074,0.0027680052640688306,-0.003957623150199652,DQN修正版 experimental run / revised DQN experimental run; not formal policy conclusion
Q-learning,安徽|餐饮|2024-04,安徽,2024-04,餐饮,3,3,0.04447593907623381,0.006528038139224889,0.018796401098370552,DQN修正版 experimental run / revised DQN experimental run; not formal policy conclusion
Q-learning,山东|流通|2024-04,山东,2024-04,流通,10,10,0.4,0.0,0.8773134350776672,DQN修正版 experimental run / revised DQN experimental run; not formal policy conclusion
Q-learning,山东|生产|2024-04,山东,2024-04,生产,1,1,0.08667885761692573,0.004590736127171259,0.07569217681884766,DQN修正版 experimental run / revised DQN experimental run; not formal policy conclusion
Q-learning,山东|餐饮|2024-04,山东,2024-04,餐饮,0,0,0.0161106216473228,0.0006653577963904882,-0.005071017891168594,DQN修正版 experimental run / revised DQN experimental run; not formal policy conclusion
Q-learning,山西|流通|2024-04,山西,2024-04,流通,5,5,0.11302059302932004,0.038468035851981955,0.23311442136764526,DQN修正版 experimental run / revised DQN experimental run; not formal policy conclusion
Q-learning,山西|餐饮|2024-04,山西,2024-04,餐饮,5,5,0.05837433374758211,0.006237705050707714,0.03222373500466347,DQN修正版 experimental run / revised DQN experimental run; not formal policy conclusion
Q-learning,广东|流通|2024-04,广东,2024-04,流通,1,1,0.01177563379404915,0.0,-0.017189007252454758,DQN修正版 experimental run / revised DQN experimental run; not formal policy conclusion
Q-learning,广东|生产|2024-04,广东,2024-04,生产,10,10,0.3616714865512268,7.327920012506402e-05,0.8346375823020935,DQN修正版 experimental run / revised DQN experimental run; not formal policy conclusion
Q-learning,广东|餐饮|2024-04,广东,2024-04,餐饮,0,0,0.009631641999829707,0.00039128507244483567,-0.003031695494428277,DQN修正版 experimental run / revised DQN experimental run; not formal policy conclusion
Q-learning,广西|其他|2024-04,广西,2024-04,其他,1,1,0.8494942277718815,1.0,0.8994132280349731,DQN修正版 experimental run / revised DQN experimental run; not formal policy conclusion
Q-learning,广西|流通|2024-04,广西,2024-04,流通,3,3,0.10025846280895963,0.002429318522383262,0.14967575669288635,DQN修正版 experimental run / revised DQN experimental run; not formal policy conclusion
Q-learning,广西|生产|2024-04,广西,2024-04,生产,10,10,0.38074884749922283,0.00010329335381989451,0.857372522354126,DQN修正版 experimental run / revised DQN experimental run; not formal policy conclusion
Q-learning,新疆|流通|2024-04,新疆,2024-04,流通,5,5,0.22182016423201023,0.09276181684699258,0.5619916915893555,DQN修正版 experimental run / revised DQN experimental run; not formal policy conclusion
Q-learning,新疆|生产|2024-04,新疆,2024-04,生产,3,3,0.36739890092791805,0.42536949851365635,0.8155252933502197,DQN修正版 experimental run / revised DQN experimental run; not formal policy conclusion
Q-learning,新疆|餐饮|2024-04,新疆,2024-04,餐饮,0,0,0.006134712669116974,0.0013717693034285957,-0.0019309910712763667,DQN修正版 experimental run / revised DQN experimental run; not formal policy conclusion
Q-learning,江苏|流通|2024-04,江苏,2024-04,流通,0,0,0.006473144360814045,4.6831829703989276e-05,-0.0020375170279294252,DQN修正版 experimental run / revised DQN experimental run; not formal policy conclusion
Q-learning,江苏|生产|2024-04,江苏,2024-04,生产,3,3,0.03096534013124804,0.006502961527622012,-0.01400210801512003,DQN修正版 experimental run / revised DQN experimental run; not formal policy conclusion
Q-learning,江苏|餐饮|2024-04,江苏,2024-04,餐饮,0,0,0.003808220970888144,0.00038007392182239487,-0.0011986944591626525,DQN修正版 experimental run / revised DQN experimental run; not formal policy conclusion
Q-learning,江西|流通|2024-04,江西,2024-04,流通,5,5,0.05301533923890485,0.000552052060352717,0.009453021921217442,DQN修正版 experimental run / revised DQN experimental run; not formal policy conclusion
Q-learning,江西|生产|2024-04,江西,2024-04,生产,1,1,0.07869859859810235,0.018092095427014447,0.07237523049116135,DQN修正版 experimental run / revised DQN experimental run; not formal policy conclusion
Q-learning,江西|餐饮|2024-04,江西,2024-04,餐饮,0,0,0.011007463873346196,0.002388500772428859,-0.0034647516440600157,DQN修正版 experimental run / revised DQN experimental run; not formal policy conclusion
Q-learning,河北|流通|2024-04,河北,2024-04,流通,0,0,0.005667448319849484,0.0,-0.0017839130014181137,DQN修正版 experimental run / revised DQN experimental run; not formal policy conclusion
Q-learning,河北|生产|2024-04,河北,2024-04,生产,1,1,0.09466039652059818,0.03896318790364306,0.10132759064435959,DQN修正版 experimental run / revised DQN experimental run; not formal policy conclusion
Q-learning,河北|餐饮|2024-04,河北,2024-04,餐饮,0,0,0.0033475439439452485,0.0007062585455719054,-0.0010536896297708154,DQN修正版 experimental run / revised DQN experimental run; not formal policy conclusion
Q-learning,河南|流通|2024-04,河南,2024-04,流通,0,0,0.007133330042947199,0.0,-0.002245319541543722,DQN修正版 experimental run / revised DQN experimental run; not formal policy conclusion
Q-learning,河南|餐饮|2024-04,河南,2024-04,餐饮,10,10,0.154092285717359,0.0039057104661760354,0.3254629969596863,DQN修正版 experimental run / revised DQN experimental run; not formal policy conclusion
Q-learning,浙江|流通|2024-04,浙江,2024-04,流通,0,0,0.007723111033400466,0.00030800333655938697,-0.0024309610016644,DQN修正版 experimental run / revised DQN experimental run; not formal policy conclusion
Q-learning,浙江|生产|2024-04,浙江,2024-04,生产,5,5,0.4556065719558145,0.013728521523480199,0.8580291271209717,DQN修正版 experimental run / revised DQN experimental run; not formal policy conclusion
Q-learning,浙江|餐饮|2024-04,浙江,2024-04,餐饮,5,5,0.050079397794433725,0.0060084620843252005,0.005981035064905882,DQN修正版 experimental run / revised DQN experimental run; not formal policy conclusion
Q-learning,海南|餐饮|2024-04,海南,2024-04,餐饮,3,3,0.8388545727136432,1.0,0.9919410347938538,DQN修正版 experimental run / revised DQN experimental run; not formal policy conclusion
Q-learning,湖北|流通|2024-04,湖北,2024-04,流通,0,0,0.007802725899993155,0.0003859386903231331,-0.0024560207966715097,DQN修正版 experimental run / revised DQN experimental run; not formal policy conclusion
Q-learning,湖北|餐饮|2024-04,湖北,2024-04,餐饮,3,3,0.04660615066250194,0.003821830507804558,0.02176058106124401,DQN修正版 experimental run / revised DQN experimental run; not formal policy conclusion
Q-learning,湖南|流通|2024-04,湖南,2024-04,流通,0,0,0.0027571886469739976,0.0004960867125868944,-0.0008678665617480874,DQN修正版 experimental run / revised DQN experimental run; not formal policy conclusion
Q-learning,湖南|生产|2024-04,湖南,2024-04,生产,10,10,0.379589187726844,0.009256905152546664,0.8596703410148621,DQN修正版 experimental run / revised DQN experimental run; not formal policy conclusion
Q-learning,湖南|餐饮|2024-04,湖南,2024-04,餐饮,3,3,0.03188363887792128,0.00952171330481522,-0.009316998533904552,DQN修正版 experimental run / revised DQN experimental run; not formal policy conclusion
Q-learning,福建|流通|2024-04,福建,2024-04,流通,1,1,0.012729337232998463,0.00015229292225334647,-0.015960760414600372,DQN修正版 experimental run / revised DQN experimental run; not formal policy conclusion
Q-learning,福建|生产|2024-04,福建,2024-04,生产,3,3,0.031128080107046936,0.006355275707709864,-0.01372753456234932,DQN修正版 experimental run / revised DQN experimental run; not formal policy conclusion
Q-learning,福建|餐饮|2024-04,福建,2024-04,餐饮,0,0,0.013803347502125413,0.0020550093704893454,-0.004344784654676914,DQN修正版 experimental run / revised DQN experimental run; not formal policy conclusion
Q-learning,贵州|流通|2024-04,贵州,2024-04,流通,1,1,0.0854235460073818,0.0060858366444507045,0.07487668097019196,DQN修正版 experimental run / revised DQN experimental run; not formal policy conclusion
Q-learning,贵州|餐饮|2024-04,贵州,2024-04,餐饮,5,5,0.060915301329893715,0.00555576006637771,0.03946608677506447,DQN修正版 experimental run / revised DQN experimental run; not formal policy conclusion
Q-learning,辽宁|流通|2024-04,辽宁,2024-04,流通,5,5,0.035661484622532345,0.0003938286249325192,-0.045103903859853745,DQN修正版 experimental run / revised DQN experimental run; not formal policy conclusion
Q-learning,辽宁|餐饮|2024-04,辽宁,2024-04,餐饮,0,0,0.005427603228711308,0.0009348315246531448,-0.0017084183637052774,DQN修正版 experimental run / revised DQN experimental run; not formal policy conclusion
Q-learning,重庆|流通|2024-04,重庆,2024-04,流通,3,3,0.025219740867777306,0.001871056147888156,-0.03170410916209221,DQN修正版 experimental run / revised DQN experimental run; not formal policy conclusion
Q-learning,重庆|生产|2024-04,重庆,2024-04,生产,10,10,0.11807265324278018,0.03295530443229316,0.22579556703567505,DQN修正版 experimental run / revised DQN experimental run; not formal policy conclusion
Q-learning,重庆|餐饮|2024-04,重庆,2024-04,餐饮,0,0,0.0045394986335744805,0.001093224616000393,-0.0014288747915998101,DQN修正版 experimental run / revised DQN experimental run; not formal policy conclusion
Q-learning,陕西|流通|2024-04,陕西,2024-04,流通,1,1,0.04749581203574434,0.008344723979392787,0.030057119205594063,DQN修正版 experimental run / revised DQN experimental run; not formal policy conclusion
Q-learning,黑龙江|流通|2024-04,黑龙江,2024-04,流通,1,1,0.06628956888960656,0.01128909132279066,0.05419694632291794,DQN修正版 experimental run / revised DQN experimental run; not formal policy conclusion
Q-learning,黑龙江|餐饮|2024-04,黑龙江,2024-04,餐饮,0,0,0.0020229189184171677,0.00035478343366780735,-0.0006367441965267062,DQN修正版 experimental run / revised DQN experimental run; not formal policy conclusion
Q-learning,上海|流通|2024-05,上海,2024-05,流通,5,5,0.04255692770859925,0.010955109468753667,-0.012409545481204987,DQN修正版 experimental run / revised DQN experimental run; not formal policy conclusion
Q-learning,不详|流通|2024-05,不详,2024-05,流通,3,3,0.38763541730963924,0.0,0.6890283226966858,DQN修正版 experimental run / revised DQN experimental run; not formal policy conclusion
Q-learning,不详|餐饮|2024-05,不详,2024-05,餐饮,10,10,0.370627879643141,0.00022804868915742273,0.845754861831665,DQN修正版 experimental run / revised DQN experimental run; not formal policy conclusion
Q-learning,云南|流通|2024-05,云南,2024-05,流通,3,3,0.06995914209761965,0.016901536562917437,0.08883991092443466,DQN修正版 experimental run / revised DQN experimental run; not formal policy conclusion
Q-learning,云南|餐饮|2024-05,云南,2024-05,餐饮,3,3,0.030530362026833423,0.0022564629085424174,-0.01851351000368595,DQN修正版 experimental run / revised DQN experimental run; not formal policy conclusion
Q-learning,内蒙古|流通|2024-05,内蒙古,2024-05,流通,5,5,0.10591773775498226,0.027195548000539683,0.20060040056705475,DQN修正版 experimental run / revised DQN experimental run; not formal policy conclusion
Q-learning,北京|餐饮|2024-05,北京,2024-05,餐饮,5,5,0.058046447696435716,0.024597478211345614,0.05046055093407631,DQN修正版 experimental run / revised DQN experimental run; not formal policy conclusion
Q-learning,吉林|流通|2024-05,吉林,2024-05,流通,0,0,0.012515284456977638,0.0014895188870193382,-0.0039393543265759945,DQN修正版 experimental run / revised DQN experimental run; not formal policy conclusion
Q-learning,吉林|餐饮|2024-05,吉林,2024-05,餐饮,0,0,0.007373068547375431,0.0016065168195640903,-0.0023207804188132286,DQN修正版 experimental run / revised DQN experimental run; not formal policy conclusion
Q-learning,四川|流通|2024-05,四川,2024-05,流通,10,10,0.4368824757157822,0.0021424427706802866,0.9090381860733032,DQN修正版 experimental run / revised DQN experimental run; not formal policy conclusion
Q-learning,四川|餐饮|2024-05,四川,2024-05,餐饮,3,3,0.04539521962226989,0.0035153779576965467,0.018574265763163567,DQN修正版 experimental run / revised DQN experimental run; not formal policy conclusion
Q-learning,天津|流通|2024-05,天津,2024-05,流通,0,0,0.01838159455211843,0.0017496223596764752,-0.005785820074379444,DQN修正版 experimental run / revised DQN experimental run; not formal policy conclusion
Q-learning,天津|餐饮|2024-05,天津,2024-05,餐饮,3,3,0.146307182313662,0.1212684305548707,0.34458741545677185,DQN修正版 experimental run / revised DQN experimental run; not formal policy conclusion
Q-learning,宁夏|餐饮|2024-05,宁夏,2024-05,餐饮,5,5,0.06688695620695409,0.031175577771113905,0.08493589609861374,DQN修正版 experimental run / revised DQN experimental run; not formal policy conclusion
Q-learning,安徽|流通|2024-05,安徽,2024-05,流通,10,10,0.4000263416812027,4.2698869809164775e-05,0.8773534893989563,DQN修正版 experimental run / revised DQN experimental run; not formal policy conclusion
Q-learning,安徽|生产|2024-05,安徽,2024-05,生产,0,0,0.009414845263060169,0.0020287850564942467,-0.002963456092402339,DQN修正版 experimental run / revised DQN experimental run; not formal policy conclusion
Q-learning,安徽|餐饮|2024-05,安徽,2024-05,餐饮,3,3,0.03918446514248097,0.00548422212066406,0.005109887570142746,DQN修正版 experimental run / revised DQN experimental run; not formal policy conclusion
Q-learning,山东|流通|2024-05,山东,2024-05,流通,5,5,0.08,0.0,0.09322524070739746,DQN修正版 experimental run / revised DQN experimental run; not formal policy conclusion
Q-learning,山东|生产|2024-05,山东,2024-05,生产,1,1,0.0779725659859844,0.00397616605446734,0.06489484757184982,DQN修正版 experimental run / revised DQN experimental run; not formal policy conclusion
Q-learning,山东|餐饮|2024-05,山东,2024-05,餐饮,10,10,0.47003308614931205,0.0010217249310241353,0.9301390647888184,DQN修正版 experimental run / revised DQN experimental run; not formal policy conclusion
Q-learning,山西|流通|2024-05,山西,2024-05,流通,5,5,0.11330231130727172,0.039641841165918214,0.23511555790901184,DQN修正版 experimental run / revised DQN experimental run; not formal policy conclusion
Q-learning,山西|生产|2024-05,山西,2024-05,生产,3,3,0.24916578599900013,0.2229110561444958,0.5990142822265625,DQN修正版 experimental run / revised DQN experimental run; not formal policy conclusion
Q-learning,山西|餐饮|2024-05,山西,2024-05,餐饮,5,5,0.05882247069080078,0.006571379419217364,0.03397786617279053,DQN修正版 experimental run / revised DQN experimental run; not formal policy conclusion
Q-learning,广东|流通|2024-05,广东,2024-05,流通,5,5,0.07163606099508782,0.0,0.06716621667146683,DQN修正版 experimental run / revised DQN experimental run; not formal policy conclusion
Q-learning,广东|生产|2024-05,广东,2024-05,生产,0,0,0.019288757023834074,7.062558072177597e-05,-0.006071352865546942,DQN修正版 experimental run / revised DQN experimental run; not formal policy conclusion
Q-learning,广东|餐饮|2024-05,广东,2024-05,餐饮,10,10,0.3893106699661856,0.0004576406692925271,0.8667343258857727,DQN修正版 experimental run / revised DQN experimental run; not formal policy conclusion
Q-learning,广西|流通|2024-05,广西,2024-05,流通,10,10,0.36374134408527214,0.0011271681578072254,0.8377217650413513,DQN修正版 experimental run / revised DQN experimental run; not formal policy conclusion
Q-learning,广西|生产|2024-05,广西,2024-05,生产,10,10,0.4838537842955233,8.258607394477684e-05,0.9373829960823059,DQN修正版 experimental run / revised DQN experimental run; not formal policy conclusion
Q-learning,广西|餐饮|2024-05,广西,2024-05,餐饮,3,3,0.03540074710665706,0.004976039895888994,-0.004484327044337988,DQN修正版 experimental run / revised DQN experimental run; not formal policy conclusion
Q-learning,新疆|餐饮|2024-05,新疆,2024-05,餐饮,0,0,0.006498202022734315,0.0014389980461985306,-0.0020454043988138437,DQN修正版 experimental run / revised DQN experimental run; not formal policy conclusion
Q-learning,江苏|流通|2024-05,江苏,2024-05,流通,0,0,0.005703077845890218,3.5656564162718466e-05,-0.0017951279878616333,DQN修正版 experimental run / revised DQN experimental run; not formal policy conclusion
Q-learning,江苏|生产|2024-05,江苏,2024-05,生产,3,3,0.030733953238995127,0.006524593342704455,-0.014545807614922523,DQN修正版 experimental run / revised DQN experimental run; not formal policy conclusion
Q-learning,江苏|餐饮|2024-05,江苏,2024-05,餐饮,0,0,0.003717761655546865,0.00037705313600804475,-0.0011702211340889335,DQN修正版 experimental run / revised DQN experimental run; not formal policy conclusion
Q-learning,江西|流通|2024-05,江西,2024-05,流通,1,1,0.011108472038463402,0.0004630812990131829,-0.017780538648366928,DQN修正版 experimental run / revised DQN experimental run; not formal policy conclusion
Q-learning,江西|餐饮|2024-05,江西,2024-05,餐饮,0,0,0.009893281924070674,0.002134057469280296,-0.0031140497885644436,DQN修正版 experimental run / revised DQN experimental run; not formal policy conclusion
Q-learning,河北|流通|2024-05,河北,2024-05,流通,5,5,0.08998215741123512,1.607261619902398e-05,0.12417339533567429,DQN修正版 experimental run / revised DQN experimental run; not formal policy conclusion
Q-learning,河北|生产|2024-05,河北,2024-05,生产,1,1,0.06487585538946963,0.020672648867152425,0.05688418820500374,DQN修正版 experimental run / revised DQN experimental run; not formal policy conclusion
Q-learning,河北|餐饮|2024-05,河北,2024-05,餐饮,10,10,0.4443018622944308,0.0021459489335082472,0.9142956733703613,DQN修正版 experimental run / revised DQN experimental run; not formal policy conclusion
Q-learning,河南|流通|2024-05,河南,2024-05,流通,3,3,0.02700122147420097,0.0,-0.028907496482133865,DQN修正版 experimental run / revised DQN experimental run; not formal policy conclusion
Q-learning,河南|生产|2024-05,河南,2024-05,生产,1,1,0.08220365830907024,0.02949376992167591,0.08192938566207886,DQN修正版 experimental run / revised DQN experimental run; not formal policy conclusion
Q-learning,河南|餐饮|2024-05,河南,2024-05,餐饮,10,10,0.14861239100639376,0.0038410662515244486,0.30466219782829285,DQN修正版 experimental run / revised DQN experimental run; not formal policy conclusion
Q-learning,浙江|流通|2024-05,浙江,2024-05,流通,0,0,0.006645412286179541,0.00026406339518802947,-0.0020917407236993313,DQN修正版 experimental run / revised DQN experimental run; not formal policy conclusion
Q-learning,浙江|生产|2024-05,浙江,2024-05,生产,1,1,0.06761241853727423,0.012150287743928082,0.056200455874204636,DQN修正版 experimental run / revised DQN experimental run; not formal policy conclusion
Q-learning,浙江|餐饮|2024-05,浙江,2024-05,餐饮,10,10,0.4591226345340098,0.007378332108692914,0.9250696301460266,DQN修正版 experimental run / revised DQN experimental run; not formal policy conclusion
Q-learning,海南|生产|2024-05,海南,2024-05,生产,5,5,0.4879220040322689,0.1496766965381021,0.9104335308074951,DQN修正版 experimental run / revised DQN experimental run; not formal policy conclusion
Q-learning,湖北|流通|2024-05,湖北,2024-05,流通,0,0,0.006285053233235915,0.00031165041509267807,-0.0019783128518611193,DQN修正版 experimental run / revised DQN experimental run; not formal policy conclusion
Q-learning,湖北|生产|2024-05,湖北,2024-05,生产,10,10,0.13232754803945726,0.05540331824905677,0.31216931343078613,DQN修正版 experimental run / revised DQN experimental run; not formal policy conclusion
Q-learning,湖北|餐饮|2024-05,湖北,2024-05,餐饮,3,3,0.04519567179075869,0.003782384990610202,0.01830756478011608,DQN修正版 experimental run / revised DQN experimental run; not formal policy conclusion
Q-learning,湖南|流通|2024-05,湖南,2024-05,流通,0,0,0.002574097350245517,0.0004884995551507539,-0.0008102358551695943,DQN修正版 experimental run / revised DQN experimental run; not formal policy conclusion
Q-learning,湖南|生产|2024-05,湖南,2024-05,生产,3,3,0.03350817537335556,0.005204922516806306,-0.008889793418347836,DQN修正版 experimental run / revised DQN experimental run; not formal policy conclusion
Q-learning,湖南|餐饮|2024-05,湖南,2024-05,餐饮,3,3,0.03151126050608405,0.009355706703821704,-0.010355562902987003,DQN修正版 experimental run / revised DQN experimental run; not formal policy conclusion
Q-learning,甘肃|流通|2024-05,甘肃,2024-05,流通,3,3,0.10927533098487592,0.0725746301414047,0.22583293914794922,DQN修正版 experimental run / revised DQN experimental run; not formal policy conclusion
Q-learning,甘肃|餐饮|2024-05,甘肃,2024-05,餐饮,3,3,0.5603744782054703,0.39144208699956745,0.9192104339599609,DQN修正版 experimental run / revised DQN experimental run; not formal policy conclusion
Q-learning,福建|流通|2024-05,福建,2024-05,流通,1,1,0.010831086814372082,0.00011232141588902076,-0.018281761556863785,DQN修正版 experimental run / revised DQN experimental run; not formal policy conclusion
Q-learning,福建|生产|2024-05,福建,2024-05,生产,3,3,0.026388264820437636,0.005055172130274369,-0.026281170547008514,DQN修正版 experimental run / revised DQN experimental run; not formal policy conclusion
Q-learning,福建|餐饮|2024-05,福建,2024-05,餐饮,0,0,0.014387980638525887,0.0021996707863744572,-0.004528803285211325,DQN修正版 experimental run / revised DQN experimental run; not formal policy conclusion
Q-learning,贵州|流通|2024-05,贵州,2024-05,流通,10,10,0.11906402820505219,0.00707150452685769,0.19299089908599854,DQN修正版 experimental run / revised DQN experimental run; not formal policy conclusion
Q-learning,贵州|餐饮|2024-05,贵州,2024-05,餐饮,5,5,0.061287362563403225,0.005852293389339759,0.04094214364886284,DQN修正版 experimental run / revised DQN experimental run; not formal policy conclusion
Q-learning,辽宁|流通|2024-05,辽宁,2024-05,流通,1,1,0.014565191209451427,0.00036893912330968607,-0.013632241636514664,DQN修正版 experimental run / revised DQN experimental run; not formal policy conclusion
Q-learning,辽宁|餐饮|2024-05,辽宁,2024-05,餐饮,0,0,0.005147736504961374,0.0009084708655286606,-0.0016203264240175486,DQN修正版 experimental run / revised DQN experimental run; not formal policy conclusion
Q-learning,重庆|流通|2024-05,重庆,2024-05,流通,3,3,0.05026007816554283,0.002167209823862939,0.029274221509695053,DQN修正版 experimental run / revised DQN experimental run; not formal policy conclusion
Q-learning,陕西|流通|2024-05,陕西,2024-05,流通,1,1,0.0779842429835015,0.009316110061405902,0.06740794330835342,DQN修正版 experimental run / revised DQN experimental run; not formal policy conclusion
Q-learning,陕西|生产|2024-05,陕西,2024-05,生产,1,1,0.5098817148356902,1.0,0.7845641374588013,DQN修正版 experimental run / revised DQN experimental run; not formal policy conclusion
Q-learning,陕西|餐饮|2024-05,陕西,2024-05,餐饮,3,3,0.02830773234589721,0.0040781239113609,-0.022421641275286674,DQN修正版 experimental run / revised DQN experimental run; not formal policy conclusion
Q-learning,黑龙江|流通|2024-05,黑龙江,2024-05,流通,1,1,0.06537976236439327,0.01139235857033856,0.053144779056310654,DQN修正版 experimental run / revised DQN experimental run; not formal policy conclusion
Q-learning,黑龙江|餐饮|2024-05,黑龙江,2024-05,餐饮,0,0,0.002200077274076171,0.00039683853867464547,-0.0006925074267201126,DQN修正版 experimental run / revised DQN experimental run; not formal policy conclusion
Q-learning,上海|流通|2024-06,上海,2024-06,流通,5,5,0.04306409649927674,0.01131411493423073,-0.010441998951137066,DQN修正版 experimental run / revised DQN experimental run; not formal policy conclusion
Q-learning,上海|生产|2024-06,上海,2024-06,生产,5,5,0.17149976992904373,0.16056795952218947,0.49992191791534424,DQN修正版 experimental run / revised DQN experimental run; not formal policy conclusion
Q-learning,上海|餐饮|2024-06,上海,2024-06,餐饮,3,3,0.24836781576581893,0.30821411849844044,0.6405583024024963,DQN修正版 experimental run / revised DQN experimental run; not formal policy conclusion
Q-learning,不详|流通|2024-06,不详,2024-06,流通,3,3,0.3940846195964025,0.0,0.6971588730812073,DQN修正版 experimental run / revised DQN experimental run; not formal policy conclusion
Q-learning,不详|生产|2024-06,不详,2024-06,生产,10,10,0.21394277850907856,0.03924851042021475,0.5658949613571167,DQN修正版 experimental run / revised DQN experimental run; not formal policy conclusion
Q-learning,不详|餐饮|2024-06,不详,2024-06,餐饮,10,10,0.374683896657129,0.00023475961200517028,0.8505346775054932,DQN修正版 experimental run / revised DQN experimental run; not formal policy conclusion
Q-learning,云南|流通|2024-06,云南,2024-06,流通,3,3,0.06853034191658747,0.016738039558654293,0.08526734262704849,DQN修正版 experimental run / revised DQN experimental run; not formal policy conclusion
Q-learning,云南|生产|2024-06,云南,2024-06,生产,3,3,0.5071195695530248,0.41264855170571996,0.8999509215354919,DQN修正版 experimental run / revised DQN experimental run; not formal policy conclusion
Q-learning,云南|餐饮|2024-06,云南,2024-06,餐饮,3,3,0.02998126165722695,0.0022831048642068166,-0.01982363872230053,DQN修正版 experimental run / revised DQN experimental run; not formal policy conclusion
Q-learning,内蒙古|流通|2024-06,内蒙古,2024-06,流通,5,5,0.10261609756861279,0.02651801389052086,0.18995648622512817,DQN修正版 experimental run / revised DQN experimental run; not formal policy conclusion
Q-learning,北京|流通|2024-06,北京,2024-06,流通,3,3,0.1493178967238756,0.09366405778327215,0.3311507999897003,DQN修正版 experimental run / revised DQN experimental run; not formal policy conclusion
Q-learning,北京|生产|2024-06,北京,2024-06,生产,3,3,0.3122325986653961,0.4586038813440108,0.7765077352523804,DQN修正版 experimental run / revised DQN experimental run; not formal policy conclusion
Q-learning,吉林|流通|2024-06,吉林,2024-06,流通,1,1,0.009072952503006652,0.001059638525312582,-0.019968779757618904,DQN修正版 experimental run / revised DQN experimental run; not formal policy conclusion
Q-learning,吉林|餐饮|2024-06,吉林,2024-06,餐饮,0,0,0.007607042368380189,0.0016526836805611043,-0.0023944268468767405,DQN修正版 experimental run / revised DQN experimental run; not formal policy conclusion
Q-learning,四川|流通|2024-06,四川,2024-06,流通,3,3,0.05629193623985854,0.0018177402884299054,0.043605707585811615,DQN修正版 experimental run / revised DQN experimental run; not formal policy conclusion
Q-learning,四川|生产|2024-06,四川,2024-06,生产,5,5,0.4722050952473792,0.04351911462889875,0.878507137298584,DQN修正版 experimental run / revised DQN experimental run; not formal policy conclusion
Q-learning,四川|餐饮|2024-06,四川,2024-06,餐饮,3,3,0.03341144954313227,0.0022082225710580486,-0.011563904583454132,DQN修正版 experimental run / revised DQN experimental run; not formal policy conclusion
Q-learning,天津|流通|2024-06,天津,2024-06,流通,0,0,0.017261402671928012,0.0016583547472376432,-0.005433233920484781,DQN修正版 experimental run / revised DQN experimental run; not formal policy conclusion
Q-learning,天津|餐饮|2024-06,天津,2024-06,餐饮,3,3,0.14507053052638857,0.11946451092351396,0.34064286947250366,DQN修正版 experimental run / revised DQN experimental run; not formal policy conclusion
Q-learning,宁夏|餐饮|2024-06,宁夏,2024-06,餐饮,5,5,0.06858298865212598,0.03252107406466526,0.09161631017923355,DQN修正版 experimental run / revised DQN experimental run; not formal policy conclusion
Q-learning,安徽|流通|2024-06,安徽,2024-06,流通,0,0,0.008763041488974966,2.4373003662549527e-05,-0.0027582927141338587,DQN修正版 experimental run / revised DQN experimental run; not formal policy conclusion
Q-learning,安徽|生产|2024-06,安徽,2024-06,生产,0,0,0.008907547416826332,0.0019197825884580868,-0.0028037778101861477,DQN修正版 experimental run / revised DQN experimental run; not formal policy conclusion
Q-learning,安徽|餐饮|2024-06,安徽,2024-06,餐饮,3,3,0.0316509722234251,0.00404003404117706,-0.014343609102070332,DQN修正版 experimental run / revised DQN experimental run; not formal policy conclusion
Q-learning,山东|流通|2024-06,山东,2024-06,流通,3,3,0.04,0.0,0.002623817650601268,DQN修正版 experimental run / revised DQN experimental run; not formal policy conclusion
Q-learning,山东|生产|2024-06,山东,2024-06,生产,10,10,0.4803620200497008,0.003971395136034144,0.9362974166870117,DQN修正版 experimental run / revised DQN experimental run; not formal policy conclusion
Q-learning,山东|餐饮|2024-06,山东,2024-06,餐饮,3,3,0.024022226126068157,0.0007322050116571243,-0.03553251549601555,DQN修正版 experimental run / revised DQN experimental run; not formal policy conclusion
Q-learning,山西|流通|2024-06,山西,2024-06,流通,3,3,0.09886720195843685,0.03197468915101859,0.16982537508010864,DQN修正版 experimental run / revised DQN experimental run; not formal policy conclusion
Q-learning,山西|餐饮|2024-06,山西,2024-06,餐饮,5,5,0.050265688354664925,0.005230456149872603,0.005747535731643438,DQN修正版 experimental run / revised DQN experimental run; not formal policy conclusion
Q-learning,广东|流通|2024-06,广东,2024-06,流通,5,5,0.030928962426766807,0.0,-0.0603162981569767,DQN修正版 experimental run / revised DQN experimental run; not formal policy conclusion
Q-learning,广东|生产|2024-06,广东,2024-06,生产,3,3,0.058308150211908424,4.4398514829561677e-05,0.04704689607024193,DQN修正版 experimental run / revised DQN experimental run; not formal policy conclusion
Q-learning,广东|餐饮|2024-06,广东,2024-06,餐饮,10,10,0.37195728932329963,0.000455600663818335,0.8474311828613281,DQN修正版 experimental run / revised DQN experimental run; not formal policy conclusion
Q-learning,广西|流通|2024-06,广西,2024-06,流通,10,10,0.4611906979255011,0.0013936932979189368,0.9250384569168091,DQN修正版 experimental run / revised DQN experimental run; not formal policy conclusion
Q-learning,广西|生产|2024-06,广西,2024-06,生产,10,10,0.43854409479764744,6.94596831171537e-05,0.9097117185592651,DQN修正版 experimental run / revised DQN experimental run; not formal policy conclusion
Q-learning,广西|餐饮|2024-06,广西,2024-06,餐饮,3,3,0.028064046835654465,0.0035832016438409765,-0.02341531217098236,DQN修正版 experimental run / revised DQN experimental run; not formal policy conclusion
Q-learning,新疆|流通|2024-06,新疆,2024-06,流通,5,5,0.21864593794936005,0.0934370836583094,0.5556340217590332,DQN修正版 experimental run / revised DQN experimental run; not formal policy conclusion
Q-learning,新疆|生产|2024-06,新疆,2024-06,生产,3,3,0.2934724683254801,0.2927608432675897,0.6941795945167542,DQN修正版 experimental run / revised DQN experimental run; not formal policy conclusion
Q-learning,新疆|餐饮|2024-06,新疆,2024-06,餐饮,0,0,0.006649014076356163,0.0014673002229881175,-0.0020928746089339256,DQN修正版 experimental run / revised DQN experimental run; not formal policy conclusion
Q-learning,未知|流通|2024-06,未知,2024-06,流通,1,1,0.54,1.0,0.798214316368103,DQN修正版 experimental run / revised DQN experimental run; not formal policy conclusion
Q-learning,江苏|流通|2024-06,江苏,2024-06,流通,10,10,0.4304759454919671,0.00010650292203746803,0.9037001132965088,DQN修正版 experimental run / revised DQN experimental run; not formal policy conclusion
Q-learning,江苏|生产|2024-06,江苏,2024-06,生产,3,3,0.03138994956693787,0.006830500185230383,-0.01270543597638607,DQN修正版 experimental run / revised DQN experimental run; not formal policy conclusion
Q-learning,江苏|餐饮|2024-06,江苏,2024-06,餐饮,10,10,0.4617350701733116,0.0010154311799924298,0.925286591053009,DQN修正版 experimental run / revised DQN experimental run; not formal policy conclusion
Q-learning,江西|流通|2024-06,江西,2024-06,流通,1,1,0.009565702071743933,0.0003918223908496061,-0.01968500204384327,DQN修正版 experimental run / revised DQN experimental run; not formal policy conclusion
Q-learning,江西|生产|2024-06,江西,2024-06,生产,3,3,0.05633441575793774,0.010516957116177636,0.050775036215782166,DQN修正版 experimental run / revised DQN experimental run; not formal policy conclusion
Q-learning,江西|餐饮|2024-06,江西,2024-06,餐饮,0,0,0.008674348389807447,0.001870581032681104,-0.002730375388637185,DQN修正版 experimental run / revised DQN experimental run; not formal policy conclusion
Q-learning,河北|流通|2024-06,河北,2024-06,流通,1,1,0.0089884933944495,3.372680416316358e-06,-0.020567480474710464,DQN修正版 experimental run / revised DQN experimental run; not formal policy conclusion
Q-learning,河北|生产|2024-06,河北,2024-06,生产,5,5,0.4335351421063756,0.021619352514926558,0.8410943746566772,DQN修正版 experimental run / revised DQN experimental run; not formal policy conclusion
Q-learning,河北|餐饮|2024-06,河北,2024-06,餐饮,3,3,0.024816107996396095,0.002167769658982471,-0.03244113549590111,DQN修正版 experimental run / revised DQN experimental run; not formal policy conclusion
Q-learning,河南|流通|2024-06,河南,2024-06,流通,0,0,0.005654285605473499,0.0,-0.001779769896529615,DQN修正版 experimental run / revised DQN experimental run; not formal policy conclusion
Q-learning,河南|生产|2024-06,河南,2024-06,生产,1,1,0.07747563440911703,0.02708729094383831,0.0751047283411026,DQN修正版 experimental run / revised DQN experimental run; not formal policy conclusion
Q-learning,河南|餐饮|2024-06,河南,2024-06,餐饮,10,10,0.618815555743654,0.003923919059113716,0.9796240925788879,DQN修正版 experimental run / revised DQN experimental run; not formal policy conclusion
Q-learning,浙江|流通|2024-06,浙江,2024-06,流通,5,5,0.4696716463005745,0.0006150470395593228,0.8658232688903809,DQN修正版 experimental run / revised DQN experimental run; not formal policy conclusion
Q-learning,浙江|生产|2024-06,浙江,2024-06,生产,0,0,0.10308639226219722,0.014627888162157125,-0.032436616718769073,DQN修正版 experimental run / revised DQN experimental run; not formal policy conclusion
Q-learning,浙江|餐饮|2024-06,浙江,2024-06,餐饮,5,5,0.06256559897756304,0.007087267171658519,0.04623859003186226,DQN修正版 experimental run / revised DQN experimental run; not formal policy conclusion
Q-learning,湖北|流通|2024-06,湖北,2024-06,流通,0,0,0.005712730036770456,0.0002952267196851406,-0.0017981660785153508,DQN修正版 experimental run / revised DQN experimental run; not formal policy conclusion
Q-learning,湖北|生产|2024-06,湖北,2024-06,生产,10,10,0.23586901338244104,0.07004535845761466,0.6522822380065918,DQN修正版 experimental run / revised DQN experimental run; not formal policy conclusion
Q-learning,湖北|餐饮|2024-06,湖北,2024-06,餐饮,3,3,0.045604080430098407,0.003999237928541844,0.019474629312753677,DQN修正版 experimental run / revised DQN experimental run; not formal policy conclusion
Q-learning,湖南|流通|2024-06,湖南,2024-06,流通,3,3,0.051100261443197445,0.0008293108563538025,0.03022272326052189,DQN修正版 experimental run / revised DQN experimental run; not formal policy conclusion
Q-learning,湖南|生产|2024-06,湖南,2024-06,生产,3,3,0.031599540148420785,0.004878235851620258,-0.013786106370389462,DQN修正版 experimental run / revised DQN experimental run; not formal policy conclusion
Q-learning,湖南|餐饮|2024-06,湖南,2024-06,餐饮,3,3,0.031163453668024307,0.009201908396594693,-0.011324556544423103,DQN修正版 experimental run / revised DQN experimental run; not formal policy conclusion
Q-learning,福建|流通|2024-06,福建,2024-06,流通,5,5,0.052020400455822485,0.00011748235669912382,0.005876367911696434,DQN修正版 experimental run / revised DQN experimental run; not formal policy conclusion
Q-learning,福建|生产|2024-06,福建,2024-06,生产,3,3,0.02601861825669543,0.005029038934449492,-0.027198676019906998,DQN修正版 experimental run / revised DQN experimental run; not formal policy conclusion
Q-learning,福建|餐饮|2024-06,福建,2024-06,餐饮,0,0,0.01420418225998014,0.0022016045029655236,-0.004470950923860073,DQN修正版 experimental run / revised DQN experimental run; not formal policy conclusion
Q-learning,贵州|流通|2024-06,贵州,2024-06,流通,1,1,0.07151534463293574,0.006189378305920991,0.058127183467149734,DQN修正版 experimental run / revised DQN experimental run; not formal policy conclusion
Q-learning,贵州|餐饮|2024-06,贵州,2024-06,餐饮,5,5,0.06048760058095728,0.005960207157816966,0.03855130448937416,DQN修正版 experimental run / revised DQN experimental run; not formal policy conclusion
Q-learning,辽宁|流通|2024-06,辽宁,2024-06,流通,5,5,0.032576416571801825,0.00024617446594348013,-0.054909177124500275,DQN修正版 experimental run / revised DQN experimental run; not formal policy conclusion
Q-learning,辽宁|生产|2024-06,辽宁,2024-06,生产,1,1,0.055118853978590024,0.012498916195573072,0.04124341905117035,DQN修正版 experimental run / revised DQN experimental run; not formal policy conclusion
Q-learning,辽宁|餐饮|2024-06,辽宁,2024-06,餐饮,0,0,0.004684683589819969,0.0008568145752953535,-0.001474573859013617,DQN修正版 experimental run / revised DQN experimental run; not formal policy conclusion
Q-learning,重庆|流通|2024-06,重庆,2024-06,流通,3,3,0.10090111433167145,0.0024459780804548296,0.15121302008628845,DQN修正版 experimental run / revised DQN experimental run; not formal policy conclusion
Q-learning,重庆|生产|2024-06,重庆,2024-06,生产,1,1,0.09055191418463794,0.02130591565721225,0.08816317468881607,DQN修正版 experimental run / revised DQN experimental run; not formal policy conclusion
Q-learning,重庆|餐饮|2024-06,重庆,2024-06,餐饮,0,0,0.002157561456762533,0.00038660614647518686,-0.0006791249616071582,DQN修正版 experimental run / revised DQN experimental run; not formal policy conclusion
Q-learning,陕西|流通|2024-06,陕西,2024-06,流通,1,1,0.05049640663003647,0.007635989667587402,0.03336087986826897,DQN修正版 experimental run / revised DQN experimental run; not formal policy conclusion
Q-learning,陕西|生产|2024-06,陕西,2024-06,生产,1,1,0.33931867004445815,0.5289254360443681,0.5572175979614258,DQN修正版 experimental run / revised DQN experimental run; not formal policy conclusion
Q-learning,青海|流通|2024-06,青海,2024-06,流通,5,5,0.3117908948223874,0.2322255395171908,0.78736811876297,DQN修正版 experimental run / revised DQN experimental run; not formal policy conclusion
Q-learning,黑龙江|流通|2024-06,黑龙江,2024-06,流通,5,5,0.03510710293302025,0.004231421452273627,-0.04281342402100563,DQN修正版 experimental run / revised DQN experimental run; not formal policy conclusion
Q-learning,黑龙江|生产|2024-06,黑龙江,2024-06,生产,5,5,0.1766243293874791,0.1691429302958444,0.5184994339942932,DQN修正版 experimental run / revised DQN experimental run; not formal policy conclusion
Q-learning,黑龙江|餐饮|2024-06,黑龙江,2024-06,餐饮,0,0,0.001911339947207608,0.00032908245849841303,-0.000601623032707721,DQN修正版 experimental run / revised DQN experimental run; not formal policy conclusion
Q-learning,上海|流通|2024-07,上海,2024-07,流通,5,5,0.04136963952762133,0.010751059267965307,-0.016346516087651253,DQN修正版 experimental run / revised DQN experimental run; not formal policy conclusion
Q-learning,上海|生产|2024-07,上海,2024-07,生产,3,3,0.13367360655589083,0.10340744710203405,0.3041572868824005,DQN修正版 experimental run / revised DQN experimental run; not formal policy conclusion
Q-learning,不详|流通|2024-07,不详,2024-07,流通,3,3,0.3956023898156511,0.0,0.699046790599823,DQN修正版 experimental run / revised DQN experimental run; not formal policy conclusion
Q-learning,不详|生产|2024-07,不详,2024-07,生产,10,10,0.2046950694045252,0.03779918462052919,0.5374034643173218,DQN修正版 experimental run / revised DQN experimental run; not formal policy conclusion
Q-learning,不详|餐饮|2024-07,不详,2024-07,餐饮,10,10,0.3158655664703982,0.00020931205168577143,0.7662546634674072,DQN修正版 experimental run / revised DQN experimental run; not formal policy conclusion
Q-learning,云南|流通|2024-07,云南,2024-07,流通,3,3,0.06198799589111062,0.014473619371919624,0.06765394657850266,DQN修正版 experimental run / revised DQN experimental run; not formal policy conclusion
Q-learning,云南|餐饮|2024-07,云南,2024-07,餐饮,0,0,0.020251497079114562,0.0013033349417900112,-0.006374378222972155,DQN修正版 experimental run / revised DQN experimental run; not formal policy conclusion
Q-learning,内蒙古|流通|2024-07,内蒙古,2024-07,流通,3,3,0.0915099932332016,0.022334520977065165,0.1447633057832718,DQN修正版 experimental run / revised DQN experimental run; not formal policy conclusion
Q-learning,内蒙古|生产|2024-07,内蒙古,2024-07,生产,1,1,0.3551584771965862,0.571678111150107,0.5837289690971375,DQN修正版 experimental run / revised DQN experimental run; not formal policy conclusion
Q-learning,北京|餐饮|2024-07,北京,2024-07,餐饮,3,3,0.043142607477664054,0.015191324097815572,0.022612692788243294,DQN修正版 experimental run / revised DQN experimental run; not formal policy conclusion
Q-learning,吉林|流通|2024-07,吉林,2024-07,流通,1,1,0.00738243840042003,0.0008794475987536956,-0.022103406488895416,DQN修正版 experimental run / revised DQN experimental run; not formal policy conclusion
Q-learning,吉林|餐饮|2024-07,吉林,2024-07,餐饮,0,0,0.006726806484151856,0.0014819928702483984,-0.002117360709235072,DQN修正版 experimental run / revised DQN experimental run; not formal policy conclusion
Q-learning,四川|流通|2024-07,四川,2024-07,流通,3,3,0.03159337519121157,0.0015115090620324147,-0.016541382297873497,DQN修正版 experimental run / revised DQN experimental run; not formal policy conclusion
Q-learning,四川|生产|2024-07,四川,2024-07,生产,1,1,0.0838064748567589,0.02373917386637118,0.08117404580116272,DQN修正版 experimental run / revised DQN experimental run; not formal policy conclusion
Q-learning,四川|餐饮|2024-07,四川,2024-07,餐饮,3,3,0.02711256093198592,0.0016487359952517815,-0.027296338230371475,DQN修正版 experimental run / revised DQN experimental run; not formal policy conclusion
Q-learning,天津|流通|2024-07,天津,2024-07,流通,0,0,0.015769759996730717,0.0015169395467830385,-0.004963729530572891,DQN修正版 experimental run / revised DQN experimental run; not formal policy conclusion
Q-learning,宁夏|餐饮|2024-07,宁夏,2024-07,餐饮,5,5,0.06607705528772784,0.030542496783699254,0.08175292611122131,DQN修正版 experimental run / revised DQN experimental run; not formal policy conclusion
Q-learning,安徽|流通|2024-07,安徽,2024-07,流通,10,10,0.3988584045562377,1.0297044575939978e-05,0.8762088418006897,DQN修正版 experimental run / revised DQN experimental run; not formal policy conclusion
Q-learning,安徽|生产|2024-07,安徽,2024-07,生产,0,0,0.009097600378208242,0.001960302919395202,-0.00286359922029078,DQN修正版 experimental run / revised DQN experimental run; not formal policy conclusion
Q-learning,安徽|餐饮|2024-07,安徽,2024-07,餐饮,3,3,0.029427207559469738,0.003722606194173119,-0.019995950162410736,DQN修正版 experimental run / revised DQN experimental run; not formal policy conclusion
Q-learning,山东|流通|2024-07,山东,2024-07,流通,3,3,0.04,0.0,0.002623817650601268,DQN修正版 experimental run / revised DQN experimental run; not formal policy conclusion
Q-learning,山东|生产|2024-07,山东,2024-07,生产,1,1,0.09701176940825235,0.0036427234437691365,0.08770128339529037,DQN修正版 experimental run / revised DQN experimental run; not formal policy conclusion
Q-learning,山东|餐饮|2024-07,山东,2024-07,餐饮,10,10,0.47499295603174196,0.0010144272386890427,0.9328908324241638,DQN修正版 experimental run / revised DQN experimental run; not formal policy conclusion
Q-learning,山西|流通|2024-07,山西,2024-07,流通,3,3,0.09514434193630433,0.03063207465941063,0.1599748581647873,DQN修正版 experimental run / revised DQN experimental run; not formal policy conclusion
Q-learning,山西|餐饮|2024-07,山西,2024-07,餐饮,10,10,0.321159800944577,0.005730483392172291,0.7785261869430542,DQN修正版 experimental run / revised DQN experimental run; not formal policy conclusion
Q-learning,广东|流通|2024-07,广东,2024-07,流通,5,5,0.09219067063868451,0.0,0.13096991181373596,DQN修正版 experimental run / revised DQN experimental run; not formal policy conclusion
Q-learning,广东|生产|2024-07,广东,2024-07,生产,10,10,0.38331556674317613,3.8069327108545983e-05,0.8601747751235962,DQN修正版 experimental run / revised DQN experimental run; not formal policy conclusion
Q-learning,广东|餐饮|2024-07,广东,2024-07,餐饮,0,0,0.012475757088614097,0.0003587924075728852,-0.003926912788301706,DQN修正版 experimental run / revised DQN experimental run; not formal policy conclusion
Q-learning,广西|流通|2024-07,广西,2024-07,流通,10,10,0.08483180767932097,0.0013242194541854468,0.04320419579744339,DQN修正版 experimental run / revised DQN experimental run; not formal policy conclusion
Q-learning,广西|生产|2024-07,广西,2024-07,生产,10,10,0.4382011153391023,6.72456671729225e-05,0.9094626307487488,DQN修正版 experimental run / revised DQN experimental run; not formal policy conclusion
Q-learning,广西|餐饮|2024-07,广西,2024-07,餐饮,3,3,0.02613700016356628,0.0033154415418322216,-0.02830567955970764,DQN修正版 experimental run / revised DQN experimental run; not formal policy conclusion
Q-learning,新疆|生产|2024-07,新疆,2024-07,生产,3,3,0.28045373719987743,0.27446622655377945,0.6693121194839478,DQN修正版 experimental run / revised DQN experimental run; not formal policy conclusion
Q-learning,新疆|餐饮|2024-07,新疆,2024-07,餐饮,3,3,0.035896490004431944,0.002272558504939141,-0.005482449196279049,DQN修正版 experimental run / revised DQN experimental run; not formal policy conclusion
Q-learning,江苏|流通|2024-07,江苏,2024-07,流通,5,5,0.051345920187226224,0.00010298712372960961,0.0037460189778357744,DQN修正版 experimental run / revised DQN experimental run; not formal policy conclusion
Q-learning,江苏|生产|2024-07,江苏,2024-07,生产,3,3,0.029826002317114318,0.006412872083894099,-0.01683918945491314,DQN修正版 experimental run / revised DQN experimental run; not formal policy conclusion
Q-learning,江苏|餐饮|2024-07,江苏,2024-07,餐饮,10,10,0.40190575845118814,0.0009422087598265251,0.8794603943824768,DQN修正版 experimental run / revised DQN experimental run; not formal policy conclusion
Q-learning,江西|流通|2024-07,江西,2024-07,流通,1,1,0.008907916031139985,0.0003765376708225688,-0.02048986591398716,DQN修正版 experimental run / revised DQN experimental run; not formal policy conclusion
Q-learning,江西|餐饮|2024-07,江西,2024-07,餐饮,0,0,0.007641656534439623,0.0016595625242738078,-0.0024053221568465233,DQN修正版 experimental run / revised DQN experimental run; not formal policy conclusion
Q-learning,河北|流通|2024-07,河北,2024-07,流通,5,5,0.09166434270349806,2.0021800866278524e-05,0.12936800718307495,DQN修正版 experimental run / revised DQN experimental run; not formal policy conclusion
Q-learning,河北|生产|2024-07,河北,2024-07,生产,1,1,0.07739952833263233,0.017205545209377813,0.0703926831483841,DQN修正版 experimental run / revised DQN experimental run; not formal policy conclusion
Q-learning,河北|餐饮|2024-07,河北,2024-07,餐饮,1,1,0.04920785340250361,0.0023656938924536044,0.02932438626885414,DQN修正版 experimental run / revised DQN experimental run; not formal policy conclusion
Q-learning,河南|流通|2024-07,河南,2024-07,流通,3,3,0.046022943466935674,0.0,0.017235787585377693,DQN修正版 experimental run / revised DQN experimental run; not formal policy conclusion
Q-learning,河南|生产|2024-07,河南,2024-07,生产,0,0,0.12229983892415136,0.03218522138688901,-0.038476716727018356,DQN修正版 experimental run / revised DQN experimental run; not formal policy conclusion
Q-learning,河南|餐饮|2024-07,河南,2024-07,餐饮,5,5,0.5864340048841965,0.0032407922866198677,0.9335170984268188,DQN修正版 experimental run / revised DQN experimental run; not formal policy conclusion
Q-learning,浙江|流通|2024-07,浙江,2024-07,流通,10,10,0.4466771943992761,0.0007137969087015281,0.9155727624893188,DQN修正版 experimental run / revised DQN experimental run; not formal policy conclusion
Q-learning,浙江|生产|2024-07,浙江,2024-07,生产,1,1,0.08062165653356054,0.01436875823802883,0.07295503467321396,DQN修正版 experimental run / revised DQN experimental run; not formal policy conclusion
Q-learning,浙江|餐饮|2024-07,浙江,2024-07,餐饮,5,5,0.05369431909998608,0.005673396685610578,0.016963673755526543,DQN修正版 experimental run / revised DQN experimental run; not formal policy conclusion
Q-learning,海南|餐饮|2024-07,海南,2024-07,餐饮,3,3,0.7761047042263809,1.0,0.9890881180763245,DQN修正版 experimental run / revised DQN experimental run; not formal policy conclusion
Q-learning,湖北|流通|2024-07,湖北,2024-07,流通,0,0,0.004534545836061878,0.00023561963859146463,-0.0014273157576099038,DQN修正版 experimental run / revised DQN experimental run; not formal policy conclusion
Q-learning,湖北|生产|2024-07,湖北,2024-07,生产,10,10,0.18889982285811402,0.06793562538448276,0.5219392776489258,DQN修正版 experimental run / revised DQN experimental run; not formal policy conclusion
Q-learning,湖北|餐饮|2024-07,湖北,2024-07,餐饮,1,1,0.05783293202233952,0.002647405914014026,0.03990766406059265,DQN修正版 experimental run / revised DQN experimental run; not formal policy conclusion
Q-learning,湖南|流通|2024-07,湖南,2024-07,流通,3,3,0.03502680120504341,0.000996048778553747,-0.008631689473986626,DQN修正版 experimental run / revised DQN experimental run; not formal policy conclusion
Q-learning,湖南|生产|2024-07,湖南,2024-07,生产,3,3,0.053941485963711136,0.004241347050871893,0.039882365614175797,DQN修正版 experimental run / revised DQN experimental run; not formal policy conclusion
Q-learning,湖南|餐饮|2024-07,湖南,2024-07,餐饮,3,3,0.032666902834705525,0.009875420924971979,-0.007128723431378603,DQN修正版 experimental run / revised DQN experimental run; not formal policy conclusion
Q-learning,甘肃|流通|2024-07,甘肃,2024-07,流通,3,3,0.10526230911342653,0.06797956204100133,0.21300412714481354,DQN修正版 experimental run / revised DQN experimental run; not formal policy conclusion
Q-learning,福建|流通|2024-07,福建,2024-07,流通,5,5,0.03195347770793327,0.00010998798003943218,-0.05699928104877472,DQN修正版 experimental run / revised DQN experimental run; not formal policy conclusion
Q-learning,福建|生产|2024-07,福建,2024-07,生产,3,3,0.02407976295742511,0.004567222747744903,-0.03227446228265762,DQN修正版 experimental run / revised DQN experimental run; not formal policy conclusion
Q-learning,福建|餐饮|2024-07,福建,2024-07,餐饮,0,0,0.011686189545825953,0.0017765106684627537,-0.003678387962281704,DQN修正版 experimental run / revised DQN experimental run; not formal policy conclusion
Q-learning,贵州|流通|2024-07,贵州,2024-07,流通,10,10,0.12231420524101497,0.00678866086977576,0.2056855410337448,DQN修正版 experimental run / revised DQN experimental run; not formal policy conclusion
Q-learning,贵州|生产|2024-07,贵州,2024-07,生产,0,0,0.12004871957706104,0.062779002037687,-0.037769172340631485,DQN修正版 experimental run / revised DQN experimental run; not formal policy conclusion
Q-learning,贵州|餐饮|2024-07,贵州,2024-07,餐饮,5,5,0.05928999523851709,0.005996219556537515,0.0348384864628315,DQN修正版 experimental run / revised DQN experimental run; not formal policy conclusion
Q-learning,辽宁|流通|2024-07,辽宁,2024-07,流通,5,5,0.054297645231735324,0.0002485408937276573,0.013154842890799046,DQN修正版 experimental run / revised DQN experimental run; not formal policy conclusion
Q-learning,辽宁|生产|2024-07,辽宁,2024-07,生产,3,3,0.05201290841751196,0.011616397366598398,0.04120505973696709,DQN修正版 experimental run / revised DQN experimental run; not formal policy conclusion
Q-learning,辽宁|餐饮|2024-07,辽宁,2024-07,餐饮,0,0,0.002831532187998134,0.0006303281025947901,-0.0008912672637961805,DQN修正版 experimental run / revised DQN experimental run; not formal policy conclusion
Q-learning,重庆|流通|2024-07,重庆,2024-07,流通,10,10,0.06080626980755301,0.0022766844988744927,-0.05612612143158913,DQN修正版 experimental run / revised DQN experimental run; not formal policy conclusion
Q-learning,重庆|生产|2024-07,重庆,2024-07,生产,1,1,0.08817844557825531,0.020970466403280916,0.0851488932967186,DQN修正版 experimental run / revised DQN experimental run; not formal policy conclusion
Q-learning,重庆|餐饮|2024-07,重庆,2024-07,餐饮,0,0,0.0020145638551766765,0.0003528378795511786,-0.0006341143161989748,DQN修正版 experimental run / revised DQN experimental run; not formal policy conclusion
Q-learning,陕西|流通|2024-07,陕西,2024-07,流通,1,1,0.04810994941419028,0.0072757313193716,0.030299482867121696,DQN修正版 experimental run / revised DQN experimental run; not formal policy conclusion
Q-learning,陕西|餐饮|2024-07,陕西,2024-07,餐饮,3,3,0.025117115485312303,0.0035061859889778816,-0.030622955411672592,DQN修正版 experimental run / revised DQN experimental run; not formal policy conclusion
Q-learning,青海|流通|2024-07,青海,2024-07,流通,5,5,0.2844653856788753,0.20297292332066494,0.7388900518417358,DQN修正版 experimental run / revised DQN experimental run; not formal policy conclusion
Q-learning,青海|餐饮|2024-07,青海,2024-07,餐饮,5,5,0.08127279887779894,0.04342720661160081,0.14216232299804688,DQN修正版 experimental run / revised DQN experimental run; not formal policy conclusion
Q-learning,黑龙江|流通|2024-07,黑龙江,2024-07,流通,5,5,0.035149906814335025,0.004378578207863413,-0.042525049299001694,DQN修正版 experimental run / revised DQN experimental run; not formal policy conclusion
Q-learning,黑龙江|餐饮|2024-07,黑龙江,2024-07,餐饮,0,0,0.0020533594346102946,0.0003619006202233364,-0.000646325817797333,DQN修正版 experimental run / revised DQN experimental run; not formal policy conclusion
Q-learning,上海|流通|2024-08,上海,2024-08,流通,5,5,0.0426484582061564,0.011424359004815561,-0.011629421263933182,DQN修正版 experimental run / revised DQN experimental run; not formal policy conclusion
Q-learning,不详|流通|2024-08,不详,2024-08,流通,3,3,0.39892298011037824,0.0,0.7031433582305908,DQN修正版 experimental run / revised DQN experimental run; not formal policy conclusion
Q-learning,不详|餐饮|2024-08,不详,2024-08,餐饮,10,10,0.33552935716495363,0.0002268345419768312,0.7982407808303833,DQN修正版 experimental run / revised DQN experimental run; not formal policy conclusion
Q-learning,云南|流通|2024-08,云南,2024-08,流通,3,3,0.09634478334891462,0.016162199246639235,0.15132206678390503,DQN修正版 experimental run / revised DQN experimental run; not formal policy conclusion
Q-learning,云南|餐饮|2024-08,云南,2024-08,餐饮,3,3,0.020513973608216537,0.0013848083065666078,-0.04350089654326439,DQN修正版 experimental run / revised DQN experimental run; not formal policy conclusion
Q-learning,内蒙古|流通|2024-08,内蒙古,2024-08,流通,3,3,0.08625461027002476,0.020742201817530392,0.1309829205274582,DQN修正版 experimental run / revised DQN experimental run; not formal policy conclusion
Q-learning,内蒙古|餐饮|2024-08,内蒙古,2024-08,餐饮,0,0,0.011859289457908054,0.0025917789072808844,-0.0037328731268644333,DQN修正版 experimental run / revised DQN experimental run; not formal policy conclusion
Q-learning,北京|餐饮|2024-08,北京,2024-08,餐饮,5,5,0.4436458996540929,0.02657456355927578,0.8515645265579224,DQN修正版 experimental run / revised DQN experimental run; not formal policy conclusion
Q-learning,吉林|流通|2024-08,吉林,2024-08,流通,1,1,0.0063343178862115875,0.0007799404075969181,-0.023421039804816246,DQN修正版 experimental run / revised DQN experimental run; not formal policy conclusion
Q-learning,四川|流通|2024-08,四川,2024-08,流通,3,3,0.029642323045524905,0.0014266504836356535,-0.02134263888001442,DQN修正版 experimental run / revised DQN experimental run; not formal policy conclusion
Q-learning,四川|生产|2024-08,四川,2024-08,生产,1,1,0.08456429934441001,0.02471119097865104,0.0825410783290863,DQN修正版 experimental run / revised DQN experimental run; not formal policy conclusion
Q-learning,四川|餐饮|2024-08,四川,2024-08,餐饮,3,3,0.02112011744808889,0.0011679009750980157,-0.04220915958285332,DQN修正版 experimental run / revised DQN experimental run; not formal policy conclusion
Q-learning,天津|流通|2024-08,天津,2024-08,流通,0,0,0.015378018441905453,0.0015146577222614282,-0.004840425681322813,DQN修正版 experimental run / revised DQN experimental run; not formal policy conclusion
Q-learning,宁夏|餐饮|2024-08,宁夏,2024-08,餐饮,5,5,0.06201242729469439,0.027457754289907904,0.06585154682397842,DQN修正版 experimental run / revised DQN experimental run; not formal policy conclusion
Q-learning,安徽|流通|2024-08,安徽,2024-08,流通,0,0,0.006821495864229029,0.0,-0.0021471655927598476,DQN修正版 experimental run / revised DQN experimental run; not formal policy conclusion
Q-learning,安徽|生产|2024-08,安徽,2024-08,生产,0,0,0.009419132725005943,0.0020297177956484923,-0.002964805578812957,DQN修正版 experimental run / revised DQN experimental run; not formal policy conclusion
Q-learning,安徽|餐饮|2024-08,安徽,2024-08,餐饮,3,3,0.028830905458864464,0.003715683051681119,-0.021447790786623955,DQN修正版 experimental run / revised DQN experimental run; not formal policy conclusion
Q-learning,山东|流通|2024-08,山东,2024-08,流通,10,10,0.4602901470612968,0.0,0.9241895079612732,DQN修正版 experimental run / revised DQN experimental run; not formal policy conclusion
Q-learning,山东|生产|2024-08,山东,2024-08,生产,1,1,0.07296456390975394,0.0034684729935356797,0.05860476940870285,DQN修正版 experimental run / revised DQN experimental run; not formal policy conclusion
Q-learning,山东|餐饮|2024-08,山东,2024-08,餐饮,10,10,0.4587988083136618,0.0010664127235873312,0.9235047698020935,DQN修正版 experimental run / revised DQN experimental run; not formal policy conclusion
Q-learning,山西|餐饮|2024-08,山西,2024-08,餐饮,5,5,0.053259766986466846,0.004827282260743203,0.014712190255522728,DQN修正版 experimental run / revised DQN experimental run; not formal policy conclusion
Q-learning,广东|流通|2024-08,广东,2024-08,流通,5,5,0.09311969498373769,0.0,0.13383224606513977,DQN修正版 experimental run / revised DQN experimental run; not formal policy conclusion
Q-learning,广东|生产|2024-08,广东,2024-08,生产,10,10,0.4477452515765989,5.8859321145945415e-05,0.9161384701728821,DQN修正版 experimental run / revised DQN experimental run; not formal policy conclusion
Q-learning,广东|餐饮|2024-08,广东,2024-08,餐饮,0,0,0.010661456888648408,0.0002962131590884067,-0.003355841850861907,DQN修正版 experimental run / revised DQN experimental run; not formal policy conclusion
Q-learning,广西|流通|2024-08,广西,2024-08,流通,10,10,0.08285155484726245,0.001337278975263714,0.034925445914268494,DQN修正版 experimental run / revised DQN experimental run; not formal policy conclusion
Q-learning,广西|生产|2024-08,广西,2024-08,生产,10,10,0.4178007022695851,4.622388751750797e-05,0.8934474587440491,DQN修正版 experimental run / revised DQN experimental run; not formal policy conclusion
Q-learning,广西|餐饮|2024-08,广西,2024-08,餐饮,3,3,0.025451571308468215,0.003278167308347493,-0.02999766543507576,DQN修正版 experimental run / revised DQN experimental run; not formal policy conclusion
Q-learning,新疆|生产|2024-08,新疆,2024-08,生产,3,3,0.2687576624124107,0.2583770512703189,0.6457759141921997,DQN修正版 experimental run / revised DQN experimental run; not formal policy conclusion
Q-learning,新疆|餐饮|2024-08,新疆,2024-08,餐饮,0,0,0.015190473227909822,0.002188119903855494,-0.004781394265592098,DQN修正版 experimental run / revised DQN experimental run; not formal policy conclusion
Q-learning,江苏|流通|2024-08,江苏,2024-08,流通,5,5,0.09596085095696916,0.00014571140308786528,0.14272189140319824,DQN修正版 experimental run / revised DQN experimental run; not formal policy conclusion
Q-learning,江苏|生产|2024-08,江苏,2024-08,生产,3,3,0.028410241894053202,0.0060451030288686215,-0.020572397857904434,DQN修正版 experimental run / revised DQN experimental run; not formal policy conclusion
Q-learning,江苏|餐饮|2024-08,江苏,2024-08,餐饮,10,10,0.45191153070072565,0.0011480707178411623,0.9191551804542542,DQN修正版 experimental run / revised DQN experimental run; not formal policy conclusion
Q-learning,江西|流通|2024-08,江西,2024-08,流通,5,5,0.36182010426831174,0.0004988022520098767,0.7521147131919861,DQN修正版 experimental run / revised DQN experimental run; not formal policy conclusion
Q-learning,江西|生产|2024-08,江西,2024-08,生产,3,3,0.057134515736878916,0.011077031991754381,0.05316584184765816,DQN修正版 experimental run / revised DQN experimental run; not formal policy conclusion
Q-learning,江西|餐饮|2024-08,江西,2024-08,餐饮,0,0,0.007751168872782837,0.0016814088198057774,-0.0024397927336394787,DQN修正版 experimental run / revised DQN experimental run; not formal policy conclusion
Q-learning,河北|流通|2024-08,河北,2024-08,流通,5,5,0.45855712593668824,7.668376977493991e-05,0.8566790223121643,DQN修正版 experimental run / revised DQN experimental run; not formal policy conclusion
Q-learning,河北|生产|2024-08,河北,2024-08,生产,1,1,0.07154829153181905,0.015463751702816326,0.06251045316457748,DQN修正版 experimental run / revised DQN experimental run; not formal policy conclusion
Q-learning,河北|餐饮|2024-08,河北,2024-08,餐饮,3,3,0.02848756782442908,0.0023650496676311562,-0.023379461839795113,DQN修正版 experimental run / revised DQN experimental run; not formal policy conclusion
Q-learning,河南|流通|2024-08,河南,2024-08,流通,3,3,0.025967610062179073,0.0,-0.03141310065984726,DQN修正版 experimental run / revised DQN experimental run; not formal policy conclusion
Q-learning,河南|生产|2024-08,河南,2024-08,生产,1,1,0.09639472055688707,0.02975289471528926,0.09912478178739548,DQN修正版 experimental run / revised DQN experimental run; not formal policy conclusion
Q-learning,河南|餐饮|2024-08,河南,2024-08,餐饮,5,5,0.5448140127316555,0.003247215855443147,0.9145351052284241,DQN修正版 experimental run / revised DQN experimental run; not formal policy conclusion
Q-learning,浙江|流通|2024-08,浙江,2024-08,流通,3,3,0.024474188143682386,0.0006480962986455094,-0.03450563922524452,DQN修正版 experimental run / revised DQN experimental run; not formal policy conclusion
Q-learning,浙江|生产|2024-08,浙江,2024-08,生产,1,1,0.07919264767617797,0.01441170629176439,0.07125049829483032,DQN修正版 experimental run / revised DQN experimental run; not formal policy conclusion
Q-learning,浙江|餐饮|2024-08,浙江,2024-08,餐饮,5,5,0.05013863325143687,0.005252272381463809,0.0053720329888165,DQN修正版 experimental run / revised DQN experimental run; not formal policy conclusion
Q-learning,湖北|流通|2024-08,湖北,2024-08,流通,0,0,0.003473399127172275,0.00018420811102528697,-0.0010933043668046594,DQN修正版 experimental run / revised DQN experimental run; not formal policy conclusion
Q-learning,湖北|生产|2024-08,湖北,2024-08,生产,10,10,0.16510223182523165,0.05525000115437312,0.43030446767807007,DQN修正版 experimental run / revised DQN experimental run; not formal policy conclusion
Q-learning,湖北|餐饮|2024-08,湖北,2024-08,餐饮,0,0,0.037272543398761515,0.0026948977404692063,-0.011731557548046112,DQN修正版 experimental run / revised DQN experimental run; not formal policy conclusion
Q-learning,湖南|流通|2024-08,湖南,2024-08,流通,0,0,0.013424671025755414,0.0008906538522445833,-0.004225592594593763,DQN修正版 experimental run / revised DQN experimental run; not formal policy conclusion
Q-learning,湖南|生产|2024-08,湖南,2024-08,生产,3,3,0.034007760968640076,0.00438822709116344,-0.008342568762600422,DQN修正版 experimental run / revised DQN experimental run; not formal policy conclusion
Q-learning,湖南|餐饮|2024-08,湖南,2024-08,餐饮,3,3,0.03162669889891734,0.009407020763460578,-0.010033728554844856,DQN修正版 experimental run / revised DQN experimental run; not formal policy conclusion
Q-learning,福建|流通|2024-08,福建,2024-08,流通,5,5,0.09735454953832719,0.00015586977326061135,0.14701123535633087,DQN修正版 experimental run / revised DQN experimental run; not formal policy conclusion
Q-learning,福建|生产|2024-08,福建,2024-08,生产,3,3,0.019808599536833317,0.0035351903271677245,-0.04346175491809845,DQN修正版 experimental run / revised DQN experimental run; not formal policy conclusion
Q-learning,福建|餐饮|2024-08,福建,2024-08,餐饮,3,3,0.03547717648659933,0.0017343330279510243,-0.0069379727356135845,DQN修正版 experimental run / revised DQN experimental run; not formal policy conclusion
Q-learning,贵州|流通|2024-08,贵州,2024-08,流通,10,10,0.10580196740406969,0.0069797575618625,0.13874571025371552,DQN修正版 experimental run / revised DQN experimental run; not formal policy conclusion
Q-learning,贵州|生产|2024-08,贵州,2024-08,生产,0,0,0.12022028335989915,0.06379479161193644,-0.03782309964299202,DQN修正版 experimental run / revised DQN experimental run; not formal policy conclusion
Q-learning,贵州|餐饮|2024-08,贵州,2024-08,餐饮,3,3,0.045293505636897824,0.00395389194572684,0.018684441223740578,DQN修正版 experimental run / revised DQN experimental run; not formal policy conclusion
Q-learning,辽宁|流通|2024-08,辽宁,2024-08,流通,1,1,0.01240183265904996,0.00019643800472834823,-0.016337230801582336,DQN修正版 experimental run / revised DQN experimental run; not formal policy conclusion
Q-learning,辽宁|生产|2024-08,辽宁,2024-08,生产,3,3,0.04920841019923093,0.010843154289892755,0.033781375735998154,DQN修正版 experimental run / revised DQN experimental run; not formal policy conclusion
Q-learning,辽宁|餐饮|2024-08,辽宁,2024-08,餐饮,0,0,0.0017169623619916617,0.00038135365655409567,-0.0005404397961683571,DQN修正版 experimental run / revised DQN experimental run; not formal policy conclusion
Q-learning,重庆|流通|2024-08,重庆,2024-08,流通,3,3,0.03696051697791913,0.0020189821104866753,-0.003107253694906831,DQN修正版 experimental run / revised DQN experimental run; not formal policy conclusion
Q-learning,重庆|餐饮|2024-08,重庆,2024-08,餐饮,0,0,0.0022434800236324466,0.0004073753589331418,-0.0007061691139824688,DQN修正版 experimental run / revised DQN experimental run; not formal policy conclusion
Q-learning,陕西|流通|2024-08,陕西,2024-08,流通,5,5,0.045884727784750015,0.006944000222479897,-0.006189976818859577,DQN修正版 experimental run / revised DQN experimental run; not formal policy conclusion
Q-learning,陕西|餐饮|2024-08,陕西,2024-08,餐饮,10,10,0.31221778715916054,0.005514848644433041,0.7631725072860718,DQN修正版 experimental run / revised DQN experimental run; not formal policy conclusion
Q-learning,青海|流通|2024-08,青海,2024-08,流通,5,5,0.2754444806530157,0.19665086707965582,0.7226150035858154,DQN修正版 experimental run / revised DQN experimental run; not formal policy conclusion
Q-learning,青海|餐饮|2024-08,青海,2024-08,餐饮,5,5,0.06792912837610253,0.03199919184080285,0.08903849869966507,DQN修正版 experimental run / revised DQN experimental run; not formal policy conclusion
Q-learning,黑龙江|流通|2024-08,黑龙江,2024-08,流通,10,10,0.3225985846189544,0.006518458151546783,0.7813501358032227,DQN修正版 experimental run / revised DQN experimental run; not formal policy conclusion
Q-learning,黑龙江|生产|2024-08,黑龙江,2024-08,生产,3,3,0.1367111816663429,0.10758620956467585,0.3139006495475769,DQN修正版 experimental run / revised DQN experimental run; not formal policy conclusion
Q-learning,黑龙江|餐饮|2024-08,黑龙江,2024-08,餐饮,0,0,0.0022662748425455403,0.00041294602671619943,-0.0007133440813049674,DQN修正版 experimental run / revised DQN experimental run; not formal policy conclusion
Q-learning,上海|流通|2024-09,上海,2024-09,流通,5,5,0.040957343405073926,0.010841269046123548,-0.01754431426525116,DQN修正版 experimental run / revised DQN experimental run; not formal policy conclusion
Q-learning,上海|生产|2024-09,上海,2024-09,生产,3,3,0.13320188326487192,0.10276513669093194,0.3026432991027832,DQN修正版 experimental run / revised DQN experimental run; not formal policy conclusion
Q-learning,不详|流通|2024-09,不详,2024-09,流通,3,3,0.3993727575983134,0.0,0.7036947011947632,DQN修正版 experimental run / revised DQN experimental run; not formal policy conclusion
Q-learning,不详|生产|2024-09,不详,2024-09,生产,10,10,0.19840062081079002,0.037259343506018144,0.5177626609802246,DQN修正版 experimental run / revised DQN experimental run; not formal policy conclusion
Q-learning,不详|餐饮|2024-09,不详,2024-09,餐饮,10,10,0.3696220733513363,0.0002865083620813453,0.8445736765861511,DQN修正版 experimental run / revised DQN experimental run; not formal policy conclusion
Q-learning,云南|流通|2024-09,云南,2024-09,流通,3,3,0.07703708530839931,0.016918581885065172,0.10586392134428024,DQN修正版 experimental run / revised DQN experimental run; not formal policy conclusion
Q-learning,云南|生产|2024-09,云南,2024-09,生产,3,3,0.4811755435293089,0.389079450268815,0.8831322193145752,DQN修正版 experimental run / revised DQN experimental run; not formal policy conclusion
Q-learning,云南|餐饮|2024-09,云南,2024-09,餐饮,3,3,0.02058035678221357,0.0014491223843343254,-0.04328787326812744,DQN修正版 experimental run / revised DQN experimental run; not formal policy conclusion
Q-learning,内蒙古|流通|2024-09,内蒙古,2024-09,流通,3,3,0.08410058184239237,0.020431136367501955,0.12559346854686737,DQN修正版 experimental run / revised DQN experimental run; not formal policy conclusion
Q-learning,北京|餐饮|2024-09,北京,2024-09,餐饮,10,10,0.10118873862027256,0.025943283004129986,0.14739109575748444,DQN修正版 experimental run / revised DQN experimental run; not formal policy conclusion
Q-learning,吉林|流通|2024-09,吉林,2024-09,流通,0,0,0.004352308456036078,0.0005844152509047271,-0.001369953970424831,DQN修正版 experimental run / revised DQN experimental run; not formal policy conclusion
Q-learning,吉林|餐饮|2024-09,吉林,2024-09,餐饮,0,0,0.005869808731592382,0.0013236523721747535,-0.0018476088298484683,DQN修正版 experimental run / revised DQN experimental run; not formal policy conclusion
Q-learning,四川|流通|2024-09,四川,2024-09,流通,3,3,0.09493777403997239,0.001427768394707676,0.13623131811618805,DQN修正版 experimental run / revised DQN experimental run; not formal policy conclusion
Q-learning,四川|生产|2024-09,四川,2024-09,生产,3,3,0.07359714118515613,0.01989862795194108,0.1000063568353653,DQN修正版 experimental run / revised DQN experimental run; not formal policy conclusion
Q-learning,四川|餐饮|2024-09,四川,2024-09,餐饮,0,0,0.017472276262310425,0.0009181868278466208,-0.005499607417732477,DQN修正版 experimental run / revised DQN experimental run; not formal policy conclusion
Q-learning,天津|流通|2024-09,天津,2024-09,流通,0,0,0.012248382499426471,0.0011706132715503612,-0.0038553443737328053,DQN修正版 experimental run / revised DQN experimental run; not formal policy conclusion
Q-learning,天津|生产|2024-09,天津,2024-09,生产,3,3,0.18398482728897078,0.1817928692464594,0.4621030390262604,DQN修正版 experimental run / revised DQN experimental run; not formal policy conclusion
Q-learning,宁夏|餐饮|2024-09,宁夏,2024-09,餐饮,1,1,0.03724455889787444,0.012064877698400835,0.019375883042812347,DQN修正版 experimental run / revised DQN experimental run; not formal policy conclusion
Q-learning,安徽|流通|2024-09,安徽,2024-09,流通,3,3,0.026227165605529252,0.0,-0.030783941969275475,DQN修正版 experimental run / revised DQN experimental run; not formal policy conclusion
Q-learning,安徽|生产|2024-09,安徽,2024-09,生产,0,0,0.00904398277628882,0.001948832989580471,-0.0028467224910855293,DQN修正版 experimental run / revised DQN experimental run; not formal policy conclusion
Q-learning,安徽|餐饮|2024-09,安徽,2024-09,餐饮,3,3,0.028495572952816677,0.0037561594213175484,-0.022228093817830086,DQN修正版 experimental run / revised DQN experimental run; not formal policy conclusion
Q-learning,山东|流通|2024-09,山东,2024-09,流通,10,10,0.4205027414264985,0.0,0.8956986665725708,DQN修正版 experimental run / revised DQN experimental run; not formal policy conclusion
Q-learning,山东|生产|2024-09,山东,2024-09,生产,0,0,0.06528017013365844,0.002979438288877739,-0.020545028150081635,DQN修正版 experimental run / revised DQN experimental run; not formal policy conclusion
Q-learning,山东|餐饮|2024-09,山东,2024-09,餐饮,1,1,0.05732759146759847,0.0009830225943837523,0.03851442411541939,DQN修正版 experimental run / revised DQN experimental run; not formal policy conclusion
Q-learning,山西|流通|2024-09,山西,2024-09,流通,3,3,0.1397849000336323,0.03591059142472748,0.26731613278388977,DQN修正版 experimental run / revised DQN experimental run; not formal policy conclusion
Q-learning,山西|生产|2024-09,山西,2024-09,生产,3,3,0.22618244152939532,0.19058505847626803,0.5437930226325989,DQN修正版 experimental run / revised DQN experimental run; not formal policy conclusion
Q-learning,山西|餐饮|2024-09,山西,2024-09,餐饮,10,10,0.33903997284649323,0.004889118788427522,0.805965781211853,DQN修正版 experimental run / revised DQN experimental run; not formal policy conclusion
Q-learning,广东|流通|2024-09,广东,2024-09,流通,5,5,0.07138362393566453,0.0,0.06637810170650482,DQN修正版 experimental run / revised DQN experimental run; not formal policy conclusion
Q-learning,广东|生产|2024-09,广东,2024-09,生产,10,10,0.3866036783601523,3.020914850329191e-05,0.8637188076972961,DQN修正版 experimental run / revised DQN experimental run; not formal policy conclusion
Q-learning,广东|餐饮|2024-09,广东,2024-09,餐饮,1,1,0.030585956852363667,0.00026037510977828545,0.005751683842390776,DQN修正版 experimental run / revised DQN experimental run; not formal policy conclusion
Q-learning,广西|流通|2024-09,广西,2024-09,流通,3,3,0.35553784380289283,0.0005678500827333422,0.6461648941040039,DQN修正版 experimental run / revised DQN experimental run; not formal policy conclusion
Q-learning,广西|生产|2024-09,广西,2024-09,生产,10,10,0.44110653258976745,3.1414447015370874e-05,0.9115383625030518,DQN修正版 experimental run / revised DQN experimental run; not formal policy conclusion
Q-learning,广西|餐饮|2024-09,广西,2024-09,餐饮,3,3,0.02333603267927293,0.002969150006966172,-0.03537648171186447,DQN修正版 experimental run / revised DQN experimental run; not formal policy conclusion
Q-learning,新疆|流通|2024-09,新疆,2024-09,流通,3,3,0.2088701628929188,0.08896346846742327,0.4500691890716553,DQN修正版 experimental run / revised DQN experimental run; not formal policy conclusion
Q-learning,新疆|生产|2024-09,新疆,2024-09,生产,3,3,0.22655907424439373,0.1938173071439877,0.5462851524353027,DQN修正版 experimental run / revised DQN experimental run; not formal policy conclusion
Q-learning,新疆|餐饮|2024-09,新疆,2024-09,餐饮,0,0,0.01409937629767486,0.0020331350643907698,-0.004437962546944618,DQN修正版 experimental run / revised DQN experimental run; not formal policy conclusion
Q-learning,江苏|流通|2024-09,江苏,2024-09,流通,5,5,0.09942939242515424,0.00018087498739445264,0.15339678525924683,DQN修正版 experimental run / revised DQN experimental run; not formal policy conclusion
Q-learning,江苏|生产|2024-09,江苏,2024-09,生产,3,3,0.02869223460669549,0.006211286718134886,-0.0197532270103693,DQN修正版 experimental run / revised DQN experimental run; not formal policy conclusion
Q-learning,江苏|餐饮|2024-09,江苏,2024-09,餐饮,3,3,0.03001588258382975,0.0010878678616897404,-0.02071234956383705,DQN修正版 experimental run / revised DQN experimental run; not formal policy conclusion
Q-learning,江西|流通|2024-09,江西,2024-09,流通,5,5,0.03385594908923434,0.0004745631685453379,-0.0506683886051178,DQN修正版 experimental run / revised DQN experimental run; not formal policy conclusion
Q-learning,江西|生产|2024-09,江西,2024-09,生产,3,3,0.053674881326800414,0.010256513490868311,0.044125113636255264,DQN修正版 experimental run / revised DQN experimental run; not formal policy conclusion
Q-learning,江西|餐饮|2024-09,江西,2024-09,餐饮,0,0,0.008465778846958656,0.001827059470370559,-0.0026647255290299654,DQN修正版 experimental run / revised DQN experimental run; not formal policy conclusion
Q-learning,河北|流通|2024-09,河北,2024-09,流通,5,5,0.03644729287248683,7.037142471122411e-05,-0.042983703315258026,DQN修正版 experimental run / revised DQN experimental run; not formal policy conclusion
Q-learning,河北|生产|2024-09,河北,2024-09,生产,3,3,0.06375064220814587,0.013059595038656521,0.07076454162597656,DQN修正版 experimental run / revised DQN experimental run; not formal policy conclusion
Q-learning,河北|餐饮|2024-09,河北,2024-09,餐饮,3,3,0.02730132419543721,0.0023005138225859444,-0.026308413594961166,DQN修正版 experimental run / revised DQN experimental run; not formal policy conclusion
Q-learning,河南|流通|2024-09,河南,2024-09,流通,3,3,0.025607968501212375,0.0,-0.032284826040267944,DQN修正版 experimental run / revised DQN experimental run; not formal policy conclusion
Q-learning,河南|生产|2024-09,河南,2024-09,生产,1,1,0.06281274834155767,0.014583612398637008,0.051534995436668396,DQN修正版 experimental run / revised DQN experimental run; not formal policy conclusion
Q-learning,河南|餐饮|2024-09,河南,2024-09,餐饮,5,5,0.5339446343802166,0.003010515214534016,0.9087372422218323,DQN修正版 experimental run / revised DQN experimental run; not formal policy conclusion
Q-learning,浙江|流通|2024-09,浙江,2024-09,流通,5,5,0.022393128573979293,0.0005865257170705098,-0.08632604032754898,DQN修正版 experimental run / revised DQN experimental run; not formal policy conclusion
Q-learning,浙江|生产|2024-09,浙江,2024-09,生产,1,1,0.0787560559854814,0.014760743293746789,0.0708867534995079,DQN修正版 experimental run / revised DQN experimental run; not formal policy conclusion
Q-learning,浙江|餐饮|2024-09,浙江,2024-09,餐饮,3,3,0.04192318914986902,0.0040521608815063895,0.010588711127638817,DQN修正版 experimental run / revised DQN experimental run; not formal policy conclusion
Q-learning,湖北|流通|2024-09,湖北,2024-09,流通,0,0,0.0022392845498377854,0.00012261613633846014,-0.0007048484985716641,DQN修正版 experimental run / revised DQN experimental run; not formal policy conclusion
Q-learning,湖北|生产|2024-09,湖北,2024-09,生产,10,10,0.20450527261237147,0.03967226179476023,0.5388154983520508,DQN修正版 experimental run / revised DQN experimental run; not formal policy conclusion
Q-learning,湖北|餐饮|2024-09,湖北,2024-09,餐饮,5,5,0.0938819936646336,0.003447423518282295,0.13973364233970642,DQN修正版 experimental run / revised DQN experimental run; not formal policy conclusion
Q-learning,湖南|流通|2024-09,湖南,2024-09,流通,0,0,0.012382184506615136,0.000834054157713308,-0.0038974599447101355,DQN修正版 experimental run / revised DQN experimental run; not formal policy conclusion
Q-learning,湖南|生产|2024-09,湖南,2024-09,生产,0,0,0.02366852467497927,0.002614599611977984,-0.007449887692928314,DQN修正版 experimental run / revised DQN experimental run; not formal policy conclusion
Q-learning,湖南|餐饮|2024-09,湖南,2024-09,餐饮,3,3,0.031271312540096616,0.009249473358744027,-0.011024168692529202,DQN修正版 experimental run / revised DQN experimental run; not formal policy conclusion
Q-learning,甘肃|流通|2024-09,甘肃,2024-09,流通,3,3,0.10610424629670805,0.06893223114657401,0.21569305658340454,DQN修正版 experimental run / revised DQN experimental run; not formal policy conclusion
Q-learning,福建|流通|2024-09,福建,2024-09,流通,5,5,0.03642713071588688,0.00013297755882510557,-0.042981136590242386,DQN修正版 experimental run / revised DQN experimental run; not formal policy conclusion
Q-learning,福建|生产|2024-09,福建,2024-09,生产,10,10,0.36679649941350206,0.004580305994083714,0.84299635887146,DQN修正版 experimental run / revised DQN experimental run; not formal policy conclusion
Q-learning,福建|餐饮|2024-09,福建,2024-09,餐饮,0,0,0.011545160887101233,0.001239529229287649,-0.0036339976359158754,DQN修正版 experimental run / revised DQN experimental run; not formal policy conclusion
Q-learning,贵州|流通|2024-09,贵州,2024-09,流通,1,1,0.08169275810359364,0.006690190806243048,0.0706571489572525,DQN修正版 experimental run / revised DQN experimental run; not formal policy conclusion
Q-learning,贵州|餐饮|2024-09,贵州,2024-09,餐饮,3,3,0.044904840343679205,0.0040569298415868765,0.01782558299601078,DQN修正版 experimental run / revised DQN experimental run; not formal policy conclusion
Q-learning,辽宁|流通|2024-09,辽宁,2024-09,流通,5,5,0.05421120428350128,0.0002094041709630609,0.012842684052884579,DQN修正版 experimental run / revised DQN experimental run; not formal policy conclusion
Q-learning,辽宁|生产|2024-09,辽宁,2024-09,生产,3,3,0.039071986404608565,0.0076439996400050406,0.006595264654606581,DQN修正版 experimental run / revised DQN experimental run; not formal policy conclusion
Q-learning,辽宁|餐饮|2024-09,辽宁,2024-09,餐饮,0,0,0.0011958342188477249,0.0002494899617068252,-0.00037640685332007706,DQN修正版 experimental run / revised DQN experimental run; not formal policy conclusion
Q-learning,重庆|流通|2024-09,重庆,2024-09,流通,3,3,0.031171535529683686,0.0015947163391677585,-0.01749688759446144,DQN修正版 experimental run / revised DQN experimental run; not formal policy conclusion
Q-learning,重庆|生产|2024-09,重庆,2024-09,生产,1,1,0.0806115284358831,0.018485349805304307,0.07486719638109207,DQN修正版 experimental run / revised DQN experimental run; not formal policy conclusion
Q-learning,重庆|餐饮|2024-09,重庆,2024-09,餐饮,0,0,0.001994700692631063,0.000348226241707881,-0.0006278620567172766,DQN修正版 experimental run / revised DQN experimental run; not formal policy conclusion
Q-learning,陕西|流通|2024-09,陕西,2024-09,流通,5,5,0.041657973451215025,0.006119342786167591,-0.020309071987867355,DQN修正版 experimental run / revised DQN experimental run; not formal policy conclusion
Q-learning,陕西|生产|2024-09,陕西,2024-09,生产,1,1,0.3136633567683098,0.4622268977244749,0.5126469135284424,DQN修正版 experimental run / revised DQN experimental run; not formal policy conclusion
Q-learning,陕西|餐饮|2024-09,陕西,2024-09,餐饮,3,3,0.040555660849336164,0.004954784248006399,0.008005708456039429,DQN修正版 experimental run / revised DQN experimental run; not formal policy conclusion
Q-learning,青海|流通|2024-09,青海,2024-09,流通,5,5,0.2198799660070887,0.13529358872725916,0.5878390073776245,DQN修正版 experimental run / revised DQN experimental run; not formal policy conclusion
Q-learning,青海|餐饮|2024-09,青海,2024-09,餐饮,5,5,0.06750102795759118,0.03165964935629603,0.08735232800245285,DQN修正版 experimental run / revised DQN experimental run; not formal policy conclusion
Q-learning,黑龙江|流通|2024-09,黑龙江,2024-09,流通,1,1,0.050155770291011675,0.005845164028629435,0.03210722282528877,DQN修正版 experimental run / revised DQN experimental run; not formal policy conclusion
Q-learning,黑龙江|生产|2024-09,黑龙江,2024-09,生产,1,1,0.09453389891534958,0.05637510069244249,0.10926930606365204,DQN修正版 experimental run / revised DQN experimental run; not formal policy conclusion
Q-learning,黑龙江|餐饮|2024-09,黑龙江,2024-09,餐饮,0,0,0.0,0.0,0.0,DQN修正版 experimental run / revised DQN experimental run; not formal policy conclusion
Q-learning,上海|流通|2024-10,上海,2024-10,流通,5,5,0.040798730815201384,0.010898516286628919,-0.01798141561448574,DQN修正版 experimental run / revised DQN experimental run; not formal policy conclusion
Q-learning,不详|流通|2024-10,不详,2024-10,流通,3,3,0.39901169699739597,0.0,0.7032521963119507,DQN修正版 experimental run / revised DQN experimental run; not formal policy conclusion
Q-learning,不详|餐饮|2024-10,不详,2024-10,餐饮,10,10,0.38990768917962654,0.0003372602111097796,0.8673120141029358,DQN修正版 experimental run / revised DQN experimental run; not formal policy conclusion
Q-learning,云南|流通|2024-10,云南,2024-10,流通,3,3,0.07010397698475071,0.014816268542579997,0.08750411868095398,DQN修正版 experimental run / revised DQN experimental run; not formal policy conclusion
Q-learning,云南|生产|2024-10,云南,2024-10,生产,3,3,0.4306542341317833,0.33135030871973764,0.8397260308265686,DQN修正版 experimental run / revised DQN experimental run; not formal policy conclusion
Q-learning,云南|餐饮|2024-10,云南,2024-10,餐饮,0,0,0.019717588780773315,0.0014163811084407412,-0.006206328980624676,DQN修正版 experimental run / revised DQN experimental run; not formal policy conclusion
Q-learning,内蒙古|流通|2024-10,内蒙古,2024-10,流通,3,3,0.06564905913590968,0.013709390200769705,0.07587213069200516,DQN修正版 experimental run / revised DQN experimental run; not formal policy conclusion
Q-learning,内蒙古|生产|2024-10,内蒙古,2024-10,生产,1,1,0.47526376852230795,0.6798292725711669,0.6986423134803772,DQN修正版 experimental run / revised DQN experimental run; not formal policy conclusion
Q-learning,内蒙古|餐饮|2024-10,内蒙古,2024-10,餐饮,0,0,0.012660425436358338,0.0027898653996775162,-0.003985038958489895,DQN修正版 experimental run / revised DQN experimental run; not formal policy conclusion
Q-learning,北京|餐饮|2024-10,北京,2024-10,餐饮,5,5,0.08896041948855399,0.021311700746144073,0.14300885796546936,DQN修正版 experimental run / revised DQN experimental run; not formal policy conclusion
Q-learning,吉林|流通|2024-10,吉林,2024-10,流通,0,0,0.0041865826512617055,0.0005824238381747294,-0.0013177893124520779,DQN修正版 experimental run / revised DQN experimental run; not formal policy conclusion
Q-learning,吉林|生产|2024-10,吉林,2024-10,生产,5,5,0.3124736828203897,0.45921362930354725,0.8630514144897461,DQN修正版 experimental run / revised DQN experimental run; not formal policy conclusion
Q-learning,吉林|餐饮|2024-10,吉林,2024-10,餐饮,0,0,0.004709466787435017,0.0011216227169074404,-0.0014823747333139181,DQN修正版 experimental run / revised DQN experimental run; not formal policy conclusion
Q-learning,四川|流通|2024-10,四川,2024-10,流通,3,3,0.05512216870066029,0.001378316708218719,0.04041535407304764,DQN修正版 experimental run / revised DQN experimental run; not formal policy conclusion
Q-learning,四川|生产|2024-10,四川,2024-10,生产,0,0,0.11614195637810142,0.02475628651483482,-0.036541156470775604,DQN修正版 experimental run / revised DQN experimental run; not formal policy conclusion
Q-learning,四川|餐饮|2024-10,四川,2024-10,餐饮,0,0,0.01610695628412195,0.0008529819695375834,-0.005069864448159933,DQN修正版 experimental run / revised DQN experimental run; not formal policy conclusion
Q-learning,天津|流通|2024-10,天津,2024-10,流通,1,1,0.01044973914614565,0.0009991130698037533,-0.018327558413147926,DQN修正版 experimental run / revised DQN experimental run; not formal policy conclusion
Q-learning,天津|生产|2024-10,天津,2024-10,生产,3,3,0.17982476615901666,0.1745952741447622,0.44946417212486267,DQN修正版 experimental run / revised DQN experimental run; not formal policy conclusion
Q-learning,宁夏|流通|2024-10,宁夏,2024-10,流通,1,1,0.39816430023785876,0.6933133076509204,0.6512388586997986,DQN修正版 experimental run / revised DQN experimental run; not formal policy conclusion
Q-learning,宁夏|餐饮|2024-10,宁夏,2024-10,餐饮,3,3,0.03647964041902379,0.011684538416697362,0.0035949707962572575,DQN修正版 experimental run / revised DQN experimental run; not formal policy conclusion
Q-learning,安徽|流通|2024-10,安徽,2024-10,流通,0,0,0.005093278975762617,0.0,-0.0016031850827857852,DQN修正版 experimental run / revised DQN experimental run; not formal policy conclusion
Q-learning,安徽|生产|2024-10,安徽,2024-10,生产,0,0,0.009505281133602727,0.002048500240307315,-0.002991921966895461,DQN修正版 experimental run / revised DQN experimental run; not formal policy conclusion
Q-learning,安徽|餐饮|2024-10,安徽,2024-10,餐饮,3,3,0.028165024847572155,0.0037948340316142446,-0.022998234257102013,DQN修正版 experimental run / revised DQN experimental run; not formal policy conclusion
Q-learning,山东|流通|2024-10,山东,2024-10,流通,10,10,0.39321708743777706,0.0,0.8705908060073853,DQN修正版 experimental run / revised DQN experimental run; not formal policy conclusion
Q-learning,山东|生产|2024-10,山东,2024-10,生产,10,10,0.4500792521117022,0.002776323862190852,0.9183335900306702,DQN修正版 experimental run / revised DQN experimental run; not formal policy conclusion
Q-learning,山东|餐饮|2024-10,山东,2024-10,餐饮,10,10,0.43855557210075113,0.0009851487313725074,0.9099543690681458,DQN修正版 experimental run / revised DQN experimental run; not formal policy conclusion
Q-learning,山西|流通|2024-10,山西,2024-10,流通,3,3,0.1708391844902176,0.04476168269202074,0.34214964509010315,DQN修正版 experimental run / revised DQN experimental run; not formal policy conclusion
Q-learning,山西|餐饮|2024-10,山西,2024-10,餐饮,5,5,0.05798401822590114,0.004863503675152894,0.02955791912972927,DQN修正版 experimental run / revised DQN experimental run; not formal policy conclusion
Q-learning,广东|流通|2024-10,广东,2024-10,流通,1,1,0.010218633247875314,0.0,-0.01907728798687458,DQN修正版 experimental run / revised DQN experimental run; not formal policy conclusion
Q-learning,广东|生产|2024-10,广东,2024-10,生产,10,10,0.48194293606656735,2.2501056986001574e-05,0.9363917708396912,DQN修正版 experimental run / revised DQN experimental run; not formal policy conclusion
Q-learning,广东|餐饮|2024-10,广东,2024-10,餐饮,10,10,0.35353958422074266,0.0003179949311932418,0.8241010904312134,DQN修正版 experimental run / revised DQN experimental run; not formal policy conclusion
Q-learning,广西|流通|2024-10,广西,2024-10,流通,3,3,0.3820517220964671,0.0005738121269685661,0.6820957064628601,DQN修正版 experimental run / revised DQN experimental run; not formal policy conclusion
Q-learning,广西|生产|2024-10,广西,2024-10,生产,10,10,0.4405558583080671,3.016923207990584e-05,0.9111464619636536,DQN修正版 experimental run / revised DQN experimental run; not formal policy conclusion
Q-learning,广西|餐饮|2024-10,广西,2024-10,餐饮,0,0,0.019085872125647836,0.0022990288173330166,-0.006007494404911995,DQN修正版 experimental run / revised DQN experimental run; not formal policy conclusion
Q-learning,新疆|流通|2024-10,新疆,2024-10,流通,3,3,0.2061044918515188,0.08966205979015404,0.4451580345630646,DQN修正版 experimental run / revised DQN experimental run; not formal policy conclusion
Q-learning,新疆|生产|2024-10,新疆,2024-10,生产,3,3,0.29853844320208367,0.20060071990205108,0.6602402329444885,DQN修正版 experimental run / revised DQN experimental run; not formal policy conclusion
Q-learning,新疆|餐饮|2024-10,新疆,2024-10,餐饮,0,0,0.014080287702368044,0.0020679146993411108,-0.0044319541193544865,DQN修正版 experimental run / revised DQN experimental run; not formal policy conclusion
Q-learning,江苏|流通|2024-10,江苏,2024-10,流通,5,5,0.08087390218404794,0.00018534795853209537,0.09613428264856339,DQN修正版 experimental run / revised DQN experimental run; not formal policy conclusion
Q-learning,江苏|生产|2024-10,江苏,2024-10,生产,3,3,0.028150256309714593,0.0061124362094473715,-0.021148141473531723,DQN修正版 experimental run / revised DQN experimental run; not formal policy conclusion
Q-learning,江苏|餐饮|2024-10,江苏,2024-10,餐饮,10,10,0.4351365645293065,0.001279199200857954,0.907531201839447,DQN修正版 experimental run / revised DQN experimental run; not formal policy conclusion
Q-learning,江西|流通|2024-10,江西,2024-10,流通,1,1,0.012693197211666165,0.0004386480285565487,-0.015870029106736183,DQN修正版 experimental run / revised DQN experimental run; not formal policy conclusion
Q-learning,江西|生产|2024-10,江西,2024-10,生产,3,3,0.05451799063344061,0.010813459706273504,0.04661905765533447,DQN修正版 experimental run / revised DQN experimental run; not formal policy conclusion
Q-learning,江西|餐饮|2024-10,江西,2024-10,餐饮,0,0,0.007927710973921174,0.0017168921979819145,-0.002495361492037773,DQN修正版 experimental run / revised DQN experimental run; not formal policy conclusion
Q-learning,河北|流通|2024-10,河北,2024-10,流通,1,1,0.01480541090648388,5.0973192931488454e-05,-0.013490297831594944,DQN修正版 experimental run / revised DQN experimental run; not formal policy conclusion
Q-learning,河北|生产|2024-10,河北,2024-10,生产,3,3,0.05584388723752355,0.010739302210757185,0.049768418073654175,DQN修正版 experimental run / revised DQN experimental run; not formal policy conclusion
Q-learning,河北|餐饮|2024-10,河北,2024-10,餐饮,1,1,0.050831595108949926,0.002399733933847228,0.031308431178331375,DQN修正版 experimental run / revised DQN experimental run; not formal policy conclusion
Q-learning,河南|流通|2024-10,河南,2024-10,流通,3,3,0.02566286894132015,0.0,-0.032151758670806885,DQN修正版 experimental run / revised DQN experimental run; not formal policy conclusion
Q-learning,河南|生产|2024-10,河南,2024-10,生产,3,3,0.047702060661861806,0.009459512148064207,0.02900472655892372,DQN修正版 experimental run / revised DQN experimental run; not formal policy conclusion
Q-learning,河南|餐饮|2024-10,河南,2024-10,餐饮,1,1,0.1285664113825154,0.0027056799324725405,0.12510883808135986,DQN修正版 experimental run / revised DQN experimental run; not formal policy conclusion
Q-learning,浙江|流通|2024-10,浙江,2024-10,流通,5,5,0.021145493227708187,0.0005622788658161184,-0.09023340046405792,DQN修正版 experimental run / revised DQN experimental run; not formal policy conclusion
Q-learning,浙江|生产|2024-10,浙江,2024-10,生产,1,1,0.07540888574301069,0.014146842314470881,0.06655806303024292,DQN修正版 experimental run / revised DQN experimental run; not formal policy conclusion
Q-learning,浙江|餐饮|2024-10,浙江,2024-10,餐饮,3,3,0.038978083540713804,0.003736418184783559,0.003186231479048729,DQN修正版 experimental run / revised DQN experimental run; not formal policy conclusion
Q-learning,湖北|流通|2024-10,湖北,2024-10,流通,0,0,0.0014365334831868103,8.835312462310346e-05,-0.0004521705850493163,DQN修正版 experimental run / revised DQN experimental run; not formal policy conclusion
Q-learning,湖北|生产|2024-10,湖北,2024-10,生产,10,10,0.15543084539217913,0.03724419255187184,0.3738722801208496,DQN修正版 experimental run / revised DQN experimental run; not formal policy conclusion
Q-learning,湖北|餐饮|2024-10,湖北,2024-10,餐饮,5,5,0.05417281711030268,0.0036398049542214726,0.016327034682035446,DQN修正版 experimental run / revised DQN experimental run; not formal policy conclusion
Q-learning,湖南|流通|2024-10,湖南,2024-10,流通,0,0,0.01166854876681352,0.0008046912151364218,-0.0036728354170918465,DQN修正版 experimental run / revised DQN experimental run; not formal policy conclusion
Q-learning,湖南|生产|2024-10,湖南,2024-10,生产,5,5,0.43897891522234445,0.003323434144172529,0.8404618501663208,DQN修正版 experimental run / revised DQN experimental run; not formal policy conclusion
Q-learning,甘肃|生产|2024-10,甘肃,2024-10,生产,1,1,0.54,1.0,0.798214316368103,DQN修正版 experimental run / revised DQN experimental run; not formal policy conclusion
Q-learning,福建|流通|2024-10,福建,2024-10,流通,1,1,0.014820493802894307,0.00010961537869162443,-0.013444444164633751,DQN修正版 experimental run / revised DQN experimental run; not formal policy conclusion
Q-learning,福建|生产|2024-10,福建,2024-10,生产,3,3,0.030883158895197743,0.003918600986658454,-0.01630498096346855,DQN修正版 experimental run / revised DQN experimental run; not formal policy conclusion
Q-learning,福建|餐饮|2024-10,福建,2024-10,餐饮,0,0,0.011044103599148192,0.0012097000295116383,-0.003476284444332123,DQN修正版 experimental run / revised DQN experimental run; not formal policy conclusion
Q-learning,贵州|流通|2024-10,贵州,2024-10,流通,1,1,0.07606294133813388,0.006164745640304123,0.0636121854186058,DQN修正版 experimental run / revised DQN experimental run; not formal policy conclusion
Q-learning,贵州|生产|2024-10,贵州,2024-10,生产,0,0,0.12038795499143354,0.06478973838166813,-0.03787579759955406,DQN修正版 experimental run / revised DQN experimental run; not formal policy conclusion
Q-learning,贵州|餐饮|2024-10,贵州,2024-10,餐饮,10,10,0.3840637440515124,0.004923172074604002,0.8628560304641724,DQN修正版 experimental run / revised DQN experimental run; not formal policy conclusion
Q-learning,辽宁|流通|2024-10,辽宁,2024-10,流通,5,5,0.034486566363338786,0.00020520458414254275,-0.04897809028625488,DQN修正版 experimental run / revised DQN experimental run; not formal policy conclusion
Q-learning,辽宁|生产|2024-10,辽宁,2024-10,生产,3,3,0.03751136953964254,0.007321890630351649,0.0025465385988354683,DQN修正版 experimental run / revised DQN experimental run; not formal policy conclusion
Q-learning,辽宁|餐饮|2024-10,辽宁,2024-10,餐饮,0,0,0.0009496696023901447,0.00019184109535843664,-0.0002989228523802012,DQN修正版 experimental run / revised DQN experimental run; not formal policy conclusion
Q-learning,重庆|流通|2024-10,重庆,2024-10,流通,3,3,0.029450035555793556,0.0015225847704385773,-0.021730909124016762,DQN修正版 experimental run / revised DQN experimental run; not formal policy conclusion
Q-learning,重庆|生产|2024-10,重庆,2024-10,生产,1,1,0.07299022011188533,0.016035901195478538,0.06452053785324097,DQN修正版 experimental run / revised DQN experimental run; not formal policy conclusion
Q-learning,重庆|餐饮|2024-10,重庆,2024-10,餐饮,0,0,0.0016143656199847263,0.00026364193864905833,-0.0005081458948552608,DQN修正版 experimental run / revised DQN experimental run; not formal policy conclusion
Q-learning,陕西|流通|2024-10,陕西,2024-10,流通,5,5,0.03763296613889074,0.005359748586660455,-0.03371982276439667,DQN修正版 experimental run / revised DQN experimental run; not formal policy conclusion
Q-learning,陕西|餐饮|2024-10,陕西,2024-10,餐饮,3,3,0.0361403593596016,0.004258753503650264,-0.0032737634610384703,DQN修正版 experimental run / revised DQN experimental run; not formal policy conclusion
Q-learning,青海|餐饮|2024-10,青海,2024-10,餐饮,5,5,0.052244499633839134,0.02068190835096061,0.028185714036226273,DQN修正版 experimental run / revised DQN experimental run; not formal policy conclusion
Q-learning,黑龙江|流通|2024-10,黑龙江,2024-10,流通,1,1,0.05029545072118874,0.0060899344305977016,0.03239143267273903,DQN修正版 experimental run / revised DQN experimental run; not formal policy conclusion
Q-learning,黑龙江|生产|2024-10,黑龙江,2024-10,生产,1,1,0.08540163928468492,0.047290669946254006,0.09407930076122284,DQN修正版 experimental run / revised DQN experimental run; not formal policy conclusion
Q-learning,黑龙江|餐饮|2024-10,黑龙江,2024-10,餐饮,0,0,0.0,0.0,0.0,DQN修正版 experimental run / revised DQN experimental run; not formal policy conclusion
Q-learning,上海|流通|2024-11,上海,2024-11,流通,5,5,0.03730489710965139,0.009575119251315522,-0.030321625992655754,DQN修正版 experimental run / revised DQN experimental run; not formal policy conclusion
Q-learning,上海|生产|2024-11,上海,2024-11,生产,1,1,0.09655399541352719,0.058483809330584884,0.11266880482435226,DQN修正版 experimental run / revised DQN experimental run; not formal policy conclusion
Q-learning,不详|流通|2024-11,不详,2024-11,流通,3,3,0.39803131695254446,0.0,0.7020478844642639,DQN修正版 experimental run / revised DQN experimental run; not formal policy conclusion
Q-learning,不详|生产|2024-11,不详,2024-11,生产,10,10,0.20316751359434423,0.03048918455641972,0.5250025391578674,DQN修正版 experimental run / revised DQN experimental run; not formal policy conclusion
Q-learning,不详|餐饮|2024-11,不详,2024-11,餐饮,10,10,0.3939658928538116,0.0003543194479825507,0.8714762330055237,DQN修正版 experimental run / revised DQN experimental run; not formal policy conclusion
Q-learning,云南|流通|2024-11,云南,2024-11,流通,3,3,0.06243728709189454,0.012521173410438359,0.06715679913759232,DQN修正版 experimental run / revised DQN experimental run; not formal policy conclusion
Q-learning,云南|餐饮|2024-11,云南,2024-11,餐饮,0,0,0.016120334033006823,0.0011058174528279755,-0.00507407495751977,DQN修正版 experimental run / revised DQN experimental run; not formal policy conclusion
Q-learning,内蒙古|流通|2024-11,内蒙古,2024-11,流通,3,3,0.05956341738925015,0.011953296559075649,0.0597514770925045,DQN修正版 experimental run / revised DQN experimental run; not formal policy conclusion
Q-learning,内蒙古|餐饮|2024-11,内蒙古,2024-11,餐饮,0,0,0.0074675910367728165,0.0016250983095883324,-0.0023505326826125383,DQN修正版 experimental run / revised DQN experimental run; not formal policy conclusion
Q-learning,北京|流通|2024-11,北京,2024-11,流通,3,3,0.14204290668396,0.0868340549726355,0.3103278577327728,DQN修正版 experimental run / revised DQN experimental run; not formal policy conclusion
Q-learning,北京|生产|2024-11,北京,2024-11,生产,3,3,0.240456124056408,0.29123158811421196,0.6206721067428589,DQN修正版 experimental run / revised DQN experimental run; not formal policy conclusion
Q-learning,北京|餐饮|2024-11,北京,2024-11,餐饮,10,10,0.1258356695382389,0.023994438385508306,0.24399319291114807,DQN修正版 experimental run / revised DQN experimental run; not formal policy conclusion
Q-learning,吉林|流通|2024-11,吉林,2024-11,流通,0,0,0.02824206041881818,0.0007380831834278286,-0.008889380842447281,DQN修正版 experimental run / revised DQN experimental run; not formal policy conclusion
Q-learning,吉林|生产|2024-11,吉林,2024-11,生产,5,5,0.18985406270236302,0.19215765857901368,0.5648742914199829,DQN修正版 experimental run / revised DQN experimental run; not formal policy conclusion
Q-learning,吉林|餐饮|2024-11,吉林,2024-11,餐饮,0,0,0.005343758563991271,0.0012302975190281638,-0.0016820271266624331,DQN修正版 experimental run / revised DQN experimental run; not formal policy conclusion
Q-learning,四川|流通|2024-11,四川,2024-11,流通,3,3,0.07790236035575498,0.001388544305394713,0.09542680531740189,DQN修正版 experimental run / revised DQN experimental run; not formal policy conclusion
Q-learning,四川|生产|2024-11,四川,2024-11,生产,1,1,0.08456552076356977,0.02035533676871695,0.08050873875617981,DQN修正版 experimental run / revised DQN experimental run; not formal policy conclusion
Q-learning,四川|餐饮|2024-11,四川,2024-11,餐饮,0,0,0.015278131854210179,0.0008273753095537005,-0.004808985628187656,DQN修正版 experimental run / revised DQN experimental run; not formal policy conclusion
Q-learning,天津|流通|2024-11,天津,2024-11,流通,1,1,0.009905106598951711,0.0009692313267215456,-0.019002098590135574,DQN修正版 experimental run / revised DQN experimental run; not formal policy conclusion
Q-learning,天津|生产|2024-11,天津,2024-11,生产,3,3,0.2635918058239336,0.1940996616686835,0.6063662171363831,DQN修正版 experimental run / revised DQN experimental run; not formal policy conclusion
Q-learning,天津|餐饮|2024-11,天津,2024-11,餐饮,3,3,0.1439135968745865,0.1177877121347071,0.33694955706596375,DQN修正版 experimental run / revised DQN experimental run; not formal policy conclusion
Q-learning,宁夏|餐饮|2024-11,宁夏,2024-11,餐饮,1,1,0.03807364292298002,0.012483661060836862,0.020578064024448395,DQN修正版 experimental run / revised DQN experimental run; not formal policy conclusion
Q-learning,安徽|流通|2024-11,安徽,2024-11,流通,0,0,0.0031158959096063443,0.0,-0.0009807749884203076,DQN修正版 experimental run / revised DQN experimental run; not formal policy conclusion
Q-learning,安徽|生产|2024-11,安徽,2024-11,生产,0,0,0.03767027371809059,0.002607288401946783,-0.011856731958687305,DQN修正版 experimental run / revised DQN experimental run; not formal policy conclusion
Q-learning,安徽|餐饮|2024-11,安徽,2024-11,餐饮,3,3,0.025922825995045466,0.003446546543264787,-0.028718264773488045,DQN修正版 experimental run / revised DQN experimental run; not formal policy conclusion
Q-learning,山东|流通|2024-11,山东,2024-11,流通,10,10,0.46096306242597107,0.0,0.9246004223823547,DQN修正版 experimental run / revised DQN experimental run; not formal policy conclusion
Q-learning,山东|生产|2024-11,山东,2024-11,生产,10,10,0.49734097473675876,0.0034531653770543905,0.944441020488739,DQN修正版 experimental run / revised DQN experimental run; not formal policy conclusion
Q-learning,山东|餐饮|2024-11,山东,2024-11,餐饮,10,10,0.5080922865622364,0.001078088074637353,0.9487619400024414,DQN修正版 experimental run / revised DQN experimental run; not formal policy conclusion
Q-learning,山西|流通|2024-11,山西,2024-11,流通,3,3,0.2021211876196738,0.053775229967909746,0.4134487807750702,DQN修正版 experimental run / revised DQN experimental run; not formal policy conclusion
Q-learning,山西|餐饮|2024-11,山西,2024-11,餐饮,10,10,0.32131670360477976,0.00446848810695436,0.778046190738678,DQN修正版 experimental run / revised DQN experimental run; not formal policy conclusion
Q-learning,广东|流通|2024-11,广东,2024-11,流通,5,5,0.04995579481307362,0.0,-0.0007216272642835975,DQN修正版 experimental run / revised DQN experimental run; not formal policy conclusion
Q-learning,广东|生产|2024-11,广东,2024-11,生产,1,1,0.10296134129559162,2.4292221392449614e-05,0.09317316859960556,DQN修正版 experimental run / revised DQN experimental run; not formal policy conclusion
Q-learning,广东|餐饮|2024-11,广东,2024-11,餐饮,0,0,0.011799413567126089,0.00026944307187158666,-0.003714026417583227,DQN修正版 experimental run / revised DQN experimental run; not formal policy conclusion
Q-learning,广西|流通|2024-11,广西,2024-11,流通,1,1,0.07420421113988705,0.000581891936932011,0.05875135958194733,DQN修正版 experimental run / revised DQN experimental run; not formal policy conclusion
Q-learning,广西|生产|2024-11,广西,2024-11,生产,10,10,0.4774475803752138,4.281678399524155e-05,0.934030294418335,DQN修正版 experimental run / revised DQN experimental run; not formal policy conclusion
Q-learning,广西|餐饮|2024-11,广西,2024-11,餐饮,0,0,0.01739911677665068,0.0020830732335107164,-0.005476580001413822,DQN修正版 experimental run / revised DQN experimental run; not formal policy conclusion
Q-learning,新疆|流通|2024-11,新疆,2024-11,流通,3,3,0.20338324065362737,0.09031181344443122,0.44027480483055115,DQN修正版 experimental run / revised DQN experimental run; not formal policy conclusion
Q-learning,新疆|餐饮|2024-11,新疆,2024-11,餐饮,0,0,0.0140615896617144,0.0021019705253177232,-0.004426068626344204,DQN修正版 experimental run / revised DQN experimental run; not formal policy conclusion
Q-learning,江苏|流通|2024-11,江苏,2024-11,流通,5,5,0.10255638023269685,0.00015775950742255064,0.16293391585350037,DQN修正版 experimental run / revised DQN experimental run; not formal policy conclusion
Q-learning,江苏|生产|2024-11,江苏,2024-11,生产,3,3,0.023413659970129775,0.00474435558405503,-0.03374483808875084,DQN修正版 experimental run / revised DQN experimental run; not formal policy conclusion
Q-learning,江苏|餐饮|2024-11,江苏,2024-11,餐饮,3,3,0.030085143623650622,0.001028502932295082,-0.02059268206357956,DQN修正版 experimental run / revised DQN experimental run; not formal policy conclusion
Q-learning,江西|流通|2024-11,江西,2024-11,流通,1,1,0.01012082810087444,0.0003289565196484626,-0.019041331484913826,DQN修正版 experimental run / revised DQN experimental run; not formal policy conclusion
Q-learning,江西|生产|2024-11,江西,2024-11,生产,3,3,0.05322788929893202,0.010666608810753962,0.04337586835026741,DQN修正版 experimental run / revised DQN experimental run; not formal policy conclusion
Q-learning,江西|餐饮|2024-11,江西,2024-11,餐饮,0,0,0.008393497028452188,0.0018120832177527205,-0.0026419737841933966,DQN修正版 experimental run / revised DQN experimental run; not formal policy conclusion
Q-learning,河北|流通|2024-11,河北,2024-11,流通,5,5,0.03420878130734329,4.131189660134217e-05,-0.05001892149448395,DQN修正版 experimental run / revised DQN experimental run; not formal policy conclusion
Q-learning,河北|生产|2024-11,河北,2024-11,生产,3,3,0.05522841495097398,0.01083438294427766,0.048355892300605774,DQN修正版 experimental run / revised DQN experimental run; not formal policy conclusion
Q-learning,河北|餐饮|2024-11,河北,2024-11,餐饮,0,0,0.03091321835572333,0.002507127594709862,-0.00973009504377842,DQN修正版 experimental run / revised DQN experimental run; not formal policy conclusion
Q-learning,河南|流通|2024-11,河南,2024-11,流通,0,0,0.004183463873994526,0.0,-0.0013168076984584332,DQN修正版 experimental run / revised DQN experimental run; not formal policy conclusion
Q-learning,河南|生产|2024-11,河南,2024-11,生产,3,3,0.035645960107710234,0.006084972121125424,-0.002986564999446273,DQN修正版 experimental run / revised DQN experimental run; not formal policy conclusion
Q-learning,河南|餐饮|2024-11,河南,2024-11,餐饮,5,5,0.45166090023659927,0.0013428788739192768,0.8511835336685181,DQN修正版 experimental run / revised DQN experimental run; not formal policy conclusion
Q-learning,浙江|流通|2024-11,浙江,2024-11,流通,1,1,0.018166131735961735,0.00045665853233644286,-0.009223051369190216,DQN修正版 experimental run / revised DQN experimental run; not formal policy conclusion
Q-learning,浙江|生产|2024-11,浙江,2024-11,生产,5,5,0.5416895714684328,0.021346562987682463,0.9160318374633789,DQN修正版 experimental run / revised DQN experimental run; not formal policy conclusion
Q-learning,浙江|餐饮|2024-11,浙江,2024-11,餐饮,3,3,0.03629119667079214,0.0034563295241127065,-0.00356105575338006,DQN修正版 experimental run / revised DQN experimental run; not formal policy conclusion
Q-learning,湖北|流通|2024-11,湖北,2024-11,流通,3,3,0.04515579378825445,0.00014987622384682122,0.015254335477948189,DQN修正版 experimental run / revised DQN experimental run; not formal policy conclusion
Q-learning,湖北|生产|2024-11,湖北,2024-11,生产,10,10,0.12032174488341958,0.024513624266044216,0.2228434979915619,DQN修正版 experimental run / revised DQN experimental run; not formal policy conclusion
Q-learning,湖北|餐饮|2024-11,湖北,2024-11,餐饮,10,10,0.46096448806544094,0.002988178613259426,0.9252431988716125,DQN修正版 experimental run / revised DQN experimental run; not formal policy conclusion
Q-learning,湖南|流通|2024-11,湖南,2024-11,流通,0,0,0.010802347046616768,0.0007602043546263411,-0.003400188870728016,DQN修正版 experimental run / revised DQN experimental run; not formal policy conclusion
Q-learning,湖南|生产|2024-11,湖南,2024-11,生产,3,3,0.044942370621686004,0.0034248755532040294,0.017402200028300285,DQN修正版 experimental run / revised DQN experimental run; not formal policy conclusion
Q-learning,湖南|餐饮|2024-11,湖南,2024-11,餐饮,3,3,0.02979757629160145,0.00860966243546814,-0.0151201281696558,DQN修正版 experimental run / revised DQN experimental run; not formal policy conclusion
Q-learning,甘肃|流通|2024-11,甘肃,2024-11,流通,3,3,0.1024415062687508,0.06483203444147016,0.20400644838809967,DQN修正版 experimental run / revised DQN experimental run; not formal policy conclusion
Q-learning,甘肃|餐饮|2024-11,甘肃,2024-11,餐饮,3,3,0.54,0.3756808686197291,0.9089837074279785,DQN修正版 experimental run / revised DQN experimental run; not formal policy conclusion
Q-learning,福建|流通|2024-11,福建,2024-11,流通,5,5,0.03373905102956682,8.361909027947406e-05,-0.05144384875893593,DQN修正版 experimental run / revised DQN experimental run; not formal policy conclusion
Q-learning,福建|生产|2024-11,福建,2024-11,生产,3,3,0.029456110899811254,0.003755003546680975,-0.019899483770132065,DQN修正版 experimental run / revised DQN experimental run; not formal policy conclusion
Q-learning,福建|餐饮|2024-11,福建,2024-11,餐饮,0,0,0.008646342880692352,0.0009469414894802737,-0.002721560187637806,DQN修正版 experimental run / revised DQN experimental run; not formal policy conclusion
Q-learning,西藏|餐饮|2024-11,西藏,2024-11,餐饮,10,10,0.2383389958919517,0.12737316348939848,0.7038241028785706,DQN修正版 experimental run / revised DQN experimental run; not formal policy conclusion
Q-learning,贵州|流通|2024-11,贵州,2024-11,流通,10,10,0.366079994942581,0.006869860905758497,0.8431109189987183,DQN修正版 experimental run / revised DQN experimental run; not formal policy conclusion
Q-learning,贵州|生产|2024-11,贵州,2024-11,生产,0,0,0.11625239958144615,0.06168212935226305,-0.03657587617635727,DQN修正版 experimental run / revised DQN experimental run; not formal policy conclusion
Q-learning,贵州|餐饮|2024-11,贵州,2024-11,餐饮,5,5,0.06104372771991028,0.004777282326169005,0.03905126079916954,DQN修正版 experimental run / revised DQN experimental run; not formal policy conclusion
Q-learning,辽宁|流通|2024-11,辽宁,2024-11,流通,5,5,0.033504822331112974,0.00015979083200254275,-0.05209657549858093,DQN修正版 experimental run / revised DQN experimental run; not formal policy conclusion
Q-learning,辽宁|生产|2024-11,辽宁,2024-11,生产,3,3,0.034705268455132735,0.006621339487925841,-0.004832295700907707,DQN修正版 experimental run / revised DQN experimental run; not formal policy conclusion
Q-learning,辽宁|餐饮|2024-11,辽宁,2024-11,餐饮,0,0,0.0007176954062863204,0.00014146063595157785,-0.00022590545995626599,DQN修正版 experimental run / revised DQN experimental run; not formal policy conclusion
Q-learning,进口|流通|2024-11,进口,2024-11,流通,1,1,0.54,1.0,0.798214316368103,DQN修正版 experimental run / revised DQN experimental run; not formal policy conclusion
Q-learning,重庆|流通|2024-11,重庆,2024-11,流通,3,3,0.04954932951792868,0.0014148848177461797,0.026939066126942635,DQN修正版 experimental run / revised DQN experimental run; not formal policy conclusion
Q-learning,重庆|生产|2024-11,重庆,2024-11,生产,1,1,0.070490520582072,0.01554381601398291,0.061269599944353104,DQN修正版 experimental run / revised DQN experimental run; not formal policy conclusion
Q-learning,重庆|餐饮|2024-11,重庆,2024-11,餐饮,0,0,0.001589054122220872,0.00025826378198283293,-0.00050017872126773,DQN修正版 experimental run / revised DQN experimental run; not formal policy conclusion
Q-learning,陕西|流通|2024-11,陕西,2024-11,流通,5,5,0.034166862197350656,0.004741498235914706,-0.045221224427223206,DQN修正版 experimental run / revised DQN experimental run; not formal policy conclusion
Q-learning,陕西|餐饮|2024-11,陕西,2024-11,餐饮,3,3,0.03365978640595989,0.003934246503516657,-0.009556373581290245,DQN修正版 experimental run / revised DQN experimental run; not formal policy conclusion
Q-learning,青海|生产|2024-11,青海,2024-11,生产,1,1,0.54,1.0,0.798214316368103,DQN修正版 experimental run / revised DQN experimental run; not formal policy conclusion
Q-learning,青海|餐饮|2024-11,青海,2024-11,餐饮,5,5,0.051275398388276425,0.02005924948838564,0.024494750425219536,DQN修正版 experimental run / revised DQN experimental run; not formal policy conclusion
Q-learning,黑龙江|流通|2024-11,黑龙江,2024-11,流通,5,5,0.03992624981913622,0.004315867317957603,-0.027631018310785294,DQN修正版 experimental run / revised DQN experimental run; not formal policy conclusion
Q-learning,黑龙江|生产|2024-11,黑龙江,2024-11,生产,3,3,0.07077433589720583,0.03429895987554294,0.10482988506555557,DQN修正版 experimental run / revised DQN experimental run; not formal policy conclusion
Q-learning,上海|流通|2024-12,上海,2024-12,流通,5,5,0.036679265162388494,0.009425737589336852,-0.03243852034211159,DQN修正版 experimental run / revised DQN experimental run; not formal policy conclusion
Q-learning,上海|生产|2024-12,上海,2024-12,生产,1,1,0.09387206790544311,0.05569200534461216,0.10815859586000443,DQN修正版 experimental run / revised DQN experimental run; not formal policy conclusion
Q-learning,不详|流通|2024-12,不详,2024-12,流通,3,3,0.39715325730555967,0.0,0.7009658217430115,DQN修正版 experimental run / revised DQN experimental run; not formal policy conclusion
Q-learning,不详|生产|2024-12,不详,2024-12,生产,10,10,0.17226243020404672,0.028457619402084446,0.42230722308158875,DQN修正版 experimental run / revised DQN experimental run; not formal policy conclusion
Q-learning,不详|餐饮|2024-12,不详,2024-12,餐饮,10,10,0.3854190504161601,0.00018793756521109264,0.8625106811523438,DQN修正版 experimental run / revised DQN experimental run; not formal policy conclusion
Q-learning,云南|流通|2024-12,云南,2024-12,流通,3,3,0.0888609837011082,0.012007920182367142,0.13020943105220795,DQN修正版 experimental run / revised DQN experimental run; not formal policy conclusion
Q-learning,云南|餐饮|2024-12,云南,2024-12,餐饮,0,0,0.01464924054219095,0.00100886767119291,-0.004611037205904722,DQN修正版 experimental run / revised DQN experimental run; not formal policy conclusion
Q-learning,内蒙古|流通|2024-12,内蒙古,2024-12,流通,1,1,0.056498303916307946,0.011240574586619674,0.04232356324791908,DQN修正版 experimental run / revised DQN experimental run; not formal policy conclusion
Q-learning,内蒙古|餐饮|2024-12,内蒙古,2024-12,餐饮,0,0,0.007027812408837348,0.0015394445010503425,-0.0022121064830571413,DQN修正版 experimental run / revised DQN experimental run; not formal policy conclusion
Q-learning,北京|餐饮|2024-12,北京,2024-12,餐饮,10,10,0.10448909305048523,0.024250103681298145,0.1584603190422058,DQN修正版 experimental run / revised DQN experimental run; not formal policy conclusion
Q-learning,吉林|流通|2024-12,吉林,2024-12,流通,3,3,0.030377267495431383,0.0007330921807740622,-0.020124588161706924,DQN修正版 experimental run / revised DQN experimental run; not formal policy conclusion
Q-learning,吉林|生产|2024-12,吉林,2024-12,生产,5,5,0.17307072821146302,0.1631762203883523,0.5056513547897339,DQN修正版 experimental run / revised DQN experimental run; not formal policy conclusion
Q-learning,吉林|餐饮|2024-12,吉林,2024-12,餐饮,0,0,0.005175531160932601,0.0012010602081971907,-0.0016290751518681645,DQN修正版 experimental run / revised DQN experimental run; not formal policy conclusion
Q-learning,四川|流通|2024-12,四川,2024-12,流通,3,3,0.032274926143170624,0.0011048667576848347,-0.01521910447627306,DQN修正版 experimental run / revised DQN experimental run; not formal policy conclusion
Q-learning,四川|生产|2024-12,四川,2024-12,生产,0,0,0.11728038902534953,0.021365872622093402,-0.036899011582136154,DQN修正版 experimental run / revised DQN experimental run; not formal policy conclusion
Q-learning,四川|餐饮|2024-12,四川,2024-12,餐饮,0,0,0.007194699965107578,0.0003124659616426015,-0.002264636568725109,DQN修正版 experimental run / revised DQN experimental run; not formal policy conclusion
Q-learning,天津|流通|2024-12,天津,2024-12,流通,1,1,0.008222937893553509,0.0008146210215938903,-0.021114671602845192,DQN修正版 experimental run / revised DQN experimental run; not formal policy conclusion
Q-learning,天津|餐饮|2024-12,天津,2024-12,餐饮,3,3,0.14283029464847014,0.11622715148009301,0.33348873257637024,DQN修正版 experimental run / revised DQN experimental run; not formal policy conclusion
Q-learning,宁夏|餐饮|2024-12,宁夏,2024-12,餐饮,1,1,0.037241596050965414,0.01206339330949228,0.01937159150838852,DQN修正版 experimental run / revised DQN experimental run; not formal policy conclusion
Q-learning,安徽|流通|2024-12,安徽,2024-12,流通,0,0,0.0014372412260737371,0.0,-0.0004523933457676321,DQN修正版 experimental run / revised DQN experimental run; not formal policy conclusion
Q-learning,安徽|生产|2024-12,安徽,2024-12,生产,3,3,0.014605495185719575,0.0020831830019014557,-0.05723312869668007,DQN修正版 experimental run / revised DQN experimental run; not formal policy conclusion
Q-learning,安徽|餐饮|2024-12,安徽,2024-12,餐饮,10,10,0.430450049750035,0.004551085898682563,0.904884397983551,DQN修正版 experimental run / revised DQN experimental run; not formal policy conclusion
Q-learning,山东|流通|2024-12,山东,2024-12,流通,0,0,8.665293372854566e-05,0.0,-2.7275318643660285e-05,DQN修正版 experimental run / revised DQN experimental run; not formal policy conclusion
Q-learning,山东|生产|2024-12,山东,2024-12,生产,3,3,0.08616034346194824,0.0021906042406863355,0.1158846914768219,DQN修正版 experimental run / revised DQN experimental run; not formal policy conclusion
Q-learning,山东|餐饮|2024-12,山东,2024-12,餐饮,10,10,0.42361333968591053,0.0009957894370811922,0.898535430431366,DQN修正版 experimental run / revised DQN experimental run; not formal policy conclusion
Q-learning,山西|流通|2024-12,山西,2024-12,流通,3,3,0.2290519754373838,0.0605587179015717,0.4704356789588928,DQN修正版 experimental run / revised DQN experimental run; not formal policy conclusion
Q-learning,山西|餐饮|2024-12,山西,2024-12,餐饮,10,10,0.3494442338503475,0.004204338655535403,0.8204051852226257,DQN修正版 experimental run / revised DQN experimental run; not formal policy conclusion
Q-learning,广东|流通|2024-12,广东,2024-12,流通,1,1,0.008696373406062927,0.0,-0.020923303440213203,DQN修正版 experimental run / revised DQN experimental run; not formal policy conclusion
Q-learning,广东|生产|2024-12,广东,2024-12,生产,10,10,0.4127697087178459,0.0,0.8890919089317322,DQN修正版 experimental run / revised DQN experimental run; not formal policy conclusion
Q-learning,广东|餐饮|2024-12,广东,2024-12,餐饮,5,5,0.05380492813137746,0.00028388759446280556,0.011647069826722145,DQN修正版 experimental run / revised DQN experimental run; not formal policy conclusion
Q-learning,广西|流通|2024-12,广西,2024-12,流通,5,5,0.10953337422607329,0.00046820702825021017,0.18446901440620422,DQN修正版 experimental run / revised DQN experimental run; not formal policy conclusion
Q-learning,广西|生产|2024-12,广西,2024-12,生产,10,10,0.45380962489856,4.40857319326956e-05,0.9201308488845825,DQN修正版 experimental run / revised DQN experimental run; not formal policy conclusion
Q-learning,广西|餐饮|2024-12,广西,2024-12,餐饮,0,0,0.01246028472747382,0.0013982833681126792,-0.003922042902559042,DQN修正版 experimental run / revised DQN experimental run; not formal policy conclusion
Q-learning,新疆|流通|2024-12,新疆,2024-12,流通,3,3,0.19435868635135106,0.08585691852043906,0.41946959495544434,DQN修正版 experimental run / revised DQN experimental run; not formal policy conclusion
Q-learning,新疆|生产|2024-12,新疆,2024-12,生产,3,3,0.22181863990232786,0.13745412871973006,0.5047666430473328,DQN修正版 experimental run / revised DQN experimental run; not formal policy conclusion
Q-learning,新疆|餐饮|2024-12,新疆,2024-12,餐饮,10,10,0.2762583372788418,0.0038417486227178598,0.6912600994110107,DQN修正版 experimental run / revised DQN experimental run; not formal policy conclusion
Q-learning,江苏|流通|2024-12,江苏,2024-12,流通,5,5,0.1050534439968589,0.00014741037372701917,0.1705363541841507,DQN修正版 experimental run / revised DQN experimental run; not formal policy conclusion
Q-learning,江苏|生产|2024-12,江苏,2024-12,生产,3,3,0.01954864096048229,0.0037457477363975794,-0.04392020404338837,DQN修正版 experimental run / revised DQN experimental run; not formal policy conclusion
Q-learning,江苏|餐饮|2024-12,江苏,2024-12,餐饮,3,3,0.02800356471861393,0.0009578962300023046,-0.025698022916913033,DQN修正版 experimental run / revised DQN experimental run; not formal policy conclusion
Q-learning,江西|流通|2024-12,江西,2024-12,流通,5,5,0.3541996634819361,0.0003729132056166235,0.7414879202842712,DQN修正版 experimental run / revised DQN experimental run; not formal policy conclusion
Q-learning,江西|生产|2024-12,江西,2024-12,生产,5,5,0.40671965491800527,0.01560440530944334,0.8125494718551636,DQN修正版 experimental run / revised DQN experimental run; not formal policy conclusion
Q-learning,江西|餐饮|2024-12,江西,2024-12,餐饮,3,3,0.038032827599290095,0.0026782777615319384,3.127218224108219e-05,DQN修正版 experimental run / revised DQN experimental run; not formal policy conclusion
Q-learning,河北|流通|2024-12,河北,2024-12,流通,1,1,0.010385843798614357,0.0,-0.018874505534768105,DQN修正版 experimental run / revised DQN experimental run; not formal policy conclusion
Q-learning,河北|生产|2024-12,河北,2024-12,生产,3,3,0.040198164972758535,0.0066172463203612135,0.008491731248795986,DQN修正版 experimental run / revised DQN experimental run; not formal policy conclusion
Q-learning,河北|餐饮|2024-12,河北,2024-12,餐饮,3,3,0.027101388583476257,0.0021228074727787974,-0.026937754824757576,DQN修正版 experimental run / revised DQN experimental run; not formal policy conclusion
Q-learning,河南|流通|2024-12,河南,2024-12,流通,10,10,0.46695865709269024,0.0,0.9281681180000305,DQN修正版 experimental run / revised DQN experimental run; not formal policy conclusion
Q-learning,河南|生产|2024-12,河南,2024-12,生产,3,3,0.03487163275490353,0.0060217587458162615,-0.004916775040328503,DQN修正版 experimental run / revised DQN experimental run; not formal policy conclusion
Q-learning,河南|餐饮|2024-12,河南,2024-12,餐饮,5,5,0.44493629103190313,0.0012573976687553124,0.8452430367469788,DQN修正版 experimental run / revised DQN experimental run; not formal policy conclusion
Q-learning,浙江|流通|2024-12,浙江,2024-12,流通,1,1,0.015357827807803605,0.0003609846748624994,-0.012674545869231224,DQN修正版 experimental run / revised DQN experimental run; not formal policy conclusion
Q-learning,浙江|生产|2024-12,浙江,2024-12,生产,1,1,0.09640614812700793,0.014641374814484366,0.09210049360990524,DQN修正版 experimental run / revised DQN experimental run; not formal policy conclusion
Q-learning,浙江|餐饮|2024-12,浙江,2024-12,餐饮,3,3,0.03448144741639568,0.0033051258129732494,-0.008075051009654999,DQN修正版 experimental run / revised DQN experimental run; not formal policy conclusion
Q-learning,湖北|流通|2024-12,湖北,2024-12,流通,0,0,0.004190123321295378,0.000116562590372224,-0.001318903872743249,DQN修正版 experimental run / revised DQN experimental run; not formal policy conclusion
Q-learning,湖北|生产|2024-12,湖北,2024-12,生产,1,1,0.08926361431966359,0.01501914402555132,0.08367858827114105,DQN修正版 experimental run / revised DQN experimental run; not formal policy conclusion
Q-learning,湖北|餐饮|2024-12,湖北,2024-12,餐饮,10,10,0.4692465587337782,0.003030678338775052,0.9300966262817383,DQN修正版 experimental run / revised DQN experimental run; not formal policy conclusion
Q-learning,湖南|流通|2024-12,湖南,2024-12,流通,0,0,0.010170005561661255,0.0007346594276131104,-0.003201151965186,DQN修正版 experimental run / revised DQN experimental run; not formal policy conclusion
Q-learning,湖南|生产|2024-12,湖南,2024-12,生产,1,1,0.036167784215148706,0.002490567321309899,0.013570877723395824,DQN修正版 experimental run / revised DQN experimental run; not formal policy conclusion
Q-learning,湖南|餐饮|2024-12,湖南,2024-12,餐饮,3,3,0.02651366662114724,0.007262590664381252,-0.024181118234992027,DQN修正版 experimental run / revised DQN experimental run; not formal policy conclusion
Q-learning,甘肃|餐饮|2024-12,甘肃,2024-12,餐饮,3,3,0.7183021789594243,0.39707264466446296,0.9619711637496948,DQN修正版 experimental run / revised DQN experimental run; not formal policy conclusion
Q-learning,福建|流通|2024-12,福建,2024-12,流通,1,1,0.011366449966354697,4.2340052460866046e-05,-0.01766536943614483,DQN修正版 experimental run / revised DQN experimental run; not formal policy conclusion
Q-learning,福建|生产|2024-12,福建,2024-12,生产,3,3,0.02860260173973514,0.003697151612663389,-0.022016549482941628,DQN修正版 experimental run / revised DQN experimental run; not formal policy conclusion
Q-learning,福建|餐饮|2024-12,福建,2024-12,餐饮,0,0,0.00810526628420118,0.0009095272434465667,-0.002551249461248517,DQN修正版 experimental run / revised DQN experimental run; not formal policy conclusion
Q-learning,西藏|流通|2024-12,西藏,2024-12,流通,1,1,0.54,1.0,0.798214316368103,DQN修正版 experimental run / revised DQN experimental run; not formal policy conclusion
Q-learning,西藏|餐饮|2024-12,西藏,2024-12,餐饮,5,5,0.09523700995931586,0.029688220830372303,0.17079290747642517,DQN修正版 experimental run / revised DQN experimental run; not formal policy conclusion
Q-learning,贵州|流通|2024-12,贵州,2024-12,流通,10,10,0.1092843261625635,0.007042983894916618,0.15314112603664398,DQN修正版 experimental run / revised DQN experimental run; not formal policy conclusion
Q-learning,贵州|生产|2024-12,贵州,2024-12,生产,1,1,0.09540550866279843,0.04414162192505441,0.10463020205497742,DQN修正版 experimental run / revised DQN experimental run; not formal policy conclusion
Q-learning,贵州|餐饮|2024-12,贵州,2024-12,餐饮,10,10,0.5087089027509426,0.009408425686630157,0.9502356648445129,DQN修正版 experimental run / revised DQN experimental run; not formal policy conclusion
Q-learning,辽宁|流通|2024-12,辽宁,2024-12,流通,5,5,0.09719299114143845,0.0001873033774805557,0.1465478241443634,DQN修正版 experimental run / revised DQN experimental run; not formal policy conclusion
Q-learning,辽宁|生产|2024-12,辽宁,2024-12,生产,3,3,0.029605574339291976,0.00530342771215567,-0.01827680878341198,DQN修正版 experimental run / revised DQN experimental run; not formal policy conclusion
Q-learning,辽宁|餐饮|2024-12,辽宁,2024-12,餐饮,0,0,0.00045032473615461746,8.853151691276415e-05,-0.0001417465100530535,DQN修正版 experimental run / revised DQN experimental run; not formal policy conclusion
Q-learning,重庆|流通|2024-12,重庆,2024-12,流通,3,3,0.11956890015984317,0.0016130250296456964,0.19448833167552948,DQN修正版 experimental run / revised DQN experimental run; not formal policy conclusion
Q-learning,重庆|生产|2024-12,重庆,2024-12,生产,1,1,0.057602140823581026,0.011351824864914973,0.043712418526411057,DQN修正版 experimental run / revised DQN experimental run; not formal policy conclusion
Q-learning,重庆|餐饮|2024-12,重庆,2024-12,餐饮,0,0,0.0009709276471239659,0.00013666111895235632,-0.0003056141431443393,DQN修正版 experimental run / revised DQN experimental run; not formal policy conclusion
Q-learning,陕西|流通|2024-12,陕西,2024-12,流通,1,1,0.057680913474459,0.004454950813120289,0.040571779012680054,DQN修正版 experimental run / revised DQN experimental run; not formal policy conclusion
Q-learning,陕西|生产|2024-12,陕西,2024-12,生产,1,1,0.2645465277583115,0.3441206653827274,0.42289507389068604,DQN修正版 experimental run / revised DQN experimental run; not formal policy conclusion
Q-learning,陕西|餐饮|2024-12,陕西,2024-12,餐饮,10,10,0.4090821589425242,0.007478839256727306,0.8881749510765076,DQN修正版 experimental run / revised DQN experimental run; not formal policy conclusion
Q-learning,青海|流通|2024-12,青海,2024-12,流通,5,5,0.3029525099611438,0.1651160765954503,0.7470371127128601,DQN修正版 experimental run / revised DQN experimental run; not formal policy conclusion
Q-learning,青海|餐饮|2024-12,青海,2024-12,餐饮,5,5,0.0479640620259713,0.017999897484847188,0.011950305663049221,DQN修正版 experimental run / revised DQN experimental run; not formal policy conclusion
Q-learning,黑龙江|流通|2024-12,黑龙江,2024-12,流通,5,5,0.037046436071967996,0.003964144310147643,-0.03702187165617943,DQN修正版 experimental run / revised DQN experimental run; not formal policy conclusion
Q-learning,黑龙江|生产|2024-12,黑龙江,2024-12,生产,3,3,0.06599180744129406,0.03047621569004495,0.09025394916534424,DQN修正版 experimental run / revised DQN experimental run; not formal policy conclusion
Q-learning,黑龙江|餐饮|2024-12,黑龙江,2024-12,餐饮,0,0,0.0,0.0,0.0,DQN修正版 experimental run / revised DQN experimental run; not formal policy conclusion
