文件路径,文件名,扩展名,文件大小,修改时间,SHA256 hash,所属一级目录,文件初步类型,是否原始数据,是否代码,是否配置,是否报告,是否表格,是否图表,是否参考资料,是否项目状态,是否疑似重复,是否疑似临时文件,建议处理方式
.agents/skills/README.md,README.md,.md,212,2026-04-24T18:45:44,cf7f334a3d0f0f2655c570d3332f69e5643b5e4949fcef83e75de2a65b7b2630,.agents,报告/文档,False,False,False,True,False,False,False,False,False,False,保留或索引
.agents/skills/artifact-organizer/SKILL.md,SKILL.md,.md,1105,2026-04-24T23:56:53,cbb681f05a099364183b1b0597d571999fbcb917018d3927b5294663465fbb57,.agents,报告/文档,False,False,False,True,False,False,False,False,True,False,hash重复，删除或保留canonical副本
.agents/skills/concentration-cleaning-auditor/SKILL.md,SKILL.md,.md,3137,2026-04-24T20:40:35,eae84015ddf2b793aba80b75f5a2ae4b82ce5443db09111cca8f3a67ee1857ef,.agents,报告/文档,False,False,False,True,False,False,False,False,True,False,hash重复，删除或保留canonical副本
.agents/skills/error-recovery-and-auto-repair/SKILL.md,SKILL.md,.md,4816,2026-04-24T20:40:55,3918a2e2ae7bcd9741297336dd505e6298e4c940e5ffd99f780e1b345bb90780,.agents,报告/文档,False,False,False,True,False,False,False,False,True,False,hash重复，删除或保留canonical副本
.agents/skills/goal-driven-research-orchestrator/SKILL.md,SKILL.md,.md,6684,2026-04-24T23:56:53,7e83dda2543dcb05db26faaf9befa2a7c17cd49f32a4703d445ef96f7850b4ab,.agents,报告/文档,False,False,False,True,False,False,False,False,True,False,hash重复，删除或保留canonical副本
.agents/skills/project-memory-updater/SKILL.md,SKILL.md,.md,1160,2026-04-24T18:45:44,5dc425b8922d858f90a4e07ad54411b577e65fc8952bc5444548a2b3eb4ebb98,.agents,报告/文档,False,False,False,True,False,False,False,False,True,False,hash重复，删除或保留canonical副本
.agents/skills/run-package-manager/SKILL.md,SKILL.md,.md,2071,2026-04-24T23:57:48,290a2e7ce896f7eab0e9a6b691800b3417cb0c8ee43feb39a8dc2347aa0141f4,.agents,报告/文档,False,False,False,True,False,False,False,False,True,False,hash重复，删除或保留canonical副本
.agents/skills/skill-scout-and-upgrader/SKILL.md,SKILL.md,.md,1440,2026-04-24T18:45:44,19c08cd1dd76d506d92c9e14dead5313bb255d1decf3b88ab8c6bf8aa4cb4c27,.agents,报告/文档,False,False,False,True,False,False,False,False,True,False,hash重复，删除或保留canonical副本
.agents/skills/skills_inventory.md,skills_inventory.md,.md,2386,2026-04-24T22:44:05,d5305d88afd3ccf32f20407c11d8d4b23594d40e4217c4d0aa575bd33c4053a1,.agents,报告/文档,False,False,False,True,False,False,False,False,True,False,hash重复，删除或保留canonical副本
.agents/skills/upstream-output-auditor/SKILL.md,SKILL.md,.md,3126,2026-04-24T20:40:35,902957a5027f5a08c925c70a96bac30190a23240dc6d9a1e39d0a946a53159a6,.agents,报告/文档,False,False,False,True,False,False,False,False,True,False,hash重复，删除或保留canonical副本
.agents/skills/whole-workspace-organizer/SKILL.md,SKILL.md,.md,2659,2026-04-24T23:56:53,a4ccccfd5d8a43211a48f573d4b0545740cee2b7cb1289d5f29c1a49f8afb1a0,.agents,报告/文档,False,False,False,True,False,False,False,False,True,False,hash重复，删除或保留canonical副本
.codex/config.toml,config.toml,.toml,527,2026-04-24T18:47:49,2840e75a9557afdbd63074cc7cb70232ef8de8a3fac2889bbb6de883f98ab8ad,.codex,配置/索引,False,False,True,False,False,False,False,False,False,False,保留或索引
AGENTS.md,AGENTS.md,.md,23337,2026-04-24T23:56:53,02f4751f8e9d83063ae225eeb573c98dd4b305d6de62b35746e181f285994a02,AGENTS.md,报告/文档,False,False,False,True,False,False,False,False,False,False,保留或索引
README.md,README.md,.md,217,2026-04-24T22:34:57,88871a5d380ea4cdf3c7661b531475f6bab7a8ff32cf6e3977d2cacaeaab7f05,README.md,报告/文档,False,False,False,True,False,False,False,False,False,False,保留或索引
START_HERE.md,START_HERE.md,.md,3313,2026-04-24T18:44:51,502efc9078f659c96782eb710208a05292e12df65bc0cddd160917eaa0084336,START_HERE.md,报告/文档,False,False,False,True,False,False,False,False,False,False,保留或索引
archive/legacy_outputs_after_run_package_restructure/20260424_MOE_EDI外部参数匹配与风险度量准备/README.md,README.md,.md,2096,2026-04-24T21:32:10,661e5af6a51120068afff3648277ee0cedfe9d930b53215e19998b4a0807441d,archive,报告/文档,False,False,False,True,False,False,False,False,True,False,hash重复，删除或保留canonical副本
archive/legacy_outputs_after_run_package_restructure/20260424_MOE_EDI外部参数匹配与风险度量准备/configs/peanut_bmdl_parameter_config.json,peanut_bmdl_parameter_config.json,.json,1866,2026-04-24T21:32:08,ded1cf6500ca3e88f188546f3518ed986d94690ac0351cd48bce11e353244897,archive,配置/索引,False,False,True,False,False,False,False,False,True,False,hash重复，删除或保留canonical副本
archive/legacy_outputs_after_run_package_restructure/20260424_MOE_EDI外部参数匹配与风险度量准备/data/peanut_belief_mdp_state_features_with_moe_edi.csv,peanut_belief_mdp_state_features_with_moe_edi.csv,.csv,3070125,2026-04-24T21:32:10,73fdfb65201f55928c2c71290a9f913119fb4aa7a90476bfc367e7ebcee66125,archive,表格,False,False,False,False,True,False,False,False,True,False,hash重复，删除或保留canonical副本
archive/legacy_outputs_after_run_package_restructure/20260424_MOE_EDI外部参数匹配与风险度量准备/data/peanut_edi_moe_risk_table.csv,peanut_edi_moe_risk_table.csv,.csv,276390,2026-04-24T21:32:08,726715a308ed9a0d61b7863da0b423251770dc1c4766b1d5363675059029767a,archive,表格,False,False,False,False,True,False,False,False,True,False,hash重复，删除或保留canonical副本
archive/legacy_outputs_after_run_package_restructure/20260424_MOE_EDI外部参数匹配与风险度量准备/figures/consumption_parameter_distribution.svg,consumption_parameter_distribution.svg,.svg,7211,2026-04-24T21:32:10,88d6f02666794d3c5f68b35b945b6c5049d8a42eac3da9dec2edb087801ff186,archive,图表,False,False,False,False,False,True,False,False,True,False,hash重复，删除或保留canonical副本
archive/legacy_outputs_after_run_package_restructure/20260424_MOE_EDI外部参数匹配与风险度量准备/figures/edi_distribution.svg,edi_distribution.svg,.svg,5745,2026-04-24T21:32:10,e3361cd9e957f005a0fdebb2aa0a31bb3346e753e8e5a1d9acf7487ea74ebd45,archive,图表,False,False,False,False,False,True,False,False,True,False,hash重复，删除或保留canonical副本
archive/legacy_outputs_after_run_package_restructure/20260424_MOE_EDI外部参数匹配与风险度量准备/figures/moe_distribution_log10.svg,moe_distribution_log10.svg,.svg,5821,2026-04-24T21:32:10,fcd8825ec4917a1d3ce648cda9738c23003f6ba07402580933d6fec362c616c0,archive,图表,False,False,False,False,False,True,False,False,True,False,hash重复，删除或保留canonical副本
archive/legacy_outputs_after_run_package_restructure/20260424_MOE_EDI外部参数匹配与风险度量准备/figures/moe_risk_level_distribution.svg,moe_risk_level_distribution.svg,.svg,1288,2026-04-24T21:32:10,6a905c92239db7a0fcf8a5bbe843aa6777d0e8e4339cb004721843467df100d9,archive,图表,False,False,False,False,False,True,False,False,True,False,hash重复，删除或保留canonical副本
archive/legacy_outputs_after_run_package_restructure/20260424_MOE_EDI外部参数匹配与风险度量准备/figures/population_matching_status.svg,population_matching_status.svg,.svg,996,2026-04-24T21:32:10,fffcfa44abc47083bdf2225e68045dd420ed24d5cad13241122f484c4c4134d5,archive,图表,False,False,False,False,False,True,False,False,True,False,hash重复，删除或保留canonical副本
archive/legacy_outputs_after_run_package_restructure/20260424_MOE_EDI外部参数匹配与风险度量准备/figures/province_moe_risk_ranking.svg,province_moe_risk_ranking.svg,.svg,6905,2026-04-24T21:32:10,ca241ce9d3b46ede903c0e6c043709b06031fc4a2ae3a66d4f55b15240142f43,archive,图表,False,False,False,False,False,True,False,False,True,False,hash重复，删除或保留canonical副本
archive/legacy_outputs_after_run_package_restructure/20260424_MOE_EDI外部参数匹配与风险度量准备/logs/peanut_moe_edi_error_log.md,peanut_moe_edi_error_log.md,.md,1094,2026-04-24T21:32:10,7caa279262e48093382cc70f28ab12169c2dc2a31172f040f6d33b0e7376dc1c,archive,报告/文档,False,False,False,True,False,False,False,False,True,False,hash重复，删除或保留canonical副本
archive/legacy_outputs_after_run_package_restructure/20260424_MOE_EDI外部参数匹配与风险度量准备/reports/peanut_moe_edi_external_parameter_matching_report.md,peanut_moe_edi_external_parameter_matching_report.md,.md,6919,2026-04-24T21:32:10,f9b9324be0c75b0c414e3d2c818a582056913aedb8b35724ab168947b94e760f,archive,报告/文档,False,False,False,True,False,False,False,False,True,False,hash重复，删除或保留canonical副本
archive/legacy_outputs_after_run_package_restructure/20260424_MOE_EDI外部参数匹配与风险度量准备/reports/peanut_pre_dqn_readiness_after_moe_edi.md,peanut_pre_dqn_readiness_after_moe_edi.md,.md,1981,2026-04-24T21:32:10,332b24b25f4bd3988c06bd2cd3a85c3da66607ade72595005afc0f85c6893f96,archive,报告/文档,False,False,False,True,False,False,False,False,True,False,hash重复，删除或保留canonical副本
archive/legacy_outputs_after_run_package_restructure/20260424_MOE_EDI外部参数匹配与风险度量准备/tables/peanut_bmdl_parameter_table.csv,peanut_bmdl_parameter_table.csv,.csv,657,2026-04-24T21:32:08,ec85435082e17706cc583d760b1da9ca76f6d8f647e25021079b64fda8eba670,archive,表格,False,False,False,False,True,False,False,False,True,False,hash重复，删除或保留canonical副本
archive/legacy_outputs_after_run_package_restructure/20260424_MOE_EDI外部参数匹配与风险度量准备/tables/peanut_consumption_parameter_table.csv,peanut_consumption_parameter_table.csv,.csv,51023,2026-04-24T21:32:08,ba6534032f5377dfc1fc8cba5ec9f32bad3ca69410d8a53c74d2471db70ee44b,archive,表格,False,False,False,False,True,False,False,False,True,False,hash重复，删除或保留canonical副本
archive/legacy_outputs_after_run_package_restructure/20260424_MOE_EDI外部参数匹配与风险度量准备/tables/peanut_edi_moe_risk_summary.csv,peanut_edi_moe_risk_summary.csv,.csv,40648,2026-04-24T21:32:08,f85671e95e12cc98d732c83733c69e9a375cd66dd7258445b1427e3a542a1da3,archive,表格,False,False,False,False,True,False,False,False,True,False,hash重复，删除或保留canonical副本
archive/legacy_outputs_after_run_package_restructure/20260424_MOE_EDI外部参数匹配与风险度量准备/tables/peanut_population_parameter_table.csv,peanut_population_parameter_table.csv,.csv,45484,2026-04-24T21:32:08,a8c41006d289f38c90659dd418a59ffef4021b69ac7f0defaf59a8ba6bf31806,archive,表格,False,False,False,False,True,False,False,False,True,False,hash重复，删除或保留canonical副本
archive/legacy_outputs_after_run_package_restructure/20260424_全工作目录整理与规范化/README.md,README.md,.md,1078,2026-04-24T22:44:05,b9987fed46c23f282af8a35581314d4a598ddf3b366943c96f0a58c66808fc4e,archive,报告/文档,False,False,False,True,False,False,False,False,True,False,hash重复，删除或保留canonical副本
archive/legacy_outputs_after_run_package_restructure/20260424_全工作目录整理与规范化/logs/organization_actions.csv,organization_actions.csv,.csv,15327,2026-04-24T22:44:05,473773d42f4799050871343b2b8e8e9fb85bd2ec96d2616cc8baf0d4e40ee83e,archive,表格,False,False,False,False,True,False,False,False,True,False,hash重复，删除或保留canonical副本
archive/legacy_outputs_after_run_package_restructure/20260424_全工作目录整理与规范化/logs/source_check_log.json,source_check_log.json,.json,2206,2026-04-24T22:44:05,298cbfd341d3e78766350a205e572994c184237cb3901b4146bafd25c743c05d,archive,配置/索引,False,False,True,False,False,False,False,False,True,False,hash重复，删除或保留canonical副本
archive/legacy_outputs_after_run_package_restructure/20260424_全工作目录整理与规范化/manifests/latest_outputs.yaml,latest_outputs.yaml,.yaml,1136,2026-04-24T22:44:05,600116dc0d528ed14a518ce6e87d3ba517165679bc67d76c41e6c020bf4f2b32,archive,配置/索引,False,False,True,False,False,False,False,False,True,False,hash重复，删除或保留canonical副本
archive/legacy_outputs_after_run_package_restructure/20260424_全工作目录整理与规范化/manifests/output_manifest.csv,output_manifest.csv,.csv,31205,2026-04-24T22:44:05,bf0f337322772b5311f677276e905f6255eaae91fb80e2a8d0b6725792ebf061,archive,表格,False,False,False,False,True,False,False,False,True,False,hash重复，删除或保留canonical副本
archive/legacy_outputs_after_run_package_restructure/20260424_全工作目录整理与规范化/manifests/workspace_structure.md,workspace_structure.md,.md,2974,2026-04-24T22:44:05,7ffcea4e5314da68ab3451d5ed310edf20fd63c2d3c453d4e7e0f7c0c9a2e2f8,archive,报告/文档,False,False,False,True,False,False,False,False,True,False,hash重复，删除或保留canonical副本
archive/legacy_outputs_after_run_package_restructure/20260424_全工作目录整理与规范化/reports/project_whole_workspace_organization_report.md,project_whole_workspace_organization_report.md,.md,8990,2026-04-24T22:44:05,b8b162cd65338d6deb9592608eb0f4ab883087ec89786d7e758d2f91b0cdb2e0,archive,报告/文档,False,False,False,True,False,False,False,False,True,False,hash重复，删除或保留canonical副本
archive/legacy_outputs_after_run_package_restructure/20260424_全工作目录整理与规范化/reports/skills_inventory.md,skills_inventory.md,.md,2386,2026-04-24T22:44:05,d5305d88afd3ccf32f20407c11d8d4b23594d40e4217c4d0aa575bd33c4053a1,archive,报告/文档,False,False,False,True,False,False,False,False,True,False,hash重复，删除或保留canonical副本
archive/legacy_outputs_after_run_package_restructure/20260424_全工作目录整理与规范化/reports/source_code_inventory.md,source_code_inventory.md,.md,2840,2026-04-24T22:44:05,0890d78b3ea66f311c43f1e43c0e1501e0b3a0cb02d935a8a854d0232ddc4d81,archive,报告/文档,False,False,False,True,False,False,False,False,True,False,hash重复，删除或保留canonical副本
archive/legacy_outputs_after_run_package_restructure/20260424_全工作目录整理与规范化/reports/workspace_inventory.md,workspace_inventory.md,.md,23666,2026-04-24T22:44:05,002570e5094ec049eaeb6d79f24db8dc2a3593315005f14aca894e45e3d58552,archive,报告/文档,False,False,False,True,False,False,False,False,True,False,hash重复，删除或保留canonical副本
archive/legacy_outputs_after_run_package_restructure/20260424_全工作目录整理与规范化/tables/archive_manifest.csv,archive_manifest.csv,.csv,8959,2026-04-24T22:44:05,3c23460fd9cd3806f46b3d60acdd6a6bc5ce5fbab681a705d796c02be924dabc,archive,表格,False,False,False,False,True,False,False,False,True,False,hash重复，删除或保留canonical副本
archive/legacy_outputs_after_run_package_restructure/20260424_全工作目录整理与规范化/tables/raw_data_inventory.csv,raw_data_inventory.csv,.csv,1383,2026-04-24T22:44:05,605cb53541d6302f7b38a3b9e7efb4d09faf1950220ab7492ac86eeed2203fff,archive,表格,False,False,False,False,True,False,False,False,True,False,hash重复，删除或保留canonical副本
archive/legacy_outputs_after_run_package_restructure/20260424_全工作目录整理与规范化/tables/reference_inventory.csv,reference_inventory.csv,.csv,3207,2026-04-24T22:44:05,a92b2cbe21ecfff86714f4b693037dcf0158674108f7ed85a545dbbacc0129e9,archive,表格,False,False,False,False,True,False,False,False,True,False,hash重复，删除或保留canonical副本
archive/legacy_outputs_after_run_package_restructure/20260424_全工作目录整理与规范化/tables/skills_inventory.csv,skills_inventory.csv,.csv,7599,2026-04-24T22:44:05,a4968c9b834d7b846a562f5a6aea355612f7f26ce074952b1fccb22a8e8af53a,archive,表格,False,False,False,False,True,False,False,False,True,False,hash重复，删除或保留canonical副本
archive/legacy_outputs_after_run_package_restructure/20260424_全工作目录整理与规范化/tables/workspace_inventory.csv,workspace_inventory.csv,.csv,59209,2026-04-24T22:44:05,1240f84abcb4d887488d288c7266a48327bd1926ba2ade2ce85bba53e310b1c1,archive,表格,False,False,False,False,True,False,False,False,True,False,hash重复，删除或保留canonical副本
archive/superseded_run_packages/20260424_2356_工作流任务包机制重构/00_输入说明/inputs.md,inputs.md,.md,84,2026-04-24T23:56:55,d1552cd4aefa75b00e6a47bf2b22a5dba538636e76bc65d85c74878c06c715a4,archive,报告/文档,False,False,False,True,False,False,False,False,True,False,hash重复，删除或保留canonical副本
archive/superseded_run_packages/20260424_2356_工作流任务包机制重构/02_表格输出/deleted_duplicates_log.csv,deleted_duplicates_log.csv,.csv,2111,2026-04-24T23:56:55,da452ba1bc9636a36ec2947c5bc5d2c1f4d2eca07af0ea2ddf668e9a86802551,archive,表格,False,False,False,False,True,False,False,False,False,False,保留或索引
archive/superseded_run_packages/20260424_2356_工作流任务包机制重构/02_表格输出/reorganized_files_log.csv,reorganized_files_log.csv,.csv,21941,2026-04-24T23:56:55,45853049cc5ad9826fe84f90c22003d33cc848dd312028725a86cf5140bd5687,archive,表格,False,False,False,False,True,False,False,False,False,False,保留或索引
archive/superseded_run_packages/20260424_2356_工作流任务包机制重构/02_表格输出/unclassified_unique_files_log.csv,unclassified_unique_files_log.csv,.csv,53,2026-04-24T23:56:55,37ccc5446339d51b56d4fc174bd5c12b20d0a534c6ad2251952830995b2947ce,archive,表格,False,False,False,False,True,False,False,False,True,False,hash重复，删除或保留canonical副本
archive/superseded_run_packages/20260424_2356_工作流任务包机制重构/04_报告输出/workflow_run_package_restructure_report.md,workflow_run_package_restructure_report.md,.md,4199,2026-04-24T23:56:55,fbf2f650ceea723630dfa3d87b6e422e1dee447752d4d9fb0ce03b47cd31633e,archive,报告/文档,False,False,False,True,False,False,False,False,False,False,保留或索引
archive/superseded_run_packages/20260424_2356_工作流任务包机制重构/06_配置参数/run_package_policy_snapshot.md,run_package_policy_snapshot.md,.md,1308,2026-04-24T23:56:53,03107795e61e554dac46b4148ebfe4cc92d1d5d4573a2139534e88f87a572c78,archive,报告/文档,False,False,False,True,False,False,False,False,True,False,hash重复，删除或保留canonical副本
archive/superseded_run_packages/20260424_2356_工作流任务包机制重构/07_日志与错误/cli_stub_check_log.json,cli_stub_check_log.json,.json,1550,2026-04-24T23:56:55,098432e7a788c3bf5870f7100643281ff66270b554d511ab0bfd5f2317d17edc,archive,配置/索引,False,False,True,False,False,False,False,False,False,False,保留或索引
archive/superseded_run_packages/20260424_2356_工作流任务包机制重构/08_代码快照/organize_workspace.py,organize_workspace.py,.py,43477,2026-04-24T22:44:00,dc7137f94184ff9bc98815324f5a52efec6c404bb044a169c806cebd9273fe29,archive,代码,False,True,False,False,False,False,False,False,True,False,hash重复，删除或保留canonical副本
archive/superseded_run_packages/20260424_2356_工作流任务包机制重构/08_代码快照/run_package_restructure.py,run_package_restructure.py,.py,40204,2026-04-24T23:56:45,8f6215edc17c935a48594dc5ea4a8690ec0b3bd584a8590f1584fbb7cbc5a3e2,archive,代码,False,True,False,False,False,False,False,False,False,False,保留或索引
archive/superseded_run_packages/20260424_2356_工作流任务包机制重构/README.md,README.md,.md,618,2026-04-24T23:56:55,eda62547b903245dfaf41b6a8a21cb8f43e2651f81a7a4c2ef2b549db6cddc0a,archive,报告/文档,False,False,False,True,False,False,False,False,False,False,保留或索引
archive/superseded_run_packages/20260424_2356_工作流任务包机制重构/manifest.csv,manifest.csv,.csv,1733,2026-04-24T23:56:55,0387d5ee4c2e7c38ce7e341413fd77e663ac84517173abca714c317125d7680f,archive,表格,False,False,False,False,True,False,False,False,False,False,保留或索引
data/01_raw/Concentration_and_Consumption pEANUT.xlsx,Concentration_and_Consumption pEANUT.xlsx,.xlsx,25842,2025-11-01T21:34:38,247102e7a61022b52cb207347be6161248cbdb48dface9b48197b185f6166ad7,data,表格,True,False,False,False,True,False,False,False,False,False,保留原始数据
data/01_raw/FINAL_SiChuan_2023_ALL_DATA.xlsx,FINAL_SiChuan_2023_ALL_DATA.xlsx,.xlsx,17081452,2026-04-10T12:27:50,6dd62efaca7d05bb0a8b111a6b2048990132d91620094144036930b7afe78e99,data,表格,True,False,False,False,True,False,False,False,True,False,保留原始数据
data/01_raw/PEANUT2023-20241.xlsx,PEANUT2023-20241.xlsx,.xlsx,9820417,2025-10-31T13:59:34,3d3418945d27b56dcf14fde5ee3f563628ea701122ed756bc0fc39fccf1251de,data,表格,True,False,False,False,True,False,False,False,False,False,保留原始数据
data/01_raw/PEANUTwithProb0627.xlsx,PEANUTwithProb0627.xlsx,.xlsx,19662864,2025-08-07T10:00:06,f932d120eacbb5b63cb66bd8610b5470353149455a04613e43f0f367a0af1910,data,表格,True,False,False,False,True,False,False,False,False,False,保留原始数据
data/01_raw/README.md,README.md,.md,177,2026-04-24T22:34:57,e2da3357b6dacd4afcdbc9d93c2893fbc6d13baa963b94d3429bf3ce963c59ca,data,报告/文档,True,False,False,True,False,False,False,False,False,False,保留原始数据
data/01_raw/population_long_clean.xlsx,population_long_clean.xlsx,.xlsx,14692,2025-11-23T19:18:38,10fcbed2d4b4e153ed7baef8c8bbef6eab5e87e0bb43a296670f79f38853abd5,data,表格,True,False,False,False,True,False,False,False,False,False,保留原始数据
data/01_raw/raw_data_inventory.csv,raw_data_inventory.csv,.csv,1383,2026-04-24T22:44:05,605cb53541d6302f7b38a3b9e7efb4d09faf1950220ab7492ac86eeed2203fff,data,表格,True,False,False,False,True,False,False,False,True,False,保留原始数据
data/02_intermediate/README.md,README.md,.md,102,2026-04-24T22:34:57,5272db2741718689050da1a88e458e359da158c4d26b90b33bc466845ab55676,data,报告/文档,False,False,False,True,False,False,False,False,False,False,保留或索引
data/03_primary/FINAL_SiChuan_2023_ALL_DATA__category_cleaned.csv,FINAL_SiChuan_2023_ALL_DATA__category_cleaned.csv,.csv,64930121,2026-04-14T18:09:12,932d9e6d5d684db2f73b2ada0ba997b0c513ac9566acd13667d65f699570be9e,data,表格,False,False,False,False,True,False,False,False,False,False,保留或索引
data/03_primary/README.md,README.md,.md,133,2026-04-24T22:34:57,7f6fbb6926210bd2f032a33f536862ef1b9b77513263cc72ee756fefcd23a995,data,报告/文档,False,False,False,True,False,False,False,False,False,False,保留或索引
data/03_primary/latest/peanut_cleaned_analysis_ready.csv,peanut_cleaned_analysis_ready.csv,.csv,75534597,2026-04-24T20:47:48,0808d10219c50d03cc3aff75d48ae123460a8ec5ed325eba58a9a9f89cfb4e19,data,表格,False,False,False,False,True,False,False,False,True,False,hash重复，删除或保留canonical副本
data/03_primary/latest/peanut_cleaned_analysis_ready.xlsx,peanut_cleaned_analysis_ready.xlsx,.xlsx,36921027,2026-04-24T20:48:43,b0bf88850db0a09fb057671d037854480902ca01eb07af33f9979c356a6931ea,data,表格,False,False,False,False,True,False,False,False,True,False,hash重复，删除或保留canonical副本
data/03_primary/peanut_cleaned_analysis_ready.csv,peanut_cleaned_analysis_ready.csv,.csv,75534597,2026-04-24T20:47:48,0808d10219c50d03cc3aff75d48ae123460a8ec5ed325eba58a9a9f89cfb4e19,data,表格,False,False,False,False,True,False,False,False,True,False,hash重复，删除或保留canonical副本
data/03_primary/peanut_cleaned_analysis_ready.xlsx,peanut_cleaned_analysis_ready.xlsx,.xlsx,36921027,2026-04-24T20:48:43,b0bf88850db0a09fb057671d037854480902ca01eb07af33f9979c356a6931ea,data,表格,False,False,False,False,True,False,False,False,True,False,hash重复，删除或保留canonical副本
data/04_feature/README.md,README.md,.md,190,2026-04-24T22:34:57,9a95bcf4398a8cb4a6c8859bc8f969d713ba730173408752e705fc9f98b85c85,data,报告/文档,False,False,False,True,False,False,False,False,False,False,保留或索引
data/04_feature/archive/peanut_belief_mdp_state_features.xlsx,peanut_belief_mdp_state_features.xlsx,.xlsx,993978,2026-04-24T20:48:45,3243d9f1a2828d28b895743949f42657ebd67815c7a6dad181a85a97dc73d0d8,data,表格,False,False,False,False,True,False,False,False,False,False,保留或索引
data/04_feature/archive/peanut_count_panel.xlsx,peanut_count_panel.xlsx,.xlsx,93872,2026-04-24T20:48:43,7d50aba28a67aea5265dd23837575c2699daa1bcf62f5e35f680059b25b255e4,data,表格,False,False,False,False,True,False,False,False,False,False,保留或索引
data/04_feature/latest/peanut_belief_mdp_state_features.csv,peanut_belief_mdp_state_features.csv,.csv,2366094,2026-04-24T20:48:44,a53c2d0eb9a0477cad564673fa77f8c301052338a847a73885fb36263ad5bbc1,data,表格,False,False,False,False,True,False,False,False,True,False,hash重复，删除或保留canonical副本
data/04_feature/latest/peanut_belief_mdp_state_features_with_moe_edi.csv,peanut_belief_mdp_state_features_with_moe_edi.csv,.csv,3070125,2026-04-24T21:32:10,73fdfb65201f55928c2c71290a9f913119fb4aa7a90476bfc367e7ebcee66125,data,表格,False,False,False,False,True,False,False,False,True,False,hash重复，删除或保留canonical副本
data/04_feature/latest/peanut_beta_binomial_belief_states.csv,peanut_beta_binomial_belief_states.csv,.csv,2366094,2026-04-24T20:48:43,a53c2d0eb9a0477cad564673fa77f8c301052338a847a73885fb36263ad5bbc1,data,表格,False,False,False,False,True,False,False,False,True,False,hash重复，删除或保留canonical副本
data/04_feature/latest/peanut_bmdl_parameter_config.json,peanut_bmdl_parameter_config.json,.json,1866,2026-04-24T21:32:08,ded1cf6500ca3e88f188546f3518ed986d94690ac0351cd48bce11e353244897,data,配置/索引,False,False,True,False,False,False,False,False,True,False,hash重复，删除或保留canonical副本
data/04_feature/latest/peanut_bmdl_parameter_table.csv,peanut_bmdl_parameter_table.csv,.csv,657,2026-04-24T21:32:08,ec85435082e17706cc583d760b1da9ca76f6d8f647e25021079b64fda8eba670,data,表格,False,False,False,False,True,False,False,False,True,False,hash重复，删除或保留canonical副本
data/04_feature/latest/peanut_concentration_clean_table.csv,peanut_concentration_clean_table.csv,.csv,640824,2026-04-24T20:48:43,65fc55e0eb83f3c3800424ec9577d17654db9fdb0bf1ff37728066925aa896ee,data,表格,False,False,False,False,True,False,False,False,True,False,hash重复，删除或保留canonical副本
data/04_feature/latest/peanut_concentration_distribution_summary.csv,peanut_concentration_distribution_summary.csv,.csv,24831,2026-04-24T20:48:43,269eb47bed65c25dc8579b2004d512a3264bfa12a14132bb7efc98ff0e08c528,data,表格,False,False,False,False,True,False,False,False,True,False,hash重复，删除或保留canonical副本
data/04_feature/latest/peanut_consumption_parameter_table.csv,peanut_consumption_parameter_table.csv,.csv,51023,2026-04-24T21:32:08,ba6534032f5377dfc1fc8cba5ec9f32bad3ca69410d8a53c74d2471db70ee44b,data,表格,False,False,False,False,True,False,False,False,True,False,hash重复，删除或保留canonical副本
data/04_feature/latest/peanut_count_panel.csv,peanut_count_panel.csv,.csv,113789,2026-04-24T20:48:43,79162c683d43da20720fad1faba07c357f24cf8eeca66b5ca2ef4c8744d9e151,data,表格,False,False,False,False,True,False,False,False,True,False,hash重复，删除或保留canonical副本
data/04_feature/latest/peanut_edi_moe_risk_summary.csv,peanut_edi_moe_risk_summary.csv,.csv,40648,2026-04-24T21:32:08,f85671e95e12cc98d732c83733c69e9a375cd66dd7258445b1427e3a542a1da3,data,表格,False,False,False,False,True,False,False,False,True,False,hash重复，删除或保留canonical副本
data/04_feature/latest/peanut_edi_moe_risk_table.csv,peanut_edi_moe_risk_table.csv,.csv,276390,2026-04-24T21:32:08,726715a308ed9a0d61b7863da0b423251770dc1c4766b1d5363675059029767a,data,表格,False,False,False,False,True,False,False,False,True,False,hash重复，删除或保留canonical副本
data/04_feature/latest/peanut_population_parameter_table.csv,peanut_population_parameter_table.csv,.csv,45484,2026-04-24T21:32:08,a8c41006d289f38c90659dd418a59ffef4021b69ac7f0defaf59a8ba6bf31806,data,表格,False,False,False,False,True,False,False,False,True,False,hash重复，删除或保留canonical副本
data/04_feature/peanut_belief_mdp_state_features.csv,peanut_belief_mdp_state_features.csv,.csv,2366094,2026-04-24T20:48:44,a53c2d0eb9a0477cad564673fa77f8c301052338a847a73885fb36263ad5bbc1,data,表格,False,False,False,False,True,False,False,False,True,False,hash重复，删除或保留canonical副本
data/04_feature/peanut_belief_mdp_state_features_with_moe_edi.csv,peanut_belief_mdp_state_features_with_moe_edi.csv,.csv,3070125,2026-04-24T21:32:10,73fdfb65201f55928c2c71290a9f913119fb4aa7a90476bfc367e7ebcee66125,data,表格,False,False,False,False,True,False,False,False,True,False,hash重复，删除或保留canonical副本
data/04_feature/peanut_beta_binomial_belief_states.csv,peanut_beta_binomial_belief_states.csv,.csv,2366094,2026-04-24T20:48:43,a53c2d0eb9a0477cad564673fa77f8c301052338a847a73885fb36263ad5bbc1,data,表格,False,False,False,False,True,False,False,False,True,False,hash重复，删除或保留canonical副本
data/04_feature/peanut_beta_binomial_config.json,peanut_beta_binomial_config.json,.json,840,2026-04-24T20:48:45,5649443137b7b0d0f68c4ff5f194ec14b04fe16fdc6bfbba0201a00ca97b9935,data,配置/索引,False,False,True,False,False,False,False,False,True,False,hash重复，删除或保留canonical副本
data/04_feature/peanut_bmdl_parameter_config.json,peanut_bmdl_parameter_config.json,.json,1866,2026-04-24T21:32:08,ded1cf6500ca3e88f188546f3518ed986d94690ac0351cd48bce11e353244897,data,配置/索引,False,False,True,False,False,False,False,False,True,False,hash重复，删除或保留canonical副本
data/04_feature/peanut_bmdl_parameter_table.csv,peanut_bmdl_parameter_table.csv,.csv,657,2026-04-24T21:32:08,ec85435082e17706cc583d760b1da9ca76f6d8f647e25021079b64fda8eba670,data,表格,False,False,False,False,True,False,False,False,True,False,hash重复，删除或保留canonical副本
data/04_feature/peanut_concentration_clean_table.csv,peanut_concentration_clean_table.csv,.csv,640824,2026-04-24T20:48:43,65fc55e0eb83f3c3800424ec9577d17654db9fdb0bf1ff37728066925aa896ee,data,表格,False,False,False,False,True,False,False,False,True,False,hash重复，删除或保留canonical副本
data/04_feature/peanut_concentration_distribution_summary.csv,peanut_concentration_distribution_summary.csv,.csv,24831,2026-04-24T20:48:43,269eb47bed65c25dc8579b2004d512a3264bfa12a14132bb7efc98ff0e08c528,data,表格,False,False,False,False,True,False,False,False,True,False,hash重复，删除或保留canonical副本
data/04_feature/peanut_consumption_parameter_table.csv,peanut_consumption_parameter_table.csv,.csv,51023,2026-04-24T21:32:08,ba6534032f5377dfc1fc8cba5ec9f32bad3ca69410d8a53c74d2471db70ee44b,data,表格,False,False,False,False,True,False,False,False,True,False,hash重复，删除或保留canonical副本
data/04_feature/peanut_count_panel.csv,peanut_count_panel.csv,.csv,113789,2026-04-24T20:48:43,79162c683d43da20720fad1faba07c357f24cf8eeca66b5ca2ef4c8744d9e151,data,表格,False,False,False,False,True,False,False,False,True,False,hash重复，删除或保留canonical副本
data/04_feature/peanut_edi_moe_risk_summary.csv,peanut_edi_moe_risk_summary.csv,.csv,40648,2026-04-24T21:32:08,f85671e95e12cc98d732c83733c69e9a375cd66dd7258445b1427e3a542a1da3,data,表格,False,False,False,False,True,False,False,False,True,False,hash重复，删除或保留canonical副本
data/04_feature/peanut_edi_moe_risk_table.csv,peanut_edi_moe_risk_table.csv,.csv,276390,2026-04-24T21:32:08,726715a308ed9a0d61b7863da0b423251770dc1c4766b1d5363675059029767a,data,表格,False,False,False,False,True,False,False,False,True,False,hash重复，删除或保留canonical副本
data/04_feature/peanut_population_parameter_table.csv,peanut_population_parameter_table.csv,.csv,45484,2026-04-24T21:32:08,a8c41006d289f38c90659dd418a59ffef4021b69ac7f0defaf59a8ba6bf31806,data,表格,False,False,False,False,True,False,False,False,True,False,hash重复，删除或保留canonical副本
data/05_model_input/README.md,README.md,.md,93,2026-04-24T22:34:57,553cbd1e995871aca1ac02b83a4035967750c82046c45b126ce110455d2a99d9,data,报告/文档,False,False,False,True,False,False,False,False,False,False,保留或索引
data/99_archive/FINAL_SiChuan_2023_ALL_DATA.xlsx,FINAL_SiChuan_2023_ALL_DATA.xlsx,.xlsx,17081452,2026-04-10T12:27:50,6dd62efaca7d05bb0a8b111a6b2048990132d91620094144036930b7afe78e99,data,表格,False,False,False,False,True,False,False,False,True,False,hash重复，删除或保留canonical副本
data/99_archive/MERGED_2023-01-01_to_2023-12-31__hege2__kwNONE__provinces1.xlsx,MERGED_2023-01-01_to_2023-12-31__hege2__kwNONE__provinces1.xlsx,.xlsx,901805,2026-04-09T23:57:02,ebf807e48858d2b68a055026e8b04ebff0b7c8b1703b4b798ee81fa0c6975f9e,data,表格,False,False,False,False,True,False,False,False,False,False,保留或索引
data/README.md,README.md,.md,402,2026-04-24T22:44:05,424dcec1800a8d5c03598a83cb3bca91df796723b94c5682800d72d9cfbad906,data,报告/文档,False,False,False,True,False,False,False,False,False,False,保留或索引
experiments/README.md,README.md,.md,194,2026-04-24T22:44:05,3d3e56f4bbe6f8c89fc8a19bdf80bfce153fdb2e5e044ba35b9c6bcaa06e77c6,experiments,报告/文档,False,False,False,True,False,False,False,False,False,False,保留或索引
experiments/optimization/README.md,README.md,.md,123,2026-04-24T22:44:05,a6729879430a4c037f1f0dffa55a680c0a9745f231f39e47ae429a0d70bb6962,experiments,报告/文档,False,False,False,True,False,False,False,False,False,False,保留或索引
outputs/README.md,README.md,.md,284,2026-04-24T23:57:48,e2c75118f48c2f4bc1a8a7de0da6953c5cea77e6eafeea4c8d45f5223700e2ca,outputs,报告/文档,False,False,False,True,False,False,False,False,False,False,迁移旧输出到任务工作包或archive
outputs/_index/README.md,README.md,.md,106,2026-04-24T22:34:57,0f16663b8b72b81b50c917ec6513f71370981636f05fd3ba4b766d5bbe7c9a06,outputs,报告/文档,False,False,False,True,False,False,False,False,False,False,保留或索引
outputs/_index/deleted_duplicates_log.csv,deleted_duplicates_log.csv,.csv,42,2026-04-24T23:59:56,c02ef086f1f3b9b157f9ee6834735bdd81aac0621c9a9a61e1a443c5c289af4b,outputs,表格,False,False,False,False,True,False,False,False,True,False,hash重复，删除或保留canonical副本
outputs/_index/latest_canonical_outputs.yaml,latest_canonical_outputs.yaml,.yaml,1200,2026-04-24T23:57:49,eb662665ec0a698dee314e53e05cf9cc7da4065ca85be2ba8581236c8e3548c2,outputs,配置/索引,False,False,True,False,False,False,False,False,True,False,hash重复，删除或保留canonical副本
outputs/_index/latest_outputs.yaml,latest_outputs.yaml,.yaml,1200,2026-04-24T23:57:49,eb662665ec0a698dee314e53e05cf9cc7da4065ca85be2ba8581236c8e3548c2,outputs,配置/索引,False,False,True,False,False,False,False,False,True,False,hash重复，删除或保留canonical副本
outputs/_index/output_index.md,output_index.md,.md,999,2026-04-24T23:57:49,2095433778a4ca7215364f527c806e63b1e1bb564ddfdc139950c1dcd58d78e7,outputs,报告/文档,False,False,False,True,False,False,False,False,True,False,hash重复，删除或保留canonical副本
outputs/_index/output_manifest.csv,output_manifest.csv,.csv,31205,2026-04-24T22:44:05,bf0f337322772b5311f677276e905f6255eaae91fb80e2a8d0b6725792ebf061,outputs,表格,False,False,False,False,True,False,False,False,True,False,hash重复，删除或保留canonical副本
outputs/_index/run_index.md,run_index.md,.md,999,2026-04-24T23:57:49,2095433778a4ca7215364f527c806e63b1e1bb564ddfdc139950c1dcd58d78e7,outputs,报告/文档,False,False,False,True,False,False,False,False,True,False,hash重复，删除或保留canonical副本
outputs/_index/run_manifest.csv,run_manifest.csv,.csv,7227,2026-04-24T23:57:49,072e3c9c65532e9e6009a688e8dc343d882dfb7696611f5bc9d4aa27a360b7bb,outputs,表格,False,False,False,False,True,False,False,False,False,False,保留或索引
outputs/_index/workspace_map.md,workspace_map.md,.md,781,2026-04-24T23:57:49,9e1a64b122ce6404c0f26f847ca46a05fd612c07989d18c70688a0d66dd40e99,outputs,报告/文档,False,False,False,True,False,False,False,False,True,False,hash重复，删除或保留canonical副本
outputs/_index/workspace_structure.md,workspace_structure.md,.md,2974,2026-04-24T22:44:05,7ffcea4e5314da68ab3451d5ed310edf20fd63c2d3c453d4e7e0f7c0c9a2e2f8,outputs,报告/文档,False,False,False,True,False,False,False,False,True,False,hash重复，删除或保留canonical副本
outputs/archive/README.md,README.md,.md,131,2026-04-24T22:44:05,c31d77dea9dfe2032b5cf3d08ef678c144582aae51b2c8c335a2f81f2ad106b7,outputs,报告/文档,False,False,False,True,False,False,False,False,False,False,迁移旧输出到任务工作包或archive
outputs/工作包/20260424_1908_PEANUT数据清洗与风险底座/00_输入说明/inputs.md,inputs.md,.md,125,2026-04-24T23:57:49,505bd4ea6ec6b5eacf26a2bd334f9821e02270fe677fed58d3a5857cabb49bdd,outputs,报告/文档,False,False,False,True,False,False,False,False,False,False,保留或索引
outputs/工作包/20260424_1908_PEANUT数据清洗与风险底座/01_数据输出/peanut_cleaned_analysis_ready.csv,peanut_cleaned_analysis_ready.csv,.csv,75534597,2026-04-24T20:47:48,0808d10219c50d03cc3aff75d48ae123460a8ec5ed325eba58a9a9f89cfb4e19,outputs,表格,False,False,False,False,True,False,False,False,True,False,hash重复，删除或保留canonical副本
outputs/工作包/20260424_1908_PEANUT数据清洗与风险底座/01_数据输出/peanut_cleaned_analysis_ready.xlsx,peanut_cleaned_analysis_ready.xlsx,.xlsx,36921027,2026-04-24T20:48:43,b0bf88850db0a09fb057671d037854480902ca01eb07af33f9979c356a6931ea,outputs,表格,False,False,False,False,True,False,False,False,True,False,hash重复，删除或保留canonical副本
outputs/工作包/20260424_1908_PEANUT数据清洗与风险底座/04_报告输出/README.md,README.md,.md,122,2026-04-24T22:44:05,240091bd38cdac2f5ef5ff1dc1924959b95dae87428b2190a75ec1324916c039,outputs,报告/文档,False,False,False,True,False,False,False,False,True,False,hash重复，删除或保留canonical副本
outputs/工作包/20260424_1908_PEANUT数据清洗与风险底座/04_报告输出/peanut_afb1_concentration_distribution.svg,peanut_afb1_concentration_distribution.svg,.svg,10946,2026-04-24T19:08:40,e292873db62ab45d74291e2d2b912f34db0ebf8636e3e84c8e1984069ae99806,outputs,图表,False,False,False,False,False,True,False,False,True,False,hash重复，删除或保留canonical副本
outputs/工作包/20260424_1908_PEANUT数据清洗与风险底座/04_报告输出/peanut_afb1_record_distribution.svg,peanut_afb1_record_distribution.svg,.svg,1993,2026-04-24T19:08:40,95d7470b872367f34496f5db9b934d90225cfbe5eb6ce5cea133ec4faa28a95d,outputs,图表,False,False,False,False,False,True,False,False,True,False,hash重复，删除或保留canonical副本
outputs/工作包/20260424_1908_PEANUT数据清洗与风险底座/04_报告输出/peanut_category_risk_ranking.svg,peanut_category_risk_ranking.svg,.svg,6617,2026-04-24T19:08:40,9b0bb8b9b2d534b0ba044173ee78cdcafc2546bbe81f0e92f8e845904eb9cc44,outputs,图表,False,False,False,False,False,True,False,False,True,False,hash重复，删除或保留canonical副本
outputs/工作包/20260424_1908_PEANUT数据清洗与风险底座/04_报告输出/peanut_cleaning_report.md,peanut_cleaning_report.md,.md,987,2026-04-24T20:48:45,7f832f199ee23296b51a9efe02a93096e8426a77e7b113a01db9a0e11d0f8c10,outputs,报告/文档,False,False,False,True,False,False,False,False,True,False,hash重复，删除或保留canonical副本
outputs/工作包/20260424_1908_PEANUT数据清洗与风险底座/04_报告输出/peanut_data_quality_issues.svg,peanut_data_quality_issues.svg,.svg,2922,2026-04-24T19:08:40,82d70f1a017777212c7e3b1eaaeb0d5779487a3d2f4edb827aff4896033a6d17,outputs,图表,False,False,False,False,False,True,False,False,True,False,hash重复，删除或保留canonical副本
outputs/工作包/20260424_1908_PEANUT数据清洗与风险底座/04_报告输出/peanut_data_quality_summary.csv,peanut_data_quality_summary.csv,.csv,401,2026-04-24T20:48:43,262a4e91a9c919f4f1916cb4126a60f2b5a5f2b4a760a5b97c439dd53a3aabde,outputs,表格,False,False,False,False,True,False,False,False,True,False,hash重复，删除或保留canonical副本
outputs/工作包/20260424_1908_PEANUT数据清洗与风险底座/04_报告输出/peanut_full_workflow_summary.md,peanut_full_workflow_summary.md,.md,18437,2026-04-24T19:08:40,97811b85b3bc128aa7c23ced436667af41283c32e3f9de215cc01c0155edffdb,outputs,报告/文档,False,False,False,True,False,False,False,False,True,False,hash重复，删除或保留canonical副本
outputs/工作包/20260424_1908_PEANUT数据清洗与风险底座/04_报告输出/peanut_label_dictionary.csv,peanut_label_dictionary.csv,.csv,475,2026-04-24T19:08:39,add84d52c5fc08adcd9380fd47d5e4fcd31d48d7acff063613a78ca06d674be4,outputs,表格,False,False,False,False,True,False,False,False,True,False,hash重复，删除或保留canonical副本
outputs/工作包/20260424_1908_PEANUT数据清洗与风险底座/04_报告输出/peanut_region_risk_ranking.svg,peanut_region_risk_ranking.svg,.svg,6933,2026-04-24T19:08:40,b60a5115a433383e51b8d4e1a12115eb64f78ab65249215914810487435f01c7,outputs,图表,False,False,False,False,False,True,False,False,True,False,hash重复，删除或保留canonical副本
outputs/工作包/20260424_1908_PEANUT数据清洗与风险底座/04_报告输出/peanut_risk_summary_by_category.csv,peanut_risk_summary_by_category.csv,.csv,1244,2026-04-24T19:08:40,8e434d6130c230727d2853668381523b3537c46ac75bab711e576bb053505faa,outputs,表格,False,False,False,False,True,False,False,False,True,False,hash重复，删除或保留canonical副本
outputs/工作包/20260424_1908_PEANUT数据清洗与风险底座/04_报告输出/peanut_risk_summary_by_region.csv,peanut_risk_summary_by_region.csv,.csv,2134,2026-04-24T19:08:40,5fe3aaf5b05c0db7bdfb3b6b6b71160357ab0ce76b2647f1ed60dab999aba478,outputs,表格,False,False,False,False,True,False,False,False,True,False,hash重复，删除或保留canonical副本
outputs/工作包/20260424_1908_PEANUT数据清洗与风险底座/04_报告输出/peanut_risk_summary_by_stage.csv,peanut_risk_summary_by_stage.csv,.csv,454,2026-04-24T19:08:40,e3e165d324f99fb342314c2c9d6bfee38b6c2ba6a1569cf0e50613129b20b79c,outputs,表格,False,False,False,False,True,False,False,False,True,False,hash重复，删除或保留canonical副本
outputs/工作包/20260424_1908_PEANUT数据清洗与风险底座/04_报告输出/peanut_risk_summary_by_year.csv,peanut_risk_summary_by_year.csv,.csv,323,2026-04-24T19:08:40,b249bcf8fbe30436a19e993e7487945bf1e80cb248e5bc6e0331bbf62ed1fe47,outputs,表格,False,False,False,False,True,False,False,False,True,False,hash重复，删除或保留canonical副本
outputs/工作包/20260424_1908_PEANUT数据清洗与风险底座/04_报告输出/peanut_stage_risk_comparison.svg,peanut_stage_risk_comparison.svg,.svg,2020,2026-04-24T19:08:40,1c0e1cc035fc7889bd601880725a1ad25d0703ad5687772c4c9a8b688edd3f8a,outputs,图表,False,False,False,False,False,True,False,False,True,False,hash重复，删除或保留canonical副本
outputs/工作包/20260424_1908_PEANUT数据清洗与风险底座/04_报告输出/peanut_variable_dictionary.csv,peanut_variable_dictionary.csv,.csv,3032,2026-04-24T19:08:39,2594e919c98f8a27aa1d0a8fbc6daa15eca0ad86441f980889f254f9ff8ec3b8,outputs,表格,False,False,False,False,True,False,False,False,True,False,hash重复，删除或保留canonical副本
outputs/工作包/20260424_1908_PEANUT数据清洗与风险底座/04_报告输出/peanut_workflow_run_summary.json,peanut_workflow_run_summary.json,.json,1986,2026-04-24T19:08:40,436400eb2bf0b4faab38a676ab4bc40c6914d03b09057970ba8b5566704a8c21,outputs,配置/索引,False,False,True,False,False,False,False,False,True,False,hash重复，删除或保留canonical副本
outputs/工作包/20260424_1908_PEANUT数据清洗与风险底座/04_报告输出/peanut_year_noncompliance_rate.svg,peanut_year_noncompliance_rate.svg,.svg,1089,2026-04-24T19:08:40,f13d3d7e9f0295a2a564a58dff24a098ceb877745cc8a2e84bf702af3f2c18ca,outputs,图表,False,False,False,False,False,True,False,False,True,False,hash重复，删除或保留canonical副本
outputs/工作包/20260424_1908_PEANUT数据清洗与风险底座/04_报告输出/peanut_year_sample_count.svg,peanut_year_sample_count.svg,.svg,1247,2026-04-24T19:08:40,b657b086fc4497873a9ea79ce23e99d6c53d3e740a31b7dc1c91909716f44557,outputs,图表,False,False,False,False,False,True,False,False,True,False,hash重复，删除或保留canonical副本
outputs/工作包/20260424_1908_PEANUT数据清洗与风险底座/README.md,README.md,.md,662,2026-04-24T23:57:49,11dda7237bd22acfb6b00853c8e9c318509db093c4dd289ecc2d7786e6c3d52f,outputs,报告/文档,False,False,False,True,False,False,False,False,False,False,保留或索引
outputs/工作包/20260424_1908_PEANUT数据清洗与风险底座/manifest.csv,manifest.csv,.csv,3978,2026-04-24T23:57:49,4d9c4ee8588b1f209ca243683a9624f04b42653f5bd76cdc1b20b8c17e964e68,outputs,表格,False,False,False,False,True,False,False,False,False,False,保留或索引
outputs/工作包/20260424_2048_BetaBinomial信念更新/00_输入说明/inputs.md,inputs.md,.md,62,2026-04-24T23:57:49,1d83349574a520c8c4a1a7825024e4ed85df9c3142035686fb3762f555ae6261,outputs,报告/文档,False,False,False,True,False,False,False,False,False,False,保留或索引
outputs/工作包/20260424_2048_BetaBinomial信念更新/01_数据输出/peanut_belief_mdp_state_features.csv,peanut_belief_mdp_state_features.csv,.csv,2366094,2026-04-24T20:48:44,a53c2d0eb9a0477cad564673fa77f8c301052338a847a73885fb36263ad5bbc1,outputs,表格,False,False,False,False,True,False,False,False,True,False,hash重复，删除或保留canonical副本
outputs/工作包/20260424_2048_BetaBinomial信念更新/01_数据输出/peanut_beta_binomial_belief_states.csv,peanut_beta_binomial_belief_states.csv,.csv,2366094,2026-04-24T20:48:43,a53c2d0eb9a0477cad564673fa77f8c301052338a847a73885fb36263ad5bbc1,outputs,表格,False,False,False,False,True,False,False,False,True,False,hash重复，删除或保留canonical副本
outputs/工作包/20260424_2048_BetaBinomial信念更新/04_报告输出/peanut_belief_state_latest.csv,peanut_belief_state_latest.csv,.csv,148161,2026-04-24T20:48:45,f040545e3b3f8f837c0238e62195f7d1e4897ecb5c4e5b832f103aff73793e46,outputs,表格,False,False,False,False,True,False,False,False,True,False,hash重复，删除或保留canonical副本
outputs/工作包/20260424_2048_BetaBinomial信念更新/04_报告输出/peanut_belief_state_summary_by_stage.csv,peanut_belief_state_summary_by_stage.csv,.csv,794,2026-04-24T20:48:45,0534fbc9d2d6315bb77332be686f06ae4d1587d73c4c2fb2fdf4dd0ea968bb4b,outputs,表格,False,False,False,False,True,False,False,False,True,False,hash重复，删除或保留canonical副本
outputs/工作包/20260424_2048_BetaBinomial信念更新/04_报告输出/peanut_beta_binomial_belief_update_report.md,peanut_beta_binomial_belief_update_report.md,.md,6106,2026-04-24T20:48:45,3f587809d4429ddd00826c77de945b4a75ace140649d20b3e6a31d0ebadf5c57,outputs,报告/文档,False,False,False,True,False,False,False,False,True,False,hash重复，删除或保留canonical副本
outputs/工作包/20260424_2048_BetaBinomial信念更新/04_报告输出/peanut_beta_binomial_run_summary.json,peanut_beta_binomial_run_summary.json,.json,1592,2026-04-24T20:48:45,1d660ed90f30bbebe3b86abc40138be768bfd3305382dc1ed4ffecd75176ecc2,outputs,配置/索引,False,False,True,False,False,False,False,False,True,False,hash重复，删除或保留canonical副本
outputs/工作包/20260424_2048_BetaBinomial信念更新/06_配置参数/peanut_beta_binomial_config.json,peanut_beta_binomial_config.json,.json,840,2026-04-24T20:48:45,5649443137b7b0d0f68c4ff5f194ec14b04fe16fdc6bfbba0201a00ca97b9935,outputs,配置/索引,False,False,True,False,False,False,False,False,True,False,hash重复，删除或保留canonical副本
outputs/工作包/20260424_2048_BetaBinomial信念更新/07_日志与错误/peanut_beta_binomial_error_log.md,peanut_beta_binomial_error_log.md,.md,174,2026-04-24T20:48:45,aeae554aa2f1cddbaef77ae40e8537a46a89bffce26224d98e70fff2ebb0ce8a,outputs,报告/文档,False,False,False,True,False,False,False,False,True,False,hash重复，删除或保留canonical副本
outputs/工作包/20260424_2048_BetaBinomial信念更新/README.md,README.md,.md,587,2026-04-24T23:57:49,fe6541734ff3302b97149048b3e6876cc78520e40d828b919858baa86fc15792,outputs,报告/文档,False,False,False,True,False,False,False,False,False,False,保留或索引
outputs/工作包/20260424_2048_BetaBinomial信念更新/manifest.csv,manifest.csv,.csv,1908,2026-04-24T23:57:49,7c20431ea3bd97dcabefe1ee29dbd264c14e372c9c6832dbca0cc1d6eb70930c,outputs,表格,False,False,False,False,True,False,False,False,False,False,保留或索引
outputs/工作包/20260424_2049_PEANUT上游查验与浓度修复/00_输入说明/inputs.md,inputs.md,.md,73,2026-04-24T23:57:49,f235ee55cd63c1e145435785f0a15fa243a8dcb562bfd60e83f69ca17ff1cd75,outputs,报告/文档,False,False,False,True,False,False,False,False,False,False,保留或索引
outputs/工作包/20260424_2049_PEANUT上游查验与浓度修复/01_数据输出/peanut_concentration_clean_table.csv,peanut_concentration_clean_table.csv,.csv,640824,2026-04-24T20:48:43,65fc55e0eb83f3c3800424ec9577d17654db9fdb0bf1ff37728066925aa896ee,outputs,表格,False,False,False,False,True,False,False,False,True,False,hash重复，删除或保留canonical副本
outputs/工作包/20260424_2049_PEANUT上游查验与浓度修复/01_数据输出/peanut_concentration_distribution_summary.csv,peanut_concentration_distribution_summary.csv,.csv,24831,2026-04-24T20:48:43,269eb47bed65c25dc8579b2004d512a3264bfa12a14132bb7efc98ff0e08c528,outputs,表格,False,False,False,False,True,False,False,False,True,False,hash重复，删除或保留canonical副本
outputs/工作包/20260424_2049_PEANUT上游查验与浓度修复/01_数据输出/peanut_count_panel.csv,peanut_count_panel.csv,.csv,113789,2026-04-24T20:48:43,79162c683d43da20720fad1faba07c357f24cf8eeca66b5ca2ef4c8744d9e151,outputs,表格,False,False,False,False,True,False,False,False,True,False,hash重复，删除或保留canonical副本
outputs/工作包/20260424_2049_PEANUT上游查验与浓度修复/04_报告输出/peanut_concentration_audit_findings.csv,peanut_concentration_audit_findings.csv,.csv,475,2026-04-24T20:49:34,328cf090827668cb767a19eb2a3fc454fb30878e640202bcc304211cb9b6eb4b,outputs,表格,False,False,False,False,True,False,False,False,True,False,hash重复，删除或保留canonical副本
outputs/工作包/20260424_2049_PEANUT上游查验与浓度修复/04_报告输出/peanut_concentration_cleaning_report.md,peanut_concentration_cleaning_report.md,.md,5150,2026-04-24T20:48:45,1a315376a0c8c83ae686d0f3467e93ce40daa17067b524cb019e4719b3c2ed93,outputs,报告/文档,False,False,False,True,False,False,False,False,True,False,hash重复，删除或保留canonical副本
outputs/工作包/20260424_2049_PEANUT上游查验与浓度修复/04_报告输出/peanut_count_panel_report.md,peanut_count_panel_report.md,.md,2704,2026-04-24T20:48:45,10906e454b0cd6995441bf3f805f1e367206ba741614297754612630b8320f67,outputs,报告/文档,False,False,False,True,False,False,False,False,True,False,hash重复，删除或保留canonical副本
outputs/工作包/20260424_2049_PEANUT上游查验与浓度修复/04_报告输出/peanut_upstream_audit_summary.json,peanut_upstream_audit_summary.json,.json,311,2026-04-24T20:48:45,ce615d18e5ac6b25e1840a4de2ee356d896778c251bda72be1e8777a4bdecf09,outputs,配置/索引,False,False,True,False,False,False,False,False,True,False,hash重复，删除或保留canonical副本
outputs/工作包/20260424_2049_PEANUT上游查验与浓度修复/04_报告输出/peanut_upstream_verification_report.md,peanut_upstream_verification_report.md,.md,2605,2026-04-24T20:49:34,4abd5f30125c02724064870789d5209106110da47115941ff1f2f05c9828620a,outputs,报告/文档,False,False,False,True,False,False,False,False,True,False,hash重复，删除或保留canonical副本
outputs/工作包/20260424_2049_PEANUT上游查验与浓度修复/07_日志与错误/peanut_cleaning_issue_log.csv,peanut_cleaning_issue_log.csv,.csv,401,2026-04-24T20:48:43,262a4e91a9c919f4f1916cb4126a60f2b5a5f2b4a760a5b97c439dd53a3aabde,outputs,表格,False,False,False,False,True,False,False,False,True,False,hash重复，删除或保留canonical副本
outputs/工作包/20260424_2049_PEANUT上游查验与浓度修复/07_日志与错误/peanut_upstream_repair_log.md,peanut_upstream_repair_log.md,.md,759,2026-04-24T20:49:34,ffc844d69a594f7b7b4db2d90b758b9c494163c138ceb44212a0e950329031ae,outputs,报告/文档,False,False,False,True,False,False,False,False,True,False,hash重复，删除或保留canonical副本
outputs/工作包/20260424_2049_PEANUT上游查验与浓度修复/README.md,README.md,.md,606,2026-04-24T23:57:49,e907f32a319dcf5acd5aa2e0557143b47d28c2eb2e9601253ea2159c53478e84,outputs,报告/文档,False,False,False,True,False,False,False,False,False,False,保留或索引
outputs/工作包/20260424_2049_PEANUT上游查验与浓度修复/manifest.csv,manifest.csv,.csv,2188,2026-04-24T23:57:49,03cdd3255ca18b82330c43de6ac577df0ad9581a3399516202d23e7c4791e46c,outputs,表格,False,False,False,False,True,False,False,False,False,False,保留或索引
outputs/工作包/20260424_2132_MOE_EDI外部参数匹配/00_输入说明/inputs.md,inputs.md,.md,237,2026-04-24T23:57:49,8009490f30010f8ee33b3bbf00163b57667a89a6b61d89bef5330b5f141895cd,outputs,报告/文档,False,False,False,True,False,False,False,False,False,False,保留或索引
outputs/工作包/20260424_2132_MOE_EDI外部参数匹配/01_数据输出/peanut_belief_mdp_state_features_with_moe_edi.csv,peanut_belief_mdp_state_features_with_moe_edi.csv,.csv,3070125,2026-04-24T21:32:10,73fdfb65201f55928c2c71290a9f913119fb4aa7a90476bfc367e7ebcee66125,outputs,表格,False,False,False,False,True,False,False,False,True,False,hash重复，删除或保留canonical副本
outputs/工作包/20260424_2132_MOE_EDI外部参数匹配/01_数据输出/peanut_bmdl_parameter_table.csv,peanut_bmdl_parameter_table.csv,.csv,657,2026-04-24T21:32:08,ec85435082e17706cc583d760b1da9ca76f6d8f647e25021079b64fda8eba670,outputs,表格,False,False,False,False,True,False,False,False,True,False,hash重复，删除或保留canonical副本
outputs/工作包/20260424_2132_MOE_EDI外部参数匹配/01_数据输出/peanut_consumption_parameter_table.csv,peanut_consumption_parameter_table.csv,.csv,51023,2026-04-24T21:32:08,ba6534032f5377dfc1fc8cba5ec9f32bad3ca69410d8a53c74d2471db70ee44b,outputs,表格,False,False,False,False,True,False,False,False,True,False,hash重复，删除或保留canonical副本
outputs/工作包/20260424_2132_MOE_EDI外部参数匹配/01_数据输出/peanut_edi_moe_risk_summary.csv,peanut_edi_moe_risk_summary.csv,.csv,40648,2026-04-24T21:32:08,f85671e95e12cc98d732c83733c69e9a375cd66dd7258445b1427e3a542a1da3,outputs,表格,False,False,False,False,True,False,False,False,True,False,hash重复，删除或保留canonical副本
outputs/工作包/20260424_2132_MOE_EDI外部参数匹配/01_数据输出/peanut_edi_moe_risk_table.csv,peanut_edi_moe_risk_table.csv,.csv,276390,2026-04-24T21:32:08,726715a308ed9a0d61b7863da0b423251770dc1c4766b1d5363675059029767a,outputs,表格,False,False,False,False,True,False,False,False,True,False,hash重复，删除或保留canonical副本
outputs/工作包/20260424_2132_MOE_EDI外部参数匹配/01_数据输出/peanut_population_parameter_table.csv,peanut_population_parameter_table.csv,.csv,45484,2026-04-24T21:32:08,a8c41006d289f38c90659dd418a59ffef4021b69ac7f0defaf59a8ba6bf31806,outputs,表格,False,False,False,False,True,False,False,False,True,False,hash重复，删除或保留canonical副本
outputs/工作包/20260424_2132_MOE_EDI外部参数匹配/02_表格输出/peanut_belief_mdp_state_features_with_moe_edi.csv,peanut_belief_mdp_state_features_with_moe_edi.csv,.csv,3070125,2026-04-24T21:32:10,73fdfb65201f55928c2c71290a9f913119fb4aa7a90476bfc367e7ebcee66125,outputs,表格,False,False,False,False,True,False,False,False,True,False,hash重复，删除或保留canonical副本
outputs/工作包/20260424_2132_MOE_EDI外部参数匹配/02_表格输出/peanut_bmdl_parameter_table.csv,peanut_bmdl_parameter_table.csv,.csv,657,2026-04-24T21:32:08,ec85435082e17706cc583d760b1da9ca76f6d8f647e25021079b64fda8eba670,outputs,表格,False,False,False,False,True,False,False,False,True,False,hash重复，删除或保留canonical副本
outputs/工作包/20260424_2132_MOE_EDI外部参数匹配/02_表格输出/peanut_consumption_parameter_table.csv,peanut_consumption_parameter_table.csv,.csv,51023,2026-04-24T21:32:08,ba6534032f5377dfc1fc8cba5ec9f32bad3ca69410d8a53c74d2471db70ee44b,outputs,表格,False,False,False,False,True,False,False,False,True,False,hash重复，删除或保留canonical副本
outputs/工作包/20260424_2132_MOE_EDI外部参数匹配/02_表格输出/peanut_edi_moe_risk_summary.csv,peanut_edi_moe_risk_summary.csv,.csv,40648,2026-04-24T21:32:08,f85671e95e12cc98d732c83733c69e9a375cd66dd7258445b1427e3a542a1da3,outputs,表格,False,False,False,False,True,False,False,False,True,False,hash重复，删除或保留canonical副本
outputs/工作包/20260424_2132_MOE_EDI外部参数匹配/02_表格输出/peanut_edi_moe_risk_table.csv,peanut_edi_moe_risk_table.csv,.csv,276390,2026-04-24T21:32:08,726715a308ed9a0d61b7863da0b423251770dc1c4766b1d5363675059029767a,outputs,表格,False,False,False,False,True,False,False,False,True,False,hash重复，删除或保留canonical副本
outputs/工作包/20260424_2132_MOE_EDI外部参数匹配/02_表格输出/peanut_population_parameter_table.csv,peanut_population_parameter_table.csv,.csv,45484,2026-04-24T21:32:08,a8c41006d289f38c90659dd418a59ffef4021b69ac7f0defaf59a8ba6bf31806,outputs,表格,False,False,False,False,True,False,False,False,True,False,hash重复，删除或保留canonical副本
outputs/工作包/20260424_2132_MOE_EDI外部参数匹配/03_图表输出/consumption_parameter_distribution.svg,consumption_parameter_distribution.svg,.svg,7211,2026-04-24T21:32:10,88d6f02666794d3c5f68b35b945b6c5049d8a42eac3da9dec2edb087801ff186,outputs,图表,False,False,False,False,False,True,False,False,True,False,hash重复，删除或保留canonical副本
outputs/工作包/20260424_2132_MOE_EDI外部参数匹配/03_图表输出/edi_distribution.svg,edi_distribution.svg,.svg,5745,2026-04-24T21:32:10,e3361cd9e957f005a0fdebb2aa0a31bb3346e753e8e5a1d9acf7487ea74ebd45,outputs,图表,False,False,False,False,False,True,False,False,True,False,hash重复，删除或保留canonical副本
outputs/工作包/20260424_2132_MOE_EDI外部参数匹配/03_图表输出/moe_distribution_log10.svg,moe_distribution_log10.svg,.svg,5821,2026-04-24T21:32:10,fcd8825ec4917a1d3ce648cda9738c23003f6ba07402580933d6fec362c616c0,outputs,图表,False,False,False,False,False,True,False,False,True,False,hash重复，删除或保留canonical副本
outputs/工作包/20260424_2132_MOE_EDI外部参数匹配/03_图表输出/moe_risk_level_distribution.svg,moe_risk_level_distribution.svg,.svg,1288,2026-04-24T21:32:10,6a905c92239db7a0fcf8a5bbe843aa6777d0e8e4339cb004721843467df100d9,outputs,图表,False,False,False,False,False,True,False,False,True,False,hash重复，删除或保留canonical副本
outputs/工作包/20260424_2132_MOE_EDI外部参数匹配/03_图表输出/population_matching_status.svg,population_matching_status.svg,.svg,996,2026-04-24T21:32:10,fffcfa44abc47083bdf2225e68045dd420ed24d5cad13241122f484c4c4134d5,outputs,图表,False,False,False,False,False,True,False,False,True,False,hash重复，删除或保留canonical副本
outputs/工作包/20260424_2132_MOE_EDI外部参数匹配/03_图表输出/province_moe_risk_ranking.svg,province_moe_risk_ranking.svg,.svg,6905,2026-04-24T21:32:10,ca241ce9d3b46ede903c0e6c043709b06031fc4a2ae3a66d4f55b15240142f43,outputs,图表,False,False,False,False,False,True,False,False,True,False,hash重复，删除或保留canonical副本
outputs/工作包/20260424_2132_MOE_EDI外部参数匹配/04_报告输出/README.md,README.md,.md,2096,2026-04-24T21:32:10,661e5af6a51120068afff3648277ee0cedfe9d930b53215e19998b4a0807441d,outputs,报告/文档,False,False,False,True,False,False,False,False,True,False,hash重复，删除或保留canonical副本
outputs/工作包/20260424_2132_MOE_EDI外部参数匹配/04_报告输出/peanut_moe_edi_external_parameter_matching_report.md,peanut_moe_edi_external_parameter_matching_report.md,.md,6919,2026-04-24T21:32:10,f9b9324be0c75b0c414e3d2c818a582056913aedb8b35724ab168947b94e760f,outputs,报告/文档,False,False,False,True,False,False,False,False,True,False,hash重复，删除或保留canonical副本
outputs/工作包/20260424_2132_MOE_EDI外部参数匹配/04_报告输出/peanut_pre_dqn_readiness_after_moe_edi.md,peanut_pre_dqn_readiness_after_moe_edi.md,.md,1981,2026-04-24T21:32:10,332b24b25f4bd3988c06bd2cd3a85c3da66607ade72595005afc0f85c6893f96,outputs,报告/文档,False,False,False,True,False,False,False,False,True,False,hash重复，删除或保留canonical副本
outputs/工作包/20260424_2132_MOE_EDI外部参数匹配/06_配置参数/peanut_bmdl_parameter_config.json,peanut_bmdl_parameter_config.json,.json,1866,2026-04-24T21:32:08,ded1cf6500ca3e88f188546f3518ed986d94690ac0351cd48bce11e353244897,outputs,配置/索引,False,False,True,False,False,False,False,False,True,False,hash重复，删除或保留canonical副本
outputs/工作包/20260424_2132_MOE_EDI外部参数匹配/07_日志与错误/peanut_moe_edi_error_log.md,peanut_moe_edi_error_log.md,.md,1094,2026-04-24T21:32:10,7caa279262e48093382cc70f28ab12169c2dc2a31172f040f6d33b0e7376dc1c,outputs,报告/文档,False,False,False,True,False,False,False,False,True,False,hash重复，删除或保留canonical副本
outputs/工作包/20260424_2132_MOE_EDI外部参数匹配/README.md,README.md,.md,756,2026-04-24T23:57:49,2701a62fe1eacf9a80c8e0f1126b78c2e392298b089ed8f33428ae34e93b2bbb,outputs,报告/文档,False,False,False,True,False,False,False,False,False,False,保留或索引
outputs/工作包/20260424_2132_MOE_EDI外部参数匹配/manifest.csv,manifest.csv,.csv,4454,2026-04-24T23:57:49,574493e389f34a11c2af9e82113fdcc94897e4d9bd8ba2e1efffbb1d8c1d3a02,outputs,表格,False,False,False,False,True,False,False,False,False,False,保留或索引
outputs/工作包/20260424_2244_全工作目录整理与规范化/00_输入说明/inputs.md,inputs.md,.md,72,2026-04-24T23:57:49,b5b2fa472ee493efa79e020c581a9944d24fd87451c89a2e394e78dcb9706275,outputs,报告/文档,False,False,False,True,False,False,False,False,False,False,保留或索引
outputs/工作包/20260424_2244_全工作目录整理与规范化/02_表格输出/archive_manifest.csv,archive_manifest.csv,.csv,8959,2026-04-24T22:44:05,3c23460fd9cd3806f46b3d60acdd6a6bc5ce5fbab681a705d796c02be924dabc,outputs,表格,False,False,False,False,True,False,False,False,True,False,hash重复，删除或保留canonical副本
outputs/工作包/20260424_2244_全工作目录整理与规范化/02_表格输出/organization_actions.csv,organization_actions.csv,.csv,15327,2026-04-24T22:44:05,473773d42f4799050871343b2b8e8e9fb85bd2ec96d2616cc8baf0d4e40ee83e,outputs,表格,False,False,False,False,True,False,False,False,True,False,hash重复，删除或保留canonical副本
outputs/工作包/20260424_2244_全工作目录整理与规范化/02_表格输出/output_manifest.csv,output_manifest.csv,.csv,31205,2026-04-24T22:44:05,bf0f337322772b5311f677276e905f6255eaae91fb80e2a8d0b6725792ebf061,outputs,表格,False,False,False,False,True,False,False,False,True,False,hash重复，删除或保留canonical副本
outputs/工作包/20260424_2244_全工作目录整理与规范化/02_表格输出/raw_data_inventory.csv,raw_data_inventory.csv,.csv,1383,2026-04-24T22:44:05,605cb53541d6302f7b38a3b9e7efb4d09faf1950220ab7492ac86eeed2203fff,outputs,表格,False,False,False,False,True,False,False,False,True,False,hash重复，删除或保留canonical副本
outputs/工作包/20260424_2244_全工作目录整理与规范化/02_表格输出/reference_inventory.csv,reference_inventory.csv,.csv,3207,2026-04-24T22:44:05,a92b2cbe21ecfff86714f4b693037dcf0158674108f7ed85a545dbbacc0129e9,outputs,表格,False,False,False,False,True,False,False,False,True,False,hash重复，删除或保留canonical副本
outputs/工作包/20260424_2244_全工作目录整理与规范化/02_表格输出/skills_inventory.csv,skills_inventory.csv,.csv,7599,2026-04-24T22:44:05,a4968c9b834d7b846a562f5a6aea355612f7f26ce074952b1fccb22a8e8af53a,outputs,表格,False,False,False,False,True,False,False,False,True,False,hash重复，删除或保留canonical副本
outputs/工作包/20260424_2244_全工作目录整理与规范化/02_表格输出/workspace_inventory.csv,workspace_inventory.csv,.csv,59209,2026-04-24T22:44:05,1240f84abcb4d887488d288c7266a48327bd1926ba2ade2ce85bba53e310b1c1,outputs,表格,False,False,False,False,True,False,False,False,True,False,hash重复，删除或保留canonical副本
outputs/工作包/20260424_2244_全工作目录整理与规范化/04_报告输出/README.md,README.md,.md,1078,2026-04-24T22:44:05,b9987fed46c23f282af8a35581314d4a598ddf3b366943c96f0a58c66808fc4e,outputs,报告/文档,False,False,False,True,False,False,False,False,True,False,hash重复，删除或保留canonical副本
outputs/工作包/20260424_2244_全工作目录整理与规范化/04_报告输出/output_index.md,output_index.md,.md,1415,2026-04-24T22:44:05,6c5182851effb3f048418247628e1bbcf6a75d70cb09b2d4181121b6e3b274e3,outputs,报告/文档,False,False,False,True,False,False,False,False,False,False,保留或索引
outputs/工作包/20260424_2244_全工作目录整理与规范化/04_报告输出/output_index_20260424_235655.md,output_index_20260424_235655.md,.md,999,2026-04-24T23:56:55,d59cc74394c79a5f46a05641363276373f243bd0269d16fc578c1b5af144b921,outputs,报告/文档,False,False,False,True,False,False,False,False,False,False,保留或索引
outputs/工作包/20260424_2244_全工作目录整理与规范化/04_报告输出/project_whole_workspace_organization_report.md,project_whole_workspace_organization_report.md,.md,8990,2026-04-24T22:44:05,b8b162cd65338d6deb9592608eb0f4ab883087ec89786d7e758d2f91b0cdb2e0,outputs,报告/文档,False,False,False,True,False,False,False,False,True,False,hash重复，删除或保留canonical副本
outputs/工作包/20260424_2244_全工作目录整理与规范化/04_报告输出/skills_inventory.md,skills_inventory.md,.md,2386,2026-04-24T22:44:05,d5305d88afd3ccf32f20407c11d8d4b23594d40e4217c4d0aa575bd33c4053a1,outputs,报告/文档,False,False,False,True,False,False,False,False,True,False,hash重复，删除或保留canonical副本
outputs/工作包/20260424_2244_全工作目录整理与规范化/04_报告输出/source_code_inventory.md,source_code_inventory.md,.md,2840,2026-04-24T22:44:05,0890d78b3ea66f311c43f1e43c0e1501e0b3a0cb02d935a8a854d0232ddc4d81,outputs,报告/文档,False,False,False,True,False,False,False,False,True,False,hash重复，删除或保留canonical副本
outputs/工作包/20260424_2244_全工作目录整理与规范化/04_报告输出/workspace_inventory.md,workspace_inventory.md,.md,23666,2026-04-24T22:44:05,002570e5094ec049eaeb6d79f24db8dc2a3593315005f14aca894e45e3d58552,outputs,报告/文档,False,False,False,True,False,False,False,False,True,False,hash重复，删除或保留canonical副本
outputs/工作包/20260424_2244_全工作目录整理与规范化/04_报告输出/workspace_structure.md,workspace_structure.md,.md,2974,2026-04-24T22:44:05,7ffcea4e5314da68ab3451d5ed310edf20fd63c2d3c453d4e7e0f7c0c9a2e2f8,outputs,报告/文档,False,False,False,True,False,False,False,False,True,False,hash重复，删除或保留canonical副本
outputs/工作包/20260424_2244_全工作目录整理与规范化/06_配置参数/latest_outputs.yaml,latest_outputs.yaml,.yaml,1136,2026-04-24T22:44:05,600116dc0d528ed14a518ce6e87d3ba517165679bc67d76c41e6c020bf4f2b32,outputs,配置/索引,False,False,True,False,False,False,False,False,True,False,hash重复，删除或保留canonical副本
outputs/工作包/20260424_2244_全工作目录整理与规范化/06_配置参数/latest_outputs_20260424_235655.yaml,latest_outputs_20260424_235655.yaml,.yaml,1200,2026-04-24T23:56:55,eb662665ec0a698dee314e53e05cf9cc7da4065ca85be2ba8581236c8e3548c2,outputs,配置/索引,False,False,True,False,False,False,False,False,True,False,hash重复，删除或保留canonical副本
outputs/工作包/20260424_2244_全工作目录整理与规范化/07_日志与错误/source_check_log.json,source_check_log.json,.json,2206,2026-04-24T22:44:05,298cbfd341d3e78766350a205e572994c184237cb3901b4146bafd25c743c05d,outputs,配置/索引,False,False,True,False,False,False,False,False,True,False,hash重复，删除或保留canonical副本
outputs/工作包/20260424_2244_全工作目录整理与规范化/README.md,README.md,.md,599,2026-04-24T23:57:49,37d2fbc7e8ce4071570a7d8fd230b29017a12f7ba098e0704d40a12a93b8be5a,outputs,报告/文档,False,False,False,True,False,False,False,False,False,False,保留或索引
outputs/工作包/20260424_2244_全工作目录整理与规范化/manifest.csv,manifest.csv,.csv,3369,2026-04-24T23:57:49,3d0a7622b5b13150e4ff782f47c2e3ea7256c6c428cea59854f64cae0cb80082,outputs,表格,False,False,False,False,True,False,False,False,False,False,保留或索引
outputs/工作包/20260424_2357_工作流任务包机制重构/00_输入说明/inputs.md,inputs.md,.md,84,2026-04-24T23:57:49,d1552cd4aefa75b00e6a47bf2b22a5dba538636e76bc65d85c74878c06c715a4,outputs,报告/文档,False,False,False,True,False,False,False,False,True,False,hash重复，删除或保留canonical副本
outputs/工作包/20260424_2357_工作流任务包机制重构/02_表格输出/deleted_duplicates_log.csv,deleted_duplicates_log.csv,.csv,42,2026-04-24T23:59:56,c02ef086f1f3b9b157f9ee6834735bdd81aac0621c9a9a61e1a443c5c289af4b,outputs,表格,False,False,False,False,True,False,False,False,True,False,hash重复，删除或保留canonical副本
outputs/工作包/20260424_2357_工作流任务包机制重构/02_表格输出/reorganized_files_log.csv,reorganized_files_log.csv,.csv,967,2026-04-24T23:57:49,8f214798bcabfcfc09a90367e4e9046bc9726ee30d03b91350d3eecc1041b887,outputs,表格,False,False,False,False,True,False,False,False,False,False,保留或索引
outputs/工作包/20260424_2357_工作流任务包机制重构/02_表格输出/unclassified_unique_files_log.csv,unclassified_unique_files_log.csv,.csv,53,2026-04-24T23:57:49,37ccc5446339d51b56d4fc174bd5c12b20d0a534c6ad2251952830995b2947ce,outputs,表格,False,False,False,False,True,False,False,False,True,False,hash重复，删除或保留canonical副本
outputs/工作包/20260424_2357_工作流任务包机制重构/04_报告输出/workflow_run_package_restructure_report.md,workflow_run_package_restructure_report.md,.md,4199,2026-04-24T23:57:49,db530f98c5b5efc679d1482e53d4adb657d9e314a0afb55580e7669f6a9ad930,outputs,报告/文档,False,False,False,True,False,False,False,False,True,False,hash重复，删除或保留canonical副本
outputs/工作包/20260424_2357_工作流任务包机制重构/06_配置参数/run_package_policy_snapshot.md,run_package_policy_snapshot.md,.md,1308,2026-04-24T23:57:48,03107795e61e554dac46b4148ebfe4cc92d1d5d4573a2139534e88f87a572c78,outputs,报告/文档,False,False,False,True,False,False,False,False,True,False,hash重复，删除或保留canonical副本
outputs/工作包/20260424_2357_工作流任务包机制重构/07_日志与错误/cli_stub_check_log.json,cli_stub_check_log.json,.json,1668,2026-04-24T23:57:50,72d11dc7843e507b148e65734c11c802ae9409d1b746fc77436dd94e56e7d263,outputs,配置/索引,False,False,True,False,False,False,False,False,False,False,保留或索引
outputs/工作包/20260424_2357_工作流任务包机制重构/08_代码快照/organize_workspace.py,organize_workspace.py,.py,43477,2026-04-24T22:44:00,dc7137f94184ff9bc98815324f5a52efec6c404bb044a169c806cebd9273fe29,outputs,代码,False,True,False,False,False,False,False,False,True,False,hash重复，删除或保留canonical副本
outputs/工作包/20260424_2357_工作流任务包机制重构/08_代码快照/run_package_restructure.py,run_package_restructure.py,.py,40625,2026-04-24T23:57:41,1027af53f2bf51b8b9834e24f5bb524589930d153c7c57346ba9a93800207673,outputs,代码,False,True,False,False,False,False,False,False,True,False,hash重复，删除或保留canonical副本
outputs/工作包/20260424_2357_工作流任务包机制重构/README.md,README.md,.md,618,2026-04-24T23:57:49,bc4c2ce41618fe55e83c2955bd100013733aa5da742d6f46fd1d2f3937d0448e,outputs,报告/文档,False,False,False,True,False,False,False,False,False,False,保留或索引
outputs/工作包/20260424_2357_工作流任务包机制重构/manifest.csv,manifest.csv,.csv,1042,2026-04-25T00:00:18,711cc03471f1d9bf8ca9c8201640567c2300c6821f209d7f6f16e69406e0d3ae,outputs,表格,False,False,False,False,True,False,False,False,False,False,保留或索引
project_state/artifact_index.md,artifact_index.md,.md,1802,2026-04-24T23:57:49,652275e51ba27eda29844ef03cd8bccb1a685674ee3b0eb389c29d5848e71a59,project_state,报告/文档,False,False,False,True,False,False,False,True,False,False,保留或索引
project_state/changelog.md,changelog.md,.md,12706,2026-04-24T23:57:49,69c2d4eb6c269861ecda3196d764e8c1392d0e990855f7a472d97d9b11233eb4,project_state,报告/文档,False,False,False,True,False,False,False,True,False,False,保留或索引
project_state/conversation_handoff.md,conversation_handoff.md,.md,610,2026-04-24T23:57:49,b7dc556996234b0f0a068275c171cb8bcc2fb42ff78c1eca534112f35f3360e3,project_state,报告/文档,False,False,False,True,False,False,False,True,False,False,保留或索引
project_state/current_focus.md,current_focus.md,.md,630,2026-04-24T23:57:49,3d3dc8603f0b01ce7b49e6b377f85f5867b912cdb7227fbdbe567d8845f8e461,project_state,报告/文档,False,False,False,True,False,False,False,True,False,False,保留或索引
project_state/decision_log.md,decision_log.md,.md,17479,2026-04-24T23:57:49,c9e66a787b40bab3355a659065c8691f9cd2867663eb3008a0ba9c3c4688b34a,project_state,报告/文档,False,False,False,True,False,False,False,True,False,False,保留或索引
project_state/lessons_learned.md,lessons_learned.md,.md,9822,2026-04-24T23:57:49,3f4be84146836929d5b65a8f4996db05e95e2ed28e243619e1289c4264fbef8e,project_state,报告/文档,False,False,False,True,False,False,False,True,False,False,保留或索引
project_state/next_step.md,next_step.md,.md,253,2026-04-24T23:57:49,66a85485060105e224a3d168608e2ff06744be5c9f5c5ebb3808f56beb7e8155,project_state,报告/文档,False,False,False,True,False,False,False,True,False,False,保留或索引
project_state/project_memory.md,project_memory.md,.md,9524,2026-04-24T23:57:49,144d330979a02085b346a6b4523ef9399ceec3aa02f1b41b2803445cb522e52c,project_state,报告/文档,False,False,False,True,False,False,False,True,False,False,保留或索引
project_state/readiness_checklist_2026-04-24.yaml,readiness_checklist_2026-04-24.yaml,.yaml,4274,2026-04-24T17:58:13,b1c8e5c72ffc53d81ee5c7c6a2a2bbbc2a574e3f210be0b46cea54263bf96b05,project_state,配置/索引,False,False,True,False,False,False,False,True,False,False,保留或索引
project_state/roadmap.yaml,roadmap.yaml,.yaml,2414,2026-04-24T19:08:40,99aa0ace090cef6d2c6d32fc12866960fb7a5d9bab725e23b19f1e55346d4965,project_state,配置/索引,False,False,True,False,False,False,False,True,False,False,保留或索引
project_state/run_protocol.md,run_protocol.md,.md,764,2026-04-24T23:57:49,bf7e6416314a94dd7b1d61970995172fec446b8ce49065e9b8ded5ec7323cf8a,project_state,报告/文档,False,False,False,True,False,False,False,True,False,False,保留或索引
project_state/workspace_structure.md,workspace_structure.md,.md,781,2026-04-24T23:57:49,9e1a64b122ce6404c0f26f847ca46a05fd612c07989d18c70688a0d66dd40e99,project_state,报告/文档,False,False,False,True,False,False,False,True,True,False,hash重复，删除或保留canonical副本
prompts/one_line_launchers.md,one_line_launchers.md,.md,1444,2026-04-24T18:44:51,e055c2c190e19c6e525159438f1e421d304b94d5365a1937114191ed0f949675,prompts,报告/文档,False,False,False,True,False,False,False,False,False,False,保留或索引
pyproject.toml,pyproject.toml,.toml,525,2026-04-24T18:03:39,6a2597dca417c06e40f295053b134aa3a2f90a2f8e2c83a31619f2c6597b8cb0,pyproject.toml,配置/索引,False,False,True,False,False,False,False,False,False,False,保留或索引
references/README.md,README.md,.md,263,2026-04-24T22:44:05,712417a485ba77e6d42de58d4c27486ae3796f61ab8169e71634ed53e06c3c59,references,报告/文档,False,False,False,True,False,False,True,False,False,False,保留或索引
references/data_cleaning/.gitkeep,.gitkeep,,1,2026-04-24T18:03:39,01ba4719c80b6fe911b091a7c05124b64eeece964e09c058ef8f9805daca546b,references,其他,False,False,False,False,False,False,True,False,True,False,hash重复，删除或保留canonical副本
references/data_cleaning/README.md,README.md,.md,104,2026-04-24T22:44:05,c4583b8340e094ce9817f16c24b2d4ce1929c5afa7c44fb1e8ead13108c25ece,references,报告/文档,False,False,False,True,False,False,True,False,False,False,保留或索引
references/literature/.gitkeep,.gitkeep,,1,2026-04-24T18:03:39,01ba4719c80b6fe911b091a7c05124b64eeece964e09c058ef8f9805daca546b,references,其他,False,False,False,False,False,False,True,False,True,False,hash重复，删除或保留canonical副本
references/literature/README.md,README.md,.md,75,2026-04-24T22:44:05,7605974b59cec9b8aa4483ede35dffe8e4098f920966d33c316b1c2c0d7cf8ce,references,报告/文档,False,False,False,True,False,False,True,False,False,False,保留或索引
references/modeling/.gitkeep,.gitkeep,,1,2026-04-24T18:03:39,01ba4719c80b6fe911b091a7c05124b64eeece964e09c058ef8f9805daca546b,references,其他,False,False,False,False,False,False,True,False,True,False,hash重复，删除或保留canonical副本
references/modeling/README.md,README.md,.md,89,2026-04-24T22:44:05,a45b63d6d59966b4b76b9a20046de90080eb32f1bba52c0ab9eac67ac206d017,references,报告/文档,False,False,False,True,False,False,True,False,False,False,保留或索引
references/notes/.gitkeep,.gitkeep,,1,2026-04-24T18:03:39,01ba4719c80b6fe911b091a7c05124b64eeece964e09c058ef8f9805daca546b,references,其他,False,False,False,False,False,False,True,False,True,False,hash重复，删除或保留canonical副本
references/notes/README.md,README.md,.md,118,2026-04-24T22:44:05,d18b18f79375e946ff5d6fc128cc1013b2d48c41bbd8c7f3668021eb6f98b1a7,references,报告/文档,False,False,False,True,False,False,True,False,False,False,保留或索引
references/notes/物流与供应链管理前言-研究计划-肖宇航.docx,物流与供应链管理前言-研究计划-肖宇航.docx,.docx,1038562,2026-01-06T11:25:02,3cc0357f3891180404e8b4e47bc9eef324b5d0d86ed289d0dde8fece126736c1,references,报告/文档,False,False,False,True,False,False,True,False,False,False,保留或索引
references/notes/食品安全风险监测与优化_Codex科研工作流总结.docx,食品安全风险监测与优化_Codex科研工作流总结.docx,.docx,44717,2026-04-14T18:17:40,62b0f71ebde9079a1b1e15a0ed0e0a21513ab029929b97beabe56e22cb1d1823,references,报告/文档,False,False,False,True,False,False,True,False,False,False,保留或索引
references/processed_summaries/.gitkeep,.gitkeep,,1,2026-04-24T18:03:39,01ba4719c80b6fe911b091a7c05124b64eeece964e09c058ef8f9805daca546b,references,其他,False,False,False,False,False,False,True,False,True,False,hash重复，删除或保留canonical副本
references/processed_summaries/README.md,README.md,.md,121,2026-04-24T22:34:57,79f679530cb75df0f12affa6a5e5adeb6da6ddce32f3b595dad989982779d849,references,报告/文档,False,False,False,True,False,False,True,False,False,False,保留或索引
references/processed_summaries/peanut_research_plan_summary.md,peanut_research_plan_summary.md,.md,18704,2026-04-24T19:06:20,3eb0f94289564c2f8832506ebef2689d628ce9896582e8099fbb521bb47c73a5,references,报告/文档,False,False,False,True,False,False,True,False,False,False,保留或索引
references/reference_inventory.csv,reference_inventory.csv,.csv,3207,2026-04-24T22:44:05,a92b2cbe21ecfff86714f4b693037dcf0158674108f7ed85a545dbbacc0129e9,references,表格,False,False,False,False,True,False,True,False,True,False,hash重复，删除或保留canonical副本
references/standards/.gitkeep,.gitkeep,,1,2026-04-24T18:03:39,01ba4719c80b6fe911b091a7c05124b64eeece964e09c058ef8f9805daca546b,references,其他,False,False,False,False,False,False,True,False,True,False,hash重复，删除或保留canonical副本
references/standards/README.md,README.md,.md,88,2026-04-24T22:44:05,f3562fd89ed5a9ff15fa0dadc4e5c75ee560dbbed1bb3e1b6b5110a600f40e71,references,报告/文档,False,False,False,True,False,False,True,False,False,False,保留或索引
references/visualization/.gitkeep,.gitkeep,,1,2026-04-24T18:03:39,01ba4719c80b6fe911b091a7c05124b64eeece964e09c058ef8f9805daca546b,references,其他,False,False,False,False,False,False,True,False,True,False,hash重复，删除或保留canonical副本
references/visualization/README.md,README.md,.md,86,2026-04-24T22:44:05,684bca8e905ac4b6524857c91ba5c3689173bc972dd8cf05424c6f54afe49b26,references,报告/文档,False,False,False,True,False,False,True,False,False,False,保留或索引
reports/README.md,README.md,.md,193,2026-04-24T22:44:05,251957084e531b6e9ae2d2fcd56f09ff2086183624b1dbf0131aaa82149f773a,reports,报告/文档,False,False,False,True,False,False,False,False,True,False,hash重复，删除或保留canonical副本
reports/archive/20260424_整理前历史报告/README.md,README.md,.md,193,2026-04-24T22:34:57,251957084e531b6e9ae2d2fcd56f09ff2086183624b1dbf0131aaa82149f773a,reports,报告/文档,False,False,False,True,False,False,False,False,True,False,hash重复，删除或保留canonical副本
reports/archive/20260424_整理前历史报告/README_20260424_1777041323.md,README_20260424_1777041323.md,.md,193,2026-04-24T22:35:23,251957084e531b6e9ae2d2fcd56f09ff2086183624b1dbf0131aaa82149f773a,reports,报告/文档,False,False,False,True,False,False,False,False,True,False,hash重复，删除或保留canonical副本
reports/archive/20260424_整理前历史报告/category_reconstruction_summary_FINAL_SiChuan_2023_ALL_DATA.md,category_reconstruction_summary_FINAL_SiChuan_2023_ALL_DATA.md,.md,4848,2026-04-14T18:10:54,43e7ed08ec78bc99ccb9ffcc0b6ec56c4554e261e44a6e4ee98c975a3774f0a7,reports,报告/文档,False,False,False,True,False,False,False,False,False,False,迁移到任务工作包或项目级摘要
reports/archive/20260424_整理前历史报告/peanut_beta_binomial_error_log.md,peanut_beta_binomial_error_log.md,.md,174,2026-04-24T20:48:45,aeae554aa2f1cddbaef77ae40e8537a46a89bffce26224d98e70fff2ebb0ce8a,reports,报告/文档,False,False,False,True,False,False,False,False,True,False,hash重复，删除或保留canonical副本
reports/archive/20260424_整理前历史报告/peanut_beta_binomial_run_summary.json,peanut_beta_binomial_run_summary.json,.json,1592,2026-04-24T20:48:45,1d660ed90f30bbebe3b86abc40138be768bfd3305382dc1ed4ffecd75176ecc2,reports,配置/索引,False,False,True,True,False,False,False,False,True,False,hash重复，删除或保留canonical副本
reports/archive/20260424_整理前历史报告/peanut_count_panel_report.md,peanut_count_panel_report.md,.md,2704,2026-04-24T20:48:45,10906e454b0cd6995441bf3f805f1e367206ba741614297754612630b8320f67,reports,报告/文档,False,False,False,True,False,False,False,False,True,False,hash重复，删除或保留canonical副本
reports/archive/20260424_整理前历史报告/peanut_eda_report.md,peanut_eda_report.md,.md,5406,2026-04-24T19:08:40,e274bbad0b8557f0f2c2df4095ad610cb0b30126419b6d4cf87b4d7f12670bd7,reports,报告/文档,False,False,False,True,False,False,False,False,False,False,迁移到任务工作包或项目级摘要
reports/archive/20260424_整理前历史报告/peanut_modeling_optimization_feasibility.md,peanut_modeling_optimization_feasibility.md,.md,2143,2026-04-24T19:08:40,79fd9ea6ac7999a0e1e9662f6728beeb280dc9e265d3c8ee24a37f3bbb3b03a8,reports,报告/文档,False,False,False,True,False,False,False,False,False,False,迁移到任务工作包或项目级摘要
reports/archive/20260424_整理前历史报告/peanut_pre_dqn_readiness_after_repair.md,peanut_pre_dqn_readiness_after_repair.md,.md,1252,2026-04-24T20:48:45,3c57449583e74d7302c0bc343aea8220729544f9aa2c082e0e9cb0bc57c4aafe,reports,报告/文档,False,False,False,True,False,False,False,False,False,False,迁移到任务工作包或项目级摘要
reports/archive/20260424_整理前历史报告/peanut_upstream_audit_summary.json,peanut_upstream_audit_summary.json,.json,311,2026-04-24T20:48:45,ce615d18e5ac6b25e1840a4de2ee356d896778c251bda72be1e8777a4bdecf09,reports,配置/索引,False,False,True,True,False,False,False,False,True,False,hash重复，删除或保留canonical副本
reports/archive/20260424_整理前历史报告/peanut_visualization_report.md,peanut_visualization_report.md,.md,687,2026-04-24T19:08:40,6b65e2944569d463b80a351b58423ff72b595feae13aa5731147f99d3a519140,reports,报告/文档,False,False,False,True,False,False,False,False,False,False,迁移到任务工作包或项目级摘要
reports/archive/20260424_整理前历史报告/peanut_workflow_error.md,peanut_workflow_error.md,.md,816,2026-04-24T19:09:16,02ef78610614f31939cb78235eae1fbde95c8af1da244d6dff74d5d10f48c4db,reports,报告/文档,False,False,False,True,False,False,False,False,False,False,迁移到任务工作包或项目级摘要
reports/archive/20260424_整理前历史报告/readiness_audit_2026-04-24.md,readiness_audit_2026-04-24.md,.md,9534,2026-04-24T17:58:13,b20e6435b55970529d19f9d5fac9ff7dabea0255aeeadd87244b5c17e7a908c0,reports,报告/文档,False,False,False,True,False,False,False,False,False,False,迁移到任务工作包或项目级摘要
reports/archive/20260424_整理前历史报告/schema_inventory_PEANUT2023-20241.md,schema_inventory_PEANUT2023-20241.md,.md,8269,2026-04-24T19:06:31,2fdfcd2eb5a524ea843e220fa73f226489b5e426acf1a65de0bf1d556df6daed,reports,报告/文档,False,False,False,True,False,False,False,False,False,False,迁移到任务工作包或项目级摘要
reports/archive/20260424_整理前历史报告/skill_scout_report.md,skill_scout_report.md,.md,4041,2026-04-24T18:47:12,c5fc0c1fefd6e5869942e93bfd3a63be3506f8feed838a6ed0c742061c5a9a03,reports,报告/文档,False,False,False,True,False,False,False,False,False,False,迁移到任务工作包或项目级摘要
reports/archive/cleanup_2026-04-14/raw_data_schema_inventory.md,raw_data_schema_inventory.md,.md,5452,2026-04-13T20:03:36,d20cf142906407543d25040af758f95cf9d1609d1320f069cbcc4ac5655649b0,reports,报告/文档,False,False,False,True,False,False,False,False,False,False,迁移到任务工作包或项目级摘要
reports/archive/cleanup_2026-04-14/raw_data_schema_inventory_FINAL_SiChuan_2023_ALL_DATA.en.md,raw_data_schema_inventory_FINAL_SiChuan_2023_ALL_DATA.en.md,.md,5514,2026-04-14T17:23:24,a321624abb4319ab1d2f88b7e7e06a8db105a66428b2d3444625b09e8ce8b320,reports,报告/文档,False,False,False,True,False,False,False,False,False,False,迁移到任务工作包或项目级摘要
reports/archive/cleanup_2026-04-14/raw_data_schema_inventory_FINAL_SiChuan_2023_ALL_DATA.md,raw_data_schema_inventory_FINAL_SiChuan_2023_ALL_DATA.md,.md,5755,2026-04-14T17:33:10,1535f7b4ef0e7275f8b7ff4d4ad785009c134298ad52a802a4b23043ff5051f6,reports,报告/文档,False,False,False,True,False,False,False,False,False,False,迁移到任务工作包或项目级摘要
reports/archive/cleanup_2026-04-14/raw_data_validation_proposal_FINAL_SiChuan_2023_ALL_DATA.en.md,raw_data_validation_proposal_FINAL_SiChuan_2023_ALL_DATA.en.md,.md,4271,2026-04-14T17:23:24,d5d256e083f12155093676b5395a3cfd3f6077a85189ad5f345e4ab325d4d997,reports,报告/文档,False,False,False,True,False,False,False,False,False,False,迁移到任务工作包或项目级摘要
reports/archive/cleanup_2026-04-14/raw_data_validation_proposal_FINAL_SiChuan_2023_ALL_DATA.md,raw_data_validation_proposal_FINAL_SiChuan_2023_ALL_DATA.md,.md,4317,2026-04-14T17:33:10,bb83a42784c881cbf1a4b8a0bd8d68c3c08d54851c0ce96da4d949628c21d533,reports,报告/文档,False,False,False,True,False,False,False,False,False,False,迁移到任务工作包或项目级摘要
reports/archive/cleanup_2026-04-14/raw_data_validation_report_FINAL_SiChuan_2023_ALL_DATA.md,raw_data_validation_report_FINAL_SiChuan_2023_ALL_DATA.md,.md,8055,2026-04-14T17:40:16,99c720acb1ba72de150498be701c7b63826d8c31513a1d6f2f217c4547f5559f,reports,报告/文档,False,False,False,True,False,False,False,False,False,False,迁移到任务工作包或项目级摘要
reports/archive/cleanup_2026-04-14/tables/raw_data_validation_summary_FINAL_SiChuan_2023_ALL_DATA.csv,raw_data_validation_summary_FINAL_SiChuan_2023_ALL_DATA.csv,.csv,7728,2026-04-14T17:40:16,8d9cf21af74fc121806a0c2d8ba57980383c990894228a52baea75eba46673b1,reports,表格,False,False,False,True,True,False,False,False,False,False,迁移到任务工作包或项目级摘要
reports/category_reports/FINAL_SiChuan_2023_ALL_DATA/乳及乳制品.md,乳及乳制品.md,.md,1691,2026-04-14T18:09:12,4d71922d6580e9bc9f0c243e05262702d592e43f0004c67b86ee4ddc439f60eb,reports,报告/文档,False,False,False,True,False,False,False,False,False,False,迁移到任务工作包或项目级摘要
reports/category_reports/FINAL_SiChuan_2023_ALL_DATA/保健食品.md,保健食品.md,.md,1813,2026-04-14T18:09:12,11397a30c735b1f938fc01fe1ea460fc0a26c23363d6d6d98dee486cb47cb2f1,reports,报告/文档,False,False,False,True,False,False,False,False,False,False,迁移到任务工作包或项目级摘要
reports/category_reports/FINAL_SiChuan_2023_ALL_DATA/其他_待复核.md,其他_待复核.md,.md,9069,2026-04-14T18:09:12,9cccc5001be74c639f708402496caa631eef069475f2c33f4b17fe8a64c6f150,reports,报告/文档,False,False,False,True,False,False,False,False,False,False,迁移到任务工作包或项目级摘要
reports/category_reports/FINAL_SiChuan_2023_ALL_DATA/坚果和籽类.md,坚果和籽类.md,.md,1059,2026-04-14T18:09:12,ab3f33057b61ccc10cd0ea83cd61ed5bdf37adba779efe5ad93783880237a61b,reports,报告/文档,False,False,False,True,False,False,False,False,False,False,迁移到任务工作包或项目级摘要
reports/category_reports/FINAL_SiChuan_2023_ALL_DATA/方便食品.md,方便食品.md,.md,1434,2026-04-14T18:09:12,486ae5e2953c90919c4829a7b1feb216c51f587e5ba2269f0bf4067667f715a1,reports,报告/文档,False,False,False,True,False,False,False,False,False,False,迁移到任务工作包或项目级摘要
reports/category_reports/FINAL_SiChuan_2023_ALL_DATA/水产及水产制品.md,水产及水产制品.md,.md,1107,2026-04-14T18:09:12,33bdd354a015d558c8a1d4282193e37144686b3a6b2e2ba4c31984bd91eb89a0,reports,报告/文档,False,False,False,True,False,False,False,False,False,False,迁移到任务工作包或项目级摘要
reports/category_reports/FINAL_SiChuan_2023_ALL_DATA/水果及水果制品.md,水果及水果制品.md,.md,8291,2026-04-14T18:09:12,30eef1f3f014eafd0488097eb7b017c0ae19a51bdff3344590210a3b5a1f2232,reports,报告/文档,False,False,False,True,False,False,False,False,False,False,迁移到任务工作包或项目级摘要
reports/category_reports/FINAL_SiChuan_2023_ALL_DATA/淀粉及淀粉制品.md,淀粉及淀粉制品.md,.md,1152,2026-04-14T18:09:12,4c56ab4414c8e6816c6a97c2a95745a48cb1c8c67fec10cc2f0a787f6a2e7134,reports,报告/文档,False,False,False,True,False,False,False,False,False,False,迁移到任务工作包或项目级摘要
reports/category_reports/FINAL_SiChuan_2023_ALL_DATA/焙烤食品.md,焙烤食品.md,.md,1349,2026-04-14T18:09:12,99f54930d34e2307ff7d2d6b2dfadbb61374962c984f538ef257ba423fc3ca5e,reports,报告/文档,False,False,False,True,False,False,False,False,False,False,迁移到任务工作包或项目级摘要
reports/category_reports/FINAL_SiChuan_2023_ALL_DATA/特殊膳食食品.md,特殊膳食食品.md,.md,2824,2026-04-14T18:09:12,c088a3156f63ce0f4e57bb39c69dffb8ef72f88dfde5c4394629d32f17b82d1f,reports,报告/文档,False,False,False,True,False,False,False,False,False,False,迁移到任务工作包或项目级摘要
reports/category_reports/FINAL_SiChuan_2023_ALL_DATA/粮食及粮食制品.md,粮食及粮食制品.md,.md,7825,2026-04-14T18:09:12,9d9186cf9d4d63785fb08e7d1b7607553f73f03d8f883a08fb7bebfe84076d06,reports,报告/文档,False,False,False,True,False,False,False,False,False,False,迁移到任务工作包或项目级摘要
reports/category_reports/FINAL_SiChuan_2023_ALL_DATA/糖果巧克力及果冻.md,糖果巧克力及果冻.md,.md,1616,2026-04-14T18:09:12,50aba2df8ee6e9fdb155885b556bc7ab42d05dd8acc88d5c56150692ce4de99b,reports,报告/文档,False,False,False,True,False,False,False,False,False,False,迁移到任务工作包或项目级摘要
reports/category_reports/FINAL_SiChuan_2023_ALL_DATA/肉及肉制品.md,肉及肉制品.md,.md,2120,2026-04-14T18:09:12,421070b7403ee0fe4f4d560d1631936be9c6776bda6a60d0b7a3c7377025ad16,reports,报告/文档,False,False,False,True,False,False,False,False,False,False,迁移到任务工作包或项目级摘要
reports/category_reports/FINAL_SiChuan_2023_ALL_DATA/茶叶及相关制品.md,茶叶及相关制品.md,.md,1368,2026-04-14T18:09:12,cea43e370537d2dcf57c53c73edae31eb3a6472572a9f306a5763fa29f0bcc50,reports,报告/文档,False,False,False,True,False,False,False,False,False,False,迁移到任务工作包或项目级摘要
reports/category_reports/FINAL_SiChuan_2023_ALL_DATA/蔬菜及蔬菜制品.md,蔬菜及蔬菜制品.md,.md,9527,2026-04-14T18:09:12,8d9dc7baa81e3bc9593e01a8bfb166907ac20f7cdea0b9dc5190eec01feb960e,reports,报告/文档,False,False,False,True,False,False,False,False,False,False,迁移到任务工作包或项目级摘要
reports/category_reports/FINAL_SiChuan_2023_ALL_DATA/薯类及膨化食品.md,薯类及膨化食品.md,.md,1483,2026-04-14T18:09:12,8dcd3bdd06ac106dca7211becbdfc05381c51d0aa8a7889126eabfb5617f6a96,reports,报告/文档,False,False,False,True,False,False,False,False,False,False,迁移到任务工作包或项目级摘要
reports/category_reports/FINAL_SiChuan_2023_ALL_DATA/蛋及蛋制品.md,蛋及蛋制品.md,.md,1258,2026-04-14T18:09:12,2da96edfc008e7a82c680cbe2d6f44995f27138efb754c9447f27394d4100872,reports,报告/文档,False,False,False,True,False,False,False,False,False,False,迁移到任务工作包或项目级摘要
reports/category_reports/FINAL_SiChuan_2023_ALL_DATA/蜂产品.md,蜂产品.md,.md,1156,2026-04-14T18:09:12,ca4e2139be272c9e1b0f124c6e29f84810a60aa4a1303ff6f6fbabb411fdeac5,reports,报告/文档,False,False,False,True,False,False,False,False,False,False,迁移到任务工作包或项目级摘要
reports/category_reports/FINAL_SiChuan_2023_ALL_DATA/调味品.md,调味品.md,.md,1858,2026-04-14T18:09:12,61923ec070abeced0b22a54338721ecc4258a7912097161aa54d5e6ddc9aa3ab,reports,报告/文档,False,False,False,True,False,False,False,False,False,False,迁移到任务工作包或项目级摘要
reports/category_reports/FINAL_SiChuan_2023_ALL_DATA/豆及豆制品.md,豆及豆制品.md,.md,1160,2026-04-14T18:09:12,c87b0d726cc04d067488aae79107b7093181696a56972a9884720d3ee8efb112,reports,报告/文档,False,False,False,True,False,False,False,False,False,False,迁移到任务工作包或项目级摘要
reports/category_reports/FINAL_SiChuan_2023_ALL_DATA/速冻食品.md,速冻食品.md,.md,1323,2026-04-14T18:09:12,d6beadb5c6bcb5ef63d7c344963818ee1f35d958df1e4bee4d9b01b4aa173b05,reports,报告/文档,False,False,False,True,False,False,False,False,False,False,迁移到任务工作包或项目级摘要
reports/category_reports/FINAL_SiChuan_2023_ALL_DATA/酒类.md,酒类.md,.md,1277,2026-04-14T18:09:12,8786c7d3390442eaa3924e8a6eafa4c0d64c3f74d36eca35fabd7e1b4005b690,reports,报告/文档,False,False,False,True,False,False,False,False,False,False,迁移到任务工作包或项目级摘要
reports/category_reports/FINAL_SiChuan_2023_ALL_DATA/食用油、油脂及其制品.md,食用油、油脂及其制品.md,.md,1279,2026-04-14T18:09:12,1c08728f91cc583b17593b6b5fec721840726a81e2959a2bc4ff325bdf914281,reports,报告/文档,False,False,False,True,False,False,False,False,False,False,迁移到任务工作包或项目级摘要
reports/category_reports/FINAL_SiChuan_2023_ALL_DATA/食糖.md,食糖.md,.md,1120,2026-04-14T18:09:12,d35156fc2c6c9f441438f046555d2106915b52b0a7c84bf580c7dbf88b4a68d5,reports,报告/文档,False,False,False,True,False,False,False,False,False,False,迁移到任务工作包或项目级摘要
reports/category_reports/FINAL_SiChuan_2023_ALL_DATA/餐饮相关.md,餐饮相关.md,.md,1182,2026-04-14T18:09:12,022a827063d5b8dcabb49f27c17df169811ad7b56588ea1990a360024814acd1,reports,报告/文档,False,False,False,True,False,False,False,False,False,False,迁移到任务工作包或项目级摘要
reports/category_reports/FINAL_SiChuan_2023_ALL_DATA/餐饮食品.md,餐饮食品.md,.md,8121,2026-04-14T18:09:12,8ffb9243ade533db2fcbf9d0b65fc35d442cbd4d806b3c963ec62e989612210f,reports,报告/文档,False,False,False,True,False,False,False,False,False,False,迁移到任务工作包或项目级摘要
reports/category_reports/FINAL_SiChuan_2023_ALL_DATA/饮料.md,饮料.md,.md,1959,2026-04-14T18:09:12,0a909a6e33315a98b9746827fcea1c95f907b696901121b00b9020f54050a519,reports,报告/文档,False,False,False,True,False,False,False,False,False,False,迁移到任务工作包或项目级摘要
reports/figures/README.md,README.md,.md,122,2026-04-24T22:44:05,240091bd38cdac2f5ef5ff1dc1924959b95dae87428b2190a75ec1324916c039,reports,报告/文档,False,False,False,True,False,False,False,False,True,False,hash重复，删除或保留canonical副本
reports/figures/latest/README.md,README.md,.md,122,2026-04-24T22:44:05,240091bd38cdac2f5ef5ff1dc1924959b95dae87428b2190a75ec1324916c039,reports,报告/文档,False,False,False,True,False,False,False,False,True,False,hash重复，删除或保留canonical副本
reports/figures/latest/peanut_afb1_concentration_distribution.svg,peanut_afb1_concentration_distribution.svg,.svg,10946,2026-04-24T19:08:40,e292873db62ab45d74291e2d2b912f34db0ebf8636e3e84c8e1984069ae99806,reports,图表,False,False,False,True,False,True,False,False,True,False,hash重复，删除或保留canonical副本
reports/figures/latest/peanut_afb1_record_distribution.svg,peanut_afb1_record_distribution.svg,.svg,1993,2026-04-24T19:08:40,95d7470b872367f34496f5db9b934d90225cfbe5eb6ce5cea133ec4faa28a95d,reports,图表,False,False,False,True,False,True,False,False,True,False,hash重复，删除或保留canonical副本
reports/figures/latest/peanut_category_risk_ranking.svg,peanut_category_risk_ranking.svg,.svg,6617,2026-04-24T19:08:40,9b0bb8b9b2d534b0ba044173ee78cdcafc2546bbe81f0e92f8e845904eb9cc44,reports,图表,False,False,False,True,False,True,False,False,True,False,hash重复，删除或保留canonical副本
reports/figures/latest/peanut_data_quality_issues.svg,peanut_data_quality_issues.svg,.svg,2922,2026-04-24T19:08:40,82d70f1a017777212c7e3b1eaaeb0d5779487a3d2f4edb827aff4896033a6d17,reports,图表,False,False,False,True,False,True,False,False,True,False,hash重复，删除或保留canonical副本
reports/figures/latest/peanut_region_risk_ranking.svg,peanut_region_risk_ranking.svg,.svg,6933,2026-04-24T19:08:40,b60a5115a433383e51b8d4e1a12115eb64f78ab65249215914810487435f01c7,reports,图表,False,False,False,True,False,True,False,False,True,False,hash重复，删除或保留canonical副本
reports/figures/latest/peanut_stage_risk_comparison.svg,peanut_stage_risk_comparison.svg,.svg,2020,2026-04-24T19:08:40,1c0e1cc035fc7889bd601880725a1ad25d0703ad5687772c4c9a8b688edd3f8a,reports,图表,False,False,False,True,False,True,False,False,True,False,hash重复，删除或保留canonical副本
reports/figures/latest/peanut_year_noncompliance_rate.svg,peanut_year_noncompliance_rate.svg,.svg,1089,2026-04-24T19:08:40,f13d3d7e9f0295a2a564a58dff24a098ceb877745cc8a2e84bf702af3f2c18ca,reports,图表,False,False,False,True,False,True,False,False,True,False,hash重复，删除或保留canonical副本
reports/figures/latest/peanut_year_sample_count.svg,peanut_year_sample_count.svg,.svg,1247,2026-04-24T19:08:40,b657b086fc4497873a9ea79ce23e99d6c53d3e740a31b7dc1c91909716f44557,reports,图表,False,False,False,True,False,True,False,False,True,False,hash重复，删除或保留canonical副本
reports/figures/peanut_afb1_concentration_distribution.svg,peanut_afb1_concentration_distribution.svg,.svg,10946,2026-04-24T19:08:40,e292873db62ab45d74291e2d2b912f34db0ebf8636e3e84c8e1984069ae99806,reports,图表,False,False,False,True,False,True,False,False,True,False,hash重复，删除或保留canonical副本
reports/figures/peanut_afb1_record_distribution.svg,peanut_afb1_record_distribution.svg,.svg,1993,2026-04-24T19:08:40,95d7470b872367f34496f5db9b934d90225cfbe5eb6ce5cea133ec4faa28a95d,reports,图表,False,False,False,True,False,True,False,False,True,False,hash重复，删除或保留canonical副本
reports/figures/peanut_category_risk_ranking.svg,peanut_category_risk_ranking.svg,.svg,6617,2026-04-24T19:08:40,9b0bb8b9b2d534b0ba044173ee78cdcafc2546bbe81f0e92f8e845904eb9cc44,reports,图表,False,False,False,True,False,True,False,False,True,False,hash重复，删除或保留canonical副本
reports/figures/peanut_data_quality_issues.svg,peanut_data_quality_issues.svg,.svg,2922,2026-04-24T19:08:40,82d70f1a017777212c7e3b1eaaeb0d5779487a3d2f4edb827aff4896033a6d17,reports,图表,False,False,False,True,False,True,False,False,True,False,hash重复，删除或保留canonical副本
reports/figures/peanut_region_risk_ranking.svg,peanut_region_risk_ranking.svg,.svg,6933,2026-04-24T19:08:40,b60a5115a433383e51b8d4e1a12115eb64f78ab65249215914810487435f01c7,reports,图表,False,False,False,True,False,True,False,False,True,False,hash重复，删除或保留canonical副本
reports/figures/peanut_stage_risk_comparison.svg,peanut_stage_risk_comparison.svg,.svg,2020,2026-04-24T19:08:40,1c0e1cc035fc7889bd601880725a1ad25d0703ad5687772c4c9a8b688edd3f8a,reports,图表,False,False,False,True,False,True,False,False,True,False,hash重复，删除或保留canonical副本
reports/figures/peanut_year_noncompliance_rate.svg,peanut_year_noncompliance_rate.svg,.svg,1089,2026-04-24T19:08:40,f13d3d7e9f0295a2a564a58dff24a098ceb877745cc8a2e84bf702af3f2c18ca,reports,图表,False,False,False,True,False,True,False,False,True,False,hash重复，删除或保留canonical副本
reports/figures/peanut_year_sample_count.svg,peanut_year_sample_count.svg,.svg,1247,2026-04-24T19:08:40,b657b086fc4497873a9ea79ce23e99d6c53d3e740a31b7dc1c91909716f44557,reports,图表,False,False,False,True,False,True,False,False,True,False,hash重复，删除或保留canonical副本
reports/latest/README.md,README.md,.md,140,2026-04-24T22:44:05,8d63b06f92d3a3b614bae51cb6735ac9fa64287dca206e29f3a2d9031f5fa2ac,reports,报告/文档,False,False,False,True,False,False,False,False,False,False,迁移到任务工作包或项目级摘要
reports/latest/peanut_beta_binomial_belief_update_report.md,peanut_beta_binomial_belief_update_report.md,.md,6106,2026-04-24T20:48:45,3f587809d4429ddd00826c77de945b4a75ace140649d20b3e6a31d0ebadf5c57,reports,报告/文档,False,False,False,True,False,False,False,False,True,False,hash重复，删除或保留canonical副本
reports/latest/peanut_cleaning_report.md,peanut_cleaning_report.md,.md,987,2026-04-24T20:48:45,7f832f199ee23296b51a9efe02a93096e8426a77e7b113a01db9a0e11d0f8c10,reports,报告/文档,False,False,False,True,False,False,False,False,True,False,hash重复，删除或保留canonical副本
reports/latest/peanut_concentration_cleaning_report.md,peanut_concentration_cleaning_report.md,.md,5150,2026-04-24T20:48:45,1a315376a0c8c83ae686d0f3467e93ce40daa17067b524cb019e4719b3c2ed93,reports,报告/文档,False,False,False,True,False,False,False,False,True,False,hash重复，删除或保留canonical副本
reports/latest/peanut_full_workflow_summary.md,peanut_full_workflow_summary.md,.md,18437,2026-04-24T19:08:40,97811b85b3bc128aa7c23ced436667af41283c32e3f9de215cc01c0155edffdb,reports,报告/文档,False,False,False,True,False,False,False,False,True,False,hash重复，删除或保留canonical副本
reports/latest/peanut_moe_edi_error_log.md,peanut_moe_edi_error_log.md,.md,1094,2026-04-24T21:32:10,7caa279262e48093382cc70f28ab12169c2dc2a31172f040f6d33b0e7376dc1c,reports,报告/文档,False,False,False,True,False,False,False,False,True,False,hash重复，删除或保留canonical副本
reports/latest/peanut_moe_edi_external_parameter_matching_report.md,peanut_moe_edi_external_parameter_matching_report.md,.md,6919,2026-04-24T21:32:10,f9b9324be0c75b0c414e3d2c818a582056913aedb8b35724ab168947b94e760f,reports,报告/文档,False,False,False,True,False,False,False,False,True,False,hash重复，删除或保留canonical副本
reports/latest/peanut_pre_dqn_readiness_after_moe_edi.md,peanut_pre_dqn_readiness_after_moe_edi.md,.md,1981,2026-04-24T21:32:10,332b24b25f4bd3988c06bd2cd3a85c3da66607ade72595005afc0f85c6893f96,reports,报告/文档,False,False,False,True,False,False,False,False,True,False,hash重复，删除或保留canonical副本
reports/latest/peanut_upstream_repair_log.md,peanut_upstream_repair_log.md,.md,759,2026-04-24T20:49:34,ffc844d69a594f7b7b4db2d90b758b9c494163c138ceb44212a0e950329031ae,reports,报告/文档,False,False,False,True,False,False,False,False,True,False,hash重复，删除或保留canonical副本
reports/latest/peanut_upstream_verification_report.md,peanut_upstream_verification_report.md,.md,2605,2026-04-24T20:49:34,4abd5f30125c02724064870789d5209106110da47115941ff1f2f05c9828620a,reports,报告/文档,False,False,False,True,False,False,False,False,True,False,hash重复，删除或保留canonical副本
reports/latest/peanut_workflow_run_summary.json,peanut_workflow_run_summary.json,.json,1986,2026-04-24T19:08:40,436400eb2bf0b4faab38a676ab4bc40c6914d03b09057970ba8b5566704a8c21,reports,配置/索引,False,False,True,True,False,False,False,False,True,False,hash重复，删除或保留canonical副本
reports/latest/project_whole_workspace_organization_report.md,project_whole_workspace_organization_report.md,.md,8990,2026-04-24T22:44:05,b8b162cd65338d6deb9592608eb0f4ab883087ec89786d7e758d2f91b0cdb2e0,reports,报告/文档,False,False,False,True,False,False,False,False,True,False,hash重复，删除或保留canonical副本
reports/latest/workflow_run_package_restructure_report.md,workflow_run_package_restructure_report.md,.md,4199,2026-04-24T23:57:49,db530f98c5b5efc679d1482e53d4adb657d9e314a0afb55580e7669f6a9ad930,reports,报告/文档,False,False,False,True,False,False,False,False,True,False,hash重复，删除或保留canonical副本
reports/peanut_beta_binomial_belief_update_report.md,peanut_beta_binomial_belief_update_report.md,.md,6106,2026-04-24T20:48:45,3f587809d4429ddd00826c77de945b4a75ace140649d20b3e6a31d0ebadf5c57,reports,报告/文档,False,False,False,True,False,False,False,False,True,False,hash重复，删除或保留canonical副本
reports/peanut_cleaning_report.md,peanut_cleaning_report.md,.md,987,2026-04-24T20:48:45,7f832f199ee23296b51a9efe02a93096e8426a77e7b113a01db9a0e11d0f8c10,reports,报告/文档,False,False,False,True,False,False,False,False,True,False,hash重复，删除或保留canonical副本
reports/peanut_concentration_cleaning_report.md,peanut_concentration_cleaning_report.md,.md,5150,2026-04-24T20:48:45,1a315376a0c8c83ae686d0f3467e93ce40daa17067b524cb019e4719b3c2ed93,reports,报告/文档,False,False,False,True,False,False,False,False,True,False,hash重复，删除或保留canonical副本
reports/peanut_full_workflow_summary.md,peanut_full_workflow_summary.md,.md,18437,2026-04-24T19:08:40,97811b85b3bc128aa7c23ced436667af41283c32e3f9de215cc01c0155edffdb,reports,报告/文档,False,False,False,True,False,False,False,False,True,False,hash重复，删除或保留canonical副本
reports/peanut_moe_edi_error_log.md,peanut_moe_edi_error_log.md,.md,1094,2026-04-24T21:32:10,7caa279262e48093382cc70f28ab12169c2dc2a31172f040f6d33b0e7376dc1c,reports,报告/文档,False,False,False,True,False,False,False,False,True,False,hash重复，删除或保留canonical副本
reports/peanut_moe_edi_external_parameter_matching_report.md,peanut_moe_edi_external_parameter_matching_report.md,.md,6919,2026-04-24T21:32:10,f9b9324be0c75b0c414e3d2c818a582056913aedb8b35724ab168947b94e760f,reports,报告/文档,False,False,False,True,False,False,False,False,True,False,hash重复，删除或保留canonical副本
reports/peanut_pre_dqn_readiness_after_moe_edi.md,peanut_pre_dqn_readiness_after_moe_edi.md,.md,1981,2026-04-24T21:32:10,332b24b25f4bd3988c06bd2cd3a85c3da66607ade72595005afc0f85c6893f96,reports,报告/文档,False,False,False,True,False,False,False,False,True,False,hash重复，删除或保留canonical副本
reports/peanut_upstream_repair_log.md,peanut_upstream_repair_log.md,.md,759,2026-04-24T20:49:34,ffc844d69a594f7b7b4db2d90b758b9c494163c138ceb44212a0e950329031ae,reports,报告/文档,False,False,False,True,False,False,False,False,True,False,hash重复，删除或保留canonical副本
reports/peanut_upstream_verification_report.md,peanut_upstream_verification_report.md,.md,2605,2026-04-24T20:49:34,4abd5f30125c02724064870789d5209106110da47115941ff1f2f05c9828620a,reports,报告/文档,False,False,False,True,False,False,False,False,True,False,hash重复，删除或保留canonical副本
reports/peanut_workflow_run_summary.json,peanut_workflow_run_summary.json,.json,1986,2026-04-24T19:08:40,436400eb2bf0b4faab38a676ab4bc40c6914d03b09057970ba8b5566704a8c21,reports,配置/索引,False,False,True,True,False,False,False,False,True,False,hash重复，删除或保留canonical副本
reports/tables/README.md,README.md,.md,127,2026-04-24T22:44:05,2f963407d69828b3929d41bf6da24314a5af3094474039f360c714ae8cd0b1fc,reports,报告/文档,False,False,False,True,False,False,False,False,False,False,迁移到任务工作包或项目级摘要
reports/tables/category_mapping_FINAL_SiChuan_2023_ALL_DATA.csv,category_mapping_FINAL_SiChuan_2023_ALL_DATA.csv,.csv,102759,2026-04-14T18:09:12,c4c13a71c3a0270e7ecbb7fd3bc0b055c55a9e034933d485b1d4c5bb575d9b44,reports,表格,False,False,False,True,True,False,False,False,False,False,迁移到任务工作包或项目级摘要
reports/tables/category_taxonomy_FINAL_SiChuan_2023_ALL_DATA.csv,category_taxonomy_FINAL_SiChuan_2023_ALL_DATA.csv,.csv,49803,2026-04-14T18:09:12,7c858b14957079a4d07495ab657e49b7aba5b98e973e67a516483383eb072d4d,reports,表格,False,False,False,True,True,False,False,False,False,False,迁移到任务工作包或项目级摘要
reports/tables/latest/peanut_belief_state_latest.csv,peanut_belief_state_latest.csv,.csv,148161,2026-04-24T20:48:45,f040545e3b3f8f837c0238e62195f7d1e4897ecb5c4e5b832f103aff73793e46,reports,表格,False,False,False,True,True,False,False,False,True,False,hash重复，删除或保留canonical副本
reports/tables/latest/peanut_belief_state_summary_by_stage.csv,peanut_belief_state_summary_by_stage.csv,.csv,794,2026-04-24T20:48:45,0534fbc9d2d6315bb77332be686f06ae4d1587d73c4c2fb2fdf4dd0ea968bb4b,reports,表格,False,False,False,True,True,False,False,False,True,False,hash重复，删除或保留canonical副本
reports/tables/latest/peanut_cleaning_issue_log.csv,peanut_cleaning_issue_log.csv,.csv,401,2026-04-24T20:48:43,262a4e91a9c919f4f1916cb4126a60f2b5a5f2b4a760a5b97c439dd53a3aabde,reports,表格,False,False,False,True,True,False,False,False,True,False,hash重复，删除或保留canonical副本
reports/tables/latest/peanut_concentration_audit_findings.csv,peanut_concentration_audit_findings.csv,.csv,475,2026-04-24T20:49:34,328cf090827668cb767a19eb2a3fc454fb30878e640202bcc304211cb9b6eb4b,reports,表格,False,False,False,True,True,False,False,False,True,False,hash重复，删除或保留canonical副本
reports/tables/latest/peanut_data_quality_summary.csv,peanut_data_quality_summary.csv,.csv,401,2026-04-24T20:48:43,262a4e91a9c919f4f1916cb4126a60f2b5a5f2b4a760a5b97c439dd53a3aabde,reports,表格,False,False,False,True,True,False,False,False,True,False,hash重复，删除或保留canonical副本
reports/tables/latest/peanut_label_dictionary.csv,peanut_label_dictionary.csv,.csv,475,2026-04-24T19:08:39,add84d52c5fc08adcd9380fd47d5e4fcd31d48d7acff063613a78ca06d674be4,reports,表格,False,False,False,True,True,False,False,False,True,False,hash重复，删除或保留canonical副本
reports/tables/latest/peanut_risk_summary_by_category.csv,peanut_risk_summary_by_category.csv,.csv,1244,2026-04-24T19:08:40,8e434d6130c230727d2853668381523b3537c46ac75bab711e576bb053505faa,reports,表格,False,False,False,True,True,False,False,False,True,False,hash重复，删除或保留canonical副本
reports/tables/latest/peanut_risk_summary_by_region.csv,peanut_risk_summary_by_region.csv,.csv,2134,2026-04-24T19:08:40,5fe3aaf5b05c0db7bdfb3b6b6b71160357ab0ce76b2647f1ed60dab999aba478,reports,表格,False,False,False,True,True,False,False,False,True,False,hash重复，删除或保留canonical副本
reports/tables/latest/peanut_risk_summary_by_stage.csv,peanut_risk_summary_by_stage.csv,.csv,454,2026-04-24T19:08:40,e3e165d324f99fb342314c2c9d6bfee38b6c2ba6a1569cf0e50613129b20b79c,reports,表格,False,False,False,True,True,False,False,False,True,False,hash重复，删除或保留canonical副本
reports/tables/latest/peanut_risk_summary_by_year.csv,peanut_risk_summary_by_year.csv,.csv,323,2026-04-24T19:08:40,b249bcf8fbe30436a19e993e7487945bf1e80cb248e5bc6e0331bbf62ed1fe47,reports,表格,False,False,False,True,True,False,False,False,True,False,hash重复，删除或保留canonical副本
reports/tables/latest/peanut_variable_dictionary.csv,peanut_variable_dictionary.csv,.csv,3032,2026-04-24T19:08:39,2594e919c98f8a27aa1d0a8fbc6daa15eca0ad86441f980889f254f9ff8ec3b8,reports,表格,False,False,False,True,True,False,False,False,True,False,hash重复，删除或保留canonical副本
reports/tables/latest/schema_inventory_PEANUT2023-20241.csv,schema_inventory_PEANUT2023-20241.csv,.csv,8076,2026-04-24T19:06:31,0baf6b52b2061f61e8940b94e32a1c7e02451d4482f890b5a66fa921d408c1da,reports,表格,False,False,False,True,True,False,False,False,True,False,hash重复，删除或保留canonical副本
reports/tables/peanut_belief_state_latest.csv,peanut_belief_state_latest.csv,.csv,148161,2026-04-24T20:48:45,f040545e3b3f8f837c0238e62195f7d1e4897ecb5c4e5b832f103aff73793e46,reports,表格,False,False,False,True,True,False,False,False,True,False,hash重复，删除或保留canonical副本
reports/tables/peanut_belief_state_summary_by_stage.csv,peanut_belief_state_summary_by_stage.csv,.csv,794,2026-04-24T20:48:45,0534fbc9d2d6315bb77332be686f06ae4d1587d73c4c2fb2fdf4dd0ea968bb4b,reports,表格,False,False,False,True,True,False,False,False,True,False,hash重复，删除或保留canonical副本
reports/tables/peanut_cleaning_issue_log.csv,peanut_cleaning_issue_log.csv,.csv,401,2026-04-24T20:48:43,262a4e91a9c919f4f1916cb4126a60f2b5a5f2b4a760a5b97c439dd53a3aabde,reports,表格,False,False,False,True,True,False,False,False,True,False,hash重复，删除或保留canonical副本
reports/tables/peanut_concentration_audit_findings.csv,peanut_concentration_audit_findings.csv,.csv,475,2026-04-24T20:49:34,328cf090827668cb767a19eb2a3fc454fb30878e640202bcc304211cb9b6eb4b,reports,表格,False,False,False,True,True,False,False,False,True,False,hash重复，删除或保留canonical副本
reports/tables/peanut_data_quality_summary.csv,peanut_data_quality_summary.csv,.csv,401,2026-04-24T20:48:43,262a4e91a9c919f4f1916cb4126a60f2b5a5f2b4a760a5b97c439dd53a3aabde,reports,表格,False,False,False,True,True,False,False,False,True,False,hash重复，删除或保留canonical副本
reports/tables/peanut_label_dictionary.csv,peanut_label_dictionary.csv,.csv,475,2026-04-24T19:08:39,add84d52c5fc08adcd9380fd47d5e4fcd31d48d7acff063613a78ca06d674be4,reports,表格,False,False,False,True,True,False,False,False,True,False,hash重复，删除或保留canonical副本
reports/tables/peanut_risk_summary_by_category.csv,peanut_risk_summary_by_category.csv,.csv,1244,2026-04-24T19:08:40,8e434d6130c230727d2853668381523b3537c46ac75bab711e576bb053505faa,reports,表格,False,False,False,True,True,False,False,False,True,False,hash重复，删除或保留canonical副本
reports/tables/peanut_risk_summary_by_region.csv,peanut_risk_summary_by_region.csv,.csv,2134,2026-04-24T19:08:40,5fe3aaf5b05c0db7bdfb3b6b6b71160357ab0ce76b2647f1ed60dab999aba478,reports,表格,False,False,False,True,True,False,False,False,True,False,hash重复，删除或保留canonical副本
reports/tables/peanut_risk_summary_by_stage.csv,peanut_risk_summary_by_stage.csv,.csv,454,2026-04-24T19:08:40,e3e165d324f99fb342314c2c9d6bfee38b6c2ba6a1569cf0e50613129b20b79c,reports,表格,False,False,False,True,True,False,False,False,True,False,hash重复，删除或保留canonical副本
reports/tables/peanut_risk_summary_by_year.csv,peanut_risk_summary_by_year.csv,.csv,323,2026-04-24T19:08:40,b249bcf8fbe30436a19e993e7487945bf1e80cb248e5bc6e0331bbf62ed1fe47,reports,表格,False,False,False,True,True,False,False,False,True,False,hash重复，删除或保留canonical副本
reports/tables/peanut_variable_dictionary.csv,peanut_variable_dictionary.csv,.csv,3032,2026-04-24T19:08:39,2594e919c98f8a27aa1d0a8fbc6daa15eca0ad86441f980889f254f9ff8ec3b8,reports,表格,False,False,False,True,True,False,False,False,True,False,hash重复，删除或保留canonical副本
reports/tables/schema_inventory_PEANUT2023-20241.csv,schema_inventory_PEANUT2023-20241.csv,.csv,8076,2026-04-24T19:06:31,0baf6b52b2061f61e8940b94e32a1c7e02451d4482f890b5a66fa921d408c1da,reports,表格,False,False,False,True,True,False,False,False,True,False,hash重复，删除或保留canonical副本
requirements.txt,requirements.txt,.txt,72,2026-04-24T18:03:39,27d95bebe48861f72136fe31c88218414850f1bf42e42127260e55659b7d2ab1,requirements.txt,报告/文档,False,False,True,True,False,False,False,False,False,False,保留或索引
scripts/audit_and_repair_peanut_upstream.py,audit_and_repair_peanut_upstream.py,.py,36490,2026-04-24T20:47:30,96c49728135e07c499ce94c49644003c76fa557b446a2e73128592c18e4bc148,scripts,代码,False,True,False,False,False,False,False,False,False,False,根目录散落文件，归类或待复核
scripts/organize_workspace.py,organize_workspace.py,.py,43477,2026-04-24T22:44:00,dc7137f94184ff9bc98815324f5a52efec6c404bb044a169c806cebd9273fe29,scripts,代码,False,True,False,False,False,False,False,False,True,False,hash重复，删除或保留canonical副本
scripts/peanut_moe_edi_external_params.py,peanut_moe_edi_external_params.py,.py,43903,2026-04-24T21:32:02,3fcc76c490776e840f67eac6aa27c8567b926898d6897851b90e4fd37e0dbf4b,scripts,代码,False,True,False,False,False,False,False,False,False,False,根目录散落文件，归类或待复核
scripts/run_package_restructure.py,run_package_restructure.py,.py,40625,2026-04-24T23:57:41,1027af53f2bf51b8b9834e24f5bb524589930d153c7c57346ba9a93800207673,scripts,代码,False,True,False,False,False,False,False,False,True,False,hash重复，删除或保留canonical副本
scripts/run_peanut_beta_belief_update.py,run_peanut_beta_belief_update.py,.py,23006,2026-04-24T19:24:34,488290a42b1d7c39ecc317dc2db73093302b542acdd4d44516fe76d9fd9d6116,scripts,代码,False,True,False,False,False,False,False,False,False,False,根目录散落文件，归类或待复核
scripts/run_peanut_risk_workflow.py,run_peanut_risk_workflow.py,.py,58376,2026-04-24T19:06:07,c7235d9e44e4154f1a40035aca462563dcacd362f72117afd70b58488d82e6e5,scripts,代码,False,True,False,False,False,False,False,False,False,False,根目录散落文件，归类或待复核
skills/artifact-organizer/SKILL.md,SKILL.md,.md,1105,2026-04-24T23:56:53,cbb681f05a099364183b1b0597d571999fbcb917018d3927b5294663465fbb57,skills,报告/文档,False,False,False,True,False,False,False,False,True,False,hash重复，删除或保留canonical副本
skills/autonomous-research-orchestrator/SKILL.md,SKILL.md,.md,4966,2026-04-24T18:23:31,546c13bad3d2bca2124c6bdc2c4032db7392b63054a40922e58178feb2c9d70c,skills,报告/文档,False,False,False,True,False,False,False,False,False,False,保留或索引
skills/baseline-trainer/SKILL.md,SKILL.md,.md,1077,2026-04-14T17:42:30,39f9074195c69d71c4a75d2b124be7b4351f878e3c666c5f246f107855665e68,skills,报告/文档,False,False,False,True,False,False,False,False,False,False,保留或索引
skills/concentration-cleaning-auditor/SKILL.md,SKILL.md,.md,3137,2026-04-24T20:40:35,eae84015ddf2b793aba80b75f5a2ae4b82ce5443db09111cca8f3a67ee1857ef,skills,报告/文档,False,False,False,True,False,False,False,False,True,False,hash重复，删除或保留canonical副本
skills/data-cleaning-matching/SKILL.md,SKILL.md,.md,1610,2026-04-24T18:23:31,bab764b3c9ac74b952e087b5c8796687d896bee4053cc9e5923da2083fe33410,skills,报告/文档,False,False,False,True,False,False,False,False,False,False,保留或索引
skills/data-schema-profiler/SKILL.md,SKILL.md,.md,1271,2026-04-24T18:23:31,981631f6df438eb5dcc9f43704feb0818b03522daa39c815880cab9cf5a350cf,skills,报告/文档,False,False,False,True,False,False,False,False,False,False,保留或索引
skills/eda-generator/SKILL.md,SKILL.md,.md,1045,2026-04-14T17:42:30,79cae4db6a98e6dd6796d7130cd70cdcdf30223766ea08016df112711c342462,skills,报告/文档,False,False,False,True,False,False,False,False,False,False,保留或索引
skills/error-recovery-and-auto-repair/SKILL.md,SKILL.md,.md,4816,2026-04-24T20:40:55,3918a2e2ae7bcd9741297336dd505e6298e4c940e5ffd99f780e1b345bb90780,skills,报告/文档,False,False,False,True,False,False,False,False,True,False,hash重复，删除或保留canonical副本
skills/goal-driven-research-orchestrator/SKILL.md,SKILL.md,.md,6684,2026-04-24T23:56:53,7e83dda2543dcb05db26faaf9befa2a7c17cd49f32a4703d445ef96f7850b4ab,skills,报告/文档,False,False,False,True,False,False,False,False,True,False,hash重复，删除或保留canonical副本
skills/method-selector/SKILL.md,SKILL.md,.md,1101,2026-04-14T17:42:30,a030f5a27eb2cc2534de8269258d88d05d66280ce761b7e1ec567f30b4a4688e,skills,报告/文档,False,False,False,True,False,False,False,False,False,False,保留或索引
skills/ml-problem-framer/SKILL.md,SKILL.md,.md,1298,2026-04-14T17:42:30,01593775f839b9243bbd30511d2c4cf24780c0857a0ad2d9b0ddcb25f013117c,skills,报告/文档,False,False,False,True,False,False,False,False,False,False,保留或索引
skills/project-memory-updater/SKILL.md,SKILL.md,.md,1160,2026-04-24T18:45:44,5dc425b8922d858f90a4e07ad54411b577e65fc8952bc5444548a2b3eb4ebb98,skills,报告/文档,False,False,False,True,False,False,False,False,True,False,hash重复，删除或保留canonical副本
skills/reference-document-reader/SKILL.md,SKILL.md,.md,3078,2026-04-24T18:03:39,a8b9391c72caecb4517be1a0f8294b76272c442799a465141990f6796a72a7a3,skills,报告/文档,False,False,False,True,False,False,False,False,False,False,保留或索引
skills/run-package-manager/SKILL.md,SKILL.md,.md,2071,2026-04-24T23:57:48,290a2e7ce896f7eab0e9a6b691800b3417cb0c8ee43feb39a8dc2347aa0141f4,skills,报告/文档,False,False,False,True,False,False,False,False,True,False,hash重复，删除或保留canonical副本
skills/skill-scout-and-upgrader/SKILL.md,SKILL.md,.md,1440,2026-04-24T18:45:44,19c08cd1dd76d506d92c9e14dead5313bb255d1decf3b88ab8c6bf8aa4cb4c27,skills,报告/文档,False,False,False,True,False,False,False,False,True,False,hash重复，删除或保留canonical副本
skills/skills_inventory.md,skills_inventory.md,.md,2386,2026-04-24T22:44:05,d5305d88afd3ccf32f20407c11d8d4b23594d40e4217c4d0aa575bd33c4053a1,skills,报告/文档,False,False,False,True,False,False,False,False,True,False,hash重复，删除或保留canonical副本
skills/task-router/SKILL.md,SKILL.md,.md,1245,2026-04-14T17:42:30,036da2ba33feac868de300319e8705e9d21f7f759e53d7b9ed25fd52139d11cf,skills,报告/文档,False,False,False,True,False,False,False,False,False,False,保留或索引
skills/upstream-output-auditor/SKILL.md,SKILL.md,.md,3126,2026-04-24T20:40:35,902957a5027f5a08c925c70a96bac30190a23240dc6d9a1e39d0a946a53159a6,skills,报告/文档,False,False,False,True,False,False,False,False,True,False,hash重复，删除或保留canonical副本
skills/whole-workspace-organizer/SKILL.md,SKILL.md,.md,2659,2026-04-24T23:56:53,a4ccccfd5d8a43211a48f573d4b0545740cee2b7cb1289d5f29c1a49f8afb1a0,skills,报告/文档,False,False,False,True,False,False,False,False,True,False,hash重复，删除或保留canonical副本
skills/workflow-updater/SKILL.md,SKILL.md,.md,1260,2026-04-24T18:23:31,465279818b5cbc1e98b9e69af069ffaa0215217025ebf6da50363e353751169a,skills,报告/文档,False,False,False,True,False,False,False,False,False,False,保留或索引
src/workflow1/__init__.py,__init__.py,.py,284,2026-04-14T17:42:30,b9d6dee62cfd49bd097f555b6206b48d96897e9d420218c9a5b9c69a0950b839,src,代码,False,True,False,False,False,False,False,False,False,False,保留或索引
src/workflow1/__main__.py,__main__.py,.py,161,2026-04-24T18:03:39,88299fcf107f385c87c4c9707596899765e6d5e59a36fdb849840c281195c59a,src,代码,False,True,False,False,False,False,False,False,False,False,保留或索引
src/workflow1/__pycache__/__init__.cpython-313.pyc,__init__.cpython-313.pyc,.pyc,421,2026-04-25T00:20:12,9aa8ebc4f6dbd93708860022f0c45786a86cb0b6991cd6049e2e5636ca610cf6,src,临时文件,False,True,False,False,False,False,False,False,False,True,删除临时/缓存/空文件
src/workflow1/__pycache__/orchestration.cpython-313.pyc,orchestration.cpython-313.pyc,.pyc,2915,2026-04-25T00:20:12,5106f7d475466bcd2851df74372a221ed70a6468f2502a5dd8d5b4af40c99402,src,临时文件,False,True,False,False,False,False,False,False,False,True,删除临时/缓存/空文件
src/workflow1/cli.py,cli.py,.py,6568,2026-04-24T23:56:53,bcec8095b9fc0f256daa79ab71dffd714f4963ba63630944f00ae22f96c44856,src,代码,False,True,False,False,False,False,False,False,False,False,保留或索引
src/workflow1/launch.py,launch.py,.py,4428,2026-04-24T18:46:13,dd40680514164eb31bd990ca0b819545eef1213f929dace9d2fbc1838976d195,src,代码,False,True,False,False,False,False,False,False,False,False,保留或索引
src/workflow1/orchestration.py,orchestration.py,.py,1928,2026-04-14T17:42:30,24b82285b6e3b7d06d38d2f202f58075c1b045575683ae784be86d45a512e3cd,src,代码,False,True,False,False,False,False,False,False,False,False,保留或索引
src/workflow1/pipelines/__init__.py,__init__.py,.py,182,2026-04-13T19:56:38,f0dbcd016f91f59b4ceb674d19eb2abd26d42f7c6c9b92752ff3e86d809fcaa6,src,代码,False,True,False,False,False,False,False,False,False,False,保留或索引
src/workflow1/pipelines/cleaning/__init__.py,__init__.py,.py,370,2026-04-24T18:22:35,a28dec638a1359da3f2f07ab7ab0e25d9d1e2fcc327935a8035755b9fd55a6ea,src,代码,False,True,False,False,False,False,False,False,False,False,保留或索引
src/workflow1/pipelines/cleaning/category_reconstruction.py,category_reconstruction.py,.py,21340,2026-04-14T18:07:42,4b597a349356f9e2334c20cfe74e5167886671498434c154222e77a69c878c50,src,代码,False,True,False,False,False,False,False,False,False,False,保留或索引
src/workflow1/pipelines/cleaning/plan.py,plan.py,.py,7840,2026-04-24T18:22:35,3361d3d7c76b02ac499b500bf37e529fa63cd056cfb3cca11e5654e034da0fe9,src,代码,False,True,False,False,False,False,False,False,False,False,保留或索引
src/workflow1/pipelines/eda/__init__.py,__init__.py,.py,248,2026-04-13T19:56:38,012692dcb3fd495840104507f2df76c97a7cbcfa647784787eabe5eb34daafed,src,代码,False,True,False,False,False,False,False,False,False,False,保留或索引
src/workflow1/pipelines/evaluation/__init__.py,__init__.py,.py,253,2026-04-13T19:56:38,afe675807d9eeef015cb6b25e949a943bfdddc1cb26da2a878c541aced653708,src,代码,False,True,False,False,False,False,False,False,False,False,保留或索引
src/workflow1/pipelines/features/__init__.py,__init__.py,.py,263,2026-04-13T19:56:38,d93be1fc87f98fd967fee19306006348cc7d562b222e232add81d04c9b22fc62,src,代码,False,True,False,False,False,False,False,False,False,False,保留或索引
src/workflow1/pipelines/intake/__init__.py,__init__.py,.py,175,2026-04-24T18:20:52,03d79a2eca18b4c57cd8aae68587e2ec2ca2395165147bdb69232e0a713afb50,src,代码,False,True,False,False,False,False,False,False,False,False,保留或索引
src/workflow1/pipelines/intake/runner.py,runner.py,.py,7432,2026-04-24T18:20:52,fb188530a5c431dc8101440824e1f1bf65092bd0c5fe5e65a998ac2f9d269b1c,src,代码,False,True,False,False,False,False,False,False,False,False,保留或索引
src/workflow1/pipelines/matching/__init__.py,__init__.py,.py,246,2026-04-13T19:56:38,727032ebef0eb8955ff8bca72a6b9baaf1e75233b640f7d1610941a85d2bbbd3,src,代码,False,True,False,False,False,False,False,False,False,False,保留或索引
src/workflow1/pipelines/modeling/__init__.py,__init__.py,.py,241,2026-04-13T19:56:38,ac79545be2e9a477d2e96d37e144433b4dfe63588c4363188492b8f1dd9e7f38,src,代码,False,True,False,False,False,False,False,False,False,False,保留或索引
src/workflow1/pipelines/postprocess/__init__.py,__init__.py,.py,256,2026-04-13T19:56:38,016cd1dbeeffcfb38bea2669a1198f362ae0c4232fcd2f09862e7b9e4288e7f0,src,代码,False,True,False,False,False,False,False,False,False,False,保留或索引
src/workflow1/pipelines/runner.py,runner.py,.py,753,2026-04-13T19:56:38,311c8a52b9e91133563fe8b9a62356382a8f81bc3041bf73a7447284ffad3393,src,代码,False,True,False,False,False,False,False,False,False,False,保留或索引
src/workflow1/pipelines/validation/__init__.py,__init__.py,.py,179,2026-04-24T18:21:49,885f03460cdb8e207ed19ae1d8ffacf5c9dd0744a3fcc716831105a47ca3741e,src,代码,False,True,False,False,False,False,False,False,False,False,保留或索引
src/workflow1/pipelines/validation/runner.py,runner.py,.py,10581,2026-04-24T18:21:49,304663fc1af1d7be398e8b7fd8ad936e87d52dc76747c62ebd3a73147e1b67b5,src,代码,False,True,False,False,False,False,False,False,False,False,保留或索引
src/workflow1/pipelines/visualization/__init__.py,__init__.py,.py,256,2026-04-13T19:56:38,e3c9bf7a1cf0fa5f44af89c5f74d2760a42944daa0525d96f838e4671ec0107c,src,代码,False,True,False,False,False,False,False,False,False,False,保留或索引
src/workflow1/references/__init__.py,__init__.py,.py,353,2026-04-24T18:03:39,15ccf1b76195f964e238c45a43ab4416db6cf254f7de73cd11934cf343a12fc7,src,代码,False,True,False,False,False,False,False,False,False,False,保留或索引
src/workflow1/references/reader.py,reader.py,.py,4880,2026-04-24T18:03:39,e633d7567cc5a659f3583598d75738860336bdd537cde3a8d40543c3d3e130ad,src,代码,False,True,False,False,False,False,False,False,False,False,保留或索引
src/workflow1/references/summarizer.py,summarizer.py,.py,2037,2026-04-24T18:03:39,e2212e694c72a6a56a5714c2bf43ca54ab41458973a6420b615ddd216a983e3d,src,代码,False,True,False,False,False,False,False,False,False,False,保留或索引
src/workflow1/run_package.py,run_package.py,.py,2461,2026-04-24T23:57:48,9d29a0b93d2da5983315c09ac34691e21ce7cb2b596885d19619cdc0241bd1c0,src,代码,False,True,False,False,False,False,False,False,False,False,保留或索引
src/workflow1/schemas/__init__.py,__init__.py,.py,150,2026-04-13T19:56:38,8f524de8ebbd618eab83cf74855ef255e17b2ea1d7a12ac8bc665ae774aa5a4c,src,代码,False,True,False,False,False,False,False,False,False,False,保留或索引
src/workflow1/schemas/utils.py,utils.py,.py,628,2026-04-13T19:56:38,69f7282fef4031996a38663262b57d1b4ddc7ba3b29810c505eb6ec42f8f564f,src,代码,False,True,False,False,False,False,False,False,False,False,保留或索引
src/workflow1/tools/__pycache__/full_workspace_run_package_cleanup.cpython-313.pyc,full_workspace_run_package_cleanup.cpython-313.pyc,.pyc,64962,2026-04-25T00:20:12,e0a2f83db20e14223333a2f2bb66113ab416cad793270eae8727c66836bf8c32,src,临时文件,False,True,False,False,False,False,False,False,False,True,删除临时/缓存/空文件
src/workflow1/tools/full_workspace_run_package_cleanup.py,full_workspace_run_package_cleanup.py,.py,46425,2026-04-25T00:20:00,7e72aa0c374930b6a4716b556f9c7eed0be4a3b073bc7c7ebb0f3d948f00608f,src,代码,False,True,False,False,False,False,False,False,False,False,保留或索引
src/workflow1/utils/__init__.py,__init__.py,.py,205,2026-04-13T19:56:38,486e2a0a66fd514e322e540c94cb9413b8d89e61f77bdae91caad4df4626a4d9,src,代码,False,True,False,False,False,False,False,False,False,False,保留或索引
src/workflow1/utils/io.py,io.py,.py,546,2026-04-13T19:56:38,187f89edd906b43d87fb4f32ff312d8569c1754a6dc0afb221b14934ffcc1314,src,代码,False,True,False,False,False,False,False,False,False,False,保留或索引
src/workflow1/utils/logging.py,logging.py,.py,466,2026-04-13T19:56:38,fd734852d43528409e42a882a801e8b6bf1edb2dbf011568231b3026872a70af,src,代码,False,True,False,False,False,False,False,False,False,False,保留或索引
