序号,省份,年份,月份,年月,供应链环节,产品分类,产品名称,污染物名称_标准化,是否AFB1相关,AFB1识别依据,原始检测数值,初检浓度值,复检浓度值,最终采用浓度值,浓度单位,检测单位是否推断,原始法规限制,法规限量_数值,法规限量_单位,法规限量_比较符号,法规限量_单位是否推断,是否超标,超标倍数,浓度清洗状态,检测数值解析失败原因,法规限量解析状态,法规限量解析失败原因,是否建议人工复核,复核原因
9,不详,2023,2,2023-02,流通,花生仁/炒货坚果,生干籽类(大花生米),黄曲霉毒素B1（AFB1）,True,不合格项目命中AFB1/黄曲霉变体；不合格规范列命中AFB1/黄曲霉变体,88.98μg/kg,88.98,,88.98,μg/kg,False,≤20μg/kg,20.0,μg/kg,≤,False,True,4.449,已解析并统一单位,,已解析并统一单位,,False,
32,不详,2023,2,2023-02,流通,花生仁/炒货坚果,生花生米（生干坚果及其籽类食品）,黄曲霉毒素B1（AFB1）,True,不合格项目命中AFB1/黄曲霉变体；不合格规范列命中AFB1/黄曲霉变体,65.7μg/kg,65.7,,65.7,μg/kg,False,20μg/kg,20.0,μg/kg,≤,False,True,3.285,已解析并统一单位,,已解析并统一单位,,False,
33,不详,2023,2,2023-02,流通,花生仁/炒货坚果,白沙花生米,黄曲霉毒素B1（AFB1）,True,不合格项目命中AFB1/黄曲霉变体；不合格规范列命中AFB1/黄曲霉变体,41.5μg/kg,41.5,,41.5,μg/kg,False,20μg/kg,20.0,μg/kg,≤,False,True,2.075,已解析并统一单位,,已解析并统一单位,,False,
37,不详,2023,2,2023-02,流通,花生仁/炒货坚果,生花生米（生干坚果与籽类食品）,黄曲霉毒素B1（AFB1）,True,不合格项目命中AFB1/黄曲霉变体；不合格规范列命中AFB1/黄曲霉变体,102μg/kg,102.0,,102.0,μg/kg,False,20μg/kg,20.0,μg/kg,≤,False,True,5.1,已解析并统一单位,,已解析并统一单位,,False,
15,不详,2023,2,2023-02,流通,花生仁/炒货坚果,生花生米（生干坚果与籽类食品）,黄曲霉毒素B1（AFB1）,True,不合格项目命中AFB1/黄曲霉变体；不合格规范列命中AFB1/黄曲霉变体,41.5μg/kg,41.5,,41.5,μg/kg,False,20μg/kg,20.0,μg/kg,≤,False,True,2.075,已解析并统一单位,,已解析并统一单位,,False,
11,不详,2023,2,2023-02,流通,花生仁/炒货坚果,生花生米,黄曲霉毒素B1（AFB1）,True,不合格项目命中AFB1/黄曲霉变体；不合格规范列命中AFB1/黄曲霉变体,初检结果：128μg/kg复检结果：51.8μg/kg,128.0,51.8,51.8,μg/kg,False,≤20,20.0,μg/kg,≤,True,True,2.59,初检复检均解析，最终采用复检值,,已解析并统一单位,,False,
23,不详,2023,3,2023-03,流通,花生仁/炒货坚果,生花生米（生干坚果与籽类食品）,黄曲霉毒素B1（AFB1）,True,不合格项目命中AFB1/黄曲霉变体；不合格规范列命中AFB1/黄曲霉变体,91.2μg/kg,91.2,,91.2,μg/kg,False,20μg/kg,20.0,μg/kg,≤,False,True,4.5600000000000005,已解析并统一单位,,已解析并统一单位,,False,
24,不详,2023,3,2023-03,流通,花生仁/炒货坚果,生花生米,黄曲霉毒素B1（AFB1）,True,不合格项目命中AFB1/黄曲霉变体；不合格规范列命中AFB1/黄曲霉变体,125μg/kg,125.0,,125.0,μg/kg,False,20μg/kg,20.0,μg/kg,≤,False,True,6.25,已解析并统一单位,,已解析并统一单位,,False,
8,不详,2023,3,2023-03,流通,花生仁/炒货坚果,生花生仁（花生米）,黄曲霉毒素B1（AFB1）,True,不合格项目命中AFB1/黄曲霉变体；不合格规范列命中AFB1/黄曲霉变体,81.4μg/kg,81.4,,81.4,μg/kg,False,20μg/kg,20.0,μg/kg,≤,False,True,4.07,已解析并统一单位,,已解析并统一单位,,False,
9,不详,2023,3,2023-03,流通,花生仁/炒货坚果,生花生米,黄曲霉毒素B1（AFB1）,True,不合格项目命中AFB1/黄曲霉变体；不合格规范列命中AFB1/黄曲霉变体,50.9μg/kg,50.9,,50.9,μg/kg,False,20μg/kg,20.0,μg/kg,≤,False,True,2.545,已解析并统一单位,,已解析并统一单位,,False,
1,不详,2023,3,2023-03,流通,花生仁/炒货坚果,花生米,黄曲霉毒素B1（AFB1）,True,检验项目命中AFB1/黄曲霉变体,,,,,,False,,,,,False,False,,无检测数值,空值或占位符,无检测数值,空值或占位符,True,AFB1相关但浓度无法解析；AFB1相关但法规限量无法解析
2,不详,2023,3,2023-03,流通,花生仁/炒货坚果,东北红皮花生,黄曲霉毒素B1（AFB1）,True,检验项目命中AFB1/黄曲霉变体,,,,,,False,,,,,False,False,,无检测数值,空值或占位符,无检测数值,空值或占位符,True,AFB1相关但浓度无法解析；AFB1相关但法规限量无法解析
3,不详,2023,3,2023-03,流通,花生仁/炒货坚果,白皮花生米,黄曲霉毒素B1（AFB1）,True,检验项目命中AFB1/黄曲霉变体,,,,,,False,,,,,False,False,,无检测数值,空值或占位符,无检测数值,空值或占位符,True,AFB1相关但浓度无法解析；AFB1相关但法规限量无法解析
4,不详,2023,3,2023-03,流通,花生仁/炒货坚果,花生米,黄曲霉毒素B1（AFB1）,True,检验项目命中AFB1/黄曲霉变体,,,,,,False,,,,,False,False,,无检测数值,空值或占位符,无检测数值,空值或占位符,True,AFB1相关但浓度无法解析；AFB1相关但法规限量无法解析
5,不详,2023,3,2023-03,流通,花生仁/炒货坚果,红花生米,黄曲霉毒素B1（AFB1）,True,检验项目命中AFB1/黄曲霉变体,,,,,,False,,,,,False,False,,无检测数值,空值或占位符,无检测数值,空值或占位符,True,AFB1相关但浓度无法解析；AFB1相关但法规限量无法解析
6,不详,2023,3,2023-03,流通,花生仁/炒货坚果,花生米,黄曲霉毒素B1（AFB1）,True,检验项目命中AFB1/黄曲霉变体,,,,,,False,,,,,False,False,,无检测数值,空值或占位符,无检测数值,空值或占位符,True,AFB1相关但浓度无法解析；AFB1相关但法规限量无法解析
7,不详,2023,3,2023-03,流通,花生仁/炒货坚果,红皮花生,黄曲霉毒素B1（AFB1）,True,检验项目命中AFB1/黄曲霉变体,,,,,,False,,,,,False,False,,无检测数值,空值或占位符,无检测数值,空值或占位符,True,AFB1相关但浓度无法解析；AFB1相关但法规限量无法解析
8,不详,2023,3,2023-03,流通,花生仁/炒货坚果,花生米,黄曲霉毒素B1（AFB1）,True,检验项目命中AFB1/黄曲霉变体,,,,,,False,,,,,False,False,,无检测数值,空值或占位符,无检测数值,空值或占位符,True,AFB1相关但浓度无法解析；AFB1相关但法规限量无法解析
9,不详,2023,3,2023-03,流通,花生仁/炒货坚果,花生米,黄曲霉毒素B1（AFB1）,True,检验项目命中AFB1/黄曲霉变体,,,,,,False,,,,,False,False,,无检测数值,空值或占位符,无检测数值,空值或占位符,True,AFB1相关但浓度无法解析；AFB1相关但法规限量无法解析
10,不详,2023,3,2023-03,流通,花生仁/炒货坚果,花生米,黄曲霉毒素B1（AFB1）,True,检验项目命中AFB1/黄曲霉变体,,,,,,False,,,,,False,False,,无检测数值,空值或占位符,无检测数值,空值或占位符,True,AFB1相关但浓度无法解析；AFB1相关但法规限量无法解析
11,不详,2023,3,2023-03,流通,花生仁/炒货坚果,东北红皮花生,黄曲霉毒素B1（AFB1）,True,检验项目命中AFB1/黄曲霉变体,,,,,,False,,,,,False,False,,无检测数值,空值或占位符,无检测数值,空值或占位符,True,AFB1相关但浓度无法解析；AFB1相关但法规限量无法解析
12,不详,2023,3,2023-03,流通,花生仁/炒货坚果,白皮花生米,黄曲霉毒素B1（AFB1）,True,检验项目命中AFB1/黄曲霉变体,,,,,,False,,,,,False,False,,无检测数值,空值或占位符,无检测数值,空值或占位符,True,AFB1相关但浓度无法解析；AFB1相关但法规限量无法解析
13,不详,2023,3,2023-03,流通,花生仁/炒货坚果,花生米,黄曲霉毒素B1（AFB1）,True,检验项目命中AFB1/黄曲霉变体,,,,,,False,,,,,False,False,,无检测数值,空值或占位符,无检测数值,空值或占位符,True,AFB1相关但浓度无法解析；AFB1相关但法规限量无法解析
14,不详,2023,3,2023-03,流通,花生仁/炒货坚果,红花生米,黄曲霉毒素B1（AFB1）,True,检验项目命中AFB1/黄曲霉变体,,,,,,False,,,,,False,False,,无检测数值,空值或占位符,无检测数值,空值或占位符,True,AFB1相关但浓度无法解析；AFB1相关但法规限量无法解析
15,不详,2023,3,2023-03,流通,花生仁/炒货坚果,花生米,黄曲霉毒素B1（AFB1）,True,检验项目命中AFB1/黄曲霉变体,,,,,,False,,,,,False,False,,无检测数值,空值或占位符,无检测数值,空值或占位符,True,AFB1相关但浓度无法解析；AFB1相关但法规限量无法解析
16,不详,2023,3,2023-03,流通,花生仁/炒货坚果,红皮花生,黄曲霉毒素B1（AFB1）,True,检验项目命中AFB1/黄曲霉变体,,,,,,False,,,,,False,False,,无检测数值,空值或占位符,无检测数值,空值或占位符,True,AFB1相关但浓度无法解析；AFB1相关但法规限量无法解析
17,不详,2023,3,2023-03,流通,花生仁/炒货坚果,花生米,黄曲霉毒素B1（AFB1）,True,检验项目命中AFB1/黄曲霉变体,,,,,,False,,,,,False,False,,无检测数值,空值或占位符,无检测数值,空值或占位符,True,AFB1相关但浓度无法解析；AFB1相关但法规限量无法解析
18,不详,2023,3,2023-03,流通,花生仁/炒货坚果,花生米,黄曲霉毒素B1（AFB1）,True,检验项目命中AFB1/黄曲霉变体,,,,,,False,,,,,False,False,,无检测数值,空值或占位符,无检测数值,空值或占位符,True,AFB1相关但浓度无法解析；AFB1相关但法规限量无法解析
19,不详,2023,3,2023-03,流通,花生仁/炒货坚果,生花生仁,黄曲霉毒素B1（AFB1）,True,不合格项目命中AFB1/黄曲霉变体；不合格规范列命中AFB1/黄曲霉变体,,,,,,False,,,,,False,True,,无检测数值,空值或占位符,无检测数值,空值或占位符,True,AFB1相关但浓度无法解析；AFB1相关但法规限量无法解析
20,不详,2023,4,2023-04,流通,花生仁/炒货坚果,生花生米,黄曲霉毒素B1（AFB1）,True,不合格项目命中AFB1/黄曲霉变体；不合格规范列命中AFB1/黄曲霉变体,228μg/kg,228.0,,228.0,μg/kg,False,≤20μg/kg,20.0,μg/kg,≤,False,True,11.4,已解析并统一单位,,已解析并统一单位,,False,
21,不详,2023,4,2023-04,流通,花生仁/炒货坚果,花生米,黄曲霉毒素B1（AFB1）,True,不合格项目命中AFB1/黄曲霉变体；不合格规范列命中AFB1/黄曲霉变体,27.4μg/kg,27.4,,27.4,μg/kg,False,20μg/kg,20.0,μg/kg,≤,False,True,1.3699999999999999,已解析并统一单位,,已解析并统一单位,,False,
16,不详,2023,4,2023-04,流通,花生仁/炒货坚果,生花生米,黄曲霉毒素B1（AFB1）,True,不合格项目命中AFB1/黄曲霉变体；不合格规范列命中AFB1/黄曲霉变体,39.8μg/kg,39.8,,39.8,μg/kg,False,20μg/kg,20.0,μg/kg,≤,False,True,1.9899999999999998,已解析并统一单位,,已解析并统一单位,,False,
1,不详,2023,4,2023-04,餐饮,花生仁/炒货坚果,生花生米,黄曲霉毒素B1（AFB1）,True,检验项目命中AFB1/黄曲霉变体,,,,,,False,,,,,False,False,,无检测数值,空值或占位符,无检测数值,空值或占位符,True,AFB1相关但浓度无法解析；AFB1相关但法规限量无法解析
2,不详,2023,4,2023-04,流通,花生仁/炒货坚果,生花生米,黄曲霉毒素B1（AFB1）,True,检验项目命中AFB1/黄曲霉变体,,,,,,False,,,,,False,False,,无检测数值,空值或占位符,无检测数值,空值或占位符,True,AFB1相关但浓度无法解析；AFB1相关但法规限量无法解析
3,不详,2023,4,2023-04,流通,花生仁/炒货坚果,生花生米,黄曲霉毒素B1（AFB1）,True,检验项目命中AFB1/黄曲霉变体,,,,,,False,,,,,False,False,,无检测数值,空值或占位符,无检测数值,空值或占位符,True,AFB1相关但浓度无法解析；AFB1相关但法规限量无法解析
4,不详,2023,4,2023-04,流通,花生仁/炒货坚果,生花生米,黄曲霉毒素B1（AFB1）,True,检验项目命中AFB1/黄曲霉变体,,,,,,False,,,,,False,False,,无检测数值,空值或占位符,无检测数值,空值或占位符,True,AFB1相关但浓度无法解析；AFB1相关但法规限量无法解析
8,不详,2023,4,2023-04,流通,花生仁/炒货坚果,花生米（生干籽类）,黄曲霉毒素B1（AFB1）,True,检验项目命中AFB1/黄曲霉变体,,,,,,False,,,,,False,False,,无检测数值,空值或占位符,无检测数值,空值或占位符,True,AFB1相关但浓度无法解析；AFB1相关但法规限量无法解析
13,不详,2023,1,2023-01,流通,花生仁/炒货坚果,花生,黄曲霉毒素B1（AFB1）,True,不合格项目命中AFB1/黄曲霉变体；不合格规范列命中AFB1/黄曲霉变体,352μg/kg,352.0,,352.0,μg/kg,False,≤20μg/kg,20.0,μg/kg,≤,False,True,17.6,已解析并统一单位,,已解析并统一单位,,False,
33,不详,2023,4,2023-04,流通,花生仁/炒货坚果,红皮花生米,黄曲霉毒素B1（AFB1）,True,检验项目命中AFB1/黄曲霉变体,,,,,,False,,,,,False,False,,无检测数值,空值或占位符,无检测数值,空值或占位符,True,AFB1相关但浓度无法解析；AFB1相关但法规限量无法解析
34,不详,2023,4,2023-04,流通,花生仁/炒货坚果,生花生米,黄曲霉毒素B1（AFB1）,True,检验项目命中AFB1/黄曲霉变体,,,,,,False,,,,,False,False,,无检测数值,空值或占位符,无检测数值,空值或占位符,True,AFB1相关但浓度无法解析；AFB1相关但法规限量无法解析
35,不详,2023,4,2023-04,流通,花生仁/炒货坚果,生花生米,黄曲霉毒素B1（AFB1）,True,检验项目命中AFB1/黄曲霉变体,,,,,,False,,,,,False,False,,无检测数值,空值或占位符,无检测数值,空值或占位符,True,AFB1相关但浓度无法解析；AFB1相关但法规限量无法解析
1,不详,2023,4,2023-04,流通,花生仁/炒货坚果,花生米,黄曲霉毒素B1（AFB1）,True,检验项目命中AFB1/黄曲霉变体,,,,,,False,,,,,False,False,,无检测数值,空值或占位符,无检测数值,空值或占位符,True,AFB1相关但浓度无法解析；AFB1相关但法规限量无法解析
2,不详,2023,4,2023-04,流通,花生仁/炒货坚果,花生米,黄曲霉毒素B1（AFB1）,True,检验项目命中AFB1/黄曲霉变体,,,,,,False,,,,,False,False,,无检测数值,空值或占位符,无检测数值,空值或占位符,True,AFB1相关但浓度无法解析；AFB1相关但法规限量无法解析
3,不详,2023,4,2023-04,流通,花生仁/炒货坚果,花生米,黄曲霉毒素B1（AFB1）,True,检验项目命中AFB1/黄曲霉变体,,,,,,False,,,,,False,False,,无检测数值,空值或占位符,无检测数值,空值或占位符,True,AFB1相关但浓度无法解析；AFB1相关但法规限量无法解析
4,不详,2023,4,2023-04,流通,花生仁/炒货坚果,花生米,黄曲霉毒素B1（AFB1）,True,检验项目命中AFB1/黄曲霉变体,,,,,,False,,,,,False,False,,无检测数值,空值或占位符,无检测数值,空值或占位符,True,AFB1相关但浓度无法解析；AFB1相关但法规限量无法解析
6,不详,2023,5,2023-05,流通,花生仁/炒货坚果,生花生米,黄曲霉毒素B1（AFB1）,True,不合格项目命中AFB1/黄曲霉变体；不合格规范列命中AFB1/黄曲霉变体,136µg/kg,136.0,,136.0,μg/kg,False,20µg/kg,20.0,μg/kg,≤,False,True,6.8,已解析并统一单位,,已解析并统一单位,,False,
16,不详,2023,5,2023-05,流通,花生仁/炒货坚果,大个花生米,黄曲霉毒素B1（AFB1）,True,不合格项目命中AFB1/黄曲霉变体；不合格规范列命中AFB1/黄曲霉变体,110μg/kg,110.0,,110.0,μg/kg,False,≤20,20.0,μg/kg,≤,True,True,5.5,已解析并统一单位,,已解析并统一单位,,False,
23,不详,2023,5,2023-05,流通,花生仁/炒货坚果,生花生米,黄曲霉毒素B1（AFB1）,True,不合格项目命中AFB1/黄曲霉变体；不合格规范列命中AFB1/黄曲霉变体,33.7µg/kg,33.7,,33.7,μg/kg,False,20,20.0,μg/kg,≤,True,True,1.685,已解析并统一单位,,已解析并统一单位,,False,
13,不详,2023,5,2023-05,流通,花生仁/炒货坚果,花生米（中旺）,黄曲霉毒素B1（AFB1）,True,不合格项目命中AFB1/黄曲霉变体；不合格规范列命中AFB1/黄曲霉变体,100,100.0,,100.0,μg/kg,True,≤20,20.0,μg/kg,≤,True,True,5.0,已解析并统一单位,,已解析并统一单位,,False,
16,不详,2023,6,2023-06,流通,花生仁/炒货坚果,生花生米,黄曲霉毒素B1（AFB1）,True,检验项目命中AFB1/黄曲霉变体,,,,,,False,,,,,False,False,,无检测数值,空值或占位符,无检测数值,空值或占位符,True,AFB1相关但浓度无法解析；AFB1相关但法规限量无法解析
17,不详,2023,6,2023-06,流通,花生仁/炒货坚果,生花生米,黄曲霉毒素B1（AFB1）,True,检验项目命中AFB1/黄曲霉变体,,,,,,False,,,,,False,False,,无检测数值,空值或占位符,无检测数值,空值或占位符,True,AFB1相关但浓度无法解析；AFB1相关但法规限量无法解析
26,不详,2023,6,2023-06,流通,花生仁/炒货坚果,生花生米,黄曲霉毒素B1（AFB1）,True,检验项目命中AFB1/黄曲霉变体,,,,,,False,,,,,False,False,,无检测数值,空值或占位符,无检测数值,空值或占位符,True,AFB1相关但浓度无法解析；AFB1相关但法规限量无法解析
27,不详,2023,6,2023-06,流通,花生仁/炒货坚果,生花生米,黄曲霉毒素B1（AFB1）,True,检验项目命中AFB1/黄曲霉变体,,,,,,False,,,,,False,False,,无检测数值,空值或占位符,无检测数值,空值或占位符,True,AFB1相关但浓度无法解析；AFB1相关但法规限量无法解析
31,不详,2023,6,2023-06,流通,花生仁/炒货坚果,花生米,黄曲霉毒素B1（AFB1）,True,不合格项目命中AFB1/黄曲霉变体；不合格规范列命中AFB1/黄曲霉变体,150µg/kg,150.0,,150.0,μg/kg,False,≤20µg/kg,20.0,μg/kg,≤,False,True,7.5,已解析并统一单位,,已解析并统一单位,,False,
2,不详,2023,6,2023-06,流通,花生仁/炒货坚果,花生米,黄曲霉毒素B1（AFB1）,True,检验项目命中AFB1/黄曲霉变体,,,,,,False,,,,,False,False,,无检测数值,空值或占位符,无检测数值,空值或占位符,True,AFB1相关但浓度无法解析；AFB1相关但法规限量无法解析
3,不详,2023,6,2023-06,流通,花生仁/炒货坚果,生花生米,黄曲霉毒素B1（AFB1）,True,检验项目命中AFB1/黄曲霉变体,,,,,,False,,,,,False,False,,无检测数值,空值或占位符,无检测数值,空值或占位符,True,AFB1相关但浓度无法解析；AFB1相关但法规限量无法解析
4,不详,2023,6,2023-06,流通,花生仁/炒货坚果,生花生,黄曲霉毒素B1（AFB1）,True,检验项目命中AFB1/黄曲霉变体,,,,,,False,,,,,False,False,,无检测数值,空值或占位符,无检测数值,空值或占位符,True,AFB1相关但浓度无法解析；AFB1相关但法规限量无法解析
5,不详,2023,6,2023-06,流通,花生仁/炒货坚果,花生米（生）,黄曲霉毒素B1（AFB1）,True,检验项目命中AFB1/黄曲霉变体,,,,,,False,,,,,False,False,,无检测数值,空值或占位符,无检测数值,空值或占位符,True,AFB1相关但浓度无法解析；AFB1相关但法规限量无法解析
6,不详,2023,6,2023-06,流通,花生仁/炒货坚果,花生米,黄曲霉毒素B1（AFB1）,True,检验项目命中AFB1/黄曲霉变体,,,,,,False,,,,,False,False,,无检测数值,空值或占位符,无检测数值,空值或占位符,True,AFB1相关但浓度无法解析；AFB1相关但法规限量无法解析
7,不详,2023,6,2023-06,流通,花生仁/炒货坚果,生花生米,黄曲霉毒素B1（AFB1）,True,检验项目命中AFB1/黄曲霉变体,,,,,,False,,,,,False,False,,无检测数值,空值或占位符,无检测数值,空值或占位符,True,AFB1相关但浓度无法解析；AFB1相关但法规限量无法解析
8,广东,2023,6,2023-06,流通,花生仁/炒货坚果,生花生米,黄曲霉毒素B1（AFB1）,True,检验项目命中AFB1/黄曲霉变体,,,,,,False,,,,,False,False,,无检测数值,空值或占位符,无检测数值,空值或占位符,True,AFB1相关但浓度无法解析；AFB1相关但法规限量无法解析
9,不详,2023,6,2023-06,流通,花生仁/炒货坚果,特大花生米,黄曲霉毒素B1（AFB1）,True,检验项目命中AFB1/黄曲霉变体,,,,,,False,,,,,False,False,,无检测数值,空值或占位符,无检测数值,空值或占位符,True,AFB1相关但浓度无法解析；AFB1相关但法规限量无法解析
10,不详,2023,6,2023-06,流通,花生仁/炒货坚果,生花生米,黄曲霉毒素B1（AFB1）,True,检验项目命中AFB1/黄曲霉变体,,,,,,False,,,,,False,False,,无检测数值,空值或占位符,无检测数值,空值或占位符,True,AFB1相关但浓度无法解析；AFB1相关但法规限量无法解析
11,不详,2023,6,2023-06,流通,花生仁/炒货坚果,生花生米,黄曲霉毒素B1（AFB1）,True,检验项目命中AFB1/黄曲霉变体,,,,,,False,,,,,False,False,,无检测数值,空值或占位符,无检测数值,空值或占位符,True,AFB1相关但浓度无法解析；AFB1相关但法规限量无法解析
12,不详,2023,6,2023-06,流通,花生仁/炒货坚果,红皮花生,黄曲霉毒素B1（AFB1）,True,检验项目命中AFB1/黄曲霉变体,,,,,,False,,,,,False,False,,无检测数值,空值或占位符,无检测数值,空值或占位符,True,AFB1相关但浓度无法解析；AFB1相关但法规限量无法解析
13,不详,2023,6,2023-06,流通,花生仁/炒货坚果,白皮花生,黄曲霉毒素B1（AFB1）,True,检验项目命中AFB1/黄曲霉变体,,,,,,False,,,,,False,False,,无检测数值,空值或占位符,无检测数值,空值或占位符,True,AFB1相关但浓度无法解析；AFB1相关但法规限量无法解析
10,不详,2023,6,2023-06,流通,花生仁/炒货坚果,花生,黄曲霉毒素B1（AFB1）,True,检验项目命中AFB1/黄曲霉变体,,,,,,False,,,,,False,False,,无检测数值,空值或占位符,无检测数值,空值或占位符,True,AFB1相关但浓度无法解析；AFB1相关但法规限量无法解析
11,不详,2023,6,2023-06,流通,花生仁/炒货坚果,花生,黄曲霉毒素B1（AFB1）,True,检验项目命中AFB1/黄曲霉变体,,,,,,False,,,,,False,False,,无检测数值,空值或占位符,无检测数值,空值或占位符,True,AFB1相关但浓度无法解析；AFB1相关但法规限量无法解析
12,不详,2023,6,2023-06,流通,花生仁/炒货坚果,红皮花生,黄曲霉毒素B1（AFB1）,True,检验项目命中AFB1/黄曲霉变体,,,,,,False,,,,,False,False,,无检测数值,空值或占位符,无检测数值,空值或占位符,True,AFB1相关但浓度无法解析；AFB1相关但法规限量无法解析
13,不详,2023,6,2023-06,流通,花生仁/炒货坚果,大花生,黄曲霉毒素B1（AFB1）,True,检验项目命中AFB1/黄曲霉变体,,,,,,False,,,,,False,False,,无检测数值,空值或占位符,无检测数值,空值或占位符,True,AFB1相关但浓度无法解析；AFB1相关但法规限量无法解析
14,不详,2023,6,2023-06,流通,花生仁/炒货坚果,大粒花生米(精选),黄曲霉毒素B1（AFB1）,True,检验项目命中AFB1/黄曲霉变体,,,,,,False,,,,,False,False,,无检测数值,空值或占位符,无检测数值,空值或占位符,True,AFB1相关但浓度无法解析；AFB1相关但法规限量无法解析
15,广东,2023,6,2023-06,流通,花生仁/炒货坚果,花生米,黄曲霉毒素B1（AFB1）,True,检验项目命中AFB1/黄曲霉变体,,,,,,False,,,,,False,False,,无检测数值,空值或占位符,无检测数值,空值或占位符,True,AFB1相关但浓度无法解析；AFB1相关但法规限量无法解析
16,广东,2023,6,2023-06,餐饮,花生仁/炒货坚果,花生米,黄曲霉毒素B1（AFB1）,True,检验项目命中AFB1/黄曲霉变体,,,,,,False,,,,,False,False,,无检测数值,空值或占位符,无检测数值,空值或占位符,True,AFB1相关但浓度无法解析；AFB1相关但法规限量无法解析
17,广东,2023,6,2023-06,流通,花生仁/炒货坚果,花生米,黄曲霉毒素B1（AFB1）,True,检验项目命中AFB1/黄曲霉变体,,,,,,False,,,,,False,False,,无检测数值,空值或占位符,无检测数值,空值或占位符,True,AFB1相关但浓度无法解析；AFB1相关但法规限量无法解析
112,不详,2023,6,2023-06,流通,花生仁/炒货坚果,白皮花生,黄曲霉毒素B1（AFB1）,True,不合格项目命中AFB1/黄曲霉变体；不合格规范列命中AFB1/黄曲霉变体,55.5µg/kg,55.5,,55.5,μg/kg,False,≤20µg/kg,20.0,μg/kg,≤,False,True,2.775,已解析并统一单位,,已解析并统一单位,,False,
25,不详,2023,6,2023-06,流通,花生仁/炒货坚果,生花生米,黄曲霉毒素B1（AFB1）,True,不合格项目命中AFB1/黄曲霉变体；不合格规范列命中AFB1/黄曲霉变体,90.7µg/kg,90.7,,90.7,μg/kg,False,≤20µg/kg,20.0,μg/kg,≤,False,True,4.535,已解析并统一单位,,已解析并统一单位,,False,
3,不详,2023,6,2023-06,流通,花生仁/炒货坚果,生花生米,黄曲霉毒素B1（AFB1）,True,检验项目命中AFB1/黄曲霉变体,,,,,,False,,,,,False,False,,无检测数值,空值或占位符,无检测数值,空值或占位符,True,AFB1相关但浓度无法解析；AFB1相关但法规限量无法解析
4,不详,2023,6,2023-06,流通,花生仁/炒货坚果,花生米,黄曲霉毒素B1（AFB1）,True,检验项目命中AFB1/黄曲霉变体,,,,,,False,,,,,False,False,,无检测数值,空值或占位符,无检测数值,空值或占位符,True,AFB1相关但浓度无法解析；AFB1相关但法规限量无法解析
5,不详,2023,6,2023-06,流通,花生仁/炒货坚果,花生,黄曲霉毒素B1（AFB1）,True,检验项目命中AFB1/黄曲霉变体,,,,,,False,,,,,False,False,,无检测数值,空值或占位符,无检测数值,空值或占位符,True,AFB1相关但浓度无法解析；AFB1相关但法规限量无法解析
120,不详,2023,6,2023-06,流通,花生仁/炒货坚果,散花生米,黄曲霉毒素B1（AFB1）,True,不合格项目命中AFB1/黄曲霉变体；不合格规范列命中AFB1/黄曲霉变体,72.1ug/kg,72.1,,72.1,μg/kg,False,≤20umg/kg,20.0,μg/kg,≤,True,True,3.6049999999999995,已解析并统一单位,,已解析并统一单位,,False,
8,不详,2023,7,2023-07,流通,花生仁/炒货坚果,红皮花生米（生干籽类）,黄曲霉毒素B1（AFB1）,True,检验项目命中AFB1/黄曲霉变体,,,,,,False,,,,,False,False,,无检测数值,空值或占位符,无检测数值,空值或占位符,True,AFB1相关但浓度无法解析；AFB1相关但法规限量无法解析
9,不详,2023,7,2023-07,流通,花生仁/炒货坚果,小花生米（生干籽类）,黄曲霉毒素B1（AFB1）,True,检验项目命中AFB1/黄曲霉变体,,,,,,False,,,,,False,False,,无检测数值,空值或占位符,无检测数值,空值或占位符,True,AFB1相关但浓度无法解析；AFB1相关但法规限量无法解析
10,不详,2023,7,2023-07,流通,花生仁/炒货坚果,红皮花生米,黄曲霉毒素B1（AFB1）,True,检验项目命中AFB1/黄曲霉变体,,,,,,False,,,,,False,False,,无检测数值,空值或占位符,无检测数值,空值或占位符,True,AFB1相关但浓度无法解析；AFB1相关但法规限量无法解析
11,不详,2023,7,2023-07,流通,花生仁/炒货坚果,大颗花生米（生干籽类）,黄曲霉毒素B1（AFB1）,True,检验项目命中AFB1/黄曲霉变体,,,,,,False,,,,,False,False,,无检测数值,空值或占位符,无检测数值,空值或占位符,True,AFB1相关但浓度无法解析；AFB1相关但法规限量无法解析
35,不详,2023,7,2023-07,流通,花生仁/炒货坚果,花生米,黄曲霉毒素B1（AFB1）,True,不合格项目命中AFB1/黄曲霉变体；不合格规范列命中AFB1/黄曲霉变体；检验项目命中AFB1/黄曲霉变体,89.2μg/kg,89.2,,89.2,μg/kg,False,≤20μg/kg,20.0,μg/kg,≤,False,True,4.46,已解析并统一单位,,已解析并统一单位,,False,
29,不详,2023,7,2023-07,餐饮,花生仁/炒货坚果,大粒花生米,黄曲霉毒素B1（AFB1）,True,检验项目命中AFB1/黄曲霉变体,,,,,,False,,,,,False,False,,无检测数值,空值或占位符,无检测数值,空值或占位符,True,AFB1相关但浓度无法解析；AFB1相关但法规限量无法解析
30,不详,2023,7,2023-07,餐饮,花生仁/炒货坚果,花生米,黄曲霉毒素B1（AFB1）,True,检验项目命中AFB1/黄曲霉变体,,,,,,False,,,,,False,False,,无检测数值,空值或占位符,无检测数值,空值或占位符,True,AFB1相关但浓度无法解析；AFB1相关但法规限量无法解析
31,不详,2023,7,2023-07,流通,花生仁/炒货坚果,红花生,黄曲霉毒素B1（AFB1）,True,检验项目命中AFB1/黄曲霉变体,,,,,,False,,,,,False,False,,无检测数值,空值或占位符,无检测数值,空值或占位符,True,AFB1相关但浓度无法解析；AFB1相关但法规限量无法解析
32,不详,2023,7,2023-07,流通,花生仁/炒货坚果,白花生,黄曲霉毒素B1（AFB1）,True,检验项目命中AFB1/黄曲霉变体,,,,,,False,,,,,False,False,,无检测数值,空值或占位符,无检测数值,空值或占位符,True,AFB1相关但浓度无法解析；AFB1相关但法规限量无法解析
33,不详,2023,7,2023-07,餐饮,花生仁/炒货坚果,花生米（生干籽类）,黄曲霉毒素B1（AFB1）,True,检验项目命中AFB1/黄曲霉变体,,,,,,False,,,,,False,False,,无检测数值,空值或占位符,无检测数值,空值或占位符,True,AFB1相关但浓度无法解析；AFB1相关但法规限量无法解析
17,不详,2023,7,2023-07,流通,花生仁/炒货坚果,花生米,黄曲霉毒素B1（AFB1）,True,不合格项目命中AFB1/黄曲霉变体；不合格规范列命中AFB1/黄曲霉变体,62.4µg/kg,62.4,,62.4,μg/kg,False,≤20µg/kg,20.0,μg/kg,≤,False,True,3.12,已解析并统一单位,,已解析并统一单位,,False,
15,不详,2023,7,2023-07,流通,花生仁/炒货坚果,特级大白沙花生米,黄曲霉毒素B1（AFB1）,True,检验项目命中AFB1/黄曲霉变体,,,,,,False,,,,,False,False,,无检测数值,空值或占位符,无检测数值,空值或占位符,True,AFB1相关但浓度无法解析；AFB1相关但法规限量无法解析
16,不详,2023,7,2023-07,餐饮,花生仁/炒货坚果,花生,黄曲霉毒素B1（AFB1）,True,检验项目命中AFB1/黄曲霉变体,,,,,,False,,,,,False,False,,无检测数值,空值或占位符,无检测数值,空值或占位符,True,AFB1相关但浓度无法解析；AFB1相关但法规限量无法解析
17,不详,2023,7,2023-07,餐饮,花生仁/炒货坚果,花生米,黄曲霉毒素B1（AFB1）,True,检验项目命中AFB1/黄曲霉变体,,,,,,False,,,,,False,False,,无检测数值,空值或占位符,无检测数值,空值或占位符,True,AFB1相关但浓度无法解析；AFB1相关但法规限量无法解析
18,不详,2023,7,2023-07,流通,花生仁/炒货坚果,花生,黄曲霉毒素B1（AFB1）,True,检验项目命中AFB1/黄曲霉变体,,,,,,False,,,,,False,False,,无检测数值,空值或占位符,无检测数值,空值或占位符,True,AFB1相关但浓度无法解析；AFB1相关但法规限量无法解析
19,不详,2023,7,2023-07,流通,花生仁/炒货坚果,红皮花生,黄曲霉毒素B1（AFB1）,True,不合格项目命中AFB1/黄曲霉变体；不合格规范列命中AFB1/黄曲霉变体,399µg/kg,399.0,,399.0,μg/kg,False,20µg/kg,20.0,μg/kg,≤,False,True,19.95,已解析并统一单位,,已解析并统一单位,,False,
37,不详,2023,7,2023-07,流通,花生仁/炒货坚果,生花生米,黄曲霉毒素B1（AFB1）,True,检验项目命中AFB1/黄曲霉变体,,,,,,False,,,,,False,False,,无检测数值,空值或占位符,无检测数值,空值或占位符,True,AFB1相关但浓度无法解析；AFB1相关但法规限量无法解析
38,不详,2023,7,2023-07,流通,花生仁/炒货坚果,生花生米,黄曲霉毒素B1（AFB1）,True,检验项目命中AFB1/黄曲霉变体,,,,,,False,,,,,False,False,,无检测数值,空值或占位符,无检测数值,空值或占位符,True,AFB1相关但浓度无法解析；AFB1相关但法规限量无法解析
39,不详,2023,7,2023-07,流通,花生仁/炒货坚果,花生,黄曲霉毒素B1（AFB1）,True,检验项目命中AFB1/黄曲霉变体,,,,,,False,,,,,False,False,,无检测数值,空值或占位符,无检测数值,空值或占位符,True,AFB1相关但浓度无法解析；AFB1相关但法规限量无法解析
40,不详,2023,7,2023-07,流通,花生仁/炒货坚果,花生,黄曲霉毒素B1（AFB1）,True,检验项目命中AFB1/黄曲霉变体,,,,,,False,,,,,False,False,,无检测数值,空值或占位符,无检测数值,空值或占位符,True,AFB1相关但浓度无法解析；AFB1相关但法规限量无法解析
11,不详,2023,7,2023-07,餐饮,花生仁/炒货坚果,花生米（生干籽类）,黄曲霉毒素B1（AFB1）,True,检验项目命中AFB1/黄曲霉变体,,,,,,False,,,,,False,False,,无检测数值,空值或占位符,无检测数值,空值或占位符,True,AFB1相关但浓度无法解析；AFB1相关但法规限量无法解析
58,不详,2023,7,2023-07,流通,花生仁/炒货坚果,白皮花生,黄曲霉毒素B1（AFB1）,True,不合格项目命中AFB1/黄曲霉变体；不合格规范列命中AFB1/黄曲霉变体,55.5µg/kg,55.5,,55.5,μg/kg,False,≤20µg/kg,20.0,μg/kg,≤,False,True,2.775,已解析并统一单位,,已解析并统一单位,,False,
46,不详,2023,7,2023-07,流通,花生仁/炒货坚果,花生米,黄曲霉毒素B1（AFB1）,True,检验项目命中AFB1/黄曲霉变体,,,,,,False,,,,,False,False,,无检测数值,空值或占位符,无检测数值,空值或占位符,True,AFB1相关但浓度无法解析；AFB1相关但法规限量无法解析
47,不详,2023,7,2023-07,流通,花生仁/炒货坚果,花生米,黄曲霉毒素B1（AFB1）,True,检验项目命中AFB1/黄曲霉变体,,,,,,False,,,,,False,False,,无检测数值,空值或占位符,无检测数值,空值或占位符,True,AFB1相关但浓度无法解析；AFB1相关但法规限量无法解析
48,不详,2023,7,2023-07,流通,花生仁/炒货坚果,花生,黄曲霉毒素B1（AFB1）,True,检验项目命中AFB1/黄曲霉变体,,,,,,False,,,,,False,False,,无检测数值,空值或占位符,无检测数值,空值或占位符,True,AFB1相关但浓度无法解析；AFB1相关但法规限量无法解析
49,不详,2023,7,2023-07,流通,花生仁/炒货坚果,花生,黄曲霉毒素B1（AFB1）,True,检验项目命中AFB1/黄曲霉变体,,,,,,False,,,,,False,False,,无检测数值,空值或占位符,无检测数值,空值或占位符,True,AFB1相关但浓度无法解析；AFB1相关但法规限量无法解析
82,不详,2023,7,2023-07,流通,花生仁/炒货坚果,红皮花生,黄曲霉毒素B1（AFB1）,True,不合格项目命中AFB1/黄曲霉变体；不合格规范列命中AFB1/黄曲霉变体,75.1,75.1,,75.1,μg/kg,True,≤20,20.0,μg/kg,≤,True,True,3.755,已解析并统一单位,,已解析并统一单位,,False,
83,不详,2023,7,2023-07,流通,花生仁/炒货坚果,红皮花生米,黄曲霉毒素B1（AFB1）,True,不合格项目命中AFB1/黄曲霉变体；不合格规范列命中AFB1/黄曲霉变体,245,245.0,,245.0,μg/kg,True,≤20,20.0,μg/kg,≤,True,True,12.25,已解析并统一单位,,已解析并统一单位,,False,
3,不详,2023,7,2023-07,流通,花生仁/炒货坚果,生花生米,黄曲霉毒素B1（AFB1）,True,不合格项目命中AFB1/黄曲霉变体；不合格规范列命中AFB1/黄曲霉变体,186µg/kg,186.0,,186.0,μg/kg,False,20µg/kg,20.0,μg/kg,≤,False,True,9.3,已解析并统一单位,,已解析并统一单位,,False,
4,不详,2023,7,2023-07,流通,花生仁/炒货坚果,生花生米,黄曲霉毒素B1（AFB1）,True,不合格项目命中AFB1/黄曲霉变体；不合格规范列命中AFB1/黄曲霉变体,186µg/kg,186.0,,186.0,μg/kg,False,20µg/kg,20.0,μg/kg,≤,False,True,9.3,已解析并统一单位,,已解析并统一单位,,False,
38,不详,2023,7,2023-07,餐饮,花生仁/炒货坚果,花生米,黄曲霉毒素B1（AFB1）,True,不合格项目命中AFB1/黄曲霉变体；不合格规范列命中AFB1/黄曲霉变体,96.0μg/kg,96.0,,96.0,μg/kg,False,≤20μg/kg,20.0,μg/kg,≤,False,True,4.8,已解析并统一单位,,已解析并统一单位,,False,
62,不详,2023,7,2023-07,流通,花生仁/炒货坚果,红皮花生,黄曲霉毒素B1（AFB1）,True,不合格项目命中AFB1/黄曲霉变体；不合格规范列命中AFB1/黄曲霉变体,55.4µg/kg,55.4,,55.4,μg/kg,False,≤20µg/kg,20.0,μg/kg,≤,False,True,2.77,已解析并统一单位,,已解析并统一单位,,False,
14,不详,2023,8,2023-08,流通,花生仁/炒货坚果,花生仁,黄曲霉毒素B1（AFB1）,True,检验项目命中AFB1/黄曲霉变体,,,,,,False,,,,,False,False,,无检测数值,空值或占位符,无检测数值,空值或占位符,True,AFB1相关但浓度无法解析；AFB1相关但法规限量无法解析
15,不详,2023,8,2023-08,流通,花生仁/炒货坚果,花生仁,黄曲霉毒素B1（AFB1）,True,检验项目命中AFB1/黄曲霉变体,,,,,,False,,,,,False,False,,无检测数值,空值或占位符,无检测数值,空值或占位符,True,AFB1相关但浓度无法解析；AFB1相关但法规限量无法解析
16,不详,2023,8,2023-08,流通,花生仁/炒货坚果,花生仁,黄曲霉毒素B1（AFB1）,True,检验项目命中AFB1/黄曲霉变体,,,,,,False,,,,,False,False,,无检测数值,空值或占位符,无检测数值,空值或占位符,True,AFB1相关但浓度无法解析；AFB1相关但法规限量无法解析
17,不详,2023,8,2023-08,流通,花生仁/炒货坚果,花生仁（红皮花生）,黄曲霉毒素B1（AFB1）,True,检验项目命中AFB1/黄曲霉变体,,,,,,False,,,,,False,False,,无检测数值,空值或占位符,无检测数值,空值或占位符,True,AFB1相关但浓度无法解析；AFB1相关但法规限量无法解析
18,不详,2023,8,2023-08,流通,花生仁/炒货坚果,花生,黄曲霉毒素B1（AFB1）,True,检验项目命中AFB1/黄曲霉变体,,,,,,False,,,,,False,False,,无检测数值,空值或占位符,无检测数值,空值或占位符,True,AFB1相关但浓度无法解析；AFB1相关但法规限量无法解析
83,不详,2023,8,2023-08,流通,花生仁/炒货坚果,生花生米,黄曲霉毒素B1（AFB1）,True,不合格项目命中AFB1/黄曲霉变体；不合格规范列命中AFB1/黄曲霉变体,186µg/kg,186.0,,186.0,μg/kg,False,20µg/kg,20.0,μg/kg,≤,False,True,9.3,已解析并统一单位,,已解析并统一单位,,False,
99,不详,2023,8,2023-08,流通,花生仁/炒货坚果,白花生米,黄曲霉毒素B1（AFB1）,True,不合格项目命中AFB1/黄曲霉变体；不合格规范列命中AFB1/黄曲霉变体,96.2µg/kg,96.2,,96.2,μg/kg,False,≤20µg/kg,20.0,μg/kg,≤,False,True,4.8100000000000005,已解析并统一单位,,已解析并统一单位,,False,
6,广东,2023,8,2023-08,流通,花生仁/炒货坚果,花生,黄曲霉毒素B1（AFB1）,True,检验项目命中AFB1/黄曲霉变体,,,,,,False,,,,,False,False,,无检测数值,空值或占位符,无检测数值,空值或占位符,True,AFB1相关但浓度无法解析；AFB1相关但法规限量无法解析
22,不详,2023,8,2023-08,流通,花生仁/炒货坚果,红皮花生米,黄曲霉毒素B1（AFB1）,True,不合格项目命中AFB1/黄曲霉变体；不合格规范列命中AFB1/黄曲霉变体,,,,,,False,,,,,False,True,,无检测数值,空值或占位符,无检测数值,空值或占位符,True,AFB1相关但浓度无法解析；AFB1相关但法规限量无法解析
1,广东,2023,8,2023-08,流通,花生仁/炒货坚果,花生,黄曲霉毒素B1（AFB1）,True,检验项目命中AFB1/黄曲霉变体,,,,,,False,,,,,False,False,,无检测数值,空值或占位符,无检测数值,空值或占位符,True,AFB1相关但浓度无法解析；AFB1相关但法规限量无法解析
2,不详,2023,8,2023-08,流通,花生仁/炒货坚果,花生,黄曲霉毒素B1（AFB1）,True,检验项目命中AFB1/黄曲霉变体,,,,,,False,,,,,False,False,,无检测数值,空值或占位符,无检测数值,空值或占位符,True,AFB1相关但浓度无法解析；AFB1相关但法规限量无法解析
3,不详,2023,8,2023-08,餐饮,花生仁/炒货坚果,花生,黄曲霉毒素B1（AFB1）,True,检验项目命中AFB1/黄曲霉变体,,,,,,False,,,,,False,False,,无检测数值,空值或占位符,无检测数值,空值或占位符,True,AFB1相关但浓度无法解析；AFB1相关但法规限量无法解析
119,不详,2023,8,2023-08,流通,花生仁/炒货坚果,白皮花生,黄曲霉毒素B1（AFB1）,True,不合格项目命中AFB1/黄曲霉变体；不合格规范列命中AFB1/黄曲霉变体,145µg/kg,145.0,,145.0,μg/kg,False,≤20µg/kg,20.0,μg/kg,≤,False,True,7.25,已解析并统一单位,,已解析并统一单位,,False,
15,不详,2023,8,2023-08,流通,花生仁/炒货坚果,花生米,黄曲霉毒素B1（AFB1）,True,不合格项目命中AFB1/黄曲霉变体；不合格规范列命中AFB1/黄曲霉变体,62.3μg/kg,62.3,,62.3,μg/kg,False,≤20μg/kg,20.0,μg/kg,≤,False,True,3.1149999999999998,已解析并统一单位,,已解析并统一单位,,False,
7,不详,2023,8,2023-08,流通,花生仁/炒货坚果,花生粒,黄曲霉毒素B1（AFB1）,True,检验项目命中AFB1/黄曲霉变体,,,,,,False,,,,,False,False,,无检测数值,空值或占位符,无检测数值,空值或占位符,True,AFB1相关但浓度无法解析；AFB1相关但法规限量无法解析
8,不详,2023,8,2023-08,流通,花生仁/炒货坚果,花生粒,黄曲霉毒素B1（AFB1）,True,检验项目命中AFB1/黄曲霉变体,,,,,,False,,,,,False,False,,无检测数值,空值或占位符,无检测数值,空值或占位符,True,AFB1相关但浓度无法解析；AFB1相关但法规限量无法解析
9,不详,2023,8,2023-08,流通,花生仁/炒货坚果,花生,黄曲霉毒素B1（AFB1）,True,检验项目命中AFB1/黄曲霉变体,,,,,,False,,,,,False,False,,无检测数值,空值或占位符,无检测数值,空值或占位符,True,AFB1相关但浓度无法解析；AFB1相关但法规限量无法解析
1,不详,2023,8,2023-08,流通,花生仁/炒货坚果,生花生米,黄曲霉毒素B1（AFB1）,True,检验项目命中AFB1/黄曲霉变体,,,,,,False,,,,,False,False,,无检测数值,空值或占位符,无检测数值,空值或占位符,True,AFB1相关但浓度无法解析；AFB1相关但法规限量无法解析
2,不详,2023,8,2023-08,流通,花生仁/炒货坚果,花生米,黄曲霉毒素B1（AFB1）,True,检验项目命中AFB1/黄曲霉变体,,,,,,False,,,,,False,False,,无检测数值,空值或占位符,无检测数值,空值或占位符,True,AFB1相关但浓度无法解析；AFB1相关但法规限量无法解析
3,不详,2023,8,2023-08,流通,花生仁/炒货坚果,花生米,黄曲霉毒素B1（AFB1）,True,检验项目命中AFB1/黄曲霉变体,,,,,,False,,,,,False,False,,无检测数值,空值或占位符,无检测数值,空值或占位符,True,AFB1相关但浓度无法解析；AFB1相关但法规限量无法解析
54,不详,2023,8,2023-08,流通,花生仁/炒货坚果,花生米,黄曲霉毒素B1（AFB1）,True,不合格项目命中AFB1/黄曲霉变体；不合格规范列命中AFB1/黄曲霉变体,43.8µg/kg,43.8,,43.8,μg/kg,False,≤20µg/kg,20.0,μg/kg,≤,False,True,2.19,已解析并统一单位,,已解析并统一单位,,False,
47,不详,2023,8,2023-08,餐饮,花生仁/炒货坚果,生花生米,黄曲霉毒素B1（AFB1）,True,检验项目命中AFB1/黄曲霉变体,,,,,,False,,,,,False,False,,无检测数值,空值或占位符,无检测数值,空值或占位符,True,AFB1相关但浓度无法解析；AFB1相关但法规限量无法解析
48,不详,2023,8,2023-08,流通,花生仁/炒货坚果,生花生米,黄曲霉毒素B1（AFB1）,True,检验项目命中AFB1/黄曲霉变体,,,,,,False,,,,,False,False,,无检测数值,空值或占位符,无检测数值,空值或占位符,True,AFB1相关但浓度无法解析；AFB1相关但法规限量无法解析
63,不详,2023,8,2023-08,流通,花生仁/炒货坚果,白花生米,黄曲霉毒素B1（AFB1）,True,不合格项目命中AFB1/黄曲霉变体；不合格规范列命中AFB1/黄曲霉变体,122ug/kg,122.0,,122.0,μg/kg,False,≤20ug/kg,20.0,μg/kg,≤,False,True,6.1,已解析并统一单位,,已解析并统一单位,,False,
37,不详,2023,9,2023-09,流通,花生仁/炒货坚果,花生米,黄曲霉毒素B1（AFB1）,True,不合格项目命中AFB1/黄曲霉变体；不合格规范列命中AFB1/黄曲霉变体,50.4µg/kg,50.4,,50.4,μg/kg,False,≤20µg/kg,20.0,μg/kg,≤,False,True,2.52,已解析并统一单位,,已解析并统一单位,,False,
28,不详,2023,9,2023-09,流通,花生仁/炒货坚果,红花生米,黄曲霉毒素B1（AFB1）,True,不合格项目命中AFB1/黄曲霉变体；不合格规范列命中AFB1/黄曲霉变体,76.3µg/kg,76.3,,76.3,μg/kg,False,≤20µg/kg,20.0,μg/kg,≤,False,True,3.815,已解析并统一单位,,已解析并统一单位,,False,
33,不详,2023,9,2023-09,流通,花生仁/炒货坚果,生花生仁,黄曲霉毒素B1（AFB1）,True,检验项目命中AFB1/黄曲霉变体,,,,,,False,,,,,False,False,,无检测数值,空值或占位符,无检测数值,空值或占位符,True,AFB1相关但浓度无法解析；AFB1相关但法规限量无法解析
34,不详,2023,9,2023-09,流通,花生仁/炒货坚果,生花生米,黄曲霉毒素B1（AFB1）,True,检验项目命中AFB1/黄曲霉变体,,,,,,False,,,,,False,False,,无检测数值,空值或占位符,无检测数值,空值或占位符,True,AFB1相关但浓度无法解析；AFB1相关但法规限量无法解析
35,不详,2023,9,2023-09,流通,花生仁/炒货坚果,生花生米,黄曲霉毒素B1（AFB1）,True,检验项目命中AFB1/黄曲霉变体,,,,,,False,,,,,False,False,,无检测数值,空值或占位符,无检测数值,空值或占位符,True,AFB1相关但浓度无法解析；AFB1相关但法规限量无法解析
18,不详,2023,9,2023-09,流通,花生仁/炒货坚果,花生,黄曲霉毒素B1（AFB1）,True,检验项目命中AFB1/黄曲霉变体,,,,,,False,,,,,False,False,,无检测数值,空值或占位符,无检测数值,空值或占位符,True,AFB1相关但浓度无法解析；AFB1相关但法规限量无法解析
19,不详,2023,9,2023-09,流通,花生仁/炒货坚果,精选花生米（大）,黄曲霉毒素B1（AFB1）,True,检验项目命中AFB1/黄曲霉变体,,,,,,False,,,,,False,False,,无检测数值,空值或占位符,无检测数值,空值或占位符,True,AFB1相关但浓度无法解析；AFB1相关但法规限量无法解析
96,不详,2023,9,2023-09,流通,花生仁/炒货坚果,红花生仁,黄曲霉毒素B1（AFB1）,True,不合格项目命中AFB1/黄曲霉变体；不合格规范列命中AFB1/黄曲霉变体,111μg/kg,111.0,,111.0,μg/kg,False,20μg/kg,20.0,μg/kg,≤,False,True,5.55,已解析并统一单位,,已解析并统一单位,,False,
117,不详,2023,9,2023-09,流通,花生仁/炒货坚果,花生,黄曲霉毒素B1（AFB1）,True,不合格项目命中AFB1/黄曲霉变体；不合格规范列命中AFB1/黄曲霉变体,126μg/kg,126.0,,126.0,μg/kg,False,≤20μg/kg,20.0,μg/kg,≤,False,True,6.3,已解析并统一单位,,已解析并统一单位,,False,
3,不详,2023,9,2023-09,流通,花生仁/炒货坚果,白花生米,黄曲霉毒素B1（AFB1）,True,检验项目命中AFB1/黄曲霉变体,,,,,,False,,,,,False,False,,无检测数值,空值或占位符,无检测数值,空值或占位符,True,AFB1相关但浓度无法解析；AFB1相关但法规限量无法解析
100,不详,2023,9,2023-09,流通,花生仁/炒货坚果,花生米,黄曲霉毒素B1（AFB1）,True,不合格项目命中AFB1/黄曲霉变体；不合格规范列命中AFB1/黄曲霉变体,61.7µg/kg,61.7,,61.7,μg/kg,False,20µg/kg,20.0,μg/kg,≤,False,True,3.085,已解析并统一单位,,已解析并统一单位,,False,
59,不详,2023,10,2023-10,流通,花生仁/炒货坚果,红花生米,黄曲霉毒素B1（AFB1）,True,不合格项目命中AFB1/黄曲霉变体；不合格规范列命中AFB1/黄曲霉变体,458μg/kg,458.0,,458.0,μg/kg,False,≤20μg/kg,20.0,μg/kg,≤,False,True,22.9,已解析并统一单位,,已解析并统一单位,,False,
76,不详,2023,10,2023-10,流通,花生仁/炒货坚果,白花生米,黄曲霉毒素B1（AFB1）,True,不合格项目命中AFB1/黄曲霉变体；不合格规范列命中AFB1/黄曲霉变体,44.8µg/kg,44.8,,44.8,μg/kg,False,≤20µg/kg,20.0,μg/kg,≤,False,True,2.2399999999999998,已解析并统一单位,,已解析并统一单位,,False,
13,不详,2023,10,2023-10,流通,花生仁/炒货坚果,四粒红生花生米,黄曲霉毒素B1（AFB1）,True,不合格项目命中AFB1/黄曲霉变体；不合格规范列命中AFB1/黄曲霉变体,121µg/kg,121.0,,121.0,μg/kg,False,20µg/kg,20.0,μg/kg,≤,False,True,6.05,已解析并统一单位,,已解析并统一单位,,False,
19,不详,2023,10,2023-10,流通,花生仁/炒货坚果,生花生米,黄曲霉毒素B1（AFB1）,True,检验项目命中AFB1/黄曲霉变体,,,,,,False,,,,,False,False,,无检测数值,空值或占位符,无检测数值,空值或占位符,True,AFB1相关但浓度无法解析；AFB1相关但法规限量无法解析
20,不详,2023,10,2023-10,流通,花生仁/炒货坚果,白花生米,黄曲霉毒素B1（AFB1）,True,检验项目命中AFB1/黄曲霉变体,,,,,,False,,,,,False,False,,无检测数值,空值或占位符,无检测数值,空值或占位符,True,AFB1相关但浓度无法解析；AFB1相关但法规限量无法解析
21,不详,2023,10,2023-10,流通,花生仁/炒货坚果,红花生米,黄曲霉毒素B1（AFB1）,True,检验项目命中AFB1/黄曲霉变体,,,,,,False,,,,,False,False,,无检测数值,空值或占位符,无检测数值,空值或占位符,True,AFB1相关但浓度无法解析；AFB1相关但法规限量无法解析
22,江苏,2023,10,2023-10,流通,花生仁/炒货坚果,红皮花生,黄曲霉毒素B1（AFB1）,True,检验项目命中AFB1/黄曲霉变体,,,,,,False,,,,,False,False,,无检测数值,空值或占位符,无检测数值,空值或占位符,True,AFB1相关但浓度无法解析；AFB1相关但法规限量无法解析
23,安徽,2023,10,2023-10,流通,花生仁/炒货坚果,花生米（生）,黄曲霉毒素B1（AFB1）,True,检验项目命中AFB1/黄曲霉变体,,,,,,False,,,,,False,False,,无检测数值,空值或占位符,无检测数值,空值或占位符,True,AFB1相关但浓度无法解析；AFB1相关但法规限量无法解析
24,安徽,2023,10,2023-10,流通,花生仁/炒货坚果,花生米（生）,黄曲霉毒素B1（AFB1）,True,检验项目命中AFB1/黄曲霉变体,,,,,,False,,,,,False,False,,无检测数值,空值或占位符,无检测数值,空值或占位符,True,AFB1相关但浓度无法解析；AFB1相关但法规限量无法解析
25,不详,2023,10,2023-10,流通,花生仁/炒货坚果,散称花生米,黄曲霉毒素B1（AFB1）,True,检验项目命中AFB1/黄曲霉变体,,,,,,False,,,,,False,False,,无检测数值,空值或占位符,无检测数值,空值或占位符,True,AFB1相关但浓度无法解析；AFB1相关但法规限量无法解析
26,不详,2023,10,2023-10,流通,花生仁/炒货坚果,生花生米,黄曲霉毒素B1（AFB1）,True,检验项目命中AFB1/黄曲霉变体,,,,,,False,,,,,False,False,,无检测数值,空值或占位符,无检测数值,空值或占位符,True,AFB1相关但浓度无法解析；AFB1相关但法规限量无法解析
27,不详,2023,10,2023-10,流通,花生仁/炒货坚果,生花生米,黄曲霉毒素B1（AFB1）,True,检验项目命中AFB1/黄曲霉变体,,,,,,False,,,,,False,False,,无检测数值,空值或占位符,无检测数值,空值或占位符,True,AFB1相关但浓度无法解析；AFB1相关但法规限量无法解析
28,不详,2023,10,2023-10,流通,花生仁/炒货坚果,生花生,黄曲霉毒素B1（AFB1）,True,检验项目命中AFB1/黄曲霉变体,,,,,,False,,,,,False,False,,无检测数值,空值或占位符,无检测数值,空值或占位符,True,AFB1相关但浓度无法解析；AFB1相关但法规限量无法解析
29,不详,2023,10,2023-10,流通,花生仁/炒货坚果,花生米,黄曲霉毒素B1（AFB1）,True,检验项目命中AFB1/黄曲霉变体,,,,,,False,,,,,False,False,,无检测数值,空值或占位符,无检测数值,空值或占位符,True,AFB1相关但浓度无法解析；AFB1相关但法规限量无法解析
30,不详,2023,10,2023-10,流通,花生仁/炒货坚果,花生米,黄曲霉毒素B1（AFB1）,True,检验项目命中AFB1/黄曲霉变体,,,,,,False,,,,,False,False,,无检测数值,空值或占位符,无检测数值,空值或占位符,True,AFB1相关但浓度无法解析；AFB1相关但法规限量无法解析
31,不详,2023,10,2023-10,流通,花生仁/炒货坚果,花生米,黄曲霉毒素B1（AFB1）,True,检验项目命中AFB1/黄曲霉变体,,,,,,False,,,,,False,False,,无检测数值,空值或占位符,无检测数值,空值或占位符,True,AFB1相关但浓度无法解析；AFB1相关但法规限量无法解析
32,不详,2023,10,2023-10,流通,花生仁/炒货坚果,生花生米,黄曲霉毒素B1（AFB1）,True,检验项目命中AFB1/黄曲霉变体,,,,,,False,,,,,False,False,,无检测数值,空值或占位符,无检测数值,空值或占位符,True,AFB1相关但浓度无法解析；AFB1相关但法规限量无法解析
33,不详,2023,10,2023-10,流通,花生仁/炒货坚果,花生米,黄曲霉毒素B1（AFB1）,True,检验项目命中AFB1/黄曲霉变体,,,,,,False,,,,,False,False,,无检测数值,空值或占位符,无检测数值,空值或占位符,True,AFB1相关但浓度无法解析；AFB1相关但法规限量无法解析
34,不详,2023,10,2023-10,流通,花生仁/炒货坚果,白皮花生米,黄曲霉毒素B1（AFB1）,True,检验项目命中AFB1/黄曲霉变体,,,,,,False,,,,,False,False,,无检测数值,空值或占位符,无检测数值,空值或占位符,True,AFB1相关但浓度无法解析；AFB1相关但法规限量无法解析
6,不详,2023,10,2023-10,生产,花生仁/炒货坚果,花生米（小红）,黄曲霉毒素B1（AFB1）,True,不合格项目命中AFB1/黄曲霉变体；不合格规范列命中AFB1/黄曲霉变体,43.5ug/kg,43.5,,43.5,μg/kg,False,≤20ug/kg,20.0,μg/kg,≤,False,True,2.175,已解析并统一单位,,已解析并统一单位,,False,
13,不详,2023,10,2023-10,流通,花生仁/炒货坚果,生花生米,黄曲霉毒素B1（AFB1）,True,不合格项目命中AFB1/黄曲霉变体；不合格规范列命中AFB1/黄曲霉变体,89.3µg/kg,89.3,,89.3,μg/kg,False,20µg/kg,20.0,μg/kg,≤,False,True,4.465,已解析并统一单位,,已解析并统一单位,,False,
14,不详,2023,10,2023-10,流通,花生仁/炒货坚果,红花生米,黄曲霉毒素B1（AFB1）,True,不合格项目命中AFB1/黄曲霉变体；不合格规范列命中AFB1/黄曲霉变体,265Hg/kg,265.0,,265.0,μg/kg,True,≤20Hg/kg,20.0,μg/kg,≤,True,True,13.25,已解析并统一单位,,已解析并统一单位,,False,
74,不详,2023,10,2023-10,流通,花生仁/炒货坚果,花生米,黄曲霉毒素B1（AFB1）,True,不合格项目命中AFB1/黄曲霉变体；不合格规范列命中AFB1/黄曲霉变体,30.2µg/kg,30.2,,30.2,μg/kg,False,≤20µg/kg,20.0,μg/kg,≤,False,True,1.51,已解析并统一单位,,已解析并统一单位,,False,
88,不详,2023,10,2023-10,餐饮,花生仁/炒货坚果,生花生,黄曲霉毒素B1（AFB1）,True,不合格项目命中AFB1/黄曲霉变体；不合格规范列命中AFB1/黄曲霉变体,286µg/kg,286.0,,286.0,μg/kg,False,≤20µg/kg,20.0,μg/kg,≤,False,True,14.3,已解析并统一单位,,已解析并统一单位,,False,
92,不详,2023,10,2023-10,流通,花生仁/炒货坚果,花生米,黄曲霉毒素B1（AFB1）,True,不合格项目命中AFB1/黄曲霉变体；不合格规范列命中AFB1/黄曲霉变体,102µg/kg,102.0,,102.0,μg/kg,False,≤20µg/kg,20.0,μg/kg,≤,False,True,5.1,已解析并统一单位,,已解析并统一单位,,False,
136,不详,2023,10,2023-10,流通,花生仁/炒货坚果,大花生米,黄曲霉毒素B1（AFB1）,True,不合格项目命中AFB1/黄曲霉变体；不合格规范列命中AFB1/黄曲霉变体,78.5,78.5,,78.5,μg/kg,True,≤20,20.0,μg/kg,≤,True,True,3.925,已解析并统一单位,,已解析并统一单位,,False,
137,不详,2023,10,2023-10,流通,花生仁/炒货坚果,红皮花生,黄曲霉毒素B1（AFB1）,True,不合格项目命中AFB1/黄曲霉变体；不合格规范列命中AFB1/黄曲霉变体,110,110.0,,110.0,μg/kg,True,≤20,20.0,μg/kg,≤,True,True,5.5,已解析并统一单位,,已解析并统一单位,,False,
138,不详,2023,10,2023-10,流通,花生仁/炒货坚果,红皮花生米,黄曲霉毒素B1（AFB1）,True,不合格项目命中AFB1/黄曲霉变体；不合格规范列命中AFB1/黄曲霉变体,21.2,21.2,,21.2,μg/kg,True,≤20,20.0,μg/kg,≤,True,True,1.06,已解析并统一单位,,已解析并统一单位,,False,
139,不详,2023,10,2023-10,流通,花生仁/炒货坚果,大花生,黄曲霉毒素B1（AFB1）,True,不合格项目命中AFB1/黄曲霉变体；不合格规范列命中AFB1/黄曲霉变体,453,453.0,,453.0,μg/kg,True,≤20,20.0,μg/kg,≤,True,True,22.65,已解析并统一单位,,已解析并统一单位,,False,
140,不详,2023,10,2023-10,流通,花生仁/炒货坚果,小花生,黄曲霉毒素B1（AFB1）,True,不合格项目命中AFB1/黄曲霉变体；不合格规范列命中AFB1/黄曲霉变体,375,375.0,,375.0,μg/kg,True,≤20,20.0,μg/kg,≤,True,True,18.75,已解析并统一单位,,已解析并统一单位,,False,
141,不详,2023,10,2023-10,流通,花生仁/炒货坚果,白皮小花生,黄曲霉毒素B1（AFB1）,True,不合格项目命中AFB1/黄曲霉变体；不合格规范列命中AFB1/黄曲霉变体,144,144.0,,144.0,μg/kg,True,≤20,20.0,μg/kg,≤,True,True,7.2,已解析并统一单位,,已解析并统一单位,,False,
142,不详,2023,10,2023-10,流通,花生仁/炒货坚果,小花生,黄曲霉毒素B1（AFB1）,True,不合格项目命中AFB1/黄曲霉变体；不合格规范列命中AFB1/黄曲霉变体,200,200.0,,200.0,μg/kg,True,≤20,20.0,μg/kg,≤,True,True,10.0,已解析并统一单位,,已解析并统一单位,,False,
143,不详,2023,10,2023-10,流通,花生仁/炒货坚果,小花生米,黄曲霉毒素B1（AFB1）,True,不合格项目命中AFB1/黄曲霉变体；不合格规范列命中AFB1/黄曲霉变体,338,338.0,,338.0,μg/kg,True,≤20,20.0,μg/kg,≤,True,True,16.9,已解析并统一单位,,已解析并统一单位,,False,
27,不详,2023,11,2023-11,流通,花生仁/炒货坚果,花生米,黄曲霉毒素B1（AFB1）,True,不合格项目命中AFB1/黄曲霉变体；不合格规范列命中AFB1/黄曲霉变体,79.1μg/kg,79.1,,79.1,μg/kg,False,≤20μg/kg,20.0,μg/kg,≤,False,True,3.9549999999999996,已解析并统一单位,,已解析并统一单位,,False,
29,不详,2023,11,2023-11,流通,花生仁/炒货坚果,花生米,黄曲霉毒素B1（AFB1）,True,不合格项目命中AFB1/黄曲霉变体；不合格规范列命中AFB1/黄曲霉变体,≤20μg/kg,20.0,,20.0,μg/kg,False,51.3μg/kg,51.3,μg/kg,≤,False,False,0.38986354775828463,已解析并统一单位,,已解析并统一单位,,True,数值超标判断与原始判定结果不一致
9,不详,2023,11,2023-11,流通,花生仁/炒货坚果,花生,黄曲霉毒素B1（AFB1）,True,检验项目命中AFB1/黄曲霉变体,,,,,,False,,,,,False,False,,无检测数值,空值或占位符,无检测数值,空值或占位符,True,AFB1相关但浓度无法解析；AFB1相关但法规限量无法解析
10,不详,2023,11,2023-11,流通,花生仁/炒货坚果,花生,黄曲霉毒素B1（AFB1）,True,检验项目命中AFB1/黄曲霉变体,,,,,,False,,,,,False,False,,无检测数值,空值或占位符,无检测数值,空值或占位符,True,AFB1相关但浓度无法解析；AFB1相关但法规限量无法解析
11,不详,2023,11,2023-11,流通,花生仁/炒货坚果,红皮花生,黄曲霉毒素B1（AFB1）,True,检验项目命中AFB1/黄曲霉变体,,,,,,False,,,,,False,False,,无检测数值,空值或占位符,无检测数值,空值或占位符,True,AFB1相关但浓度无法解析；AFB1相关但法规限量无法解析
12,不详,2023,11,2023-11,流通,花生仁/炒货坚果,花生,黄曲霉毒素B1（AFB1）,True,检验项目命中AFB1/黄曲霉变体,,,,,,False,,,,,False,False,,无检测数值,空值或占位符,无检测数值,空值或占位符,True,AFB1相关但浓度无法解析；AFB1相关但法规限量无法解析
13,不详,2023,11,2023-11,流通,花生仁/炒货坚果,红皮花生,黄曲霉毒素B1（AFB1）,True,检验项目命中AFB1/黄曲霉变体,,,,,,False,,,,,False,False,,无检测数值,空值或占位符,无检测数值,空值或占位符,True,AFB1相关但浓度无法解析；AFB1相关但法规限量无法解析
14,不详,2023,11,2023-11,流通,花生仁/炒货坚果,中花生,黄曲霉毒素B1（AFB1）,True,检验项目命中AFB1/黄曲霉变体,,,,,,False,,,,,False,False,,无检测数值,空值或占位符,无检测数值,空值或占位符,True,AFB1相关但浓度无法解析；AFB1相关但法规限量无法解析
15,不详,2023,11,2023-11,流通,花生仁/炒货坚果,中花生,黄曲霉毒素B1（AFB1）,True,检验项目命中AFB1/黄曲霉变体,,,,,,False,,,,,False,False,,无检测数值,空值或占位符,无检测数值,空值或占位符,True,AFB1相关但浓度无法解析；AFB1相关但法规限量无法解析
16,不详,2023,11,2023-11,流通,花生仁/炒货坚果,红衣花生,黄曲霉毒素B1（AFB1）,True,检验项目命中AFB1/黄曲霉变体,,,,,,False,,,,,False,False,,无检测数值,空值或占位符,无检测数值,空值或占位符,True,AFB1相关但浓度无法解析；AFB1相关但法规限量无法解析
17,不详,2023,11,2023-11,流通,花生仁/炒货坚果,新大花生,黄曲霉毒素B1（AFB1）,True,检验项目命中AFB1/黄曲霉变体,,,,,,False,,,,,False,False,,无检测数值,空值或占位符,无检测数值,空值或占位符,True,AFB1相关但浓度无法解析；AFB1相关但法规限量无法解析
18,不详,2023,11,2023-11,流通,花生仁/炒货坚果,中红皮花生,黄曲霉毒素B1（AFB1）,True,检验项目命中AFB1/黄曲霉变体,,,,,,False,,,,,False,False,,无检测数值,空值或占位符,无检测数值,空值或占位符,True,AFB1相关但浓度无法解析；AFB1相关但法规限量无法解析
19,不详,2023,11,2023-11,流通,花生仁/炒货坚果,花生,黄曲霉毒素B1（AFB1）,True,检验项目命中AFB1/黄曲霉变体,,,,,,False,,,,,False,False,,无检测数值,空值或占位符,无检测数值,空值或占位符,True,AFB1相关但浓度无法解析；AFB1相关但法规限量无法解析
20,不详,2023,11,2023-11,流通,花生仁/炒货坚果,花生,黄曲霉毒素B1（AFB1）,True,检验项目命中AFB1/黄曲霉变体,,,,,,False,,,,,False,False,,无检测数值,空值或占位符,无检测数值,空值或占位符,True,AFB1相关但浓度无法解析；AFB1相关但法规限量无法解析
21,不详,2023,11,2023-11,流通,花生仁/炒货坚果,大花生,黄曲霉毒素B1（AFB1）,True,检验项目命中AFB1/黄曲霉变体,,,,,,False,,,,,False,False,,无检测数值,空值或占位符,无检测数值,空值或占位符,True,AFB1相关但浓度无法解析；AFB1相关但法规限量无法解析
22,不详,2023,11,2023-11,流通,花生仁/炒货坚果,中花生,黄曲霉毒素B1（AFB1）,True,检验项目命中AFB1/黄曲霉变体,,,,,,False,,,,,False,False,,无检测数值,空值或占位符,无检测数值,空值或占位符,True,AFB1相关但浓度无法解析；AFB1相关但法规限量无法解析
23,不详,2023,11,2023-11,流通,花生仁/炒货坚果,花生米,黄曲霉毒素B1（AFB1）,True,检验项目命中AFB1/黄曲霉变体,,,,,,False,,,,,False,False,,无检测数值,空值或占位符,无检测数值,空值或占位符,True,AFB1相关但浓度无法解析；AFB1相关但法规限量无法解析
24,不详,2023,11,2023-11,流通,花生仁/炒货坚果,花生,黄曲霉毒素B1（AFB1）,True,检验项目命中AFB1/黄曲霉变体,,,,,,False,,,,,False,False,,无检测数值,空值或占位符,无检测数值,空值或占位符,True,AFB1相关但浓度无法解析；AFB1相关但法规限量无法解析
25,不详,2023,11,2023-11,流通,花生仁/炒货坚果,花生米,黄曲霉毒素B1（AFB1）,True,检验项目命中AFB1/黄曲霉变体,,,,,,False,,,,,False,False,,无检测数值,空值或占位符,无检测数值,空值或占位符,True,AFB1相关但浓度无法解析；AFB1相关但法规限量无法解析
26,不详,2023,11,2023-11,流通,花生仁/炒货坚果,花生,黄曲霉毒素B1（AFB1）,True,检验项目命中AFB1/黄曲霉变体,,,,,,False,,,,,False,False,,无检测数值,空值或占位符,无检测数值,空值或占位符,True,AFB1相关但浓度无法解析；AFB1相关但法规限量无法解析
27,不详,2023,11,2023-11,流通,花生仁/炒货坚果,花生,黄曲霉毒素B1（AFB1）,True,检验项目命中AFB1/黄曲霉变体,,,,,,False,,,,,False,False,,无检测数值,空值或占位符,无检测数值,空值或占位符,True,AFB1相关但浓度无法解析；AFB1相关但法规限量无法解析
28,不详,2023,11,2023-11,流通,花生仁/炒货坚果,生花生,黄曲霉毒素B1（AFB1）,True,检验项目命中AFB1/黄曲霉变体,,,,,,False,,,,,False,False,,无检测数值,空值或占位符,无检测数值,空值或占位符,True,AFB1相关但浓度无法解析；AFB1相关但法规限量无法解析
29,不详,2023,11,2023-11,流通,花生仁/炒货坚果,生花生,黄曲霉毒素B1（AFB1）,True,检验项目命中AFB1/黄曲霉变体,,,,,,False,,,,,False,False,,无检测数值,空值或占位符,无检测数值,空值或占位符,True,AFB1相关但浓度无法解析；AFB1相关但法规限量无法解析
108,不详,2023,11,2023-11,流通,花生仁/炒货坚果,新大花生,黄曲霉毒素B1（AFB1）,True,不合格项目命中AFB1/黄曲霉变体；不合格规范列命中AFB1/黄曲霉变体；检验项目命中AFB1/黄曲霉变体,63.9μg/kg,63.9,,63.9,μg/kg,False,≤20μg/kg,20.0,μg/kg,≤,False,True,3.195,已解析并统一单位,,已解析并统一单位,,False,
109,不详,2023,11,2023-11,流通,花生仁/炒货坚果,生花生,黄曲霉毒素B1（AFB1）,True,不合格项目命中AFB1/黄曲霉变体；不合格规范列命中AFB1/黄曲霉变体；检验项目命中AFB1/黄曲霉变体,46.1µg/kg,46.1,,46.1,μg/kg,False,≤20µg/kg,20.0,μg/kg,≤,False,True,2.305,已解析并统一单位,,已解析并统一单位,,False,
56,不详,2023,11,2023-11,餐饮,花生仁/炒货坚果,生花生米,黄曲霉毒素B1（AFB1）,True,不合格项目命中AFB1/黄曲霉变体；不合格规范列命中AFB1/黄曲霉变体,76.0µg/kg,76.0,,76.0,μg/kg,False,≤20µg/kg,20.0,μg/kg,≤,False,True,3.8,已解析并统一单位,,已解析并统一单位,,False,
63,不详,2023,11,2023-11,餐饮,花生仁/炒货坚果,花生,黄曲霉毒素B1（AFB1）,True,不合格项目命中AFB1/黄曲霉变体；不合格规范列命中AFB1/黄曲霉变体,5.7mg/g|34.6μg/kg,5.7,,5.7,mg/g,False,≤3mg/g|≤20μg/kg,3.0,mg/g,≤,False,True,1.9000000000000001,已解析,,已解析,,True,AFB1浓度单位未统一为μg/kg
64,不详,2023,11,2023-11,流通,花生仁/炒货坚果,生花生米,黄曲霉毒素B1（AFB1）,True,不合格项目命中AFB1/黄曲霉变体；不合格规范列命中AFB1/黄曲霉变体,114µg/kg,114.0,,114.0,μg/kg,False,≤20µg/kg,20.0,μg/kg,≤,False,True,5.7,已解析并统一单位,,已解析并统一单位,,False,
65,不详,2023,11,2023-11,流通,花生仁/炒货坚果,花生米,黄曲霉毒素B1（AFB1）,True,不合格项目命中AFB1/黄曲霉变体；不合格规范列命中AFB1/黄曲霉变体,98.8µg/kg,98.8,,98.8,μg/kg,False,≤20µg/kg,20.0,μg/kg,≤,False,True,4.9399999999999995,已解析并统一单位,,已解析并统一单位,,False,
19,不详,2023,11,2023-11,流通,花生仁/炒货坚果,花生米,黄曲霉毒素B1（AFB1）,True,检验项目命中AFB1/黄曲霉变体,,,,,,False,,,,,False,False,,无检测数值,空值或占位符,无检测数值,空值或占位符,True,AFB1相关但浓度无法解析；AFB1相关但法规限量无法解析
20,不详,2023,11,2023-11,流通,花生仁/炒货坚果,花生,黄曲霉毒素B1（AFB1）,True,检验项目命中AFB1/黄曲霉变体,,,,,,False,,,,,False,False,,无检测数值,空值或占位符,无检测数值,空值或占位符,True,AFB1相关但浓度无法解析；AFB1相关但法规限量无法解析
21,不详,2023,11,2023-11,流通,花生仁/炒货坚果,花生米（新）,黄曲霉毒素B1（AFB1）,True,检验项目命中AFB1/黄曲霉变体,,,,,,False,,,,,False,False,,无检测数值,空值或占位符,无检测数值,空值或占位符,True,AFB1相关但浓度无法解析；AFB1相关但法规限量无法解析
87,不详,2023,11,2023-11,流通,花生仁/炒货坚果,花生米,黄曲霉毒素B1（AFB1）,True,不合格项目命中AFB1/黄曲霉变体；不合格规范列命中AFB1/黄曲霉变体,184µg/kg,184.0,,184.0,μg/kg,False,≤20µg/kg,20.0,μg/kg,≤,False,True,9.2,已解析并统一单位,,已解析并统一单位,,False,
21,不详,2023,11,2023-11,餐饮,花生仁/炒货坚果,生干花生,黄曲霉毒素B1（AFB1）,True,不合格项目命中AFB1/黄曲霉变体；不合格规范列命中AFB1/黄曲霉变体,106μg/kg,106.0,,106.0,μg/kg,False,≤20μg/kg,20.0,μg/kg,≤,False,True,5.3,已解析并统一单位,,已解析并统一单位,,False,
52,不详,2023,11,2023-11,流通,花生仁/炒货坚果,花生米,黄曲霉毒素B1（AFB1）,True,不合格项目命中AFB1/黄曲霉变体；不合格规范列命中AFB1/黄曲霉变体,106µg/kg,106.0,,106.0,μg/kg,False,≤20µg/kg,20.0,μg/kg,≤,False,True,5.3,已解析并统一单位,,已解析并统一单位,,False,
41,不详,2023,11,2023-11,流通,花生仁/炒货坚果,生花生米,黄曲霉毒素B1（AFB1）,True,不合格项目命中AFB1/黄曲霉变体；不合格规范列命中AFB1/黄曲霉变体,701μg/kg,701.0,,701.0,μg/kg,False,20μg/kg,20.0,μg/kg,≤,False,True,35.05,已解析并统一单位,,已解析并统一单位,,False,
31,不详,2023,11,2023-11,餐饮,花生仁/炒货坚果,花生米,黄曲霉毒素B1（AFB1）,True,检验项目命中AFB1/黄曲霉变体,,,,,,False,,,,,False,False,,无检测数值,空值或占位符,无检测数值,空值或占位符,True,AFB1相关但浓度无法解析；AFB1相关但法规限量无法解析
40,不详,2023,11,2023-11,流通,花生仁/炒货坚果,花生,黄曲霉毒素B1（AFB1）,True,不合格项目命中AFB1/黄曲霉变体；不合格规范列命中AFB1/黄曲霉变体,190µg/kg,190.0,,190.0,μg/kg,False,≤20µg/kg,20.0,μg/kg,≤,False,True,9.5,已解析并统一单位,,已解析并统一单位,,False,
41,不详,2023,11,2023-11,流通,花生仁/炒货坚果,花生米,黄曲霉毒素B1（AFB1）,True,不合格项目命中AFB1/黄曲霉变体；不合格规范列命中AFB1/黄曲霉变体,28.2μg/kg,28.2,,28.2,μg/kg,False,20μg/kg,20.0,μg/kg,≤,False,True,1.41,已解析并统一单位,,已解析并统一单位,,False,
1,不详,2023,11,2023-11,生产,花生仁/炒货坚果,花生米（小红）,黄曲霉毒素B1（AFB1）,True,不合格项目命中AFB1/黄曲霉变体；不合格规范列命中AFB1/黄曲霉变体,43.5ug/kg,43.5,,43.5,μg/kg,False,≤20ug/kg,20.0,μg/kg,≤,False,True,2.175,已解析并统一单位,,已解析并统一单位,,False,
8,不详,2023,11,2023-11,流通,花生仁/炒货坚果,花生米,黄曲霉毒素B1（AFB1）,True,不合格项目命中AFB1/黄曲霉变体；不合格规范列命中AFB1/黄曲霉变体,269µg/kg,269.0,,269.0,μg/kg,False,≤20µg/kg,20.0,μg/kg,≤,False,True,13.45,已解析并统一单位,,已解析并统一单位,,False,
71,不详,2023,11,2023-11,流通,花生仁/炒货坚果,红皮花生,黄曲霉毒素B1（AFB1）,True,不合格项目命中AFB1/黄曲霉变体；不合格规范列命中AFB1/黄曲霉变体,54.3µg/kg,54.3,,54.3,μg/kg,False,≤20µg/kg,20.0,μg/kg,≤,False,True,2.715,已解析并统一单位,,已解析并统一单位,,False,
74,不详,2023,11,2023-11,流通,花生仁/炒货坚果,花生,黄曲霉毒素B1（AFB1）,True,不合格项目命中AFB1/黄曲霉变体；不合格规范列命中AFB1/黄曲霉变体,26.6μg/kg,26.6,,26.6,μg/kg,False,≤20μg/kg,20.0,μg/kg,≤,False,True,1.33,已解析并统一单位,,已解析并统一单位,,False,
75,不详,2023,11,2023-11,餐饮,花生仁/炒货坚果,花生,黄曲霉毒素B1（AFB1）,True,不合格项目命中AFB1/黄曲霉变体；不合格规范列命中AFB1/黄曲霉变体,76.4µg/kg,76.4,,76.4,μg/kg,False,≤20µg/kg,20.0,μg/kg,≤,False,True,3.8200000000000003,已解析并统一单位,,已解析并统一单位,,False,
76,不详,2023,11,2023-11,餐饮,花生仁/炒货坚果,生花生米,黄曲霉毒素B1（AFB1）,True,不合格项目命中AFB1/黄曲霉变体；不合格规范列命中AFB1/黄曲霉变体,175µg/kg,175.0,,175.0,μg/kg,False,≤20µg/kg,20.0,μg/kg,≤,False,True,8.75,已解析并统一单位,,已解析并统一单位,,False,
53,不详,2023,11,2023-11,流通,花生仁/炒货坚果,白皮花生米,黄曲霉毒素B1（AFB1）,True,不合格项目命中AFB1/黄曲霉变体；不合格规范列命中AFB1/黄曲霉变体,34.2µg/kg,34.2,,34.2,μg/kg,False,≤20µg/kg,20.0,μg/kg,≤,False,True,1.7100000000000002,已解析并统一单位,,已解析并统一单位,,False,
5,不详,2023,11,2023-11,流通,花生仁/炒货坚果,红花生（生干籽类）,黄曲霉毒素B1（AFB1）,True,不合格项目命中AFB1/黄曲霉变体；不合格规范列命中AFB1/黄曲霉变体,80.8µg/kg,80.8,,80.8,μg/kg,False,≤20µg/kg,20.0,μg/kg,≤,False,True,4.04,已解析并统一单位,,已解析并统一单位,,False,
55,不详,2023,11,2023-11,流通,花生仁/炒货坚果,花生,黄曲霉毒素B1（AFB1）,True,不合格项目命中AFB1/黄曲霉变体；不合格规范列命中AFB1/黄曲霉变体,30.2µg/kg,30.2,,30.2,μg/kg,False,≤20µg/kg,20.0,μg/kg,≤,False,True,1.51,已解析并统一单位,,已解析并统一单位,,False,
56,不详,2023,11,2023-11,流通,花生仁/炒货坚果,花生,黄曲霉毒素B1（AFB1）,True,不合格项目命中AFB1/黄曲霉变体；不合格规范列命中AFB1/黄曲霉变体,98.2µg/kg,98.2,,98.2,μg/kg,False,≤20µg/kg,20.0,μg/kg,≤,False,True,4.91,已解析并统一单位,,已解析并统一单位,,False,
28,不详,2023,11,2023-11,流通,花生仁/炒货坚果,新白花米(花生米),黄曲霉毒素B1（AFB1）,True,不合格项目命中AFB1/黄曲霉变体；不合格规范列命中AFB1/黄曲霉变体,84.8µg/kg,84.8,,84.8,μg/kg,False,≤20µg/kg,20.0,μg/kg,≤,False,True,4.24,已解析并统一单位,,已解析并统一单位,,False,
30,不详,2023,11,2023-11,流通,花生仁/炒货坚果,散花生米,黄曲霉毒素B1（AFB1）,True,不合格项目命中AFB1/黄曲霉变体；不合格规范列命中AFB1/黄曲霉变体,63.4µg/kg,63.4,,63.4,μg/kg,False,≤20µg/kg,20.0,μg/kg,≤,False,True,3.17,已解析并统一单位,,已解析并统一单位,,False,
67,不详,2023,11,2023-11,流通,花生仁/炒货坚果,花生米,黄曲霉毒素B1（AFB1）,True,不合格项目命中AFB1/黄曲霉变体；不合格规范列命中AFB1/黄曲霉变体,98.6µg/kg,98.6,,98.6,μg/kg,False,≤20µg/kg,20.0,μg/kg,≤,False,True,4.93,已解析并统一单位,,已解析并统一单位,,False,
37,不详,2023,12,2023-12,流通,花生仁/炒货坚果,花生米,黄曲霉毒素B1（AFB1）,True,不合格项目命中AFB1/黄曲霉变体；不合格规范列命中AFB1/黄曲霉变体,,,,,,False,,,,,False,True,,无检测数值,空值或占位符,无检测数值,空值或占位符,True,AFB1相关但浓度无法解析；AFB1相关但法规限量无法解析
40,不详,2023,12,2023-12,流通,花生仁/炒货坚果,花生,黄曲霉毒素B1（AFB1）,True,检验项目命中AFB1/黄曲霉变体,,,,,,False,,,,,False,False,,无检测数值,空值或占位符,无检测数值,空值或占位符,True,AFB1相关但浓度无法解析；AFB1相关但法规限量无法解析
41,不详,2023,12,2023-12,流通,花生仁/炒货坚果,花生,黄曲霉毒素B1（AFB1）,True,检验项目命中AFB1/黄曲霉变体,,,,,,False,,,,,False,False,,无检测数值,空值或占位符,无检测数值,空值或占位符,True,AFB1相关但浓度无法解析；AFB1相关但法规限量无法解析
62,不详,2023,12,2023-12,流通,花生仁/炒货坚果,花生米,黄曲霉毒素B1（AFB1）,True,不合格项目命中AFB1/黄曲霉变体；不合格规范列命中AFB1/黄曲霉变体；检验项目命中AFB1/黄曲霉变体,,,,,,False,,,,,False,True,,无检测数值,空值或占位符,无检测数值,空值或占位符,True,AFB1相关但浓度无法解析；AFB1相关但法规限量无法解析
59,不详,2023,12,2023-12,餐饮,花生仁/炒货坚果,生花生米,黄曲霉毒素B1（AFB1）,True,不合格项目命中AFB1/黄曲霉变体；不合格规范列命中AFB1/黄曲霉变体,34.0μg/kg,34.0,,34.0,μg/kg,False,≤20μg/kg,20.0,μg/kg,≤,False,True,1.7,已解析并统一单位,,已解析并统一单位,,False,
60,不详,2023,12,2023-12,流通,花生仁/炒货坚果,花生米,黄曲霉毒素B1（AFB1）,True,不合格项目命中AFB1/黄曲霉变体；不合格规范列命中AFB1/黄曲霉变体,962μg/kg,962.0,,962.0,μg/kg,False,≤20μg/kg,20.0,μg/kg,≤,False,True,48.1,已解析并统一单位,,已解析并统一单位,,False,
52,不详,2023,12,2023-12,流通,花生仁/炒货坚果,白花生米,黄曲霉毒素B1（AFB1）,True,不合格项目命中AFB1/黄曲霉变体；不合格规范列命中AFB1/黄曲霉变体,199µg/kg,199.0,,199.0,μg/kg,False,≤20µg/kg,20.0,μg/kg,≤,False,True,9.95,已解析并统一单位,,已解析并统一单位,,False,
37,不详,2023,12,2023-12,流通,花生仁/炒货坚果,"散称
白皮
花生
米",黄曲霉毒素B1（AFB1）,True,不合格项目命中AFB1/黄曲霉变体；不合格规范列命中AFB1/黄曲霉变体,32.7μg/kg,32.7,,32.7,μg/kg,False,≤20μg/kg,20.0,μg/kg,≤,False,True,1.6350000000000002,已解析并统一单位,,已解析并统一单位,,False,
89,不详,2023,12,2023-12,餐饮,花生仁/炒货坚果,生花生米,黄曲霉毒素B1（AFB1）,True,不合格项目命中AFB1/黄曲霉变体；不合格规范列命中AFB1/黄曲霉变体,37.0μg/kg,37.0,,37.0,μg/kg,False,≤20μg/kg,20.0,μg/kg,≤,False,True,1.85,已解析并统一单位,,已解析并统一单位,,False,
5,不详,2023,12,2023-12,流通,花生仁/炒货坚果,生花生米,黄曲霉毒素B1（AFB1）,True,不合格项目命中AFB1/黄曲霉变体；不合格规范列命中AFB1/黄曲霉变体,48.8µg/kg,48.8,,48.8,μg/kg,False,≤20µg/kg,20.0,μg/kg,≤,False,True,2.44,已解析并统一单位,,已解析并统一单位,,False,
37,不详,2023,12,2023-12,流通,花生仁/炒货坚果,花生米（生干籽类）,黄曲霉毒素B1（AFB1）,True,不合格项目命中AFB1/黄曲霉变体；不合格规范列命中AFB1/黄曲霉变体,111μg/kg,111.0,,111.0,μg/kg,False,≤20μg/kg,20.0,μg/kg,≤,False,True,5.55,已解析并统一单位,,已解析并统一单位,,False,
90,不详,2023,12,2023-12,流通,花生仁/炒货坚果,白花生米,黄曲霉毒素B1（AFB1）,True,不合格项目命中AFB1/黄曲霉变体；不合格规范列命中AFB1/黄曲霉变体,8.5mg/g|37.8µg/kg,8.5,,8.5,mg/g,False,≤3mg/g|≤20µg/kg,3.0,mg/g,≤,False,True,2.8333333333333335,已解析,,已解析,,True,AFB1浓度单位未统一为μg/kg
80,不详,2023,12,2023-12,流通,花生仁/炒货坚果,生花生米,黄曲霉毒素B1（AFB1）,True,不合格项目命中AFB1/黄曲霉变体；不合格规范列命中AFB1/黄曲霉变体,41.0μg/kg,41.0,,41.0,μg/kg,False,≤20μg/kg,20.0,μg/kg,≤,False,True,2.05,已解析并统一单位,,已解析并统一单位,,False,
90,不详,2023,12,2023-12,流通,花生仁/炒货坚果,生干籽类(生花生米),黄曲霉毒素B1（AFB1）,True,不合格项目命中AFB1/黄曲霉变体；不合格规范列命中AFB1/黄曲霉变体,598µg/kg,598.0,,598.0,μg/kg,False,≤20µg/kg,20.0,μg/kg,≤,False,True,29.9,已解析并统一单位,,已解析并统一单位,,False,
29,不详,2023,12,2023-12,流通,花生仁/炒货坚果,花生仁,黄曲霉毒素B1（AFB1）,True,不合格项目命中AFB1/黄曲霉变体；不合格规范列命中AFB1/黄曲霉变体,90.6µg/kg,90.6,,90.6,μg/kg,False,≤20µg/kg,20.0,μg/kg,≤,False,True,4.529999999999999,已解析并统一单位,,已解析并统一单位,,False,
45,不详,2023,12,2023-12,流通,花生仁/炒货坚果,散花生米,黄曲霉毒素B1（AFB1）,True,不合格项目命中AFB1/黄曲霉变体；不合格规范列命中AFB1/黄曲霉变体,179μg/kg,179.0,,179.0,μg/kg,False,20μg/kg,20.0,μg/kg,≤,False,True,8.95,已解析并统一单位,,已解析并统一单位,,False,
56,不详,2023,12,2023-12,流通,花生仁/炒货坚果,Y3散花生米R+,黄曲霉毒素B1（AFB1）,True,不合格项目命中AFB1/黄曲霉变体；不合格规范列命中AFB1/黄曲霉变体,112ug/kg,112.0,,112.0,μg/kg,False,≤20ug/kg,20.0,μg/kg,≤,False,True,5.6,已解析并统一单位,,已解析并统一单位,,False,
57,不详,2023,12,2023-12,流通,花生仁/炒货坚果,花生米,黄曲霉毒素B1（AFB1）,True,不合格项目命中AFB1/黄曲霉变体；不合格规范列命中AFB1/黄曲霉变体,23.4ug/kg,23.4,,23.4,μg/kg,False,≤20ug/kg,20.0,μg/kg,≤,False,True,1.17,已解析并统一单位,,已解析并统一单位,,False,
59,不详,2023,12,2023-12,流通,花生仁/炒货坚果,四粒红花生米（生）,黄曲霉毒素B1（AFB1）,True,不合格项目命中AFB1/黄曲霉变体；不合格规范列命中AFB1/黄曲霉变体,26.4μg/kg,26.4,,26.4,μg/kg,False,≤20µg/kg,20.0,μg/kg,≤,False,True,1.3199999999999998,已解析并统一单位,,已解析并统一单位,,False,
3,不详,2023,12,2023-12,流通,花生仁/炒货坚果,白花生（生干籽类）,黄曲霉毒素B1（AFB1）,True,不合格项目命中AFB1/黄曲霉变体；不合格规范列命中AFB1/黄曲霉变体,44.1μg/kg,44.1,,44.1,μg/kg,False,≤20μg/kg,20.0,μg/kg,≤,False,True,2.205,已解析并统一单位,,已解析并统一单位,,False,
45,不详,2023,12,2023-12,流通,花生仁/炒货坚果,花生米,黄曲霉毒素B1（AFB1）,True,不合格项目命中AFB1/黄曲霉变体；不合格规范列命中AFB1/黄曲霉变体,97.6µg/kg,97.6,,97.6,μg/kg,False,≤20µg/kg,20.0,μg/kg,≤,False,True,4.88,已解析并统一单位,,已解析并统一单位,,False,
1,不详,2023,12,2023-12,流通,花生仁/炒货坚果,白花生米,黄曲霉毒素B1（AFB1）,True,不合格项目命中AFB1/黄曲霉变体；不合格规范列命中AFB1/黄曲霉变体,,,,,,False,,,,,False,True,,无检测数值,空值或占位符,无检测数值,空值或占位符,True,AFB1相关但浓度无法解析；AFB1相关但法规限量无法解析
34,不详,2023,12,2023-12,流通,花生仁/炒货坚果,白皮花生,黄曲霉毒素B1（AFB1）,True,不合格项目命中AFB1/黄曲霉变体；不合格规范列命中AFB1/黄曲霉变体,41.1µg/kg,41.1,,41.1,μg/kg,False,≤20µg/kg,20.0,μg/kg,≤,False,True,2.055,已解析并统一单位,,已解析并统一单位,,False,
35,不详,2023,12,2023-12,流通,花生仁/炒货坚果,生花生米,黄曲霉毒素B1（AFB1）,True,不合格项目命中AFB1/黄曲霉变体；不合格规范列命中AFB1/黄曲霉变体,26.6µg/kg,26.6,,26.6,μg/kg,False,≤20µg/kg,20.0,μg/kg,≤,False,True,1.33,已解析并统一单位,,已解析并统一单位,,False,
36,不详,2023,12,2023-12,流通,花生仁/炒货坚果,生花生米,黄曲霉毒素B1（AFB1）,True,不合格项目命中AFB1/黄曲霉变体；不合格规范列命中AFB1/黄曲霉变体,190µg/kg,190.0,,190.0,μg/kg,False,≤20µg/kg,20.0,μg/kg,≤,False,True,9.5,已解析并统一单位,,已解析并统一单位,,False,
87,不详,2023,12,2023-12,流通,花生仁/炒货坚果,花生（大花生）,黄曲霉毒素B1（AFB1）,True,不合格项目命中AFB1/黄曲霉变体；不合格规范列命中AFB1/黄曲霉变体,221µg/kg,221.0,,221.0,μg/kg,False,20µg/kg,20.0,μg/kg,≤,False,True,11.05,已解析并统一单位,,已解析并统一单位,,False,
88,不详,2023,12,2023-12,流通,花生仁/炒货坚果,花生（小花生）,黄曲霉毒素B1（AFB1）,True,不合格项目命中AFB1/黄曲霉变体；不合格规范列命中AFB1/黄曲霉变体,377µg/kg,377.0,,377.0,μg/kg,False,20µg/kg,20.0,μg/kg,≤,False,True,18.85,已解析并统一单位,,已解析并统一单位,,False,
89,不详,2023,12,2023-12,流通,花生仁/炒货坚果,生花生米,黄曲霉毒素B1（AFB1）,True,不合格项目命中AFB1/黄曲霉变体；不合格规范列命中AFB1/黄曲霉变体,145µg/kg,145.0,,145.0,μg/kg,False,20µg/kg,20.0,μg/kg,≤,False,True,7.25,已解析并统一单位,,已解析并统一单位,,False,
90,不详,2023,12,2023-12,流通,花生仁/炒货坚果,红花生,黄曲霉毒素B1（AFB1）,True,不合格项目命中AFB1/黄曲霉变体；不合格规范列命中AFB1/黄曲霉变体,241µg/kg,241.0,,241.0,μg/kg,False,20µg/kg,20.0,μg/kg,≤,False,True,12.05,已解析并统一单位,,已解析并统一单位,,False,
91,不详,2023,12,2023-12,流通,花生仁/炒货坚果,小花生米,黄曲霉毒素B1（AFB1）,True,不合格项目命中AFB1/黄曲霉变体；不合格规范列命中AFB1/黄曲霉变体,48.5µg/kg,48.5,,48.5,μg/kg,False,20µg/kg,20.0,μg/kg,≤,False,True,2.425,已解析并统一单位,,已解析并统一单位,,False,
55,不详,2023,12,2023-12,流通,花生仁/炒货坚果,花生米（生干籽类）,黄曲霉毒素B1（AFB1）,True,不合格项目命中AFB1/黄曲霉变体；不合格规范列命中AFB1/黄曲霉变体,96.5µg/kg,96.5,,96.5,μg/kg,False,≤20µg/kg,20.0,μg/kg,≤,False,True,4.825,已解析并统一单位,,已解析并统一单位,,False,
30,不详,2023,12,2023-12,流通,花生仁/炒货坚果,花生米,黄曲霉毒素B1（AFB1）,True,检验项目命中AFB1/黄曲霉变体,,,,,,False,,,,,False,False,,无检测数值,空值或占位符,无检测数值,空值或占位符,True,AFB1相关但浓度无法解析；AFB1相关但法规限量无法解析
44,不详,2023,12,2023-12,流通,花生仁/炒货坚果,散装花生米,黄曲霉毒素B1（AFB1）,True,不合格项目命中AFB1/黄曲霉变体；不合格规范列命中AFB1/黄曲霉变体,348µg/kg,348.0,,348.0,μg/kg,False,≤20µg/kg,20.0,μg/kg,≤,False,True,17.4,已解析并统一单位,,已解析并统一单位,,False,
96,不详,2023,12,2023-12,流通,花生仁/炒货坚果,花生籽,黄曲霉毒素B1（AFB1）,True,不合格项目命中AFB1/黄曲霉变体；不合格规范列命中AFB1/黄曲霉变体,41.0μg/kg,41.0,,41.0,μg/kg,False,≤20μg/kg,20.0,μg/kg,≤,False,True,2.05,已解析并统一单位,,已解析并统一单位,,False,
132,不详,2023,12,2023-12,流通,花生仁/炒货坚果,红皮花生米,黄曲霉毒素B1（AFB1）,True,检验项目命中AFB1/黄曲霉变体,,,,,,False,,,,,False,False,,无检测数值,空值或占位符,无检测数值,空值或占位符,True,AFB1相关但浓度无法解析；AFB1相关但法规限量无法解析
133,不详,2023,12,2023-12,流通,花生仁/炒货坚果,花生米,黄曲霉毒素B1（AFB1）,True,检验项目命中AFB1/黄曲霉变体,,,,,,False,,,,,False,False,,无检测数值,空值或占位符,无检测数值,空值或占位符,True,AFB1相关但浓度无法解析；AFB1相关但法规限量无法解析
134,不详,2023,12,2023-12,流通,花生仁/炒货坚果,红衣花生,黄曲霉毒素B1（AFB1）,True,检验项目命中AFB1/黄曲霉变体,,,,,,False,,,,,False,False,,无检测数值,空值或占位符,无检测数值,空值或占位符,True,AFB1相关但浓度无法解析；AFB1相关但法规限量无法解析
135,不详,2023,12,2023-12,流通,花生仁/炒货坚果,花生米,黄曲霉毒素B1（AFB1）,True,检验项目命中AFB1/黄曲霉变体,,,,,,False,,,,,False,False,,无检测数值,空值或占位符,无检测数值,空值或占位符,True,AFB1相关但浓度无法解析；AFB1相关但法规限量无法解析
136,不详,2023,12,2023-12,流通,花生仁/炒货坚果,花生仁,黄曲霉毒素B1（AFB1）,True,检验项目命中AFB1/黄曲霉变体,,,,,,False,,,,,False,False,,无检测数值,空值或占位符,无检测数值,空值或占位符,True,AFB1相关但浓度无法解析；AFB1相关但法规限量无法解析
74,不详,2023,12,2023-12,流通,花生仁/炒货坚果,花生米,黄曲霉毒素B1（AFB1）,True,不合格项目命中AFB1/黄曲霉变体；不合格规范列命中AFB1/黄曲霉变体,125µg/kg,125.0,,125.0,μg/kg,False,≤20µg/kg,20.0,μg/kg,≤,False,True,6.25,已解析并统一单位,,已解析并统一单位,,False,
75,不详,2023,12,2023-12,流通,花生仁/炒货坚果,花生米,黄曲霉毒素B1（AFB1）,True,不合格项目命中AFB1/黄曲霉变体；不合格规范列命中AFB1/黄曲霉变体,113µg/kg,113.0,,113.0,μg/kg,False,≤20µg/kg,20.0,μg/kg,≤,False,True,5.65,已解析并统一单位,,已解析并统一单位,,False,
16,不详,2023,12,2023-12,餐饮,花生仁/炒货坚果,花生仁,黄曲霉毒素B1（AFB1）,True,检验项目命中AFB1/黄曲霉变体,,,,,,False,,,,,False,False,,无检测数值,空值或占位符,无检测数值,空值或占位符,True,AFB1相关但浓度无法解析；AFB1相关但法规限量无法解析
17,不详,2023,12,2023-12,餐饮,花生仁/炒货坚果,花生米,黄曲霉毒素B1（AFB1）,True,检验项目命中AFB1/黄曲霉变体,,,,,,False,,,,,False,False,,无检测数值,空值或占位符,无检测数值,空值或占位符,True,AFB1相关但浓度无法解析；AFB1相关但法规限量无法解析
18,不详,2023,12,2023-12,餐饮,花生仁/炒货坚果,花生米,黄曲霉毒素B1（AFB1）,True,检验项目命中AFB1/黄曲霉变体,,,,,,False,,,,,False,False,,无检测数值,空值或占位符,无检测数值,空值或占位符,True,AFB1相关但浓度无法解析；AFB1相关但法规限量无法解析
19,不详,2023,12,2023-12,流通,花生仁/炒货坚果,花生,黄曲霉毒素B1（AFB1）,True,检验项目命中AFB1/黄曲霉变体,,,,,,False,,,,,False,False,,无检测数值,空值或占位符,无检测数值,空值或占位符,True,AFB1相关但浓度无法解析；AFB1相关但法规限量无法解析
20,不详,2023,12,2023-12,流通,花生仁/炒货坚果,花生,黄曲霉毒素B1（AFB1）,True,检验项目命中AFB1/黄曲霉变体,,,,,,False,,,,,False,False,,无检测数值,空值或占位符,无检测数值,空值或占位符,True,AFB1相关但浓度无法解析；AFB1相关但法规限量无法解析
21,不详,2023,12,2023-12,流通,花生仁/炒货坚果,花生米（生干籽类）,黄曲霉毒素B1（AFB1）,True,检验项目命中AFB1/黄曲霉变体,,,,,,False,,,,,False,False,,无检测数值,空值或占位符,无检测数值,空值或占位符,True,AFB1相关但浓度无法解析；AFB1相关但法规限量无法解析
22,不详,2023,12,2023-12,流通,花生仁/炒货坚果,花生米（生干籽类）,黄曲霉毒素B1（AFB1）,True,检验项目命中AFB1/黄曲霉变体,,,,,,False,,,,,False,False,,无检测数值,空值或占位符,无检测数值,空值或占位符,True,AFB1相关但浓度无法解析；AFB1相关但法规限量无法解析
23,山东,2023,12,2023-12,流通,花生仁/炒货坚果,红皮花生仁（生干籽类）,黄曲霉毒素B1（AFB1）,True,检验项目命中AFB1/黄曲霉变体,,,,,,False,,,,,False,False,,无检测数值,空值或占位符,无检测数值,空值或占位符,True,AFB1相关但浓度无法解析；AFB1相关但法规限量无法解析
24,不详,2023,12,2023-12,流通,花生仁/炒货坚果,花生,黄曲霉毒素B1（AFB1）,True,检验项目命中AFB1/黄曲霉变体,,,,,,False,,,,,False,False,,无检测数值,空值或占位符,无检测数值,空值或占位符,True,AFB1相关但浓度无法解析；AFB1相关但法规限量无法解析
25,不详,2023,12,2023-12,流通,花生仁/炒货坚果,红皮花生,黄曲霉毒素B1（AFB1）,True,检验项目命中AFB1/黄曲霉变体,,,,,,False,,,,,False,False,,无检测数值,空值或占位符,无检测数值,空值或占位符,True,AFB1相关但浓度无法解析；AFB1相关但法规限量无法解析
26,不详,2023,12,2023-12,流通,花生仁/炒货坚果,花生米,黄曲霉毒素B1（AFB1）,True,检验项目命中AFB1/黄曲霉变体,,,,,,False,,,,,False,False,,无检测数值,空值或占位符,无检测数值,空值或占位符,True,AFB1相关但浓度无法解析；AFB1相关但法规限量无法解析
27,不详,2023,12,2023-12,流通,花生仁/炒货坚果,花生,黄曲霉毒素B1（AFB1）,True,检验项目命中AFB1/黄曲霉变体,,,,,,False,,,,,False,False,,无检测数值,空值或占位符,无检测数值,空值或占位符,True,AFB1相关但浓度无法解析；AFB1相关但法规限量无法解析
28,不详,2023,12,2023-12,流通,花生仁/炒货坚果,大花生,黄曲霉毒素B1（AFB1）,True,检验项目命中AFB1/黄曲霉变体,,,,,,False,,,,,False,False,,无检测数值,空值或占位符,无检测数值,空值或占位符,True,AFB1相关但浓度无法解析；AFB1相关但法规限量无法解析
29,不详,2023,12,2023-12,流通,花生仁/炒货坚果,圆大花生,黄曲霉毒素B1（AFB1）,True,检验项目命中AFB1/黄曲霉变体,,,,,,False,,,,,False,False,,无检测数值,空值或占位符,无检测数值,空值或占位符,True,AFB1相关但浓度无法解析；AFB1相关但法规限量无法解析
30,不详,2023,12,2023-12,流通,花生仁/炒货坚果,花生,黄曲霉毒素B1（AFB1）,True,检验项目命中AFB1/黄曲霉变体,,,,,,False,,,,,False,False,,无检测数值,空值或占位符,无检测数值,空值或占位符,True,AFB1相关但浓度无法解析；AFB1相关但法规限量无法解析
26,不详,2023,12,2023-12,流通,花生仁/炒货坚果,花生米,黄曲霉毒素B1（AFB1）,True,不合格项目命中AFB1/黄曲霉变体；不合格规范列命中AFB1/黄曲霉变体,237μg/kg,237.0,,237.0,μg/kg,False,≤20μg/kg,20.0,μg/kg,≤,False,True,11.85,已解析并统一单位,,已解析并统一单位,,False,
96,不详,2023,12,2023-12,流通,花生仁/炒货坚果,生花生米,黄曲霉毒素B1（AFB1）,True,不合格项目命中AFB1/黄曲霉变体；不合格规范列命中AFB1/黄曲霉变体,,,,,,False,,,,,False,True,,无检测数值,空值或占位符,无检测数值,空值或占位符,True,AFB1相关但浓度无法解析；AFB1相关但法规限量无法解析
97,不详,2023,12,2023-12,流通,花生仁/炒货坚果,花生米,黄曲霉毒素B1（AFB1）,True,不合格项目命中AFB1/黄曲霉变体；不合格规范列命中AFB1/黄曲霉变体,,,,,,False,,,,,False,True,,无检测数值,空值或占位符,无检测数值,空值或占位符,True,AFB1相关但浓度无法解析；AFB1相关但法规限量无法解析
106,不详,2023,12,2023-12,流通,花生仁/炒货坚果,生花生仁,黄曲霉毒素B1（AFB1）,True,不合格项目命中AFB1/黄曲霉变体；不合格规范列命中AFB1/黄曲霉变体,38.8µg/kg,38.8,,38.8,μg/kg,False,≤20µg/kg,20.0,μg/kg,≤,False,True,1.94,已解析并统一单位,,已解析并统一单位,,False,
26,不详,2024,1,2024-01,流通,花生仁/炒货坚果,庄选花生米,黄曲霉毒素B1（AFB1）,True,不合格项目命中AFB1/黄曲霉变体；不合格规范列命中AFB1/黄曲霉变体,392µg/kg,392.0,,392.0,μg/kg,False,≤20µg/kg,20.0,μg/kg,≤,False,True,19.6,已解析并统一单位,,已解析并统一单位,,False,
45,不详,2024,1,2024-01,流通,花生仁/炒货坚果,白花生米,黄曲霉毒素B1（AFB1）,True,不合格项目命中AFB1/黄曲霉变体；不合格规范列命中AFB1/黄曲霉变体,334µg/kg,334.0,,334.0,μg/kg,False,≤20µg/kg,20.0,μg/kg,≤,False,True,16.7,已解析并统一单位,,已解析并统一单位,,False,
29,不详,2024,1,2024-01,流通,花生仁/炒货坚果,生花生仁,黄曲霉毒素B1（AFB1）,True,不合格项目命中AFB1/黄曲霉变体；不合格规范列命中AFB1/黄曲霉变体,38.9µg/kg,38.9,,38.9,μg/kg,False,≤20µg/kg,20.0,μg/kg,≤,False,True,1.9449999999999998,已解析并统一单位,,已解析并统一单位,,False,
7,河南,2024,1,2024-01,流通,花生仁/炒货坚果,花生仁,黄曲霉毒素B1（AFB1）,True,不合格项目命中AFB1/黄曲霉变体；不合格规范列命中AFB1/黄曲霉变体,32.0µg/kg,32.0,,32.0,μg/kg,False,≤20µg/kg,20.0,μg/kg,≤,False,True,1.6,已解析并统一单位,,已解析并统一单位,,False,
15,不详,2024,1,2024-01,流通,花生仁/炒货坚果,生花生米,黄曲霉毒素B1（AFB1）,True,不合格项目命中AFB1/黄曲霉变体；不合格规范列命中AFB1/黄曲霉变体,70.8µg/kg,70.8,,70.8,μg/kg,False,20µg/kg,20.0,μg/kg,≤,False,True,3.54,已解析并统一单位,,已解析并统一单位,,False,
7,不详,2024,1,2024-01,流通,花生仁/炒货坚果,花生（生干籽类）,黄曲霉毒素B1（AFB1）,True,不合格项目命中AFB1/黄曲霉变体；不合格规范列命中AFB1/黄曲霉变体,108µg/kg,108.0,,108.0,μg/kg,False,20µg/kg,20.0,μg/kg,≤,False,True,5.4,已解析并统一单位,,已解析并统一单位,,False,
16,不详,2024,1,2024-01,流通,花生仁/炒货坚果,花生,黄曲霉毒素B1（AFB1）,True,不合格项目命中AFB1/黄曲霉变体；不合格规范列命中AFB1/黄曲霉变体,24.0µg/kg,24.0,,24.0,μg/kg,False,≤20µg/kg,20.0,μg/kg,≤,False,True,1.2,已解析并统一单位,,已解析并统一单位,,False,
17,不详,2024,1,2024-01,流通,花生仁/炒货坚果,花生米,黄曲霉毒素B1（AFB1）,True,不合格项目命中AFB1/黄曲霉变体；不合格规范列命中AFB1/黄曲霉变体,216μg/kg,216.0,,216.0,μg/kg,False,≤20μg/kg,20.0,μg/kg,≤,False,True,10.8,已解析并统一单位,,已解析并统一单位,,False,
9,不详,2024,1,2024-01,餐饮,花生仁/炒货坚果,花生,黄曲霉毒素B1（AFB1）,True,不合格项目命中AFB1/黄曲霉变体；不合格规范列命中AFB1/黄曲霉变体,234µg/kg,234.0,,234.0,μg/kg,False,20µg/kg,20.0,μg/kg,≤,False,True,11.7,已解析并统一单位,,已解析并统一单位,,False,
31,不详,2024,1,2024-01,流通,花生仁/炒货坚果,花生米,黄曲霉毒素B1（AFB1）,True,不合格项目命中AFB1/黄曲霉变体；不合格规范列命中AFB1/黄曲霉变体,125,125.0,,125.0,μg/kg,True,≤20,20.0,μg/kg,≤,True,True,6.25,已解析并统一单位,,已解析并统一单位,,False,
32,不详,2024,1,2024-01,流通,花生仁/炒货坚果,红皮花生米,黄曲霉毒素B1（AFB1）,True,不合格项目命中AFB1/黄曲霉变体；不合格规范列命中AFB1/黄曲霉变体,148,148.0,,148.0,μg/kg,True,≤20,20.0,μg/kg,≤,True,True,7.4,已解析并统一单位,,已解析并统一单位,,False,
33,不详,2024,1,2024-01,流通,花生仁/炒货坚果,散装红皮花生,黄曲霉毒素B1（AFB1）,True,不合格项目命中AFB1/黄曲霉变体；不合格规范列命中AFB1/黄曲霉变体,201,201.0,,201.0,μg/kg,True,≤20,20.0,μg/kg,≤,True,True,10.05,已解析并统一单位,,已解析并统一单位,,False,
34,不详,2024,1,2024-01,流通,花生仁/炒货坚果,小花生米,黄曲霉毒素B1（AFB1）,True,不合格项目命中AFB1/黄曲霉变体；不合格规范列命中AFB1/黄曲霉变体,247,247.0,,247.0,μg/kg,True,≤20,20.0,μg/kg,≤,True,True,12.35,已解析并统一单位,,已解析并统一单位,,False,
21,不详,2024,2,2024-02,流通,花生仁/炒货坚果,花生米,黄曲霉毒素B1（AFB1）,True,不合格项目命中AFB1/黄曲霉变体；不合格规范列命中AFB1/黄曲霉变体,48.7µg/kg,48.7,,48.7,μg/kg,False,≤20µg/kg,20.0,μg/kg,≤,False,True,2.435,已解析并统一单位,,已解析并统一单位,,False,
7,不详,2024,2,2024-02,流通,花生仁/炒货坚果,生花生米,黄曲霉毒素B1（AFB1）,True,不合格项目命中AFB1/黄曲霉变体；不合格规范列命中AFB1/黄曲霉变体,79.3μg/kg,79.3,,79.3,μg/kg,False,20μg/kg,20.0,μg/kg,≤,False,True,3.965,已解析并统一单位,,已解析并统一单位,,False,
10,不详,2024,2,2024-02,餐饮,花生仁/炒货坚果,生花生米,黄曲霉毒素B1（AFB1）,True,不合格项目命中AFB1/黄曲霉变体；不合格规范列命中AFB1/黄曲霉变体,737μg/kg,737.0,,737.0,μg/kg,False,20μg/kg,20.0,μg/kg,≤,False,True,36.85,已解析并统一单位,,已解析并统一单位,,False,
3,不详,2024,2,2024-02,流通,花生仁/炒货坚果,生干花生米,黄曲霉毒素B1（AFB1）,True,不合格项目命中AFB1/黄曲霉变体；不合格规范列命中AFB1/黄曲霉变体,227µg/kg,227.0,,227.0,μg/kg,False,20µg/kg,20.0,μg/kg,≤,False,True,11.35,已解析并统一单位,,已解析并统一单位,,False,
4,不详,2024,2,2024-02,流通,花生仁/炒货坚果,生花生米,黄曲霉毒素B1（AFB1）,True,不合格项目命中AFB1/黄曲霉变体；不合格规范列命中AFB1/黄曲霉变体,500μg/kg,500.0,,500.0,μg/kg,False,20μg/kg,20.0,μg/kg,≤,False,True,25.0,已解析并统一单位,,已解析并统一单位,,False,
1,不详,2024,2,2024-02,流通,花生仁/炒货坚果,红皮花生,黄曲霉毒素B1（AFB1）,True,不合格项目命中AFB1/黄曲霉变体；不合格规范列命中AFB1/黄曲霉变体,91.3μg/kg,91.3,,91.3,μg/kg,False,≤20μg/kg,20.0,μg/kg,≤,False,True,4.5649999999999995,已解析并统一单位,,已解析并统一单位,,False,
2,不详,2024,2,2024-02,流通,花生仁/炒货坚果,红皮花生,黄曲霉毒素B1（AFB1）,True,不合格项目命中AFB1/黄曲霉变体；不合格规范列命中AFB1/黄曲霉变体,470μg/kg,470.0,,470.0,μg/kg,False,≤20μg/kg,20.0,μg/kg,≤,False,True,23.5,已解析并统一单位,,已解析并统一单位,,False,
3,不详,2024,2,2024-02,流通,花生仁/炒货坚果,红皮花生,黄曲霉毒素B1（AFB1）,True,不合格项目命中AFB1/黄曲霉变体；不合格规范列命中AFB1/黄曲霉变体,166μg/kg,166.0,,166.0,μg/kg,False,≤20μg/kg,20.0,μg/kg,≤,False,True,8.3,已解析并统一单位,,已解析并统一单位,,False,
4,不详,2024,2,2024-02,流通,花生仁/炒货坚果,红皮花生,黄曲霉毒素B1（AFB1）,True,不合格项目命中AFB1/黄曲霉变体；不合格规范列命中AFB1/黄曲霉变体,92.5μg/kg,92.5,,92.5,μg/kg,False,≤20μg/kg,20.0,μg/kg,≤,False,True,4.625,已解析并统一单位,,已解析并统一单位,,False,
5,不详,2024,2,2024-02,流通,花生仁/炒货坚果,红皮花生,黄曲霉毒素B1（AFB1）,True,不合格项目命中AFB1/黄曲霉变体；不合格规范列命中AFB1/黄曲霉变体,53.8μg/kg,53.8,,53.8,μg/kg,False,≤20μg/kg,20.0,μg/kg,≤,False,True,2.69,已解析并统一单位,,已解析并统一单位,,False,
6,不详,2024,2,2024-02,流通,花生仁/炒货坚果,红皮花生,黄曲霉毒素B1（AFB1）,True,不合格项目命中AFB1/黄曲霉变体；不合格规范列命中AFB1/黄曲霉变体,66.2μg/kg,66.2,,66.2,μg/kg,False,≤20μg/kg,20.0,μg/kg,≤,False,True,3.31,已解析并统一单位,,已解析并统一单位,,False,
22,不详,2024,2,2024-02,流通,花生仁/炒货坚果,花生米,黄曲霉毒素B1（AFB1）,True,不合格项目命中AFB1/黄曲霉变体；不合格规范列命中AFB1/黄曲霉变体,245µg/kg,245.0,,245.0,μg/kg,False,≤20µg/kg,20.0,μg/kg,≤,False,True,12.25,已解析并统一单位,,已解析并统一单位,,False,
6,不详,2024,3,2024-03,其他,花生仁/炒货坚果,花生米,黄曲霉毒素B1（AFB1）,True,不合格项目命中AFB1/黄曲霉变体；不合格规范列命中AFB1/黄曲霉变体,198µg/kg,198.0,,198.0,μg/kg,False,≤20µg/kg,20.0,μg/kg,≤,False,True,9.9,已解析并统一单位,,已解析并统一单位,,False,
7,不详,2024,3,2024-03,其他,花生仁/炒货坚果,散称红花生米,黄曲霉毒素B1（AFB1）,True,不合格项目命中AFB1/黄曲霉变体；不合格规范列命中AFB1/黄曲霉变体,53.5µg/kg,53.5,,53.5,μg/kg,False,≤20µg/kg,20.0,μg/kg,≤,False,True,2.675,已解析并统一单位,,已解析并统一单位,,False,
22,不详,2024,3,2024-03,流通,花生仁/炒货坚果,红皮花生米,黄曲霉毒素B1（AFB1）,True,不合格项目命中AFB1/黄曲霉变体；不合格规范列命中AFB1/黄曲霉变体,532mg/kg,532000.0,,532000.0,μg/kg,False,≤20mg/kg,20000.0,μg/kg,≤,False,True,26.6,已解析并统一单位,,已解析并统一单位,,False,
23,不详,2024,3,2024-03,流通,花生仁/炒货坚果,铜仁花生米,黄曲霉毒素B1（AFB1）,True,不合格项目命中AFB1/黄曲霉变体；不合格规范列命中AFB1/黄曲霉变体,331mg/kg,331000.0,,331000.0,μg/kg,False,≤20mg/kg,20000.0,μg/kg,≤,False,True,16.55,已解析并统一单位,,已解析并统一单位,,False,
24,不详,2024,3,2024-03,流通,花生仁/炒货坚果,小花生米,黄曲霉毒素B1（AFB1）,True,不合格项目命中AFB1/黄曲霉变体；不合格规范列命中AFB1/黄曲霉变体,23.5mg/kg,23500.0,,23500.0,μg/kg,False,≤20mg/kg,20000.0,μg/kg,≤,False,True,1.175,已解析并统一单位,,已解析并统一单位,,False,
25,不详,2024,3,2024-03,流通,花生仁/炒货坚果,红皮花生米,黄曲霉毒素B1（AFB1）,True,不合格项目命中AFB1/黄曲霉变体；不合格规范列命中AFB1/黄曲霉变体,34.6mg/kg,34600.0,,34600.0,μg/kg,False,≤20mg/kg,20000.0,μg/kg,≤,False,True,1.73,已解析并统一单位,,已解析并统一单位,,False,
6,不详,2024,3,2024-03,流通,花生仁/炒货坚果,花生米,黄曲霉毒素B1（AFB1）,True,不合格项目命中AFB1/黄曲霉变体；不合格规范列命中AFB1/黄曲霉变体,8.1mg/g|373µg/kg,8.1,,8.1,mg/g,False,≤3mg/g|≤20µg/kg,3.0,mg/g,≤,False,True,2.6999999999999997,已解析,,已解析,,True,AFB1浓度单位未统一为μg/kg
11,不详,2024,3,2024-03,流通,花生仁/炒货坚果,生花生米,黄曲霉毒素B1（AFB1）,True,不合格项目命中AFB1/黄曲霉变体；不合格规范列命中AFB1/黄曲霉变体,130µg/kg,130.0,,130.0,μg/kg,False,20µg/kg,20.0,μg/kg,≤,False,True,6.5,已解析并统一单位,,已解析并统一单位,,False,
12,不详,2024,3,2024-03,流通,花生仁/炒货坚果,生花生米,黄曲霉毒素B1（AFB1）,True,不合格项目命中AFB1/黄曲霉变体；不合格规范列命中AFB1/黄曲霉变体,97.6µg/kg,97.6,,97.6,μg/kg,False,20µg/kg,20.0,μg/kg,≤,False,True,4.88,已解析并统一单位,,已解析并统一单位,,False,
13,不详,2024,3,2024-03,流通,花生仁/炒货坚果,生花生米,黄曲霉毒素B1（AFB1）,True,不合格项目命中AFB1/黄曲霉变体；不合格规范列命中AFB1/黄曲霉变体,323μg/kg,323.0,,323.0,μg/kg,False,20μg/kg,20.0,μg/kg,≤,False,True,16.15,已解析并统一单位,,已解析并统一单位,,False,
70,河北,2024,3,2024-03,流通,花生仁/炒货坚果,花生仁,黄曲霉毒素B1（AFB1）,True,不合格项目命中AFB1/黄曲霉变体；不合格规范列命中AFB1/黄曲霉变体,416μg/kg,416.0,,416.0,μg/kg,False,20μg/kg,20.0,μg/kg,≤,False,True,20.8,已解析并统一单位,,已解析并统一单位,,False,
71,不详,2024,3,2024-03,流通,花生仁/炒货坚果,生花生米,黄曲霉毒素B1（AFB1）,True,不合格项目命中AFB1/黄曲霉变体；不合格规范列命中AFB1/黄曲霉变体,923µg/kg,923.0,,923.0,μg/kg,False,20µg/kg,20.0,μg/kg,≤,False,True,46.15,已解析并统一单位,,已解析并统一单位,,False,
48,不详,2024,3,2024-03,流通,花生仁/炒货坚果,花生米（生干籽类）,黄曲霉毒素B1（AFB1）,True,不合格项目命中AFB1/黄曲霉变体；不合格规范列命中AFB1/黄曲霉变体,391µg/kg,391.0,,391.0,μg/kg,False,≤20µg/kg,20.0,μg/kg,≤,False,True,19.55,已解析并统一单位,,已解析并统一单位,,False,
10,不详,2024,4,2024-04,流通,花生仁/炒货坚果,生花生米,黄曲霉毒素B1（AFB1）,True,不合格项目命中AFB1/黄曲霉变体；不合格规范列命中AFB1/黄曲霉变体,279µg/kg,279.0,,279.0,μg/kg,False,20µg/kg,20.0,μg/kg,≤,False,True,13.95,已解析并统一单位,,已解析并统一单位,,False,
1,不详,2024,4,2024-04,流通,花生仁/炒货坚果,花生,黄曲霉毒素B1（AFB1）,True,不合格项目命中AFB1/黄曲霉变体；不合格规范列命中AFB1/黄曲霉变体,198μg/kg,198.0,,198.0,μg/kg,False,≤20μg/kg,20.0,μg/kg,≤,False,True,9.9,已解析并统一单位,,已解析并统一单位,,False,
7,不详,2024,4,2024-04,流通,花生仁/炒货坚果,花生米,黄曲霉毒素B1（AFB1）,True,不合格项目命中AFB1/黄曲霉变体；不合格规范列命中AFB1/黄曲霉变体,70.9µg/kg,70.9,,70.9,μg/kg,False,≤20µg/kg,20.0,μg/kg,≤,False,True,3.5450000000000004,已解析并统一单位,,已解析并统一单位,,False,
54,不详,2024,4,2024-04,流通,花生仁/炒货坚果,花生米,黄曲霉毒素B1（AFB1）,True,不合格项目命中AFB1/黄曲霉变体；不合格规范列命中AFB1/黄曲霉变体,79.3µg/kg,79.3,,79.3,μg/kg,False,≤20µg/kg,20.0,μg/kg,≤,False,True,3.965,已解析并统一单位,,已解析并统一单位,,False,
3,不详,2024,4,2024-04,流通,花生仁/炒货坚果,花生米,黄曲霉毒素B1（AFB1）,True,不合格项目命中AFB1/黄曲霉变体；不合格规范列命中AFB1/黄曲霉变体,24.1µg/kg,24.1,,24.1,μg/kg,False,≤20µg/kg,20.0,μg/kg,≤,False,True,1.205,已解析并统一单位,,已解析并统一单位,,False,
6,不详,2024,4,2024-04,流通,花生仁/炒货坚果,生花生米（生干籽类）,黄曲霉毒素B1（AFB1）,True,不合格项目命中AFB1/黄曲霉变体；不合格规范列命中AFB1/黄曲霉变体,208µg/kg,208.0,,208.0,μg/kg,False,20µg/kg,20.0,μg/kg,≤,False,True,10.4,已解析并统一单位,,已解析并统一单位,,False,
1,不详,2024,4,2024-04,流通,花生仁/炒货坚果,花生米,黄曲霉毒素B1（AFB1）,True,不合格项目命中AFB1/黄曲霉变体；不合格规范列命中AFB1/黄曲霉变体,32.1µg/kg,32.1,,32.1,μg/kg,False,20µg/kg,20.0,μg/kg,≤,False,True,1.605,已解析并统一单位,,已解析并统一单位,,False,
2,不详,2024,4,2024-04,餐饮,花生仁/炒货坚果,花生米,黄曲霉毒素B1（AFB1）,True,不合格项目命中AFB1/黄曲霉变体；不合格规范列命中AFB1/黄曲霉变体,152µg/kg,152.0,,152.0,μg/kg,False,20µg/kg,20.0,μg/kg,≤,False,True,7.6,已解析并统一单位,,已解析并统一单位,,False,
3,不详,2024,4,2024-04,流通,花生仁/炒货坚果,生花生米,黄曲霉毒素B1（AFB1）,True,不合格项目命中AFB1/黄曲霉变体；不合格规范列命中AFB1/黄曲霉变体,39.2µg/kg,39.2,,39.2,μg/kg,False,20µg/kg,20.0,μg/kg,≤,False,True,1.9600000000000002,已解析并统一单位,,已解析并统一单位,,False,
4,不详,2024,4,2024-04,流通,花生仁/炒货坚果,生花生米,黄曲霉毒素B1（AFB1）,True,不合格项目命中AFB1/黄曲霉变体；不合格规范列命中AFB1/黄曲霉变体,69.0μg/kg,69.0,,69.0,μg/kg,False,20μg/kg,20.0,μg/kg,≤,False,True,3.45,已解析并统一单位,,已解析并统一单位,,False,
34,不详,2024,4,2024-04,流通,花生仁/炒货坚果,花生米,黄曲霉毒素B1（AFB1）,True,不合格项目命中AFB1/黄曲霉变体；不合格规范列命中AFB1/黄曲霉变体,32.1µg/kg,32.1,,32.1,μg/kg,False,20µg/kg,20.0,μg/kg,≤,False,True,1.605,已解析并统一单位,,已解析并统一单位,,False,
35,不详,2024,4,2024-04,餐饮,花生仁/炒货坚果,花生米,黄曲霉毒素B1（AFB1）,True,不合格项目命中AFB1/黄曲霉变体；不合格规范列命中AFB1/黄曲霉变体,152µg/kg,152.0,,152.0,μg/kg,False,20µg/kg,20.0,μg/kg,≤,False,True,7.6,已解析并统一单位,,已解析并统一单位,,False,
36,不详,2024,4,2024-04,流通,花生仁/炒货坚果,生花生米,黄曲霉毒素B1（AFB1）,True,不合格项目命中AFB1/黄曲霉变体；不合格规范列命中AFB1/黄曲霉变体,39.2µg/kg,39.2,,39.2,μg/kg,False,20µg/kg,20.0,μg/kg,≤,False,True,1.9600000000000002,已解析并统一单位,,已解析并统一单位,,False,
37,不详,2024,4,2024-04,流通,花生仁/炒货坚果,生花生米,黄曲霉毒素B1（AFB1）,True,不合格项目命中AFB1/黄曲霉变体；不合格规范列命中AFB1/黄曲霉变体,69.0μg/kg,69.0,,69.0,μg/kg,False,20μg/kg,20.0,μg/kg,≤,False,True,3.45,已解析并统一单位,,已解析并统一单位,,False,
43,不详,2024,4,2024-04,流通,花生仁/炒货坚果,红皮花生,黄曲霉毒素B1（AFB1）,True,不合格项目命中AFB1/黄曲霉变体；不合格规范列命中AFB1/黄曲霉变体,302µg/kg,302.0,,302.0,μg/kg,False,≤20µg/kg,20.0,μg/kg,≤,False,True,15.1,已解析并统一单位,,已解析并统一单位,,False,
44,不详,2024,4,2024-04,流通,花生仁/炒货坚果,红皮花生,黄曲霉毒素B1（AFB1）,True,不合格项目命中AFB1/黄曲霉变体；不合格规范列命中AFB1/黄曲霉变体,47.3µg/kg,47.3,,47.3,μg/kg,False,≤20µg/kg,20.0,μg/kg,≤,False,True,2.3649999999999998,已解析并统一单位,,已解析并统一单位,,False,
5,不详,2024,4,2024-04,流通,花生仁/炒货坚果,花生米,黄曲霉毒素B1（AFB1）,True,不合格项目命中AFB1/黄曲霉变体；不合格规范列命中AFB1/黄曲霉变体,78.2µg/kg,78.2,,78.2,μg/kg,False,≤20µg/kg,20.0,μg/kg,≤,False,True,3.91,已解析并统一单位,,已解析并统一单位,,False,
19,不详,2024,4,2024-04,流通,花生仁/炒货坚果,花生米,黄曲霉毒素B1（AFB1）,True,不合格项目命中AFB1/黄曲霉变体；不合格规范列命中AFB1/黄曲霉变体,42µg/kg,42.0,,42.0,μg/kg,False,≤20µg/kg,20.0,μg/kg,≤,False,True,2.1,已解析并统一单位,,已解析并统一单位,,False,
20,不详,2024,4,2024-04,流通,花生仁/炒货坚果,红花生,黄曲霉毒素B1（AFB1）,True,不合格项目命中AFB1/黄曲霉变体；不合格规范列命中AFB1/黄曲霉变体,128µg/kg,128.0,,128.0,μg/kg,False,≤20µg/kg,20.0,μg/kg,≤,False,True,6.4,已解析并统一单位,,已解析并统一单位,,False,
36,不详,2024,5,2024-05,流通,花生仁/炒货坚果,生花生米,黄曲霉毒素B1（AFB1）,True,不合格项目命中AFB1/黄曲霉变体；不合格规范列命中AFB1/黄曲霉变体,120μg/kg,120.0,,120.0,μg/kg,False,20μg/kg,20.0,μg/kg,≤,False,True,6.0,已解析并统一单位,,已解析并统一单位,,False,
33,不详,2024,5,2024-05,流通,花生仁/炒货坚果,散花生米,黄曲霉毒素B1（AFB1）,True,不合格项目命中AFB1/黄曲霉变体；不合格规范列命中AFB1/黄曲霉变体,72.1ug/kg,72.1,,72.1,μg/kg,False,≤20ug/kg,20.0,μg/kg,≤,False,True,3.6049999999999995,已解析并统一单位,,已解析并统一单位,,False,
98,不详,2024,5,2024-05,流通,花生仁/炒货坚果,大花生米,黄曲霉毒素B1（AFB1）,True,不合格项目命中AFB1/黄曲霉变体；不合格规范列命中AFB1/黄曲霉变体,1.70×10³µg/kg,1.7,,1.7,μg/kg,True,≤20,20.0,μg/kg,≤,True,False,0.08499999999999999,已解析并统一单位,,已解析并统一单位,,True,数值超标判断与原始判定结果不一致
16,不详,2024,5,2024-05,流通,花生仁/炒货坚果,花生米（生干籽类）,黄曲霉毒素B1（AFB1）,True,不合格项目命中AFB1/黄曲霉变体；不合格规范列命中AFB1/黄曲霉变体,350µg/kg,350.0,,350.0,μg/kg,False,≤20,20.0,μg/kg,≤,True,True,17.5,已解析并统一单位,,已解析并统一单位,,False,
36,不详,2024,5,2024-05,流通,花生仁/炒货坚果,"花生米
（生）",黄曲霉毒素B1（AFB1）,True,不合格项目命中AFB1/黄曲霉变体；不合格规范列命中AFB1/黄曲霉变体,49.7μg/kg,49.7,,49.7,μg/kg,False,≤20μg/kg,20.0,μg/kg,≤,False,True,2.4850000000000003,已解析并统一单位,,已解析并统一单位,,False,
2,不详,2024,5,2024-05,餐饮,花生仁/炒货坚果,花生米(生),黄曲霉毒素B1（AFB1）,True,不合格项目命中AFB1/黄曲霉变体；不合格规范列命中AFB1/黄曲霉变体,65.1μg/kg,65.1,,65.1,μg/kg,False,≤20μg/kg,20.0,μg/kg,≤,False,True,3.255,已解析并统一单位,,已解析并统一单位,,False,
19,不详,2024,5,2024-05,流通,花生仁/炒货坚果,生花生米,黄曲霉毒素B1（AFB1）,True,不合格项目命中AFB1/黄曲霉变体；不合格规范列命中AFB1/黄曲霉变体,116μg/kg,116.0,,116.0,μg/kg,False,≤20μg/kg,20.0,μg/kg,≤,False,True,5.8,已解析并统一单位,,已解析并统一单位,,False,
20,不详,2024,5,2024-05,流通,花生仁/炒货坚果,生花生米,黄曲霉毒素B1（AFB1）,True,不合格项目命中AFB1/黄曲霉变体；不合格规范列命中AFB1/黄曲霉变体,42.6µg/kg,42.6,,42.6,μg/kg,False,≤20µg/kg,20.0,μg/kg,≤,False,True,2.13,已解析并统一单位,,已解析并统一单位,,False,
23,不详,2024,5,2024-05,餐饮,花生仁/炒货坚果,花生米,黄曲霉毒素B1（AFB1）,True,不合格项目命中AFB1/黄曲霉变体；不合格规范列命中AFB1/黄曲霉变体,183μg/kg,183.0,,183.0,μg/kg,False,≤20μg/kg,20.0,μg/kg,≤,False,True,9.15,已解析并统一单位,,已解析并统一单位,,False,
7,不详,2024,5,2024-05,餐饮,花生仁/炒货坚果,花生米,黄曲霉毒素B1（AFB1）,True,不合格项目命中AFB1/黄曲霉变体；不合格规范列命中AFB1/黄曲霉变体,131µg/kg,131.0,,131.0,μg/kg,False,≤20µg/kg,20.0,μg/kg,≤,False,True,6.55,已解析并统一单位,,已解析并统一单位,,False,
14,不详,2024,5,2024-05,流通,花生仁/炒货坚果,花生米（大籽）（生干籽类）,黄曲霉毒素B1（AFB1）,True,不合格项目命中AFB1/黄曲霉变体；不合格规范列命中AFB1/黄曲霉变体,,,,,,False,,,,,False,True,,无检测数值,空值或占位符,无检测数值,空值或占位符,True,AFB1相关但浓度无法解析；AFB1相关但法规限量无法解析
20,不详,2024,5,2024-05,流通,花生仁/炒货坚果,红彩花生米,黄曲霉毒素B1（AFB1）,True,不合格项目命中AFB1/黄曲霉变体；不合格规范列命中AFB1/黄曲霉变体,72.6µg/kg,72.6,,72.6,μg/kg,False,≤20µg/kg,20.0,μg/kg,≤,False,True,3.63,已解析并统一单位,,已解析并统一单位,,False,
21,不详,2024,5,2024-05,流通,花生仁/炒货坚果,红花生米,黄曲霉毒素B1（AFB1）,True,不合格项目命中AFB1/黄曲霉变体；不合格规范列命中AFB1/黄曲霉变体,201µg/kg,201.0,,201.0,μg/kg,False,≤20µg/kg,20.0,μg/kg,≤,False,True,10.05,已解析并统一单位,,已解析并统一单位,,False,
30,不详,2024,5,2024-05,餐饮,花生仁/炒货坚果,生花生米,黄曲霉毒素B1（AFB1）,True,不合格项目命中AFB1/黄曲霉变体；不合格规范列命中AFB1/黄曲霉变体,30.3μg/kg,30.3,,30.3,μg/kg,False,≤20μg/kg,20.0,μg/kg,≤,False,True,1.5150000000000001,已解析并统一单位,,已解析并统一单位,,False,
9,不详,2024,5,2024-05,流通,花生仁/炒货坚果,生花生米,黄曲霉毒素B1（AFB1）,True,不合格项目命中AFB1/黄曲霉变体；不合格规范列命中AFB1/黄曲霉变体,155g/kg,155.0,,155.0,μg/kg,True,≤20,20.0,μg/kg,≤,True,True,7.75,已解析并统一单位,,已解析并统一单位,,False,
12,不详,2024,5,2024-05,流通,花生仁/炒货坚果,生花生米,黄曲霉毒素B1（AFB1）,True,不合格项目命中AFB1/黄曲霉变体；不合格规范列命中AFB1/黄曲霉变体,67.6μg/kg,67.6,,67.6,μg/kg,False,≤20μg/kg,20.0,μg/kg,≤,False,True,3.38,已解析并统一单位,,已解析并统一单位,,False,
28,不详,2024,5,2024-05,流通,花生仁/炒货坚果,生花生米,黄曲霉毒素B1（AFB1）,True,不合格项目命中AFB1/黄曲霉变体；不合格规范列命中AFB1/黄曲霉变体,67.6μg/kg,67.6,,67.6,μg/kg,False,≤20μg/kg,20.0,μg/kg,≤,False,True,3.38,已解析并统一单位,,已解析并统一单位,,False,
34,不详,2024,5,2024-05,流通,花生仁/炒货坚果,白花生米（生干籽类）,黄曲霉毒素B1（AFB1）,True,不合格项目命中AFB1/黄曲霉变体；不合格规范列命中AFB1/黄曲霉变体,750µg/kg,750.0,,750.0,μg/kg,False,≤20µg/kg,20.0,μg/kg,≤,False,True,37.5,已解析并统一单位,,已解析并统一单位,,False,
15,不详,2024,6,2024-06,流通,花生仁/炒货坚果,生花生仁,黄曲霉毒素B1（AFB1）,True,不合格项目命中AFB1/黄曲霉变体；不合格规范列命中AFB1/黄曲霉变体,73.5μg/kg,73.5,,73.5,μg/kg,False,≤20,20.0,μg/kg,≤,True,True,3.675,已解析并统一单位,,已解析并统一单位,,False,
12,不详,2024,6,2024-06,流通,花生仁/炒货坚果,花生仁,黄曲霉毒素B1（AFB1）,True,检验项目命中AFB1/黄曲霉变体,,,,,,False,,,,,False,False,,无检测数值,空值或占位符,无检测数值,空值或占位符,True,AFB1相关但浓度无法解析；AFB1相关但法规限量无法解析
13,不详,2024,6,2024-06,流通,花生仁/炒货坚果,花生仁,黄曲霉毒素B1（AFB1）,True,检验项目命中AFB1/黄曲霉变体,,,,,,False,,,,,False,False,,无检测数值,空值或占位符,无检测数值,空值或占位符,True,AFB1相关但浓度无法解析；AFB1相关但法规限量无法解析
14,不详,2024,6,2024-06,流通,花生仁/炒货坚果,花生仁,黄曲霉毒素B1（AFB1）,True,检验项目命中AFB1/黄曲霉变体,,,,,,False,,,,,False,False,,无检测数值,空值或占位符,无检测数值,空值或占位符,True,AFB1相关但浓度无法解析；AFB1相关但法规限量无法解析
15,不详,2024,6,2024-06,流通,花生仁/炒货坚果,花生仁,黄曲霉毒素B1（AFB1）,True,检验项目命中AFB1/黄曲霉变体,,,,,,False,,,,,False,False,,无检测数值,空值或占位符,无检测数值,空值或占位符,True,AFB1相关但浓度无法解析；AFB1相关但法规限量无法解析
16,不详,2024,6,2024-06,流通,花生仁/炒货坚果,花生仁,黄曲霉毒素B1（AFB1）,True,检验项目命中AFB1/黄曲霉变体,,,,,,False,,,,,False,False,,无检测数值,空值或占位符,无检测数值,空值或占位符,True,AFB1相关但浓度无法解析；AFB1相关但法规限量无法解析
24,不详,2024,6,2024-06,流通,花生仁/炒货坚果,生花生仁,黄曲霉毒素B1（AFB1）,True,不合格项目命中AFB1/黄曲霉变体；不合格规范列命中AFB1/黄曲霉变体,51.3μg/kg,51.3,,51.3,μg/kg,False,≤20 μg/kg,20.0,μg/kg,≤,False,True,2.565,已解析并统一单位,,已解析并统一单位,,False,
25,不详,2024,6,2024-06,流通,花生仁/炒货坚果,生花生仁,黄曲霉毒素B1（AFB1）,True,不合格项目命中AFB1/黄曲霉变体；不合格规范列命中AFB1/黄曲霉变体,372μg/kg,372.0,,372.0,μg/kg,False,≤20 μg/kg,20.0,μg/kg,≤,False,True,18.6,已解析并统一单位,,已解析并统一单位,,False,
24,不详,2024,6,2024-06,流通,花生仁/炒货坚果,生花生米,黄曲霉毒素B1（AFB1）,True,检验项目命中AFB1/黄曲霉变体,,,,,,False,,,,,False,False,,无检测数值,空值或占位符,无检测数值,空值或占位符,True,AFB1相关但浓度无法解析；AFB1相关但法规限量无法解析
25,不详,2024,6,2024-06,流通,花生仁/炒货坚果,生花生米,黄曲霉毒素B1（AFB1）,True,检验项目命中AFB1/黄曲霉变体,,,,,,False,,,,,False,False,,无检测数值,空值或占位符,无检测数值,空值或占位符,True,AFB1相关但浓度无法解析；AFB1相关但法规限量无法解析
26,不详,2024,6,2024-06,流通,花生仁/炒货坚果,花生米,黄曲霉毒素B1（AFB1）,True,检验项目命中AFB1/黄曲霉变体,,,,,,False,,,,,False,False,,无检测数值,空值或占位符,无检测数值,空值或占位符,True,AFB1相关但浓度无法解析；AFB1相关但法规限量无法解析
27,不详,2024,6,2024-06,流通,花生仁/炒货坚果,白皮生花生米,黄曲霉毒素B1（AFB1）,True,检验项目命中AFB1/黄曲霉变体,,,,,,False,,,,,False,False,,无检测数值,空值或占位符,无检测数值,空值或占位符,True,AFB1相关但浓度无法解析；AFB1相关但法规限量无法解析
28,不详,2024,6,2024-06,流通,花生仁/炒货坚果,红皮生花生米,黄曲霉毒素B1（AFB1）,True,检验项目命中AFB1/黄曲霉变体,,,,,,False,,,,,False,False,,无检测数值,空值或占位符,无检测数值,空值或占位符,True,AFB1相关但浓度无法解析；AFB1相关但法规限量无法解析
29,不详,2024,6,2024-06,流通,花生仁/炒货坚果,花生米,黄曲霉毒素B1（AFB1）,True,检验项目命中AFB1/黄曲霉变体,,,,,,False,,,,,False,False,,无检测数值,空值或占位符,无检测数值,空值或占位符,True,AFB1相关但浓度无法解析；AFB1相关但法规限量无法解析
30,不详,2024,6,2024-06,流通,花生仁/炒货坚果,生花生米,黄曲霉毒素B1（AFB1）,True,检验项目命中AFB1/黄曲霉变体,,,,,,False,,,,,False,False,,无检测数值,空值或占位符,无检测数值,空值或占位符,True,AFB1相关但浓度无法解析；AFB1相关但法规限量无法解析
31,不详,2024,6,2024-06,流通,花生仁/炒货坚果,生花生米,黄曲霉毒素B1（AFB1）,True,检验项目命中AFB1/黄曲霉变体,,,,,,False,,,,,False,False,,无检测数值,空值或占位符,无检测数值,空值或占位符,True,AFB1相关但浓度无法解析；AFB1相关但法规限量无法解析
32,不详,2024,6,2024-06,流通,花生仁/炒货坚果,生花生米,黄曲霉毒素B1（AFB1）,True,检验项目命中AFB1/黄曲霉变体,,,,,,False,,,,,False,False,,无检测数值,空值或占位符,无检测数值,空值或占位符,True,AFB1相关但浓度无法解析；AFB1相关但法规限量无法解析
33,不详,2024,6,2024-06,流通,花生仁/炒货坚果,生花生米,黄曲霉毒素B1（AFB1）,True,检验项目命中AFB1/黄曲霉变体,,,,,,False,,,,,False,False,,无检测数值,空值或占位符,无检测数值,空值或占位符,True,AFB1相关但浓度无法解析；AFB1相关但法规限量无法解析
55,不详,2024,6,2024-06,流通,花生仁/炒货坚果,生花生米,黄曲霉毒素B1（AFB1）,True,不合格项目命中AFB1/黄曲霉变体；不合格规范列命中AFB1/黄曲霉变体,67.5μg/kg,67.5,,67.5,μg/kg,False,≤20μg/kg,20.0,μg/kg,≤,False,True,3.375,已解析并统一单位,,已解析并统一单位,,False,
23,不详,2024,6,2024-06,流通,花生仁/炒货坚果,生花生米,黄曲霉毒素B1（AFB1）,True,不合格项目命中AFB1/黄曲霉变体；不合格规范列命中AFB1/黄曲霉变体,54.7µg/kg,54.7,,54.7,μg/kg,False,≤20µg/kg,20.0,μg/kg,≤,False,True,2.7350000000000003,已解析并统一单位,,已解析并统一单位,,False,
24,不详,2024,6,2024-06,流通,花生仁/炒货坚果,花生米,黄曲霉毒素B1（AFB1）,True,不合格项目命中AFB1/黄曲霉变体；不合格规范列命中AFB1/黄曲霉变体,61.3µg/kg,61.3,,61.3,μg/kg,False,≤20µg/kg,20.0,μg/kg,≤,False,True,3.065,已解析并统一单位,,已解析并统一单位,,False,
25,不详,2024,6,2024-06,流通,花生仁/炒货坚果,花生米,黄曲霉毒素B1（AFB1）,True,不合格项目命中AFB1/黄曲霉变体；不合格规范列命中AFB1/黄曲霉变体,758µg/kg,758.0,,758.0,μg/kg,False,≤20µg/kg,20.0,μg/kg,≤,False,True,37.9,已解析并统一单位,,已解析并统一单位,,False,
2,不详,2024,6,2024-06,流通,花生仁/炒货坚果,红皮小花生,黄曲霉毒素B1（AFB1）,True,不合格项目命中AFB1/黄曲霉变体；不合格规范列命中AFB1/黄曲霉变体,238,238.0,,238.0,μg/kg,True,20,20.0,μg/kg,≤,True,True,11.9,已解析并统一单位,,已解析并统一单位,,False,
64,不详,2024,6,2024-06,流通,花生仁/炒货坚果,红皮小花生,黄曲霉毒素B1（AFB1）,True,不合格项目命中AFB1/黄曲霉变体；不合格规范列命中AFB1/黄曲霉变体,238,238.0,,238.0,μg/kg,True,20,20.0,μg/kg,≤,True,True,11.9,已解析并统一单位,,已解析并统一单位,,False,
7,不详,2024,6,2024-06,流通,花生仁/炒货坚果,生花生米,黄曲霉毒素B1（AFB1）,True,不合格项目命中AFB1/黄曲霉变体；不合格规范列命中AFB1/黄曲霉变体,34.5μg/kg,34.5,,34.5,μg/kg,False,≤20μg/kg,20.0,μg/kg,≤,False,True,1.725,已解析并统一单位,,已解析并统一单位,,False,
8,不详,2024,6,2024-06,流通,花生仁/炒货坚果,生花生米,黄曲霉毒素B1（AFB1）,True,不合格项目命中AFB1/黄曲霉变体；不合格规范列命中AFB1/黄曲霉变体,162µg/kg,162.0,,162.0,μg/kg,False,≤20µg/kg,20.0,μg/kg,≤,False,True,8.1,已解析并统一单位,,已解析并统一单位,,False,
9,不详,2024,6,2024-06,流通,花生仁/炒货坚果,生花生米,黄曲霉毒素B1（AFB1）,True,不合格项目命中AFB1/黄曲霉变体；不合格规范列命中AFB1/黄曲霉变体,216µg/kg,216.0,,216.0,μg/kg,False,≤20µg/kg,20.0,μg/kg,≤,False,True,10.8,已解析并统一单位,,已解析并统一单位,,False,
10,不详,2024,6,2024-06,流通,花生仁/炒货坚果,生花生米,黄曲霉毒素B1（AFB1）,True,不合格项目命中AFB1/黄曲霉变体；不合格规范列命中AFB1/黄曲霉变体,273μg/kg,273.0,,273.0,μg/kg,False,≤20μg/kg,20.0,μg/kg,≤,False,True,13.65,已解析并统一单位,,已解析并统一单位,,False,
110,不详,2024,6,2024-06,流通,花生仁/炒货坚果,白皮花生仁,黄曲霉毒素B1（AFB1）,True,不合格项目命中AFB1/黄曲霉变体；不合格规范列命中AFB1/黄曲霉变体,263μg/kg,263.0,,263.0,μg/kg,False,≤20μg/kg,20.0,μg/kg,≤,False,True,13.15,已解析并统一单位,,已解析并统一单位,,False,
15,不详,2024,6,2024-06,餐饮,花生仁/炒货坚果,花生米,黄曲霉毒素B1（AFB1）,True,不合格项目命中AFB1/黄曲霉变体；不合格规范列命中AFB1/黄曲霉变体,106μg/kg,106.0,,106.0,μg/kg,False,≤20μg/kg,20.0,μg/kg,≤,False,True,5.3,已解析并统一单位,,已解析并统一单位,,False,
28,不详,2024,6,2024-06,流通,花生仁/炒货坚果,（新）花生米,黄曲霉毒素B1（AFB1）,True,不合格项目命中AFB1/黄曲霉变体；不合格规范列命中AFB1/黄曲霉变体,289µg/kg,289.0,,289.0,μg/kg,False,≤20µg/kg,20.0,μg/kg,≤,False,True,14.45,已解析并统一单位,,已解析并统一单位,,False,
34,不详,2024,6,2024-06,流通,花生仁/炒货坚果,花生米,黄曲霉毒素B1（AFB1）,True,检验项目命中AFB1/黄曲霉变体,,,,,,False,,,,,False,False,,无检测数值,空值或占位符,无检测数值,空值或占位符,True,AFB1相关但浓度无法解析；AFB1相关但法规限量无法解析
35,不详,2024,6,2024-06,流通,花生仁/炒货坚果,花生,黄曲霉毒素B1（AFB1）,True,检验项目命中AFB1/黄曲霉变体,,,,,,False,,,,,False,False,,无检测数值,空值或占位符,无检测数值,空值或占位符,True,AFB1相关但浓度无法解析；AFB1相关但法规限量无法解析
183,不详,2024,6,2024-06,流通,花生仁/炒货坚果,红皮花生,黄曲霉毒素B1（AFB1）,True,不合格项目命中AFB1/黄曲霉变体；不合格规范列命中AFB1/黄曲霉变体,210,210.0,,210.0,μg/kg,True,20,20.0,μg/kg,≤,True,True,10.5,已解析并统一单位,,已解析并统一单位,,False,
184,不详,2024,6,2024-06,餐饮,花生仁/炒货坚果,花生米,黄曲霉毒素B1（AFB1）,True,不合格项目命中AFB1/黄曲霉变体；不合格规范列命中AFB1/黄曲霉变体,362μg/kg,362.0,,362.0,μg/kg,False,≤20μg/kg,20.0,μg/kg,≤,False,True,18.1,已解析并统一单位,,已解析并统一单位,,False,
185,不详,2024,6,2024-06,餐饮,花生仁/炒货坚果,花生米,黄曲霉毒素B1（AFB1）,True,不合格项目命中AFB1/黄曲霉变体；不合格规范列命中AFB1/黄曲霉变体,149μg/kg,149.0,,149.0,μg/kg,False,≤20μg/kg,20.0,μg/kg,≤,False,True,7.45,已解析并统一单位,,已解析并统一单位,,False,
186,不详,2024,6,2024-06,流通,花生仁/炒货坚果,花生米,黄曲霉毒素B1（AFB1）,True,不合格项目命中AFB1/黄曲霉变体；不合格规范列命中AFB1/黄曲霉变体,37.2µg/kg,37.2,,37.2,μg/kg,False,20µg/kg,20.0,μg/kg,≤,False,True,1.86,已解析并统一单位,,已解析并统一单位,,False,
7,不详,2024,7,2024-07,流通,花生仁/炒货坚果,白皮花生米,黄曲霉毒素B1（AFB1）,True,不合格项目命中AFB1/黄曲霉变体；不合格规范列命中AFB1/黄曲霉变体,261μg/kg,261.0,,261.0,μg/kg,False,≤20μg/kg,20.0,μg/kg,≤,False,True,13.05,已解析并统一单位,,已解析并统一单位,,False,
20,不详,2024,7,2024-07,流通,花生仁/炒货坚果,散称花生米,黄曲霉毒素B1（AFB1）,True,不合格项目命中AFB1/黄曲霉变体；不合格规范列命中AFB1/黄曲霉变体,137µg/kg,137.0,,137.0,μg/kg,False,≤20µg/kg,20.0,μg/kg,≤,False,True,6.85,已解析并统一单位,,已解析并统一单位,,False,
51,广东,2024,7,2024-07,流通,花生仁/炒货坚果,花生,黄曲霉毒素B1（AFB1）,True,检验项目命中AFB1/黄曲霉变体,,,,,,False,,,,,False,False,,无检测数值,空值或占位符,无检测数值,空值或占位符,True,AFB1相关但浓度无法解析；AFB1相关但法规限量无法解析
5,不详,2024,7,2024-07,流通,花生仁/炒货坚果,生花生米,黄曲霉毒素B1（AFB1）,True,不合格项目命中AFB1/黄曲霉变体；不合格规范列命中AFB1/黄曲霉变体,270µg/kg,270.0,,270.0,μg/kg,False,≤20µg/kg,20.0,μg/kg,≤,False,True,13.5,已解析并统一单位,,已解析并统一单位,,False,
6,不详,2024,7,2024-07,流通,花生仁/炒货坚果,生花生米,黄曲霉毒素B1（AFB1）,True,不合格项目命中AFB1/黄曲霉变体；不合格规范列命中AFB1/黄曲霉变体,270µg/kg,270.0,,270.0,μg/kg,False,≤20µg/kg,20.0,μg/kg,≤,False,True,13.5,已解析并统一单位,,已解析并统一单位,,False,
4,不详,2024,7,2024-07,餐饮,花生仁/炒货坚果,花生米,黄曲霉毒素B1（AFB1）,True,不合格项目命中AFB1/黄曲霉变体；不合格规范列命中AFB1/黄曲霉变体,37.3µg/kg,37.3,,37.3,μg/kg,False,≤20µg/kg,20.0,μg/kg,≤,False,True,1.8649999999999998,已解析并统一单位,,已解析并统一单位,,False,
29,不详,2024,7,2024-07,流通,花生仁/炒货坚果,花生,黄曲霉毒素B1（AFB1）,True,不合格项目命中AFB1/黄曲霉变体；不合格规范列命中AFB1/黄曲霉变体,927μg/kg,927.0,,927.0,μg/kg,False,≤20μg/kg,20.0,μg/kg,≤,False,True,46.35,已解析并统一单位,,已解析并统一单位,,False,
30,不详,2024,7,2024-07,流通,花生仁/炒货坚果,花生米,黄曲霉毒素B1（AFB1）,True,不合格项目命中AFB1/黄曲霉变体；不合格规范列命中AFB1/黄曲霉变体,462μg/kg,462.0,,462.0,μg/kg,False,≤20μg/kg,20.0,μg/kg,≤,False,True,23.1,已解析并统一单位,,已解析并统一单位,,False,
31,不详,2024,7,2024-07,流通,花生仁/炒货坚果,花生米,黄曲霉毒素B1（AFB1）,True,不合格项目命中AFB1/黄曲霉变体；不合格规范列命中AFB1/黄曲霉变体,522μg/kg,522.0,,522.0,μg/kg,False,≤20μg/kg,20.0,μg/kg,≤,False,True,26.1,已解析并统一单位,,已解析并统一单位,,False,
32,不详,2024,7,2024-07,流通,花生仁/炒货坚果,生花生米,黄曲霉毒素B1（AFB1）,True,不合格项目命中AFB1/黄曲霉变体；不合格规范列命中AFB1/黄曲霉变体,38µg/kg,38.0,,38.0,μg/kg,False,≤20µg/kg,20.0,μg/kg,≤,False,True,1.9,已解析并统一单位,,已解析并统一单位,,False,
39,不详,2024,7,2024-07,流通,花生仁/炒货坚果,花生,黄曲霉毒素B1（AFB1）,True,检验项目命中AFB1/黄曲霉变体,,,,,,False,,,,,False,False,,无检测数值,空值或占位符,无检测数值,空值或占位符,True,AFB1相关但浓度无法解析；AFB1相关但法规限量无法解析
40,不详,2024,7,2024-07,流通,花生仁/炒货坚果,花生,黄曲霉毒素B1（AFB1）,True,检验项目命中AFB1/黄曲霉变体,,,,,,False,,,,,False,False,,无检测数值,空值或占位符,无检测数值,空值或占位符,True,AFB1相关但浓度无法解析；AFB1相关但法规限量无法解析
41,不详,2024,7,2024-07,流通,花生仁/炒货坚果,花生,黄曲霉毒素B1（AFB1）,True,检验项目命中AFB1/黄曲霉变体,,,,,,False,,,,,False,False,,无检测数值,空值或占位符,无检测数值,空值或占位符,True,AFB1相关但浓度无法解析；AFB1相关但法规限量无法解析
7,不详,2024,7,2024-07,流通,花生仁/炒货坚果,生花生米,黄曲霉毒素B1（AFB1）,True,不合格项目命中AFB1/黄曲霉变体；不合格规范列命中AFB1/黄曲霉变体,86.5µg/kg,86.5,,86.5,μg/kg,False,≤20µg/kg,20.0,μg/kg,≤,False,True,4.325,已解析并统一单位,,已解析并统一单位,,False,
49,不详,2024,7,2024-07,餐饮,花生仁/炒货坚果,生花生米,黄曲霉毒素B1（AFB1）,True,不合格项目命中AFB1/黄曲霉变体；不合格规范列命中AFB1/黄曲霉变体,35.6μg/kg,35.6,,35.6,μg/kg,False,≤20μg/kg,20.0,μg/kg,≤,False,True,1.78,已解析并统一单位,,已解析并统一单位,,False,
9,不详,2024,7,2024-07,流通,花生仁/炒货坚果,生花生米,黄曲霉毒素B1（AFB1）,True,不合格项目命中AFB1/黄曲霉变体；不合格规范列命中AFB1/黄曲霉变体,181μg/kg,181.0,,181.0,μg/kg,False,≤20μg/kg,20.0,μg/kg,≤,False,True,9.05,已解析并统一单位,,已解析并统一单位,,False,
41,不详,2024,7,2024-07,流通,花生仁/炒货坚果,散装小花生米（生干籽类）,黄曲霉毒素B1（AFB1）,True,不合格项目命中AFB1/黄曲霉变体；不合格规范列命中AFB1/黄曲霉变体,487µg/kg,487.0,,487.0,μg/kg,False,≤20µg/kg,20.0,μg/kg,≤,False,True,24.35,已解析并统一单位,,已解析并统一单位,,False,
28,不详,2024,7,2024-07,流通,花生仁/炒货坚果,小花生米,黄曲霉毒素B1（AFB1）,True,不合格项目命中AFB1/黄曲霉变体；不合格规范列命中AFB1/黄曲霉变体,61.6µg/kg,61.6,,61.6,μg/kg,False,≤20µg/kg,20.0,μg/kg,≤,False,True,3.08,已解析并统一单位,,已解析并统一单位,,False,
29,不详,2024,7,2024-07,流通,花生仁/炒货坚果,生花生米,黄曲霉毒素B1（AFB1）,True,不合格项目命中AFB1/黄曲霉变体；不合格规范列命中AFB1/黄曲霉变体,54.6µg/kg,54.6,,54.6,μg/kg,False,20µg/kg,20.0,μg/kg,≤,False,True,2.73,已解析并统一单位,,已解析并统一单位,,False,
34,不详,2024,7,2024-07,流通,花生仁/炒货坚果,小花生米,黄曲霉毒素B1（AFB1）,True,不合格项目命中AFB1/黄曲霉变体；不合格规范列命中AFB1/黄曲霉变体,61.6,61.6,,61.6,μg/kg,True,≤20,20.0,μg/kg,≤,True,True,3.08,已解析并统一单位,,已解析并统一单位,,False,
35,不详,2024,7,2024-07,流通,花生仁/炒货坚果,生花生米,黄曲霉毒素B1（AFB1）,True,不合格项目命中AFB1/黄曲霉变体；不合格规范列命中AFB1/黄曲霉变体,54.6µg/kg,54.6,,54.6,μg/kg,False,20µg/kg,20.0,μg/kg,≤,False,True,2.73,已解析并统一单位,,已解析并统一单位,,False,
20,不详,2024,7,2024-07,流通,花生仁/炒货坚果,（新）花生米,黄曲霉毒素B1（AFB1）,True,不合格项目命中AFB1/黄曲霉变体；不合格规范列命中AFB1/黄曲霉变体,492µg/kg,492.0,,492.0,μg/kg,False,≤20µg/kg,20.0,μg/kg,≤,False,True,24.6,已解析并统一单位,,已解析并统一单位,,False,
28,不详,2024,7,2024-07,流通,花生仁/炒货坚果,（新）花生米,黄曲霉毒素B1（AFB1）,True,不合格项目命中AFB1/黄曲霉变体；不合格规范列命中AFB1/黄曲霉变体,492µg/kg,492.0,,492.0,μg/kg,False,≤20µg/kg,20.0,μg/kg,≤,False,True,24.6,已解析并统一单位,,已解析并统一单位,,False,
77,不详,2024,7,2024-07,流通,花生仁/炒货坚果,鲁花花生米,黄曲霉毒素B1（AFB1）,True,不合格项目命中AFB1/黄曲霉变体；不合格规范列命中AFB1/黄曲霉变体,59.2µg/kg,59.2,,59.2,μg/kg,False,≤20µg/kg,20.0,μg/kg,≤,False,True,2.96,已解析并统一单位,,已解析并统一单位,,False,
51,不详,2024,8,2024-08,流通,花生仁/炒货坚果,花生,黄曲霉毒素B1（AFB1）,True,检验项目命中AFB1/黄曲霉变体,,,,,,False,,,,,False,False,,无检测数值,空值或占位符,无检测数值,空值或占位符,True,AFB1相关但浓度无法解析；AFB1相关但法规限量无法解析
52,不详,2024,8,2024-08,流通,花生仁/炒货坚果,红皮花生,黄曲霉毒素B1（AFB1）,True,不合格项目命中AFB1/黄曲霉变体；不合格规范列命中AFB1/黄曲霉变体,156,156.0,,156.0,μg/kg,True,≤20,20.0,μg/kg,≤,True,True,7.8,已解析并统一单位,,已解析并统一单位,,False,
53,不详,2024,8,2024-08,流通,花生仁/炒货坚果,花生米,黄曲霉毒素B1（AFB1）,True,不合格项目命中AFB1/黄曲霉变体；不合格规范列命中AFB1/黄曲霉变体,37.4,37.4,,37.4,μg/kg,True,≤20,20.0,μg/kg,≤,True,True,1.8699999999999999,已解析并统一单位,,已解析并统一单位,,False,
54,不详,2024,8,2024-08,流通,花生仁/炒货坚果,红皮花生,黄曲霉毒素B1（AFB1）,True,不合格项目命中AFB1/黄曲霉变体；不合格规范列命中AFB1/黄曲霉变体,156,156.0,,156.0,μg/kg,True,≤20,20.0,μg/kg,≤,True,True,7.8,已解析并统一单位,,已解析并统一单位,,False,
55,不详,2024,8,2024-08,流通,花生仁/炒货坚果,红皮花生,黄曲霉毒素B1（AFB1）,True,不合格项目命中AFB1/黄曲霉变体；不合格规范列命中AFB1/黄曲霉变体,130,130.0,,130.0,μg/kg,True,≤20,20.0,μg/kg,≤,True,True,6.5,已解析并统一单位,,已解析并统一单位,,False,
56,不详,2024,8,2024-08,流通,花生仁/炒货坚果,花生米,黄曲霉毒素B1（AFB1）,True,不合格项目命中AFB1/黄曲霉变体；不合格规范列命中AFB1/黄曲霉变体,37.4,37.4,,37.4,μg/kg,True,≤20,20.0,μg/kg,≤,True,True,1.8699999999999999,已解析并统一单位,,已解析并统一单位,,False,
63,不详,2024,8,2024-08,流通,花生仁/炒货坚果,花生米（生干籽类）,黄曲霉毒素B1（AFB1）,True,不合格项目命中AFB1/黄曲霉变体；不合格规范列命中AFB1/黄曲霉变体,91.0μg/kg,91.0,,91.0,μg/kg,False,≤20μg/kg,20.0,μg/kg,≤,False,True,4.55,已解析并统一单位,,已解析并统一单位,,False,
6,不详,2024,8,2024-08,流通,花生仁/炒货坚果,花生米,黄曲霉毒素B1（AFB1）,True,不合格项目命中AFB1/黄曲霉变体；不合格规范列命中AFB1/黄曲霉变体,53.7µg/kg,53.7,,53.7,μg/kg,False,≤20µg/kg,20.0,μg/kg,≤,False,True,2.685,已解析并统一单位,,已解析并统一单位,,False,
27,不详,2024,8,2024-08,流通,花生仁/炒货坚果,花生米,黄曲霉毒素B1（AFB1）,True,不合格项目命中AFB1/黄曲霉变体；不合格规范列命中AFB1/黄曲霉变体,53.7µg/kg,53.7,,53.7,μg/kg,False,≤20µg/kg,20.0,μg/kg,≤,False,True,2.685,已解析并统一单位,,已解析并统一单位,,False,
2,不详,2024,8,2024-08,餐饮,花生仁/炒货坚果,生花生米,黄曲霉毒素B1（AFB1）,True,不合格项目命中AFB1/黄曲霉变体；不合格规范列命中AFB1/黄曲霉变体,27μg/kg,27.0,,27.0,μg/kg,False,≤20μg/kg,20.0,μg/kg,≤,False,True,1.35,已解析并统一单位,,已解析并统一单位,,False,
23,不详,2024,8,2024-08,流通,花生仁/炒货坚果,花生米,黄曲霉毒素B1（AFB1）,True,不合格项目命中AFB1/黄曲霉变体；不合格规范列命中AFB1/黄曲霉变体,252µg/kg,252.0,,252.0,μg/kg,False,≤20µg/kg,20.0,μg/kg,≤,False,True,12.6,已解析并统一单位,,已解析并统一单位,,False,
3,不详,2024,8,2024-08,餐饮,花生仁/炒货坚果,花生籽,黄曲霉毒素B1（AFB1）,True,不合格项目命中AFB1/黄曲霉变体；不合格规范列命中AFB1/黄曲霉变体,252µg/kg,252.0,,252.0,μg/kg,False,≤20µg/kg,20.0,μg/kg,≤,False,True,12.6,已解析并统一单位,,已解析并统一单位,,False,
4,不详,2024,8,2024-08,流通,花生仁/炒货坚果,生花生米,黄曲霉毒素B1（AFB1）,True,检验项目命中AFB1/黄曲霉变体,,,,,,False,,,,,False,False,,无检测数值,空值或占位符,无检测数值,空值或占位符,True,AFB1相关但浓度无法解析；AFB1相关但法规限量无法解析
1,不详,2024,8,2024-08,流通,花生仁/炒货坚果,白花生米,黄曲霉毒素B1（AFB1）,True,不合格项目命中AFB1/黄曲霉变体；不合格规范列命中AFB1/黄曲霉变体,36.2µg/kg,36.2,,36.2,μg/kg,False,≤20µg/kg,20.0,μg/kg,≤,False,True,1.81,已解析并统一单位,,已解析并统一单位,,False,
33,不详,2024,8,2024-08,流通,花生仁/炒货坚果,生花生米,黄曲霉毒素B1（AFB1）,True,不合格项目命中AFB1/黄曲霉变体；不合格规范列命中AFB1/黄曲霉变体,341μg/kg,341.0,,341.0,μg/kg,False,≤20μg/kg,20.0,μg/kg,≤,False,True,17.05,已解析并统一单位,,已解析并统一单位,,False,
34,不详,2024,8,2024-08,流通,花生仁/炒货坚果,生花生米,黄曲霉毒素B1（AFB1）,True,不合格项目命中AFB1/黄曲霉变体；不合格规范列命中AFB1/黄曲霉变体,83.6μg/kg,83.6,,83.6,μg/kg,False,≤20μg/kg,20.0,μg/kg,≤,False,True,4.18,已解析并统一单位,,已解析并统一单位,,False,
19,不详,2024,8,2024-08,流通,花生仁/炒货坚果,散白沙花生米DJ,黄曲霉毒素B1（AFB1）,True,不合格项目命中AFB1/黄曲霉变体；不合格规范列命中AFB1/黄曲霉变体,49.7µg/kg,49.7,,49.7,μg/kg,False,≤20µg/kg,20.0,μg/kg,≤,False,True,2.4850000000000003,已解析并统一单位,,已解析并统一单位,,False,
31,不详,2024,8,2024-08,流通,花生仁/炒货坚果,花生米,黄曲霉毒素B1（AFB1）,True,不合格项目命中AFB1/黄曲霉变体；不合格规范列命中AFB1/黄曲霉变体,140µg/kg,140.0,,140.0,μg/kg,False,≤20µg/kg,20.0,μg/kg,≤,False,True,7.0,已解析并统一单位,,已解析并统一单位,,False,
42,不详,2024,8,2024-08,流通,花生仁/炒货坚果,生花生米,黄曲霉毒素B1（AFB1）,True,不合格项目命中AFB1/黄曲霉变体；不合格规范列命中AFB1/黄曲霉变体,270µg/kg,270.0,,270.0,μg/kg,False,≤20,20.0,μg/kg,≤,True,True,13.5,已解析并统一单位,,已解析并统一单位,,False,
43,不详,2024,8,2024-08,流通,花生仁/炒货坚果,红皮花生,黄曲霉毒素B1（AFB1）,True,不合格项目命中AFB1/黄曲霉变体；不合格规范列命中AFB1/黄曲霉变体,307μg/kg,307.0,,307.0,μg/kg,False,≤20μg/kg,20.0,μg/kg,≤,False,True,15.35,已解析并统一单位,,已解析并统一单位,,False,
37,不详,2024,8,2024-08,流通,花生仁/炒货坚果,生花生米,黄曲霉毒素B1（AFB1）,True,不合格项目命中AFB1/黄曲霉变体；不合格规范列命中AFB1/黄曲霉变体,40.6μg/kg,40.6,,40.6,μg/kg,False,≤20μg/kg,20.0,μg/kg,≤,False,True,2.0300000000000002,已解析并统一单位,,已解析并统一单位,,False,
38,山东,2024,8,2024-08,流通,花生仁/炒货坚果,花生米,黄曲霉毒素B1（AFB1）,True,不合格项目命中AFB1/黄曲霉变体；不合格规范列命中AFB1/黄曲霉变体,初检结果：237µg/kg复检结果：113µg/kg,237.0,113.0,113.0,μg/kg,False,≤20,20.0,μg/kg,≤,True,True,5.65,初检复检均解析，最终采用复检值,,已解析并统一单位,,False,
16,不详,2024,8,2024-08,流通,花生仁/炒货坚果,白花生米,黄曲霉毒素B1（AFB1）,True,不合格项目命中AFB1/黄曲霉变体；不合格规范列命中AFB1/黄曲霉变体,51.7µg/kg,51.7,,51.7,μg/kg,False,≤20µg/kg,20.0,μg/kg,≤,False,True,2.585,已解析并统一单位,,已解析并统一单位,,False,
72,不详,2024,9,2024-09,流通,花生仁/炒货坚果,生花生米,黄曲霉毒素B1（AFB1）,True,不合格项目命中AFB1/黄曲霉变体；不合格规范列命中AFB1/黄曲霉变体,102µg/kg,102.0,,102.0,μg/kg,False,≤20µg/kg,20.0,μg/kg,≤,False,True,5.1,已解析并统一单位,,已解析并统一单位,,False,
73,不详,2024,9,2024-09,流通,花生仁/炒货坚果,生花生米,黄曲霉毒素B1（AFB1）,True,不合格项目命中AFB1/黄曲霉变体；不合格规范列命中AFB1/黄曲霉变体,138µg/kg,138.0,,138.0,μg/kg,False,≤20µg/kg,20.0,μg/kg,≤,False,True,6.9,已解析并统一单位,,已解析并统一单位,,False,
74,不详,2024,9,2024-09,流通,花生仁/炒货坚果,大粒生花生米,黄曲霉毒素B1（AFB1）,True,不合格项目命中AFB1/黄曲霉变体；不合格规范列命中AFB1/黄曲霉变体,308µg/kg,308.0,,308.0,μg/kg,False,≤20µg/kg,20.0,μg/kg,≤,False,True,15.4,已解析并统一单位,,已解析并统一单位,,False,
1,不详,2024,9,2024-09,流通,花生仁/炒货坚果,红花生米,黄曲霉毒素B1（AFB1）,True,不合格项目命中AFB1/黄曲霉变体；不合格规范列命中AFB1/黄曲霉变体,33.9µg/kg,33.9,,33.9,μg/kg,False,≤20µg/kg,20.0,μg/kg,≤,False,True,1.6949999999999998,已解析并统一单位,,已解析并统一单位,,False,
46,不详,2024,9,2024-09,流通,花生仁/炒货坚果,白皮花生米,黄曲霉毒素B1（AFB1）,True,不合格项目命中AFB1/黄曲霉变体；不合格规范列命中AFB1/黄曲霉变体,35.2µg/kg,35.2,,35.2,μg/kg,False,≤20µg/kg,20.0,μg/kg,≤,False,True,1.7600000000000002,已解析并统一单位,,已解析并统一单位,,False,
6,不详,2024,9,2024-09,流通,花生仁/炒货坚果,花生米,黄曲霉毒素B1（AFB1）,True,检验项目命中AFB1/黄曲霉变体,,,,,,False,,,,,False,False,,无检测数值,空值或占位符,无检测数值,空值或占位符,True,AFB1相关但浓度无法解析；AFB1相关但法规限量无法解析
7,不详,2024,9,2024-09,流通,花生仁/炒货坚果,花生,黄曲霉毒素B1（AFB1）,True,检验项目命中AFB1/黄曲霉变体,,,,,,False,,,,,False,False,,无检测数值,空值或占位符,无检测数值,空值或占位符,True,AFB1相关但浓度无法解析；AFB1相关但法规限量无法解析
35,不详,2024,9,2024-09,流通,花生仁/炒货坚果,花生米,黄曲霉毒素B1（AFB1）,True,不合格项目命中AFB1/黄曲霉变体；不合格规范列命中AFB1/黄曲霉变体,252µg/kg,252.0,,252.0,μg/kg,False,≤20µg/kg,20.0,μg/kg,≤,False,True,12.6,已解析并统一单位,,已解析并统一单位,,False,
36,不详,2024,9,2024-09,餐饮,花生仁/炒货坚果,花生米（生干籽类）,黄曲霉毒素B1（AFB1）,True,不合格项目命中AFB1/黄曲霉变体；不合格规范列命中AFB1/黄曲霉变体,,,,,,False,,,,,False,True,,无检测数值,空值或占位符,无检测数值,空值或占位符,True,AFB1相关但浓度无法解析；AFB1相关但法规限量无法解析
37,不详,2024,9,2024-09,餐饮,花生仁/炒货坚果,花生仁（生干籽类）,黄曲霉毒素B1（AFB1）,True,不合格项目命中AFB1/黄曲霉变体；不合格规范列命中AFB1/黄曲霉变体,,,,,,False,,,,,False,True,,无检测数值,空值或占位符,无检测数值,空值或占位符,True,AFB1相关但浓度无法解析；AFB1相关但法规限量无法解析
51,不详,2024,9,2024-09,流通,花生仁/炒货坚果,花生米(生),黄曲霉毒素B1（AFB1）,True,不合格项目命中AFB1/黄曲霉变体；不合格规范列命中AFB1/黄曲霉变体,340µg/kg,340.0,,340.0,μg/kg,False,≤20µg/kg,20.0,μg/kg,≤,False,True,17.0,已解析并统一单位,,已解析并统一单位,,False,
23,不详,2024,9,2024-09,流通,花生仁/炒货坚果,大花生米,黄曲霉毒素B1（AFB1）,True,不合格项目命中AFB1/黄曲霉变体；不合格规范列命中AFB1/黄曲霉变体,37µg/kg,37.0,,37.0,μg/kg,False,≤20µg/kg,20.0,μg/kg,≤,False,True,1.85,已解析并统一单位,,已解析并统一单位,,False,
30,不详,2024,9,2024-09,流通,花生仁/炒货坚果,小花生米,黄曲霉毒素B1（AFB1）,True,不合格项目命中AFB1/黄曲霉变体；不合格规范列命中AFB1/黄曲霉变体,190µg/kg,190.0,,190.0,μg/kg,False,≤20µg/kg,20.0,μg/kg,≤,False,True,9.5,已解析并统一单位,,已解析并统一单位,,False,
31,不详,2024,9,2024-09,流通,花生仁/炒货坚果,花生米,黄曲霉毒素B1（AFB1）,True,不合格项目命中AFB1/黄曲霉变体；不合格规范列命中AFB1/黄曲霉变体,330µg/kg,330.0,,330.0,μg/kg,False,≤20µg/kg,20.0,μg/kg,≤,False,True,16.5,已解析并统一单位,,已解析并统一单位,,False,
8,不详,2024,9,2024-09,餐饮,花生仁/炒货坚果,花生米,黄曲霉毒素B1（AFB1）,True,不合格项目命中AFB1/黄曲霉变体；不合格规范列命中AFB1/黄曲霉变体,106µg/kg,106.0,,106.0,μg/kg,False,20µg/kg,20.0,μg/kg,≤,False,True,5.3,已解析并统一单位,,已解析并统一单位,,False,
80,不详,2024,9,2024-09,流通,花生仁/炒货坚果,花生仁,黄曲霉毒素B1（AFB1）,True,检验项目命中AFB1/黄曲霉变体,,,,,,False,,,,,False,False,,无检测数值,空值或占位符,无检测数值,空值或占位符,True,AFB1相关但浓度无法解析；AFB1相关但法规限量无法解析
81,不详,2024,9,2024-09,流通,花生仁/炒货坚果,大花生,黄曲霉毒素B1（AFB1）,True,检验项目命中AFB1/黄曲霉变体,,,,,,False,,,,,False,False,,无检测数值,空值或占位符,无检测数值,空值或占位符,True,AFB1相关但浓度无法解析；AFB1相关但法规限量无法解析
82,不详,2024,9,2024-09,流通,花生仁/炒货坚果,大花生,黄曲霉毒素B1（AFB1）,True,检验项目命中AFB1/黄曲霉变体,,,,,,False,,,,,False,False,,无检测数值,空值或占位符,无检测数值,空值或占位符,True,AFB1相关但浓度无法解析；AFB1相关但法规限量无法解析
83,不详,2024,9,2024-09,流通,花生仁/炒货坚果,大花生,黄曲霉毒素B1（AFB1）,True,检验项目命中AFB1/黄曲霉变体,,,,,,False,,,,,False,False,,无检测数值,空值或占位符,无检测数值,空值或占位符,True,AFB1相关但浓度无法解析；AFB1相关但法规限量无法解析
84,不详,2024,9,2024-09,流通,花生仁/炒货坚果,花生仁,黄曲霉毒素B1（AFB1）,True,检验项目命中AFB1/黄曲霉变体,,,,,,False,,,,,False,False,,无检测数值,空值或占位符,无检测数值,空值或占位符,True,AFB1相关但浓度无法解析；AFB1相关但法规限量无法解析
85,不详,2024,9,2024-09,流通,花生仁/炒货坚果,花生仁,黄曲霉毒素B1（AFB1）,True,检验项目命中AFB1/黄曲霉变体,,,,,,False,,,,,False,False,,无检测数值,空值或占位符,无检测数值,空值或占位符,True,AFB1相关但浓度无法解析；AFB1相关但法规限量无法解析
86,不详,2024,9,2024-09,流通,花生仁/炒货坚果,花生,黄曲霉毒素B1（AFB1）,True,检验项目命中AFB1/黄曲霉变体,,,,,,False,,,,,False,False,,无检测数值,空值或占位符,无检测数值,空值或占位符,True,AFB1相关但浓度无法解析；AFB1相关但法规限量无法解析
1,不详,2024,9,2024-09,流通,花生仁/炒货坚果,红花生米,黄曲霉毒素B1（AFB1）,True,不合格项目命中AFB1/黄曲霉变体；不合格规范列命中AFB1/黄曲霉变体,205µg/kg,205.0,,205.0,μg/kg,False,≤20µg/kg,20.0,μg/kg,≤,False,True,10.25,已解析并统一单位,,已解析并统一单位,,False,
57,不详,2024,9,2024-09,流通,花生仁/炒货坚果,生花生米,黄曲霉毒素B1（AFB1）,True,不合格项目命中AFB1/黄曲霉变体；不合格规范列命中AFB1/黄曲霉变体,,,,,,False,,,,,False,True,,无检测数值,空值或占位符,无检测数值,空值或占位符,True,AFB1相关但浓度无法解析；AFB1相关但法规限量无法解析
45,不详,2024,9,2024-09,餐饮,花生仁/炒货坚果,花生米,黄曲霉毒素B1（AFB1）,True,不合格项目命中AFB1/黄曲霉变体；不合格规范列命中AFB1/黄曲霉变体,61.0µg/kg,61.0,,61.0,μg/kg,False,≤20µg/kg,20.0,μg/kg,≤,False,True,3.05,已解析并统一单位,,已解析并统一单位,,False,
12,不详,2024,9,2024-09,流通,花生仁/炒货坚果,红皮花生,黄曲霉毒素B1（AFB1）,True,不合格项目命中AFB1/黄曲霉变体；不合格规范列命中AFB1/黄曲霉变体,59.8µg/kg,59.8,,59.8,μg/kg,False,≤20µg/kg,20.0,μg/kg,≤,False,True,2.9899999999999998,已解析并统一单位,,已解析并统一单位,,False,
13,不详,2024,9,2024-09,流通,花生仁/炒货坚果,花生(生干籽类),黄曲霉毒素B1（AFB1）,True,不合格项目命中AFB1/黄曲霉变体；不合格规范列命中AFB1/黄曲霉变体,44.3μg/kg,44.3,,44.3,μg/kg,False,≤20μg/kg,20.0,μg/kg,≤,False,True,2.215,已解析并统一单位,,已解析并统一单位,,False,
3,不详,2024,9,2024-09,流通,花生仁/炒货坚果,花生仁,黄曲霉毒素B1（AFB1）,True,检验项目命中AFB1/黄曲霉变体,,,,,,False,,,,,False,False,,无检测数值,空值或占位符,无检测数值,空值或占位符,True,AFB1相关但浓度无法解析；AFB1相关但法规限量无法解析
4,不详,2024,9,2024-09,餐饮,花生仁/炒货坚果,花生米（大）,黄曲霉毒素B1（AFB1）,True,检验项目命中AFB1/黄曲霉变体,,,,,,False,,,,,False,False,,无检测数值,空值或占位符,无检测数值,空值或占位符,True,AFB1相关但浓度无法解析；AFB1相关但法规限量无法解析
5,辽宁,2024,9,2024-09,流通,花生仁/炒货坚果,花生,黄曲霉毒素B1（AFB1）,True,检验项目命中AFB1/黄曲霉变体,,,,,,False,,,,,False,False,,无检测数值,空值或占位符,无检测数值,空值或占位符,True,AFB1相关但浓度无法解析；AFB1相关但法规限量无法解析
6,不详,2024,9,2024-09,流通,花生仁/炒货坚果,花生仁,黄曲霉毒素B1（AFB1）,True,检验项目命中AFB1/黄曲霉变体,,,,,,False,,,,,False,False,,无检测数值,空值或占位符,无检测数值,空值或占位符,True,AFB1相关但浓度无法解析；AFB1相关但法规限量无法解析
7,不详,2024,9,2024-09,流通,花生仁/炒货坚果,花生仁,黄曲霉毒素B1（AFB1）,True,检验项目命中AFB1/黄曲霉变体,,,,,,False,,,,,False,False,,无检测数值,空值或占位符,无检测数值,空值或占位符,True,AFB1相关但浓度无法解析；AFB1相关但法规限量无法解析
8,不详,2024,9,2024-09,流通,花生仁/炒货坚果,花生仁,黄曲霉毒素B1（AFB1）,True,检验项目命中AFB1/黄曲霉变体,,,,,,False,,,,,False,False,,无检测数值,空值或占位符,无检测数值,空值或占位符,True,AFB1相关但浓度无法解析；AFB1相关但法规限量无法解析
9,不详,2024,9,2024-09,流通,花生仁/炒货坚果,花生（好）,黄曲霉毒素B1（AFB1）,True,检验项目命中AFB1/黄曲霉变体,,,,,,False,,,,,False,False,,无检测数值,空值或占位符,无检测数值,空值或占位符,True,AFB1相关但浓度无法解析；AFB1相关但法规限量无法解析
10,不详,2024,9,2024-09,流通,花生仁/炒货坚果,花生（好）,黄曲霉毒素B1（AFB1）,True,检验项目命中AFB1/黄曲霉变体,,,,,,False,,,,,False,False,,无检测数值,空值或占位符,无检测数值,空值或占位符,True,AFB1相关但浓度无法解析；AFB1相关但法规限量无法解析
11,不详,2024,9,2024-09,流通,花生仁/炒货坚果,散装花生仁,黄曲霉毒素B1（AFB1）,True,检验项目命中AFB1/黄曲霉变体,,,,,,False,,,,,False,False,,无检测数值,空值或占位符,无检测数值,空值或占位符,True,AFB1相关但浓度无法解析；AFB1相关但法规限量无法解析
12,不详,2024,9,2024-09,流通,花生仁/炒货坚果,花生仁,黄曲霉毒素B1（AFB1）,True,检验项目命中AFB1/黄曲霉变体,,,,,,False,,,,,False,False,,无检测数值,空值或占位符,无检测数值,空值或占位符,True,AFB1相关但浓度无法解析；AFB1相关但法规限量无法解析
13,不详,2024,9,2024-09,流通,花生仁/炒货坚果,花生仁,黄曲霉毒素B1（AFB1）,True,检验项目命中AFB1/黄曲霉变体,,,,,,False,,,,,False,False,,无检测数值,空值或占位符,无检测数值,空值或占位符,True,AFB1相关但浓度无法解析；AFB1相关但法规限量无法解析
14,不详,2024,9,2024-09,流通,花生仁/炒货坚果,花生仁,黄曲霉毒素B1（AFB1）,True,检验项目命中AFB1/黄曲霉变体,,,,,,False,,,,,False,False,,无检测数值,空值或占位符,无检测数值,空值或占位符,True,AFB1相关但浓度无法解析；AFB1相关但法规限量无法解析
15,不详,2024,9,2024-09,餐饮,花生仁/炒货坚果,花生米,黄曲霉毒素B1（AFB1）,True,检验项目命中AFB1/黄曲霉变体,,,,,,False,,,,,False,False,,无检测数值,空值或占位符,无检测数值,空值或占位符,True,AFB1相关但浓度无法解析；AFB1相关但法规限量无法解析
16,不详,2024,9,2024-09,流通,花生仁/炒货坚果,红皮花生（花生仁）,黄曲霉毒素B1（AFB1）,True,检验项目命中AFB1/黄曲霉变体,,,,,,False,,,,,False,False,,无检测数值,空值或占位符,无检测数值,空值或占位符,True,AFB1相关但浓度无法解析；AFB1相关但法规限量无法解析
17,不详,2024,9,2024-09,流通,花生仁/炒货坚果,花生仁,黄曲霉毒素B1（AFB1）,True,检验项目命中AFB1/黄曲霉变体,,,,,,False,,,,,False,False,,无检测数值,空值或占位符,无检测数值,空值或占位符,True,AFB1相关但浓度无法解析；AFB1相关但法规限量无法解析
18,不详,2024,9,2024-09,餐饮,花生仁/炒货坚果,花生米,黄曲霉毒素B1（AFB1）,True,检验项目命中AFB1/黄曲霉变体,,,,,,False,,,,,False,False,,无检测数值,空值或占位符,无检测数值,空值或占位符,True,AFB1相关但浓度无法解析；AFB1相关但法规限量无法解析
19,不详,2024,9,2024-09,餐饮,花生仁/炒货坚果,花生,黄曲霉毒素B1（AFB1）,True,检验项目命中AFB1/黄曲霉变体,,,,,,False,,,,,False,False,,无检测数值,空值或占位符,无检测数值,空值或占位符,True,AFB1相关但浓度无法解析；AFB1相关但法规限量无法解析
20,不详,2024,9,2024-09,餐饮,花生仁/炒货坚果,花生,黄曲霉毒素B1（AFB1）,True,检验项目命中AFB1/黄曲霉变体,,,,,,False,,,,,False,False,,无检测数值,空值或占位符,无检测数值,空值或占位符,True,AFB1相关但浓度无法解析；AFB1相关但法规限量无法解析
21,不详,2024,9,2024-09,餐饮,花生仁/炒货坚果,特级大白沙花生米,黄曲霉毒素B1（AFB1）,True,检验项目命中AFB1/黄曲霉变体,,,,,,False,,,,,False,False,,无检测数值,空值或占位符,无检测数值,空值或占位符,True,AFB1相关但浓度无法解析；AFB1相关但法规限量无法解析
23,不详,2024,9,2024-09,流通,花生仁/炒货坚果,花生仁,黄曲霉毒素B1（AFB1）,True,检验项目命中AFB1/黄曲霉变体,,,,,,False,,,,,False,False,,无检测数值,空值或占位符,无检测数值,空值或占位符,True,AFB1相关但浓度无法解析；AFB1相关但法规限量无法解析
24,不详,2024,9,2024-09,餐饮,花生仁/炒货坚果,花生米（大）,黄曲霉毒素B1（AFB1）,True,检验项目命中AFB1/黄曲霉变体,,,,,,False,,,,,False,False,,无检测数值,空值或占位符,无检测数值,空值或占位符,True,AFB1相关但浓度无法解析；AFB1相关但法规限量无法解析
25,辽宁,2024,9,2024-09,流通,花生仁/炒货坚果,花生,黄曲霉毒素B1（AFB1）,True,检验项目命中AFB1/黄曲霉变体,,,,,,False,,,,,False,False,,无检测数值,空值或占位符,无检测数值,空值或占位符,True,AFB1相关但浓度无法解析；AFB1相关但法规限量无法解析
26,不详,2024,9,2024-09,流通,花生仁/炒货坚果,花生仁,黄曲霉毒素B1（AFB1）,True,检验项目命中AFB1/黄曲霉变体,,,,,,False,,,,,False,False,,无检测数值,空值或占位符,无检测数值,空值或占位符,True,AFB1相关但浓度无法解析；AFB1相关但法规限量无法解析
27,不详,2024,9,2024-09,流通,花生仁/炒货坚果,花生仁,黄曲霉毒素B1（AFB1）,True,检验项目命中AFB1/黄曲霉变体,,,,,,False,,,,,False,False,,无检测数值,空值或占位符,无检测数值,空值或占位符,True,AFB1相关但浓度无法解析；AFB1相关但法规限量无法解析
28,不详,2024,9,2024-09,流通,花生仁/炒货坚果,花生仁,黄曲霉毒素B1（AFB1）,True,检验项目命中AFB1/黄曲霉变体,,,,,,False,,,,,False,False,,无检测数值,空值或占位符,无检测数值,空值或占位符,True,AFB1相关但浓度无法解析；AFB1相关但法规限量无法解析
29,不详,2024,9,2024-09,流通,花生仁/炒货坚果,花生（好）,黄曲霉毒素B1（AFB1）,True,检验项目命中AFB1/黄曲霉变体,,,,,,False,,,,,False,False,,无检测数值,空值或占位符,无检测数值,空值或占位符,True,AFB1相关但浓度无法解析；AFB1相关但法规限量无法解析
30,不详,2024,9,2024-09,流通,花生仁/炒货坚果,花生（好）,黄曲霉毒素B1（AFB1）,True,检验项目命中AFB1/黄曲霉变体,,,,,,False,,,,,False,False,,无检测数值,空值或占位符,无检测数值,空值或占位符,True,AFB1相关但浓度无法解析；AFB1相关但法规限量无法解析
31,不详,2024,9,2024-09,流通,花生仁/炒货坚果,散装花生仁,黄曲霉毒素B1（AFB1）,True,检验项目命中AFB1/黄曲霉变体,,,,,,False,,,,,False,False,,无检测数值,空值或占位符,无检测数值,空值或占位符,True,AFB1相关但浓度无法解析；AFB1相关但法规限量无法解析
32,不详,2024,9,2024-09,流通,花生仁/炒货坚果,花生仁,黄曲霉毒素B1（AFB1）,True,检验项目命中AFB1/黄曲霉变体,,,,,,False,,,,,False,False,,无检测数值,空值或占位符,无检测数值,空值或占位符,True,AFB1相关但浓度无法解析；AFB1相关但法规限量无法解析
33,不详,2024,9,2024-09,流通,花生仁/炒货坚果,花生仁,黄曲霉毒素B1（AFB1）,True,检验项目命中AFB1/黄曲霉变体,,,,,,False,,,,,False,False,,无检测数值,空值或占位符,无检测数值,空值或占位符,True,AFB1相关但浓度无法解析；AFB1相关但法规限量无法解析
34,不详,2024,9,2024-09,流通,花生仁/炒货坚果,花生仁,黄曲霉毒素B1（AFB1）,True,检验项目命中AFB1/黄曲霉变体,,,,,,False,,,,,False,False,,无检测数值,空值或占位符,无检测数值,空值或占位符,True,AFB1相关但浓度无法解析；AFB1相关但法规限量无法解析
35,不详,2024,9,2024-09,餐饮,花生仁/炒货坚果,花生米,黄曲霉毒素B1（AFB1）,True,检验项目命中AFB1/黄曲霉变体,,,,,,False,,,,,False,False,,无检测数值,空值或占位符,无检测数值,空值或占位符,True,AFB1相关但浓度无法解析；AFB1相关但法规限量无法解析
36,不详,2024,9,2024-09,流通,花生仁/炒货坚果,红皮花生（花生仁）,黄曲霉毒素B1（AFB1）,True,检验项目命中AFB1/黄曲霉变体,,,,,,False,,,,,False,False,,无检测数值,空值或占位符,无检测数值,空值或占位符,True,AFB1相关但浓度无法解析；AFB1相关但法规限量无法解析
37,不详,2024,9,2024-09,流通,花生仁/炒货坚果,花生仁,黄曲霉毒素B1（AFB1）,True,检验项目命中AFB1/黄曲霉变体,,,,,,False,,,,,False,False,,无检测数值,空值或占位符,无检测数值,空值或占位符,True,AFB1相关但浓度无法解析；AFB1相关但法规限量无法解析
38,不详,2024,9,2024-09,餐饮,花生仁/炒货坚果,花生米,黄曲霉毒素B1（AFB1）,True,检验项目命中AFB1/黄曲霉变体,,,,,,False,,,,,False,False,,无检测数值,空值或占位符,无检测数值,空值或占位符,True,AFB1相关但浓度无法解析；AFB1相关但法规限量无法解析
39,不详,2024,9,2024-09,餐饮,花生仁/炒货坚果,花生,黄曲霉毒素B1（AFB1）,True,检验项目命中AFB1/黄曲霉变体,,,,,,False,,,,,False,False,,无检测数值,空值或占位符,无检测数值,空值或占位符,True,AFB1相关但浓度无法解析；AFB1相关但法规限量无法解析
40,不详,2024,9,2024-09,餐饮,花生仁/炒货坚果,花生,黄曲霉毒素B1（AFB1）,True,检验项目命中AFB1/黄曲霉变体,,,,,,False,,,,,False,False,,无检测数值,空值或占位符,无检测数值,空值或占位符,True,AFB1相关但浓度无法解析；AFB1相关但法规限量无法解析
41,不详,2024,9,2024-09,餐饮,花生仁/炒货坚果,特级大白沙花生米,黄曲霉毒素B1（AFB1）,True,检验项目命中AFB1/黄曲霉变体,,,,,,False,,,,,False,False,,无检测数值,空值或占位符,无检测数值,空值或占位符,True,AFB1相关但浓度无法解析；AFB1相关但法规限量无法解析
95,不详,2024,9,2024-09,餐饮,花生仁/炒货坚果,花生米,黄曲霉毒素B1（AFB1）,True,不合格项目命中AFB1/黄曲霉变体；不合格规范列命中AFB1/黄曲霉变体,106µg/kg,106.0,,106.0,μg/kg,False,20µg/kg,20.0,μg/kg,≤,False,True,5.3,已解析并统一单位,,已解析并统一单位,,False,
60,不详,2024,10,2024-10,流通,花生仁/炒货坚果,白皮花生,黄曲霉毒素B1（AFB1）,True,不合格项目命中AFB1/黄曲霉变体；不合格规范列命中AFB1/黄曲霉变体,50.3μg/kg,50.3,,50.3,μg/kg,False,≤20μg/kg,20.0,μg/kg,≤,False,True,2.5149999999999997,已解析并统一单位,,已解析并统一单位,,False,
61,山东,2024,10,2024-10,流通,花生仁/炒货坚果,东北白沙花生米（W）,黄曲霉毒素B1（AFB1）,True,不合格项目命中AFB1/黄曲霉变体；不合格规范列命中AFB1/黄曲霉变体,53.7μg/kg,53.7,,53.7,μg/kg,False,≤20μg/kg,20.0,μg/kg,≤,False,True,2.685,已解析并统一单位,,已解析并统一单位,,False,
73,不详,2024,10,2024-10,流通,花生仁/炒货坚果,花生米（生干籽类）,黄曲霉毒素B1（AFB1）,True,不合格项目命中AFB1/黄曲霉变体；不合格规范列命中AFB1/黄曲霉变体,883µg/kg,883.0,,883.0,μg/kg,False,20µg/kg,20.0,μg/kg,≤,False,True,44.15,已解析并统一单位,,已解析并统一单位,,False,
74,不详,2024,10,2024-10,流通,花生仁/炒货坚果,白花生米（生干籽类）,黄曲霉毒素B1（AFB1）,True,不合格项目命中AFB1/黄曲霉变体；不合格规范列命中AFB1/黄曲霉变体,38.1/µg/kg,38.1,,38.1,μg/kg,True,20/µg/kg,20.0,μg/kg,≤,True,True,1.905,已解析并统一单位,,已解析并统一单位,,False,
41,不详,2024,10,2024-10,流通,花生仁/炒货坚果,花生米,黄曲霉毒素B1（AFB1）,True,不合格项目命中AFB1/黄曲霉变体；不合格规范列命中AFB1/黄曲霉变体,34.9μg/kg,34.9,,34.9,μg/kg,False,≤20μg/kg,20.0,μg/kg,≤,False,True,1.7449999999999999,已解析并统一单位,,已解析并统一单位,,False,
1,不详,2024,10,2024-10,流通,花生仁/炒货坚果,花生米,黄曲霉毒素B1（AFB1）,True,不合格项目命中AFB1/黄曲霉变体；不合格规范列命中AFB1/黄曲霉变体,66.9µg/kg,66.9,,66.9,μg/kg,False,≤20µg/kg,20.0,μg/kg,≤,False,True,3.345,已解析并统一单位,,已解析并统一单位,,False,
44,不详,2024,10,2024-10,流通,花生仁/炒货坚果,花生米,黄曲霉毒素B1（AFB1）,True,不合格项目命中AFB1/黄曲霉变体；不合格规范列命中AFB1/黄曲霉变体,53.7µg/kg,53.7,,53.7,μg/kg,False,≤20µg/kg,20.0,μg/kg,≤,False,True,2.685,已解析并统一单位,,已解析并统一单位,,False,
36,不详,2024,10,2024-10,流通,花生仁/炒货坚果,生红皮花生,黄曲霉毒素B1（AFB1）,True,不合格项目命中AFB1/黄曲霉变体；不合格规范列命中AFB1/黄曲霉变体,65.5µg/kg,65.5,,65.5,μg/kg,False,≤20µg/kg,20.0,μg/kg,≤,False,True,3.275,已解析并统一单位,,已解析并统一单位,,False,
37,不详,2024,10,2024-10,餐饮,花生仁/炒货坚果,生花生米,黄曲霉毒素B1（AFB1）,True,不合格项目命中AFB1/黄曲霉变体；不合格规范列命中AFB1/黄曲霉变体,260µg/kg,260.0,,260.0,μg/kg,False,≤20µg/kg,20.0,μg/kg,≤,False,True,13.0,已解析并统一单位,,已解析并统一单位,,False,
51,不详,2024,10,2024-10,流通,花生仁/炒货坚果,花生米,黄曲霉毒素B1（AFB1）,True,不合格项目命中AFB1/黄曲霉变体；不合格规范列命中AFB1/黄曲霉变体,45.6µg/kg,45.6,,45.6,μg/kg,False,≤20µg/kg,20.0,μg/kg,≤,False,True,2.2800000000000002,已解析并统一单位,,已解析并统一单位,,False,
6,不详,2024,10,2024-10,流通,花生仁/炒货坚果,红皮花生,黄曲霉毒素B1（AFB1）,True,不合格项目命中AFB1/黄曲霉变体；不合格规范列命中AFB1/黄曲霉变体,155µg/kg,155.0,,155.0,μg/kg,False,≤20µg/kg,20.0,μg/kg,≤,False,True,7.75,已解析并统一单位,,已解析并统一单位,,False,
29,不详,2024,10,2024-10,流通,花生仁/炒货坚果,花生米,黄曲霉毒素B1（AFB1）,True,不合格项目命中AFB1/黄曲霉变体；不合格规范列命中AFB1/黄曲霉变体,72.2µg/kg,72.2,,72.2,μg/kg,False,≤20µg/kg,20.0,μg/kg,≤,False,True,3.6100000000000003,已解析并统一单位,,已解析并统一单位,,False,
86,不详,2024,10,2024-10,流通,花生仁/炒货坚果,大白沙花生米,黄曲霉毒素B1（AFB1）,True,不合格项目命中AFB1/黄曲霉变体；不合格规范列命中AFB1/黄曲霉变体,36.3µg/kg,36.3,,36.3,μg/kg,False,≤20µg/kg,20.0,μg/kg,≤,False,True,1.815,已解析并统一单位,,已解析并统一单位,,False,
87,不详,2024,10,2024-10,流通,花生仁/炒货坚果,白花生米,黄曲霉毒素B1（AFB1）,True,不合格项目命中AFB1/黄曲霉变体；不合格规范列命中AFB1/黄曲霉变体,44.8µg/kg,44.8,,44.8,μg/kg,False,≤20µg/kg,20.0,μg/kg,≤,False,True,2.2399999999999998,已解析并统一单位,,已解析并统一单位,,False,
23,不详,2024,10,2024-10,餐饮,花生仁/炒货坚果,花生米,黄曲霉毒素B1（AFB1）,True,不合格项目命中AFB1/黄曲霉变体；不合格规范列命中AFB1/黄曲霉变体,49.8μg/kg,49.8,,49.8,μg/kg,False,≤20μg/kg,20.0,μg/kg,≤,False,True,2.4899999999999998,已解析并统一单位,,已解析并统一单位,,False,
26,不详,2024,10,2024-10,流通,花生仁/炒货坚果,白花生米,黄曲霉毒素B1（AFB1）,True,不合格项目命中AFB1/黄曲霉变体；不合格规范列命中AFB1/黄曲霉变体,153µg/kg,153.0,,153.0,μg/kg,False,≤20µg/kg,20.0,μg/kg,≤,False,True,7.65,已解析并统一单位,,已解析并统一单位,,False,
27,不详,2024,10,2024-10,流通,花生仁/炒货坚果,红花生,黄曲霉毒素B1（AFB1）,True,不合格项目命中AFB1/黄曲霉变体；不合格规范列命中AFB1/黄曲霉变体,44µg/kg,44.0,,44.0,μg/kg,False,≤20µg/kg,20.0,μg/kg,≤,False,True,2.2,已解析并统一单位,,已解析并统一单位,,False,
16,不详,2024,11,2024-11,流通,花生仁/炒货坚果,生花生米,黄曲霉毒素B1（AFB1）,True,检验项目命中AFB1/黄曲霉变体,,,,,,False,,,,,False,False,,无检测数值,空值或占位符,无检测数值,空值或占位符,True,AFB1相关但浓度无法解析；AFB1相关但法规限量无法解析
17,不详,2024,11,2024-11,流通,花生仁/炒货坚果,花生米,黄曲霉毒素B1（AFB1）,True,检验项目命中AFB1/黄曲霉变体,,,,,,False,,,,,False,False,,无检测数值,空值或占位符,无检测数值,空值或占位符,True,AFB1相关但浓度无法解析；AFB1相关但法规限量无法解析
18,不详,2024,11,2024-11,流通,花生仁/炒货坚果,生花生米,黄曲霉毒素B1（AFB1）,True,检验项目命中AFB1/黄曲霉变体,,,,,,False,,,,,False,False,,无检测数值,空值或占位符,无检测数值,空值或占位符,True,AFB1相关但浓度无法解析；AFB1相关但法规限量无法解析
19,不详,2024,11,2024-11,流通,花生仁/炒货坚果,花生米,黄曲霉毒素B1（AFB1）,True,检验项目命中AFB1/黄曲霉变体,,,,,,False,,,,,False,False,,无检测数值,空值或占位符,无检测数值,空值或占位符,True,AFB1相关但浓度无法解析；AFB1相关但法规限量无法解析
20,不详,2024,11,2024-11,流通,花生仁/炒货坚果,白皮花生米,黄曲霉毒素B1（AFB1）,True,检验项目命中AFB1/黄曲霉变体,,,,,,False,,,,,False,False,,无检测数值,空值或占位符,无检测数值,空值或占位符,True,AFB1相关但浓度无法解析；AFB1相关但法规限量无法解析
21,不详,2024,11,2024-11,流通,花生仁/炒货坚果,红皮花生,黄曲霉毒素B1（AFB1）,True,检验项目命中AFB1/黄曲霉变体,,,,,,False,,,,,False,False,,无检测数值,空值或占位符,无检测数值,空值或占位符,True,AFB1相关但浓度无法解析；AFB1相关但法规限量无法解析
22,不详,2024,11,2024-11,流通,花生仁/炒货坚果,白皮花生,黄曲霉毒素B1（AFB1）,True,检验项目命中AFB1/黄曲霉变体,,,,,,False,,,,,False,False,,无检测数值,空值或占位符,无检测数值,空值或占位符,True,AFB1相关但浓度无法解析；AFB1相关但法规限量无法解析
23,不详,2024,11,2024-11,流通,花生仁/炒货坚果,花生米,黄曲霉毒素B1（AFB1）,True,检验项目命中AFB1/黄曲霉变体,,,,,,False,,,,,False,False,,无检测数值,空值或占位符,无检测数值,空值或占位符,True,AFB1相关但浓度无法解析；AFB1相关但法规限量无法解析
24,不详,2024,11,2024-11,流通,花生仁/炒货坚果,散称花生米,黄曲霉毒素B1（AFB1）,True,检验项目命中AFB1/黄曲霉变体,,,,,,False,,,,,False,False,,无检测数值,空值或占位符,无检测数值,空值或占位符,True,AFB1相关但浓度无法解析；AFB1相关但法规限量无法解析
25,不详,2024,11,2024-11,流通,花生仁/炒货坚果,生花生米,黄曲霉毒素B1（AFB1）,True,检验项目命中AFB1/黄曲霉变体,,,,,,False,,,,,False,False,,无检测数值,空值或占位符,无检测数值,空值或占位符,True,AFB1相关但浓度无法解析；AFB1相关但法规限量无法解析
26,不详,2024,11,2024-11,流通,花生仁/炒货坚果,生花生米,黄曲霉毒素B1（AFB1）,True,检验项目命中AFB1/黄曲霉变体,,,,,,False,,,,,False,False,,无检测数值,空值或占位符,无检测数值,空值或占位符,True,AFB1相关但浓度无法解析；AFB1相关但法规限量无法解析
27,江苏,2024,11,2024-11,流通,花生仁/炒货坚果,吉林四粒红花生（一级）,黄曲霉毒素B1（AFB1）,True,检验项目命中AFB1/黄曲霉变体,,,,,,False,,,,,False,False,,无检测数值,空值或占位符,无检测数值,空值或占位符,True,AFB1相关但浓度无法解析；AFB1相关但法规限量无法解析
28,安徽,2024,11,2024-11,流通,花生仁/炒货坚果,辽宁白沙花生,黄曲霉毒素B1（AFB1）,True,检验项目命中AFB1/黄曲霉变体,,,,,,False,,,,,False,False,,无检测数值,空值或占位符,无检测数值,空值或占位符,True,AFB1相关但浓度无法解析；AFB1相关但法规限量无法解析
29,河南,2024,11,2024-11,流通,花生仁/炒货坚果,红皮花生仁,黄曲霉毒素B1（AFB1）,True,检验项目命中AFB1/黄曲霉变体,,,,,,False,,,,,False,False,,无检测数值,空值或占位符,无检测数值,空值或占位符,True,AFB1相关但浓度无法解析；AFB1相关但法规限量无法解析
30,不详,2024,11,2024-11,流通,花生仁/炒货坚果,生花生米,黄曲霉毒素B1（AFB1）,True,检验项目命中AFB1/黄曲霉变体,,,,,,False,,,,,False,False,,无检测数值,空值或占位符,无检测数值,空值或占位符,True,AFB1相关但浓度无法解析；AFB1相关但法规限量无法解析
31,不详,2024,11,2024-11,流通,花生仁/炒货坚果,生花生米,黄曲霉毒素B1（AFB1）,True,检验项目命中AFB1/黄曲霉变体,,,,,,False,,,,,False,False,,无检测数值,空值或占位符,无检测数值,空值或占位符,True,AFB1相关但浓度无法解析；AFB1相关但法规限量无法解析
32,不详,2024,11,2024-11,流通,花生仁/炒货坚果,生花生米,黄曲霉毒素B1（AFB1）,True,检验项目命中AFB1/黄曲霉变体,,,,,,False,,,,,False,False,,无检测数值,空值或占位符,无检测数值,空值或占位符,True,AFB1相关但浓度无法解析；AFB1相关但法规限量无法解析
33,不详,2024,11,2024-11,流通,花生仁/炒货坚果,生花生米,黄曲霉毒素B1（AFB1）,True,检验项目命中AFB1/黄曲霉变体,,,,,,False,,,,,False,False,,无检测数值,空值或占位符,无检测数值,空值或占位符,True,AFB1相关但浓度无法解析；AFB1相关但法规限量无法解析
34,不详,2024,11,2024-11,流通,花生仁/炒货坚果,生花生米,黄曲霉毒素B1（AFB1）,True,检验项目命中AFB1/黄曲霉变体,,,,,,False,,,,,False,False,,无检测数值,空值或占位符,无检测数值,空值或占位符,True,AFB1相关但浓度无法解析；AFB1相关但法规限量无法解析
140,不详,2024,11,2024-11,流通,花生仁/炒货坚果,红花生米,黄曲霉毒素B1（AFB1）,True,不合格项目命中AFB1/黄曲霉变体；不合格规范列命中AFB1/黄曲霉变体,49.6µg/kg,49.6,,49.6,μg/kg,False,≤20µg/kg,20.0,μg/kg,≤,False,True,2.48,已解析并统一单位,,已解析并统一单位,,False,
141,不详,2024,11,2024-11,餐饮,花生仁/炒货坚果,花生米（生）,黄曲霉毒素B1（AFB1）,True,不合格项目命中AFB1/黄曲霉变体；不合格规范列命中AFB1/黄曲霉变体,115µg/kg,115.0,,115.0,μg/kg,False,≤20µg/kg,20.0,μg/kg,≤,False,True,5.75,已解析并统一单位,,已解析并统一单位,,False,
62,不详,2024,11,2024-11,流通,花生仁/炒货坚果,生花生米,黄曲霉毒素B1（AFB1）,True,不合格项目命中AFB1/黄曲霉变体；不合格规范列命中AFB1/黄曲霉变体,58.9μg/kg,58.9,,58.9,μg/kg,False,≤20µg/kg,20.0,μg/kg,≤,False,True,2.945,已解析并统一单位,,已解析并统一单位,,False,
1,不详,2024,11,2024-11,流通,花生仁/炒货坚果,红皮花生,黄曲霉毒素B1（AFB1）,True,不合格项目命中AFB1/黄曲霉变体；不合格规范列命中AFB1/黄曲霉变体,24.6µg/kg,24.6,,24.6,μg/kg,False,≤20µg/kg,20.0,μg/kg,≤,False,True,1.23,已解析并统一单位,,已解析并统一单位,,False,
40,不详,2024,11,2024-11,流通,花生仁/炒货坚果,生花生米,黄曲霉毒素B1（AFB1）,True,不合格项目命中AFB1/黄曲霉变体；不合格规范列命中AFB1/黄曲霉变体,59.6µg/kg,59.6,,59.6,μg/kg,False,≤20µg/kg,20.0,μg/kg,≤,False,True,2.98,已解析并统一单位,,已解析并统一单位,,False,
77,不详,2024,11,2024-11,流通,花生仁/炒货坚果,花生米,黄曲霉毒素B1（AFB1）,True,不合格项目命中AFB1/黄曲霉变体；不合格规范列命中AFB1/黄曲霉变体,91.4µg/kg,91.4,,91.4,μg/kg,False,≤20µg/kg,20.0,μg/kg,≤,False,True,4.57,已解析并统一单位,,已解析并统一单位,,False,
78,不详,2024,11,2024-11,流通,花生仁/炒货坚果,花生米（生）,黄曲霉毒素B1（AFB1）,True,不合格项目命中AFB1/黄曲霉变体；不合格规范列命中AFB1/黄曲霉变体,73.8µg/kg,73.8,,73.8,μg/kg,False,≤20µg/kg,20.0,μg/kg,≤,False,True,3.69,已解析并统一单位,,已解析并统一单位,,False,
68,不详,2024,11,2024-11,流通,花生仁/炒货坚果,生花生米,黄曲霉毒素B1（AFB1）,True,不合格项目命中AFB1/黄曲霉变体；不合格规范列命中AFB1/黄曲霉变体,37.0µg/kg,37.0,,37.0,μg/kg,False,≤20µg/kg,20.0,μg/kg,≤,False,True,1.85,已解析并统一单位,,已解析并统一单位,,False,
17,不详,2024,11,2024-11,流通,花生仁/炒货坚果,生花生米,黄曲霉毒素B1（AFB1）,True,检验项目命中AFB1/黄曲霉变体,,,,,,False,,,,,False,False,,无检测数值,空值或占位符,无检测数值,空值或占位符,True,AFB1相关但浓度无法解析；AFB1相关但法规限量无法解析
18,不详,2024,11,2024-11,流通,花生仁/炒货坚果,生花生米,黄曲霉毒素B1（AFB1）,True,检验项目命中AFB1/黄曲霉变体,,,,,,False,,,,,False,False,,无检测数值,空值或占位符,无检测数值,空值或占位符,True,AFB1相关但浓度无法解析；AFB1相关但法规限量无法解析
19,不详,2024,11,2024-11,流通,花生仁/炒货坚果,生花生米,黄曲霉毒素B1（AFB1）,True,检验项目命中AFB1/黄曲霉变体,,,,,,False,,,,,False,False,,无检测数值,空值或占位符,无检测数值,空值或占位符,True,AFB1相关但浓度无法解析；AFB1相关但法规限量无法解析
20,不详,2024,11,2024-11,流通,花生仁/炒货坚果,生花生米,黄曲霉毒素B1（AFB1）,True,检验项目命中AFB1/黄曲霉变体,,,,,,False,,,,,False,False,,无检测数值,空值或占位符,无检测数值,空值或占位符,True,AFB1相关但浓度无法解析；AFB1相关但法规限量无法解析
21,不详,2024,11,2024-11,流通,花生仁/炒货坚果,生花生米,黄曲霉毒素B1（AFB1）,True,检验项目命中AFB1/黄曲霉变体,,,,,,False,,,,,False,False,,无检测数值,空值或占位符,无检测数值,空值或占位符,True,AFB1相关但浓度无法解析；AFB1相关但法规限量无法解析
22,不详,2024,11,2024-11,流通,花生仁/炒货坚果,生花生米,黄曲霉毒素B1（AFB1）,True,检验项目命中AFB1/黄曲霉变体,,,,,,False,,,,,False,False,,无检测数值,空值或占位符,无检测数值,空值或占位符,True,AFB1相关但浓度无法解析；AFB1相关但法规限量无法解析
23,不详,2024,11,2024-11,流通,花生仁/炒货坚果,生花生米,黄曲霉毒素B1（AFB1）,True,检验项目命中AFB1/黄曲霉变体,,,,,,False,,,,,False,False,,无检测数值,空值或占位符,无检测数值,空值或占位符,True,AFB1相关但浓度无法解析；AFB1相关但法规限量无法解析
24,不详,2024,11,2024-11,流通,花生仁/炒货坚果,生花生米,黄曲霉毒素B1（AFB1）,True,检验项目命中AFB1/黄曲霉变体,,,,,,False,,,,,False,False,,无检测数值,空值或占位符,无检测数值,空值或占位符,True,AFB1相关但浓度无法解析；AFB1相关但法规限量无法解析
25,不详,2024,11,2024-11,流通,花生仁/炒货坚果,生花生米,黄曲霉毒素B1（AFB1）,True,检验项目命中AFB1/黄曲霉变体,,,,,,False,,,,,False,False,,无检测数值,空值或占位符,无检测数值,空值或占位符,True,AFB1相关但浓度无法解析；AFB1相关但法规限量无法解析
26,不详,2024,11,2024-11,流通,花生仁/炒货坚果,生花生米,黄曲霉毒素B1（AFB1）,True,检验项目命中AFB1/黄曲霉变体,,,,,,False,,,,,False,False,,无检测数值,空值或占位符,无检测数值,空值或占位符,True,AFB1相关但浓度无法解析；AFB1相关但法规限量无法解析
27,不详,2024,11,2024-11,流通,花生仁/炒货坚果,生花生米,黄曲霉毒素B1（AFB1）,True,检验项目命中AFB1/黄曲霉变体,,,,,,False,,,,,False,False,,无检测数值,空值或占位符,无检测数值,空值或占位符,True,AFB1相关但浓度无法解析；AFB1相关但法规限量无法解析
28,不详,2024,11,2024-11,流通,花生仁/炒货坚果,生花生米,黄曲霉毒素B1（AFB1）,True,检验项目命中AFB1/黄曲霉变体,,,,,,False,,,,,False,False,,无检测数值,空值或占位符,无检测数值,空值或占位符,True,AFB1相关但浓度无法解析；AFB1相关但法规限量无法解析
29,不详,2024,11,2024-11,流通,花生仁/炒货坚果,花生米,黄曲霉毒素B1（AFB1）,True,检验项目命中AFB1/黄曲霉变体,,,,,,False,,,,,False,False,,无检测数值,空值或占位符,无检测数值,空值或占位符,True,AFB1相关但浓度无法解析；AFB1相关但法规限量无法解析
30,不详,2024,11,2024-11,流通,花生仁/炒货坚果,生花生米,黄曲霉毒素B1（AFB1）,True,检验项目命中AFB1/黄曲霉变体,,,,,,False,,,,,False,False,,无检测数值,空值或占位符,无检测数值,空值或占位符,True,AFB1相关但浓度无法解析；AFB1相关但法规限量无法解析
31,不详,2024,11,2024-11,流通,花生仁/炒货坚果,红皮花生米,黄曲霉毒素B1（AFB1）,True,检验项目命中AFB1/黄曲霉变体,,,,,,False,,,,,False,False,,无检测数值,空值或占位符,无检测数值,空值或占位符,True,AFB1相关但浓度无法解析；AFB1相关但法规限量无法解析
32,不详,2024,11,2024-11,流通,花生仁/炒货坚果,白皮花生米,黄曲霉毒素B1（AFB1）,True,检验项目命中AFB1/黄曲霉变体,,,,,,False,,,,,False,False,,无检测数值,空值或占位符,无检测数值,空值或占位符,True,AFB1相关但浓度无法解析；AFB1相关但法规限量无法解析
33,不详,2024,11,2024-11,流通,花生仁/炒货坚果,生花生米,黄曲霉毒素B1（AFB1）,True,检验项目命中AFB1/黄曲霉变体,,,,,,False,,,,,False,False,,无检测数值,空值或占位符,无检测数值,空值或占位符,True,AFB1相关但浓度无法解析；AFB1相关但法规限量无法解析
34,不详,2024,11,2024-11,流通,花生仁/炒货坚果,特级大白沙花生米,黄曲霉毒素B1（AFB1）,True,检验项目命中AFB1/黄曲霉变体,,,,,,False,,,,,False,False,,无检测数值,空值或占位符,无检测数值,空值或占位符,True,AFB1相关但浓度无法解析；AFB1相关但法规限量无法解析
35,不详,2024,11,2024-11,流通,花生仁/炒货坚果,生红皮花生米,黄曲霉毒素B1（AFB1）,True,检验项目命中AFB1/黄曲霉变体,,,,,,False,,,,,False,False,,无检测数值,空值或占位符,无检测数值,空值或占位符,True,AFB1相关但浓度无法解析；AFB1相关但法规限量无法解析
36,不详,2024,11,2024-11,流通,花生仁/炒货坚果,生花生米,黄曲霉毒素B1（AFB1）,True,检验项目命中AFB1/黄曲霉变体,,,,,,False,,,,,False,False,,无检测数值,空值或占位符,无检测数值,空值或占位符,True,AFB1相关但浓度无法解析；AFB1相关但法规限量无法解析
164,不详,2024,11,2024-11,餐饮,花生仁/炒货坚果,花生米,黄曲霉毒素B1（AFB1）,True,不合格项目命中AFB1/黄曲霉变体；不合格规范列命中AFB1/黄曲霉变体,250g/kg,250.0,,250.0,μg/kg,True,≤20g/kg,20.0,μg/kg,≤,True,True,12.5,已解析并统一单位,,已解析并统一单位,,False,
165,不详,2024,11,2024-11,流通,花生仁/炒货坚果,生花生米,黄曲霉毒素B1（AFB1）,True,不合格项目命中AFB1/黄曲霉变体；不合格规范列命中AFB1/黄曲霉变体,859µg/kg,859.0,,859.0,μg/kg,False,≤20µg/kg,20.0,μg/kg,≤,False,True,42.95,已解析并统一单位,,已解析并统一单位,,False,
166,山东,2024,11,2024-11,流通,花生仁/炒货坚果,荣成大花生仁(生干籽类),黄曲霉毒素B1（AFB1）,True,不合格项目命中AFB1/黄曲霉变体；不合格规范列命中AFB1/黄曲霉变体,225µg/kg,225.0,,225.0,μg/kg,False,≤20µg/kg,20.0,μg/kg,≤,False,True,11.25,已解析并统一单位,,已解析并统一单位,,False,
45,不详,2024,11,2024-11,流通,花生仁/炒货坚果,红皮花生,黄曲霉毒素B1（AFB1）,True,不合格项目命中AFB1/黄曲霉变体；不合格规范列命中AFB1/黄曲霉变体,590μg/kg,590.0,,590.0,μg/kg,False,≤20μg/kg,20.0,μg/kg,≤,False,True,29.5,已解析并统一单位,,已解析并统一单位,,False,
156,不详,2024,11,2024-11,流通,花生仁/炒货坚果,生花生仁,黄曲霉毒素B1（AFB1）,True,不合格项目命中AFB1/黄曲霉变体；不合格规范列命中AFB1/黄曲霉变体,119μg/kg,119.0,,119.0,μg/kg,False,≤20μg/kg,20.0,μg/kg,≤,False,True,5.95,已解析并统一单位,,已解析并统一单位,,False,
157,不详,2024,11,2024-11,流通,花生仁/炒货坚果,生花生米,黄曲霉毒素B1（AFB1）,True,不合格项目命中AFB1/黄曲霉变体；不合格规范列命中AFB1/黄曲霉变体,38.5µg/kg,38.5,,38.5,μg/kg,False,≤20µg/kg,20.0,μg/kg,≤,False,True,1.925,已解析并统一单位,,已解析并统一单位,,False,
158,不详,2024,11,2024-11,流通,花生仁/炒货坚果,红皮花生米（生干籽类）,黄曲霉毒素B1（AFB1）,True,不合格项目命中AFB1/黄曲霉变体；不合格规范列命中AFB1/黄曲霉变体,63.7µg/kg,63.7,,63.7,μg/kg,False,≤20µg/kg,20.0,μg/kg,≤,False,True,3.185,已解析并统一单位,,已解析并统一单位,,False,
37,不详,2024,11,2024-11,流通,花生仁/炒货坚果,花生仁,黄曲霉毒素B1（AFB1）,True,检验项目命中AFB1/黄曲霉变体,,,,,,False,,,,,False,False,,无检测数值,空值或占位符,无检测数值,空值或占位符,True,AFB1相关但浓度无法解析；AFB1相关但法规限量无法解析
38,不详,2024,11,2024-11,流通,花生仁/炒货坚果,大花生,黄曲霉毒素B1（AFB1）,True,检验项目命中AFB1/黄曲霉变体,,,,,,False,,,,,False,False,,无检测数值,空值或占位符,无检测数值,空值或占位符,True,AFB1相关但浓度无法解析；AFB1相关但法规限量无法解析
39,不详,2024,11,2024-11,流通,花生仁/炒货坚果,大花生,黄曲霉毒素B1（AFB1）,True,检验项目命中AFB1/黄曲霉变体,,,,,,False,,,,,False,False,,无检测数值,空值或占位符,无检测数值,空值或占位符,True,AFB1相关但浓度无法解析；AFB1相关但法规限量无法解析
40,不详,2024,11,2024-11,流通,花生仁/炒货坚果,大花生,黄曲霉毒素B1（AFB1）,True,检验项目命中AFB1/黄曲霉变体,,,,,,False,,,,,False,False,,无检测数值,空值或占位符,无检测数值,空值或占位符,True,AFB1相关但浓度无法解析；AFB1相关但法规限量无法解析
41,不详,2024,11,2024-11,流通,花生仁/炒货坚果,花生仁,黄曲霉毒素B1（AFB1）,True,检验项目命中AFB1/黄曲霉变体,,,,,,False,,,,,False,False,,无检测数值,空值或占位符,无检测数值,空值或占位符,True,AFB1相关但浓度无法解析；AFB1相关但法规限量无法解析
42,不详,2024,11,2024-11,流通,花生仁/炒货坚果,花生仁,黄曲霉毒素B1（AFB1）,True,检验项目命中AFB1/黄曲霉变体,,,,,,False,,,,,False,False,,无检测数值,空值或占位符,无检测数值,空值或占位符,True,AFB1相关但浓度无法解析；AFB1相关但法规限量无法解析
43,不详,2024,11,2024-11,流通,花生仁/炒货坚果,花生,黄曲霉毒素B1（AFB1）,True,检验项目命中AFB1/黄曲霉变体,,,,,,False,,,,,False,False,,无检测数值,空值或占位符,无检测数值,空值或占位符,True,AFB1相关但浓度无法解析；AFB1相关但法规限量无法解析
44,不详,2024,11,2024-11,流通,花生仁/炒货坚果,花生,黄曲霉毒素B1（AFB1）,True,检验项目命中AFB1/黄曲霉变体,,,,,,False,,,,,False,False,,无检测数值,空值或占位符,无检测数值,空值或占位符,True,AFB1相关但浓度无法解析；AFB1相关但法规限量无法解析
45,不详,2024,11,2024-11,流通,花生仁/炒货坚果,花生米,黄曲霉毒素B1（AFB1）,True,检验项目命中AFB1/黄曲霉变体,,,,,,False,,,,,False,False,,无检测数值,空值或占位符,无检测数值,空值或占位符,True,AFB1相关但浓度无法解析；AFB1相关但法规限量无法解析
46,不详,2024,11,2024-11,流通,花生仁/炒货坚果,长大花生,黄曲霉毒素B1（AFB1）,True,检验项目命中AFB1/黄曲霉变体,,,,,,False,,,,,False,False,,无检测数值,空值或占位符,无检测数值,空值或占位符,True,AFB1相关但浓度无法解析；AFB1相关但法规限量无法解析
47,不详,2024,11,2024-11,流通,花生仁/炒货坚果,花生,黄曲霉毒素B1（AFB1）,True,检验项目命中AFB1/黄曲霉变体,,,,,,False,,,,,False,False,,无检测数值,空值或占位符,无检测数值,空值或占位符,True,AFB1相关但浓度无法解析；AFB1相关但法规限量无法解析
58,不详,2024,11,2024-11,流通,花生仁/炒货坚果,小红花生米,黄曲霉毒素B1（AFB1）,True,不合格项目命中AFB1/黄曲霉变体；不合格规范列命中AFB1/黄曲霉变体,90.4µg/kg,90.4,,90.4,μg/kg,False,≤20µg/kg,20.0,μg/kg,≤,False,True,4.5200000000000005,已解析并统一单位,,已解析并统一单位,,False,
59,不详,2024,11,2024-11,流通,花生仁/炒货坚果,白花生米,黄曲霉毒素B1（AFB1）,True,不合格项目命中AFB1/黄曲霉变体；不合格规范列命中AFB1/黄曲霉变体,57.2µg/kg,57.2,,57.2,μg/kg,False,≤20µg/kg,20.0,μg/kg,≤,False,True,2.8600000000000003,已解析并统一单位,,已解析并统一单位,,False,
44,不详,2024,11,2024-11,流通,花生仁/炒货坚果,生花生米,黄曲霉毒素B1（AFB1）,True,不合格项目命中AFB1/黄曲霉变体；不合格规范列命中AFB1/黄曲霉变体,41.9µg/kg,41.9,,41.9,μg/kg,False,≤20µg/kg,20.0,μg/kg,≤,False,True,2.0949999999999998,已解析并统一单位,,已解析并统一单位,,False,
29,不详,2024,11,2024-11,餐饮,花生仁/炒货坚果,生花生米,黄曲霉毒素B1（AFB1）,True,不合格项目命中AFB1/黄曲霉变体；不合格规范列命中AFB1/黄曲霉变体,160µg/kg,160.0,,160.0,μg/kg,False,≤20µg/kg,20.0,μg/kg,≤,False,True,8.0,已解析并统一单位,,已解析并统一单位,,False,
63,不详,2024,11,2024-11,餐饮,花生仁/炒货坚果,生花生米,黄曲霉毒素B1（AFB1）,True,不合格项目命中AFB1/黄曲霉变体；不合格规范列命中AFB1/黄曲霉变体,,,,,,False,,,,,False,True,,无检测数值,空值或占位符,无检测数值,空值或占位符,True,AFB1相关但浓度无法解析；AFB1相关但法规限量无法解析
73,不详,2024,12,2024-12,餐饮,花生仁/炒货坚果,生花生米,黄曲霉毒素B1（AFB1）,True,不合格项目命中AFB1/黄曲霉变体；不合格规范列命中AFB1/黄曲霉变体,,,,,,False,,,,,False,True,,无检测数值,空值或占位符,无检测数值,空值或占位符,True,AFB1相关但浓度无法解析；AFB1相关但法规限量无法解析
71,不详,2024,12,2024-12,流通,花生仁/炒货坚果,花生米,黄曲霉毒素B1（AFB1）,True,不合格项目命中AFB1/黄曲霉变体；不合格规范列命中AFB1/黄曲霉变体,31.0μg/kg,31.0,,31.0,μg/kg,False,≤20μg/kg,20.0,μg/kg,≤,False,True,1.55,已解析并统一单位,,已解析并统一单位,,False,
72,不详,2024,12,2024-12,流通,花生仁/炒货坚果,散装中颗花生,黄曲霉毒素B1（AFB1）,True,不合格项目命中AFB1/黄曲霉变体；不合格规范列命中AFB1/黄曲霉变体,41.7µg/kg,41.7,,41.7,μg/kg,False,≦20µg/kg,20.0,μg/kg,≤,False,True,2.085,已解析并统一单位,,已解析并统一单位,,False,
73,不详,2024,12,2024-12,流通,花生仁/炒货坚果,红皮花生米,黄曲霉毒素B1（AFB1）,True,不合格项目命中AFB1/黄曲霉变体；不合格规范列命中AFB1/黄曲霉变体,44.9µg/kg,44.9,,44.9,μg/kg,False,≦20µg/kg,20.0,μg/kg,≤,False,True,2.245,已解析并统一单位,,已解析并统一单位,,False,
74,不详,2024,12,2024-12,流通,花生仁/炒货坚果,生花生米,黄曲霉毒素B1（AFB1）,True,不合格项目命中AFB1/黄曲霉变体；不合格规范列命中AFB1/黄曲霉变体,49.7µg/kg,49.7,,49.7,μg/kg,False,≦20µg/kg,20.0,μg/kg,≤,False,True,2.4850000000000003,已解析并统一单位,,已解析并统一单位,,False,
75,不详,2024,12,2024-12,流通,花生仁/炒货坚果,生花生米,黄曲霉毒素B1（AFB1）,True,不合格项目命中AFB1/黄曲霉变体；不合格规范列命中AFB1/黄曲霉变体,,,,,,False,,,,,False,True,,无检测数值,空值或占位符,无检测数值,空值或占位符,True,AFB1相关但浓度无法解析；AFB1相关但法规限量无法解析
76,不详,2024,12,2024-12,流通,花生仁/炒货坚果,白皮花生米,黄曲霉毒素B1（AFB1）,True,不合格项目命中AFB1/黄曲霉变体；不合格规范列命中AFB1/黄曲霉变体,,,,,,False,,,,,False,True,,无检测数值,空值或占位符,无检测数值,空值或占位符,True,AFB1相关但浓度无法解析；AFB1相关但法规限量无法解析
21,不详,2024,12,2024-12,流通,花生仁/炒货坚果,白花生米,黄曲霉毒素B1（AFB1）,True,不合格项目命中AFB1/黄曲霉变体；不合格规范列命中AFB1/黄曲霉变体,292µg/kg,292.0,,292.0,μg/kg,False,≤20µg/kg,20.0,μg/kg,≤,False,True,14.6,已解析并统一单位,,已解析并统一单位,,False,
22,不详,2024,12,2024-12,流通,花生仁/炒货坚果,白皮花生,黄曲霉毒素B1（AFB1）,True,不合格项目命中AFB1/黄曲霉变体；不合格规范列命中AFB1/黄曲霉变体,158µg/kg,158.0,,158.0,μg/kg,False,≤20µg/kg,20.0,μg/kg,≤,False,True,7.9,已解析并统一单位,,已解析并统一单位,,False,
18,不详,2024,12,2024-12,流通,花生仁/炒货坚果,花生米（生干籽类）,黄曲霉毒素B1（AFB1）,True,检验项目命中AFB1/黄曲霉变体,,,,,,False,,,,,False,False,,无检测数值,空值或占位符,无检测数值,空值或占位符,True,AFB1相关但浓度无法解析；AFB1相关但法规限量无法解析
71,不详,2024,12,2024-12,流通,花生仁/炒货坚果,生花生米,黄曲霉毒素B1（AFB1）,True,不合格项目命中AFB1/黄曲霉变体；不合格规范列命中AFB1/黄曲霉变体,616μg/kg,616.0,,616.0,μg/kg,False,≤20μg/kg,20.0,μg/kg,≤,False,True,30.8,已解析并统一单位,,已解析并统一单位,,False,
72,不详,2024,12,2024-12,流通,花生仁/炒货坚果,花生仁,黄曲霉毒素B1（AFB1）,True,不合格项目命中AFB1/黄曲霉变体；不合格规范列命中AFB1/黄曲霉变体,148µg/kg,148.0,,148.0,μg/kg,False,≤20µg/kg,20.0,μg/kg,≤,False,True,7.4,已解析并统一单位,,已解析并统一单位,,False,
92,不详,2024,12,2024-12,流通,花生仁/炒货坚果,散花生米,黄曲霉毒素B1（AFB1）,True,不合格项目命中AFB1/黄曲霉变体；不合格规范列命中AFB1/黄曲霉变体,72.1ug/kg,72.1,,72.1,μg/kg,False,≤20umg/kg,20.0,μg/kg,≤,True,True,3.6049999999999995,已解析并统一单位,,已解析并统一单位,,False,
58,不详,2024,12,2024-12,流通,花生仁/炒货坚果,散花生米,黄曲霉毒素B1（AFB1）,True,不合格项目命中AFB1/黄曲霉变体；不合格规范列命中AFB1/黄曲霉变体,72.1ug/kg,72.1,,72.1,μg/kg,False,≤20umg/kg,20.0,μg/kg,≤,True,True,3.6049999999999995,已解析并统一单位,,已解析并统一单位,,False,
59,不详,2024,12,2024-12,流通,花生仁/炒货坚果,白皮花生米,黄曲霉毒素B1（AFB1）,True,不合格项目命中AFB1/黄曲霉变体；不合格规范列命中AFB1/黄曲霉变体,114µg/kg,114.0,,114.0,μg/kg,False,≤20µg/kg,20.0,μg/kg,≤,False,True,5.7,已解析并统一单位,,已解析并统一单位,,False,
24,河南,2024,12,2024-12,流通,花生仁/炒货坚果,生花生米,黄曲霉毒素B1（AFB1）,True,不合格项目命中AFB1/黄曲霉变体；不合格规范列命中AFB1/黄曲霉变体,,,,,,False,,,,,False,True,,无检测数值,空值或占位符,无检测数值,空值或占位符,True,AFB1相关但浓度无法解析；AFB1相关但法规限量无法解析
25,河南,2024,12,2024-12,流通,花生仁/炒货坚果,花生米,黄曲霉毒素B1（AFB1）,True,不合格项目命中AFB1/黄曲霉变体；不合格规范列命中AFB1/黄曲霉变体,,,,,,False,,,,,False,True,,无检测数值,空值或占位符,无检测数值,空值或占位符,True,AFB1相关但浓度无法解析；AFB1相关但法规限量无法解析
51,不详,2024,12,2024-12,流通,花生仁/炒货坚果,花生米（生干籽类）,黄曲霉毒素B1（AFB1）,True,不合格项目命中AFB1/黄曲霉变体；不合格规范列命中AFB1/黄曲霉变体,73.5µg/kg,73.5,,73.5,μg/kg,False,≤20µg/kg,20.0,μg/kg,≤,False,True,3.675,已解析并统一单位,,已解析并统一单位,,False,
141,不详,2024,12,2024-12,流通,花生仁/炒货坚果,生花生米,黄曲霉毒素B1（AFB1）,True,不合格项目命中AFB1/黄曲霉变体；不合格规范列命中AFB1/黄曲霉变体,60.3µg/kg,60.3,,60.3,μg/kg,False,≤20µg/kg,20.0,μg/kg,≤,False,True,3.0149999999999997,已解析并统一单位,,已解析并统一单位,,False,
142,不详,2024,12,2024-12,流通,花生仁/炒货坚果,生花生米,黄曲霉毒素B1（AFB1）,True,不合格项目命中AFB1/黄曲霉变体；不合格规范列命中AFB1/黄曲霉变体,91.3µg/kg,91.3,,91.3,μg/kg,False,≤20µg/kg,20.0,μg/kg,≤,False,True,4.5649999999999995,已解析并统一单位,,已解析并统一单位,,False,
143,不详,2024,12,2024-12,流通,花生仁/炒货坚果,生花生米,黄曲霉毒素B1（AFB1）,True,不合格项目命中AFB1/黄曲霉变体；不合格规范列命中AFB1/黄曲霉变体,64.7μg/kg,64.7,,64.7,μg/kg,False,≤20μg/kg,20.0,μg/kg,≤,False,True,3.2350000000000003,已解析并统一单位,,已解析并统一单位,,False,
144,不详,2024,12,2024-12,餐饮,花生仁/炒货坚果,生花生米,黄曲霉毒素B1（AFB1）,True,不合格项目命中AFB1/黄曲霉变体；不合格规范列命中AFB1/黄曲霉变体,29.8µg/kg,29.8,,29.8,μg/kg,False,≤20µg/kg,20.0,μg/kg,≤,False,True,1.49,已解析并统一单位,,已解析并统一单位,,False,
145,不详,2024,12,2024-12,流通,花生仁/炒货坚果,花生米,黄曲霉毒素B1（AFB1）,True,不合格项目命中AFB1/黄曲霉变体；不合格规范列命中AFB1/黄曲霉变体,94.6μg/kg,94.6,,94.6,μg/kg,False,≤20μg/kg,20.0,μg/kg,≤,False,True,4.7299999999999995,已解析并统一单位,,已解析并统一单位,,False,
14,不详,2024,12,2024-12,餐饮,花生仁/炒货坚果,花生米,黄曲霉毒素B1（AFB1）,True,不合格项目命中AFB1/黄曲霉变体；不合格规范列命中AFB1/黄曲霉变体,85.8µg/kg,85.8,,85.8,μg/kg,False,≦20µg/kg,20.0,μg/kg,≤,False,True,4.29,已解析并统一单位,,已解析并统一单位,,False,
43,河南,2024,12,2024-12,流通,花生仁/炒货坚果,花生米,黄曲霉毒素B1（AFB1）,True,不合格项目命中AFB1/黄曲霉变体；不合格规范列命中AFB1/黄曲霉变体,199µg/kg,199.0,,199.0,μg/kg,False,≤20µg/kg,20.0,μg/kg,≤,False,True,9.95,已解析并统一单位,,已解析并统一单位,,False,
23,不详,2024,12,2024-12,流通,花生仁/炒货坚果,花生米,黄曲霉毒素B1（AFB1）,True,检验项目命中AFB1/黄曲霉变体,,,,,,False,,,,,False,False,,无检测数值,空值或占位符,无检测数值,空值或占位符,True,AFB1相关但浓度无法解析；AFB1相关但法规限量无法解析
46,不详,2024,12,2024-12,餐饮,花生仁/炒货坚果,花生籽,黄曲霉毒素B1（AFB1）,True,不合格项目命中AFB1/黄曲霉变体；不合格规范列命中AFB1/黄曲霉变体,405µg/kg,405.0,,405.0,μg/kg,False,≤20µg/kg,20.0,μg/kg,≤,False,True,20.25,已解析并统一单位,,已解析并统一单位,,False,
25,不详,2024,12,2024-12,流通,花生仁/炒货坚果,花生米,黄曲霉毒素B1（AFB1）,True,不合格项目命中AFB1/黄曲霉变体；不合格规范列命中AFB1/黄曲霉变体,24.5µg/kg,24.5,,24.5,μg/kg,False,≦20µg/kg,20.0,μg/kg,≤,False,True,1.225,已解析并统一单位,,已解析并统一单位,,False,
24,不详,2024,12,2024-12,流通,花生仁/炒货坚果,花生仁,黄曲霉毒素B1（AFB1）,True,检验项目命中AFB1/黄曲霉变体,,,,,,False,,,,,False,False,,无检测数值,空值或占位符,无检测数值,空值或占位符,True,AFB1相关但浓度无法解析；AFB1相关但法规限量无法解析
25,不详,2024,12,2024-12,流通,花生仁/炒货坚果,大花生,黄曲霉毒素B1（AFB1）,True,检验项目命中AFB1/黄曲霉变体,,,,,,False,,,,,False,False,,无检测数值,空值或占位符,无检测数值,空值或占位符,True,AFB1相关但浓度无法解析；AFB1相关但法规限量无法解析
26,不详,2024,12,2024-12,流通,花生仁/炒货坚果,大花生,黄曲霉毒素B1（AFB1）,True,检验项目命中AFB1/黄曲霉变体,,,,,,False,,,,,False,False,,无检测数值,空值或占位符,无检测数值,空值或占位符,True,AFB1相关但浓度无法解析；AFB1相关但法规限量无法解析
27,不详,2024,12,2024-12,流通,花生仁/炒货坚果,大花生,黄曲霉毒素B1（AFB1）,True,检验项目命中AFB1/黄曲霉变体,,,,,,False,,,,,False,False,,无检测数值,空值或占位符,无检测数值,空值或占位符,True,AFB1相关但浓度无法解析；AFB1相关但法规限量无法解析
28,不详,2024,12,2024-12,流通,花生仁/炒货坚果,花生仁,黄曲霉毒素B1（AFB1）,True,检验项目命中AFB1/黄曲霉变体,,,,,,False,,,,,False,False,,无检测数值,空值或占位符,无检测数值,空值或占位符,True,AFB1相关但浓度无法解析；AFB1相关但法规限量无法解析
29,不详,2024,12,2024-12,流通,花生仁/炒货坚果,花生仁,黄曲霉毒素B1（AFB1）,True,检验项目命中AFB1/黄曲霉变体,,,,,,False,,,,,False,False,,无检测数值,空值或占位符,无检测数值,空值或占位符,True,AFB1相关但浓度无法解析；AFB1相关但法规限量无法解析
30,不详,2024,12,2024-12,流通,花生仁/炒货坚果,花生,黄曲霉毒素B1（AFB1）,True,检验项目命中AFB1/黄曲霉变体,,,,,,False,,,,,False,False,,无检测数值,空值或占位符,无检测数值,空值或占位符,True,AFB1相关但浓度无法解析；AFB1相关但法规限量无法解析
31,不详,2024,12,2024-12,流通,花生仁/炒货坚果,花生,黄曲霉毒素B1（AFB1）,True,检验项目命中AFB1/黄曲霉变体,,,,,,False,,,,,False,False,,无检测数值,空值或占位符,无检测数值,空值或占位符,True,AFB1相关但浓度无法解析；AFB1相关但法规限量无法解析
32,不详,2024,12,2024-12,流通,花生仁/炒货坚果,花生仁,黄曲霉毒素B1（AFB1）,True,检验项目命中AFB1/黄曲霉变体,,,,,,False,,,,,False,False,,无检测数值,空值或占位符,无检测数值,空值或占位符,True,AFB1相关但浓度无法解析；AFB1相关但法规限量无法解析
33,不详,2024,12,2024-12,流通,花生仁/炒货坚果,花生仁,黄曲霉毒素B1（AFB1）,True,检验项目命中AFB1/黄曲霉变体,,,,,,False,,,,,False,False,,无检测数值,空值或占位符,无检测数值,空值或占位符,True,AFB1相关但浓度无法解析；AFB1相关但法规限量无法解析
34,不详,2024,12,2024-12,流通,花生仁/炒货坚果,花生米,黄曲霉毒素B1（AFB1）,True,检验项目命中AFB1/黄曲霉变体,,,,,,False,,,,,False,False,,无检测数值,空值或占位符,无检测数值,空值或占位符,True,AFB1相关但浓度无法解析；AFB1相关但法规限量无法解析
35,不详,2024,12,2024-12,流通,花生仁/炒货坚果,花生米,黄曲霉毒素B1（AFB1）,True,检验项目命中AFB1/黄曲霉变体,,,,,,False,,,,,False,False,,无检测数值,空值或占位符,无检测数值,空值或占位符,True,AFB1相关但浓度无法解析；AFB1相关但法规限量无法解析
36,不详,2024,12,2024-12,流通,花生仁/炒货坚果,长花生,黄曲霉毒素B1（AFB1）,True,检验项目命中AFB1/黄曲霉变体,,,,,,False,,,,,False,False,,无检测数值,空值或占位符,无检测数值,空值或占位符,True,AFB1相关但浓度无法解析；AFB1相关但法规限量无法解析
37,不详,2024,12,2024-12,流通,花生仁/炒货坚果,长大花生,黄曲霉毒素B1（AFB1）,True,检验项目命中AFB1/黄曲霉变体,,,,,,False,,,,,False,False,,无检测数值,空值或占位符,无检测数值,空值或占位符,True,AFB1相关但浓度无法解析；AFB1相关但法规限量无法解析
38,不详,2024,12,2024-12,流通,花生仁/炒货坚果,大圆花生,黄曲霉毒素B1（AFB1）,True,检验项目命中AFB1/黄曲霉变体,,,,,,False,,,,,False,False,,无检测数值,空值或占位符,无检测数值,空值或占位符,True,AFB1相关但浓度无法解析；AFB1相关但法规限量无法解析
96,不详,2024,12,2024-12,流通,花生仁/炒货坚果,生花生米,黄曲霉毒素B1（AFB1）,True,不合格项目命中AFB1/黄曲霉变体；不合格规范列命中AFB1/黄曲霉变体,50.6µg/kg,50.6,,50.6,μg/kg,False,≤20µg/kg,20.0,μg/kg,≤,False,True,2.5300000000000002,已解析并统一单位,,已解析并统一单位,,False,
97,不详,2024,12,2024-12,流通,花生仁/炒货坚果,散花生米,黄曲霉毒素B1（AFB1）,True,不合格项目命中AFB1/黄曲霉变体；不合格规范列命中AFB1/黄曲霉变体,72.1ug/kg,72.1,,72.1,μg/kg,False,≤20umg/kg,20.0,μg/kg,≤,True,True,3.6049999999999995,已解析并统一单位,,已解析并统一单位,,False,
53,不详,2024,12,2024-12,流通,花生仁/炒货坚果,散花生米,黄曲霉毒素B1（AFB1）,True,不合格项目命中AFB1/黄曲霉变体；不合格规范列命中AFB1/黄曲霉变体,72.1ug/kg,72.1,,72.1,μg/kg,False,≤20umg/kg,20.0,μg/kg,≤,True,True,3.6049999999999995,已解析并统一单位,,已解析并统一单位,,False,
9,河南,2023,1,2023-01,流通,花生仁/炒货坚果,脱油花生(五香味),黄曲霉毒素B1（AFB1）,True,不合格项目命中AFB1/黄曲霉变体；不合格规范列命中AFB1/黄曲霉变体,33.0μg/kg,33.0,,33.0,μg/kg,False,20μg/kg,20.0,μg/kg,≤,False,True,1.65,已解析并统一单位,,已解析并统一单位,,False,
40,不详,2023,1,2023-01,流通,花生仁/炒货坚果,烤花生米,黄曲霉毒素B1（AFB1）,True,检验项目命中AFB1/黄曲霉变体,,,,,,False,,,,,False,False,,无检测数值,空值或占位符,无检测数值,空值或占位符,True,AFB1相关但浓度无法解析；AFB1相关但法规限量无法解析
41,山东,2023,1,2023-01,流通,花生仁/炒货坚果,烤花生果,黄曲霉毒素B1（AFB1）,True,检验项目命中AFB1/黄曲霉变体,,,,,,False,,,,,False,False,,无检测数值,空值或占位符,无检测数值,空值或占位符,True,AFB1相关但浓度无法解析；AFB1相关但法规限量无法解析
59,河南,2023,1,2023-01,流通,花生仁/炒货坚果,麻辣花生,黄曲霉毒素B1（AFB1）,True,检验项目命中AFB1/黄曲霉变体,,,,,,False,,,,,False,False,,无检测数值,空值或占位符,无检测数值,空值或占位符,True,AFB1相关但浓度无法解析；AFB1相关但法规限量无法解析
60,江苏,2023,1,2023-01,流通,花生仁/炒货坚果,牛肉味花生,黄曲霉毒素B1（AFB1）,True,检验项目命中AFB1/黄曲霉变体,,,,,,False,,,,,False,False,,无检测数值,空值或占位符,无检测数值,空值或占位符,True,AFB1相关但浓度无法解析；AFB1相关但法规限量无法解析
61,湖北,2023,1,2023-01,流通,花生仁/炒货坚果,旭东原味花生,黄曲霉毒素B1（AFB1）,True,检验项目命中AFB1/黄曲霉变体,,,,,,False,,,,,False,False,,无检测数值,空值或占位符,无检测数值,空值或占位符,True,AFB1相关但浓度无法解析；AFB1相关但法规限量无法解析
62,浙江,2023,1,2023-01,流通,花生仁/炒货坚果,花生（奶香味）,黄曲霉毒素B1（AFB1）,True,检验项目命中AFB1/黄曲霉变体,,,,,,False,,,,,False,False,,无检测数值,空值或占位符,无检测数值,空值或占位符,True,AFB1相关但浓度无法解析；AFB1相关但法规限量无法解析
60,山东,2023,1,2023-01,流通,花生仁/炒货坚果,黄飞红麻辣花生,黄曲霉毒素B1（AFB1）,True,检验项目命中AFB1/黄曲霉变体,,,,,,False,,,,,False,False,,无检测数值,空值或占位符,无检测数值,空值或占位符,True,AFB1相关但浓度无法解析；AFB1相关但法规限量无法解析
61,广东,2023,1,2023-01,流通,花生仁/炒货坚果,核桃味花生,黄曲霉毒素B1（AFB1）,True,检验项目命中AFB1/黄曲霉变体,,,,,,False,,,,,False,False,,无检测数值,空值或占位符,无检测数值,空值或占位符,True,AFB1相关但浓度无法解析；AFB1相关但法规限量无法解析
62,广东,2023,1,2023-01,流通,花生仁/炒货坚果,咸干花生,黄曲霉毒素B1（AFB1）,True,检验项目命中AFB1/黄曲霉变体,,,,,,False,,,,,False,False,,无检测数值,空值或占位符,无检测数值,空值或占位符,True,AFB1相关但浓度无法解析；AFB1相关但法规限量无法解析
63,广东,2023,1,2023-01,流通,花生仁/炒货坚果,咸干花生,黄曲霉毒素B1（AFB1）,True,检验项目命中AFB1/黄曲霉变体,,,,,,False,,,,,False,False,,无检测数值,空值或占位符,无检测数值,空值或占位符,True,AFB1相关但浓度无法解析；AFB1相关但法规限量无法解析
64,辽宁,2023,1,2023-01,流通,花生仁/炒货坚果,原味花生,黄曲霉毒素B1（AFB1）,True,检验项目命中AFB1/黄曲霉变体,,,,,,False,,,,,False,False,,无检测数值,空值或占位符,无检测数值,空值或占位符,True,AFB1相关但浓度无法解析；AFB1相关但法规限量无法解析
65,广东,2023,1,2023-01,流通,花生仁/炒货坚果,多味花生（酱汁牛肉味）,黄曲霉毒素B1（AFB1）,True,检验项目命中AFB1/黄曲霉变体,,,,,,False,,,,,False,False,,无检测数值,空值或占位符,无检测数值,空值或占位符,True,AFB1相关但浓度无法解析；AFB1相关但法规限量无法解析
66,广东,2023,1,2023-01,流通,花生仁/炒货坚果,五香南乳花生,黄曲霉毒素B1（AFB1）,True,检验项目命中AFB1/黄曲霉变体,,,,,,False,,,,,False,False,,无检测数值,空值或占位符,无检测数值,空值或占位符,True,AFB1相关但浓度无法解析；AFB1相关但法规限量无法解析
67,广东,2023,1,2023-01,流通,花生仁/炒货坚果,陈皮味花生,黄曲霉毒素B1（AFB1）,True,检验项目命中AFB1/黄曲霉变体,,,,,,False,,,,,False,False,,无检测数值,空值或占位符,无检测数值,空值或占位符,True,AFB1相关但浓度无法解析；AFB1相关但法规限量无法解析
68,广东,2023,1,2023-01,流通,花生仁/炒货坚果,南乳花生,黄曲霉毒素B1（AFB1）,True,检验项目命中AFB1/黄曲霉变体,,,,,,False,,,,,False,False,,无检测数值,空值或占位符,无检测数值,空值或占位符,True,AFB1相关但浓度无法解析；AFB1相关但法规限量无法解析
69,广东,2023,1,2023-01,流通,花生仁/炒货坚果,核桃味花生,黄曲霉毒素B1（AFB1）,True,检验项目命中AFB1/黄曲霉变体,,,,,,False,,,,,False,False,,无检测数值,空值或占位符,无检测数值,空值或占位符,True,AFB1相关但浓度无法解析；AFB1相关但法规限量无法解析
70,广东,2023,1,2023-01,生产,花生仁/炒货坚果,芥末小生花生,黄曲霉毒素B1（AFB1）,True,检验项目命中AFB1/黄曲霉变体,,,,,,False,,,,,False,False,,无检测数值,空值或占位符,无检测数值,空值或占位符,True,AFB1相关但浓度无法解析；AFB1相关但法规限量无法解析
71,山东,2023,1,2023-01,流通,花生仁/炒货坚果,黄飞红麻辣花生,黄曲霉毒素B1（AFB1）,True,检验项目命中AFB1/黄曲霉变体,,,,,,False,,,,,False,False,,无检测数值,空值或占位符,无检测数值,空值或占位符,True,AFB1相关但浓度无法解析；AFB1相关但法规限量无法解析
72,广东,2023,1,2023-01,流通,花生仁/炒货坚果,核桃味花生,黄曲霉毒素B1（AFB1）,True,检验项目命中AFB1/黄曲霉变体,,,,,,False,,,,,False,False,,无检测数值,空值或占位符,无检测数值,空值或占位符,True,AFB1相关但浓度无法解析；AFB1相关但法规限量无法解析
73,广东,2023,1,2023-01,流通,花生仁/炒货坚果,咸干花生,黄曲霉毒素B1（AFB1）,True,检验项目命中AFB1/黄曲霉变体,,,,,,False,,,,,False,False,,无检测数值,空值或占位符,无检测数值,空值或占位符,True,AFB1相关但浓度无法解析；AFB1相关但法规限量无法解析
74,广东,2023,1,2023-01,流通,花生仁/炒货坚果,咸干花生,黄曲霉毒素B1（AFB1）,True,检验项目命中AFB1/黄曲霉变体,,,,,,False,,,,,False,False,,无检测数值,空值或占位符,无检测数值,空值或占位符,True,AFB1相关但浓度无法解析；AFB1相关但法规限量无法解析
75,辽宁,2023,1,2023-01,流通,花生仁/炒货坚果,原味花生,黄曲霉毒素B1（AFB1）,True,检验项目命中AFB1/黄曲霉变体,,,,,,False,,,,,False,False,,无检测数值,空值或占位符,无检测数值,空值或占位符,True,AFB1相关但浓度无法解析；AFB1相关但法规限量无法解析
76,广东,2023,1,2023-01,流通,花生仁/炒货坚果,多味花生（酱汁牛肉味）,黄曲霉毒素B1（AFB1）,True,检验项目命中AFB1/黄曲霉变体,,,,,,False,,,,,False,False,,无检测数值,空值或占位符,无检测数值,空值或占位符,True,AFB1相关但浓度无法解析；AFB1相关但法规限量无法解析
77,广东,2023,1,2023-01,流通,花生仁/炒货坚果,五香南乳花生,黄曲霉毒素B1（AFB1）,True,检验项目命中AFB1/黄曲霉变体,,,,,,False,,,,,False,False,,无检测数值,空值或占位符,无检测数值,空值或占位符,True,AFB1相关但浓度无法解析；AFB1相关但法规限量无法解析
78,广东,2023,1,2023-01,流通,花生仁/炒货坚果,陈皮味花生,黄曲霉毒素B1（AFB1）,True,检验项目命中AFB1/黄曲霉变体,,,,,,False,,,,,False,False,,无检测数值,空值或占位符,无检测数值,空值或占位符,True,AFB1相关但浓度无法解析；AFB1相关但法规限量无法解析
91,不详,2023,2,2023-02,流通,花生仁/炒货坚果,炸花生,黄曲霉毒素B1（AFB1）,True,不合格项目命中AFB1/黄曲霉变体；不合格规范列命中AFB1/黄曲霉变体,504μg/kg,504.0,,504.0,μg/kg,False,≤20μg/kg,20.0,μg/kg,≤,False,True,25.2,已解析并统一单位,,已解析并统一单位,,False,
1,湖南,2023,2,2023-02,生产,花生仁/炒货坚果,陈皮味花生,黄曲霉毒素B1（AFB1）,True,检验项目命中AFB1/黄曲霉变体,,,,,,False,,,,,False,False,,无检测数值,空值或占位符,无检测数值,空值或占位符,True,AFB1相关但浓度无法解析；AFB1相关但法规限量无法解析
2,湖南,2023,2,2023-02,生产,花生仁/炒货坚果,原味花生,黄曲霉毒素B1（AFB1）,True,检验项目命中AFB1/黄曲霉变体,,,,,,False,,,,,False,False,,无检测数值,空值或占位符,无检测数值,空值或占位符,True,AFB1相关但浓度无法解析；AFB1相关但法规限量无法解析
2,安徽,2023,3,2023-03,流通,花生仁/炒货坚果,无蔗糖花生糖,黄曲霉毒素B1（AFB1）,True,不合格项目命中AFB1/黄曲霉变体；不合格规范列命中AFB1/黄曲霉变体,64.6μg/kg,64.6,,64.6,μg/kg,False,≤20μg/kg,20.0,μg/kg,≤,False,True,3.2299999999999995,已解析并统一单位,,已解析并统一单位,,False,
89,河南,2023,4,2023-04,流通,花生仁/炒货坚果,花生米（五香味）,黄曲霉毒素B1（AFB1）,True,不合格项目命中AFB1/黄曲霉变体；不合格规范列命中AFB1/黄曲霉变体,308μg/kg,308.0,,308.0,μg/kg,False,≤20μg/kg,20.0,μg/kg,≤,False,True,15.4,已解析并统一单位,,已解析并统一单位,,False,
16,江苏,2023,4,2023-04,流通,花生仁/炒货坚果,香辣花生,黄曲霉毒素B1（AFB1）,True,检验项目命中AFB1/黄曲霉变体,,,,,,False,,,,,False,False,,无检测数值,空值或占位符,无检测数值,空值或占位符,True,AFB1相关但浓度无法解析；AFB1相关但法规限量无法解析
17,江苏,2023,4,2023-04,流通,花生仁/炒货坚果,淮盐花生,黄曲霉毒素B1（AFB1）,True,检验项目命中AFB1/黄曲霉变体,,,,,,False,,,,,False,False,,无检测数值,空值或占位符,无检测数值,空值或占位符,True,AFB1相关但浓度无法解析；AFB1相关但法规限量无法解析
18,安徽,2023,4,2023-04,流通,花生仁/炒货坚果,蒜香味花生,黄曲霉毒素B1（AFB1）,True,检验项目命中AFB1/黄曲霉变体,,,,,,False,,,,,False,False,,无检测数值,空值或占位符,无检测数值,空值或占位符,True,AFB1相关但浓度无法解析；AFB1相关但法规限量无法解析
19,安徽,2023,4,2023-04,流通,花生仁/炒货坚果,核桃味花生,黄曲霉毒素B1（AFB1）,True,检验项目命中AFB1/黄曲霉变体,,,,,,False,,,,,False,False,,无检测数值,空值或占位符,无检测数值,空值或占位符,True,AFB1相关但浓度无法解析；AFB1相关但法规限量无法解析
39,安徽,2023,4,2023-04,流通,花生仁/炒货坚果,花生米（炒货食品及坚果制品）,黄曲霉毒素B1（AFB1）,True,不合格项目命中AFB1/黄曲霉变体；不合格规范列命中AFB1/黄曲霉变体,40.0μg/kg,40.0,,40.0,μg/kg,False,≤20μg/kg,20.0,μg/kg,≤,False,True,2.0,已解析并统一单位,,已解析并统一单位,,False,
40,山东,2023,4,2023-04,流通,花生仁/炒货坚果,五香味花生米,黄曲霉毒素B1（AFB1）,True,不合格项目命中AFB1/黄曲霉变体；不合格规范列命中AFB1/黄曲霉变体,31.5μg/kg,31.5,,31.5,μg/kg,False,≤20μg/kg,20.0,μg/kg,≤,False,True,1.575,已解析并统一单位,,已解析并统一单位,,False,
12,不详,2023,5,2023-05,流通,花生仁/炒货坚果,咸干花生,黄曲霉毒素B1（AFB1）,True,检验项目命中AFB1/黄曲霉变体,,,,,,False,,,,,False,False,,无检测数值,空值或占位符,无检测数值,空值或占位符,True,AFB1相关但浓度无法解析；AFB1相关但法规限量无法解析
19,山东,2023,6,2023-06,流通,花生仁/炒货坚果,炒花生米（烘炒类）,黄曲霉毒素B1（AFB1）,True,检验项目命中AFB1/黄曲霉变体,,,,,,False,,,,,False,False,,无检测数值,空值或占位符,无检测数值,空值或占位符,True,AFB1相关但浓度无法解析；AFB1相关但法规限量无法解析
20,山东,2023,6,2023-06,流通,花生仁/炒货坚果,炒花生米（烘炒类）,黄曲霉毒素B1（AFB1）,True,检验项目命中AFB1/黄曲霉变体,,,,,,False,,,,,False,False,,无检测数值,空值或占位符,无检测数值,空值或占位符,True,AFB1相关但浓度无法解析；AFB1相关但法规限量无法解析
28,山东,2023,6,2023-06,流通,花生仁/炒货坚果,椒盐花生米(油炸类),黄曲霉毒素B1（AFB1）,True,检验项目命中AFB1/黄曲霉变体,,,,,,False,,,,,False,False,,无检测数值,空值或占位符,无检测数值,空值或占位符,True,AFB1相关但浓度无法解析；AFB1相关但法规限量无法解析
29,辽宁,2023,6,2023-06,流通,花生仁/炒货坚果,原味花生,黄曲霉毒素B1（AFB1）,True,检验项目命中AFB1/黄曲霉变体,,,,,,False,,,,,False,False,,无检测数值,空值或占位符,无检测数值,空值或占位符,True,AFB1相关但浓度无法解析；AFB1相关但法规限量无法解析
19,广东,2023,6,2023-06,流通,花生仁/炒货坚果,南乳花生仁,黄曲霉毒素B1（AFB1）,True,检验项目命中AFB1/黄曲霉变体,,,,,,False,,,,,False,False,,无检测数值,空值或占位符,无检测数值,空值或占位符,True,AFB1相关但浓度无法解析；AFB1相关但法规限量无法解析
20,广东,2023,6,2023-06,流通,花生仁/炒货坚果,始兴花生,黄曲霉毒素B1（AFB1）,True,检验项目命中AFB1/黄曲霉变体,,,,,,False,,,,,False,False,,无检测数值,空值或占位符,无检测数值,空值或占位符,True,AFB1相关但浓度无法解析；AFB1相关但法规限量无法解析
19,广东,2023,6,2023-06,流通,花生仁/炒货坚果,甜酒花生,黄曲霉毒素B1（AFB1）,True,检验项目命中AFB1/黄曲霉变体,,,,,,False,,,,,False,False,,无检测数值,空值或占位符,无检测数值,空值或占位符,True,AFB1相关但浓度无法解析；AFB1相关但法规限量无法解析
56,山东,2023,6,2023-06,流通,花生仁/炒货坚果,五香多味花生,黄曲霉毒素B1（AFB1）,True,检验项目命中AFB1/黄曲霉变体,0.7g/100g,0.7,,0.7,g/100g,False,≤0.5g/100g,0.5,g/100g,≤,False,True,1.4,已解析,,已解析,,True,AFB1浓度单位未统一为μg/kg
24,不详,2023,7,2023-07,流通,花生仁/炒货坚果,酒鬼花生,黄曲霉毒素B1（AFB1）,True,检验项目命中AFB1/黄曲霉变体,0.91g/100g,0.91,,0.91,g/100g,False,≤0.50g/100g,0.5,g/100g,≤,False,True,1.82,已解析,,已解析,,True,AFB1浓度单位未统一为μg/kg
39,不详,2023,7,2023-07,流通,花生仁/炒货坚果,炸花生米,黄曲霉毒素B1（AFB1）,True,检验项目命中AFB1/黄曲霉变体,,,,,,False,,,,,False,False,,无检测数值,空值或占位符,无检测数值,空值或占位符,True,AFB1相关但浓度无法解析；AFB1相关但法规限量无法解析
40,不详,2023,7,2023-07,流通,花生仁/炒货坚果,油炸花生米,黄曲霉毒素B1（AFB1）,True,检验项目命中AFB1/黄曲霉变体,,,,,,False,,,,,False,False,,无检测数值,空值或占位符,无检测数值,空值或占位符,True,AFB1相关但浓度无法解析；AFB1相关但法规限量无法解析
41,不详,2023,7,2023-07,餐饮,花生仁/炒货坚果,油炸花生,黄曲霉毒素B1（AFB1）,True,检验项目命中AFB1/黄曲霉变体,,,,,,False,,,,,False,False,,无检测数值,空值或占位符,无检测数值,空值或占位符,True,AFB1相关但浓度无法解析；AFB1相关但法规限量无法解析
42,不详,2023,7,2023-07,流通,花生仁/炒货坚果,香脆花生米,黄曲霉毒素B1（AFB1）,True,检验项目命中AFB1/黄曲霉变体,,,,,,False,,,,,False,False,,无检测数值,空值或占位符,无检测数值,空值或占位符,True,AFB1相关但浓度无法解析；AFB1相关但法规限量无法解析
6,辽宁,2023,7,2023-07,流通,花生仁/炒货坚果,"原味花生
（其他炒货食品及坚果制品）",黄曲霉毒素B1（AFB1）,True,检验项目命中AFB1/黄曲霉变体,,,,,,False,,,,,False,False,,无检测数值,空值或占位符,无检测数值,空值或占位符,True,AFB1相关但浓度无法解析；AFB1相关但法规限量无法解析
42,山东,2023,7,2023-07,流通,花生仁/炒货坚果,粒香酥香酥花生（油炸类）,黄曲霉毒素B1（AFB1）,True,检验项目命中AFB1/黄曲霉变体,,,,,,False,,,,,False,False,,无检测数值,空值或占位符,无检测数值,空值或占位符,True,AFB1相关但浓度无法解析；AFB1相关但法规限量无法解析
37,辽宁,2023,7,2023-07,流通,花生仁/炒货坚果,原味花生（其他炒货食品及坚果制品）,黄曲霉毒素B1（AFB1）,True,检验项目命中AFB1/黄曲霉变体,,,,,,False,,,,,False,False,,无检测数值,空值或占位符,无检测数值,空值或占位符,True,AFB1相关但浓度无法解析；AFB1相关但法规限量无法解析
38,湖南,2023,7,2023-07,流通,花生仁/炒货坚果,多味花生,黄曲霉毒素B1（AFB1）,True,检验项目命中AFB1/黄曲霉变体,,,,,,False,,,,,False,False,,无检测数值,空值或占位符,无检测数值,空值或占位符,True,AFB1相关但浓度无法解析；AFB1相关但法规限量无法解析
39,福建,2023,7,2023-07,流通,花生仁/炒货坚果,多味花生（香辣味）,黄曲霉毒素B1（AFB1）,True,检验项目命中AFB1/黄曲霉变体,,,,,,False,,,,,False,False,,无检测数值,空值或占位符,无检测数值,空值或占位符,True,AFB1相关但浓度无法解析；AFB1相关但法规限量无法解析
40,福建,2023,7,2023-07,流通,花生仁/炒货坚果,酱花生（川香麻辣味）,黄曲霉毒素B1（AFB1）,True,检验项目命中AFB1/黄曲霉变体,,,,,,False,,,,,False,False,,无检测数值,空值或占位符,无检测数值,空值或占位符,True,AFB1相关但浓度无法解析；AFB1相关但法规限量无法解析
41,福建,2023,7,2023-07,流通,花生仁/炒货坚果,农场花生（香辣味）,黄曲霉毒素B1（AFB1）,True,检验项目命中AFB1/黄曲霉变体,,,,,,False,,,,,False,False,,无检测数值,空值或占位符,无检测数值,空值或占位符,True,AFB1相关但浓度无法解析；AFB1相关但法规限量无法解析
42,广东,2023,7,2023-07,流通,花生仁/炒货坚果,五香南乳花生,黄曲霉毒素B1（AFB1）,True,检验项目命中AFB1/黄曲霉变体,,,,,,False,,,,,False,False,,无检测数值,空值或占位符,无检测数值,空值或占位符,True,AFB1相关但浓度无法解析；AFB1相关但法规限量无法解析
43,浙江,2023,7,2023-07,流通,花生仁/炒货坚果,蒜香白玉花生,黄曲霉毒素B1（AFB1）,True,检验项目命中AFB1/黄曲霉变体,,,,,,False,,,,,False,False,,无检测数值,空值或占位符,无检测数值,空值或占位符,True,AFB1相关但浓度无法解析；AFB1相关但法规限量无法解析
108,江苏,2023,7,2023-07,流通,花生仁/炒货坚果,五香花生,黄曲霉毒素B1（AFB1）,True,不合格项目命中AFB1/黄曲霉变体；不合格规范列命中AFB1/黄曲霉变体,30.7µg/kg,30.7,,30.7,μg/kg,False,≤20µg/kg,20.0,μg/kg,≤,False,True,1.535,已解析并统一单位,,已解析并统一单位,,False,
24,不详,2023,8,2023-08,餐饮,花生仁/炒货坚果,炸花生米,黄曲霉毒素B1（AFB1）,True,检验项目命中AFB1/黄曲霉变体,,,,,,False,,,,,False,False,,无检测数值,空值或占位符,无检测数值,空值或占位符,True,AFB1相关但浓度无法解析；AFB1相关但法规限量无法解析
25,不详,2023,8,2023-08,流通,花生仁/炒货坚果,花生米,黄曲霉毒素B1（AFB1）,True,检验项目命中AFB1/黄曲霉变体,,,,,,False,,,,,False,False,,无检测数值,空值或占位符,无检测数值,空值或占位符,True,AFB1相关但浓度无法解析；AFB1相关但法规限量无法解析
166,广东,2023,8,2023-08,生产,花生仁/炒货坚果,竹蔗花生,黄曲霉毒素B1（AFB1）,True,检验项目命中AFB1/黄曲霉变体,0.0275g/kg,0.0275,,0.0275,μg/kg,True,不得使用,,,,False,True,,已解析并统一单位,,无法解析,未找到数值和单位模式,True,AFB1相关但法规限量无法解析
14,不详,2023,8,2023-08,流通,花生仁/炒货坚果,花生,黄曲霉毒素B1（AFB1）,True,检验项目命中AFB1/黄曲霉变体,,,,,,False,,,,,False,False,,无检测数值,空值或占位符,无检测数值,空值或占位符,True,AFB1相关但浓度无法解析；AFB1相关但法规限量无法解析
15,不详,2023,8,2023-08,流通,花生仁/炒货坚果,花生,黄曲霉毒素B1（AFB1）,True,检验项目命中AFB1/黄曲霉变体,,,,,,False,,,,,False,False,,无检测数值,空值或占位符,无检测数值,空值或占位符,True,AFB1相关但浓度无法解析；AFB1相关但法规限量无法解析
9,不详,2023,8,2023-08,流通,花生仁/炒货坚果,油炸花生仁(自制),黄曲霉毒素B1（AFB1）,True,检验项目命中AFB1/黄曲霉变体,,,,,,False,,,,,False,False,,无检测数值,空值或占位符,无检测数值,空值或占位符,True,AFB1相关但浓度无法解析；AFB1相关但法规限量无法解析
10,不详,2023,8,2023-08,流通,花生仁/炒货坚果,花生米,黄曲霉毒素B1（AFB1）,True,检验项目命中AFB1/黄曲霉变体,,,,,,False,,,,,False,False,,无检测数值,空值或占位符,无检测数值,空值或占位符,True,AFB1相关但浓度无法解析；AFB1相关但法规限量无法解析
11,广东,2023,8,2023-08,流通,花生仁/炒货坚果,始兴花生,黄曲霉毒素B1（AFB1）,True,检验项目命中AFB1/黄曲霉变体,,,,,,False,,,,,False,False,,无检测数值,空值或占位符,无检测数值,空值或占位符,True,AFB1相关但浓度无法解析；AFB1相关但法规限量无法解析
12,广东,2023,8,2023-08,流通,花生仁/炒货坚果,蒜香花生,黄曲霉毒素B1（AFB1）,True,检验项目命中AFB1/黄曲霉变体,,,,,,False,,,,,False,False,,无检测数值,空值或占位符,无检测数值,空值或占位符,True,AFB1相关但浓度无法解析；AFB1相关但法规限量无法解析
2,不详,2023,8,2023-08,流通,花生仁/炒货坚果,蒜香花生,黄曲霉毒素B1（AFB1）,True,检验项目命中AFB1/黄曲霉变体,,,,,,False,,,,,False,False,,无检测数值,空值或占位符,无检测数值,空值或占位符,True,AFB1相关但浓度无法解析；AFB1相关但法规限量无法解析
3,广东,2023,8,2023-08,流通,花生仁/炒货坚果,农家甘蔗花生,黄曲霉毒素B1（AFB1）,True,检验项目命中AFB1/黄曲霉变体,,,,,,False,,,,,False,False,,无检测数值,空值或占位符,无检测数值,空值或占位符,True,AFB1相关但浓度无法解析；AFB1相关但法规限量无法解析
4,不详,2023,8,2023-08,流通,花生仁/炒货坚果,花生米,黄曲霉毒素B1（AFB1）,True,检验项目命中AFB1/黄曲霉变体,,,,,,False,,,,,False,False,,无检测数值,空值或占位符,无检测数值,空值或占位符,True,AFB1相关但浓度无法解析；AFB1相关但法规限量无法解析
5,不详,2023,8,2023-08,流通,花生仁/炒货坚果,花生米,黄曲霉毒素B1（AFB1）,True,检验项目命中AFB1/黄曲霉变体,,,,,,False,,,,,False,False,,无检测数值,空值或占位符,无检测数值,空值或占位符,True,AFB1相关但浓度无法解析；AFB1相关但法规限量无法解析
6,不详,2023,8,2023-08,流通,花生仁/炒货坚果,花生米,黄曲霉毒素B1（AFB1）,True,检验项目命中AFB1/黄曲霉变体,,,,,,False,,,,,False,False,,无检测数值,空值或占位符,无检测数值,空值或占位符,True,AFB1相关但浓度无法解析；AFB1相关但法规限量无法解析
26,不详,2023,8,2023-08,餐饮,花生仁/炒货坚果,花生米,黄曲霉毒素B1（AFB1）,True,检验项目命中AFB1/黄曲霉变体,,,,,,False,,,,,False,False,,无检测数值,空值或占位符,无检测数值,空值或占位符,True,AFB1相关但浓度无法解析；AFB1相关但法规限量无法解析
27,不详,2023,8,2023-08,餐饮,花生仁/炒货坚果,花生米,黄曲霉毒素B1（AFB1）,True,检验项目命中AFB1/黄曲霉变体,,,,,,False,,,,,False,False,,无检测数值,空值或占位符,无检测数值,空值或占位符,True,AFB1相关但浓度无法解析；AFB1相关但法规限量无法解析
28,不详,2023,8,2023-08,流通,花生仁/炒货坚果,花生米,黄曲霉毒素B1（AFB1）,True,检验项目命中AFB1/黄曲霉变体,,,,,,False,,,,,False,False,,无检测数值,空值或占位符,无检测数值,空值或占位符,True,AFB1相关但浓度无法解析；AFB1相关但法规限量无法解析
1,山东,2023,8,2023-08,流通,花生仁/炒货坚果,五香花生米,黄曲霉毒素B1（AFB1）,True,检验项目命中AFB1/黄曲霉变体,,,,,,False,,,,,False,False,,无检测数值,空值或占位符,无检测数值,空值或占位符,True,AFB1相关但浓度无法解析；AFB1相关但法规限量无法解析
32,山东,2023,8,2023-08,流通,花生仁/炒货坚果,椒盐花生米（油炸类）,黄曲霉毒素B1（AFB1）,True,检验项目命中AFB1/黄曲霉变体,,,,,,False,,,,,False,False,,无检测数值,空值或占位符,无检测数值,空值或占位符,True,AFB1相关但浓度无法解析；AFB1相关但法规限量无法解析
33,山东,2023,8,2023-08,流通,花生仁/炒货坚果,油炸花生米,黄曲霉毒素B1（AFB1）,True,检验项目命中AFB1/黄曲霉变体,,,,,,False,,,,,False,False,,无检测数值,空值或占位符,无检测数值,空值或占位符,True,AFB1相关但浓度无法解析；AFB1相关但法规限量无法解析
3,广东,2023,9,2023-09,生产,花生仁/炒货坚果,沙炒花生,黄曲霉毒素B1（AFB1）,True,检验项目命中AFB1/黄曲霉变体,,,,,,False,,,,,False,False,,无检测数值,空值或占位符,无检测数值,空值或占位符,True,AFB1相关但浓度无法解析；AFB1相关但法规限量无法解析
34,山东,2023,9,2023-09,生产,花生仁/炒货坚果,花生碎（坚果炒货）,黄曲霉毒素B1（AFB1）,True,检验项目命中AFB1/黄曲霉变体,,,,,,False,,,,,False,False,,无检测数值,空值或占位符,无检测数值,空值或占位符,True,AFB1相关但浓度无法解析；AFB1相关但法规限量无法解析
35,山东,2023,9,2023-09,生产,花生仁/炒货坚果,五香花生米,黄曲霉毒素B1（AFB1）,True,检验项目命中AFB1/黄曲霉变体,,,,,,False,,,,,False,False,,无检测数值,空值或占位符,无检测数值,空值或占位符,True,AFB1相关但浓度无法解析；AFB1相关但法规限量无法解析
61,不详,2023,9,2023-09,流通,花生仁/炒货坚果,花生米,黄曲霉毒素B1（AFB1）,True,不合格项目命中AFB1/黄曲霉变体；不合格规范列命中AFB1/黄曲霉变体,114,114.0,,114.0,μg/kg,True,≤20,20.0,μg/kg,≤,True,True,5.7,已解析并统一单位,,已解析并统一单位,,False,
16,不详,2023,9,2023-09,流通,花生仁/炒货坚果,炒花生,黄曲霉毒素B1（AFB1）,True,检验项目命中AFB1/黄曲霉变体,,,,,,False,,,,,False,False,,无检测数值,空值或占位符,无检测数值,空值或占位符,True,AFB1相关但浓度无法解析；AFB1相关但法规限量无法解析
17,不详,2023,9,2023-09,流通,花生仁/炒货坚果,脱油花生（香辣味）,黄曲霉毒素B1（AFB1）,True,检验项目命中AFB1/黄曲霉变体,,,,,,False,,,,,False,False,,无检测数值,空值或占位符,无检测数值,空值或占位符,True,AFB1相关但浓度无法解析；AFB1相关但法规限量无法解析
2,不详,2023,9,2023-09,流通,花生仁/炒货坚果,花生米,黄曲霉毒素B1（AFB1）,True,检验项目命中AFB1/黄曲霉变体,,,,,,False,,,,,False,False,,无检测数值,空值或占位符,无检测数值,空值或占位符,True,AFB1相关但浓度无法解析；AFB1相关但法规限量无法解析
3,广东,2023,9,2023-09,生产,花生仁/炒货坚果,乳龙咸香花生,黄曲霉毒素B1（AFB1）,True,检验项目命中AFB1/黄曲霉变体,,,,,,False,,,,,False,False,,无检测数值,空值或占位符,无检测数值,空值或占位符,True,AFB1相关但浓度无法解析；AFB1相关但法规限量无法解析
43,不详,2023,9,2023-09,餐饮,花生仁/炒货坚果,油炸花生米,黄曲霉毒素B1（AFB1）,True,检验项目命中AFB1/黄曲霉变体,,,,,,False,,,,,False,False,,无检测数值,空值或占位符,无检测数值,空值或占位符,True,AFB1相关但浓度无法解析；AFB1相关但法规限量无法解析
44,不详,2023,9,2023-09,餐饮,花生仁/炒货坚果,油炸花生米,黄曲霉毒素B1（AFB1）,True,检验项目命中AFB1/黄曲霉变体,,,,,,False,,,,,False,False,,无检测数值,空值或占位符,无检测数值,空值或占位符,True,AFB1相关但浓度无法解析；AFB1相关但法规限量无法解析
45,不详,2023,9,2023-09,餐饮,花生仁/炒货坚果,油炸花生米,黄曲霉毒素B1（AFB1）,True,检验项目命中AFB1/黄曲霉变体,,,,,,False,,,,,False,False,,无检测数值,空值或占位符,无检测数值,空值或占位符,True,AFB1相关但浓度无法解析；AFB1相关但法规限量无法解析
46,不详,2023,9,2023-09,流通,花生仁/炒货坚果,油炸花生米,黄曲霉毒素B1（AFB1）,True,检验项目命中AFB1/黄曲霉变体,,,,,,False,,,,,False,False,,无检测数值,空值或占位符,无检测数值,空值或占位符,True,AFB1相关但浓度无法解析；AFB1相关但法规限量无法解析
47,不详,2023,9,2023-09,餐饮,花生仁/炒货坚果,油炸花生米,黄曲霉毒素B1（AFB1）,True,检验项目命中AFB1/黄曲霉变体,,,,,,False,,,,,False,False,,无检测数值,空值或占位符,无检测数值,空值或占位符,True,AFB1相关但浓度无法解析；AFB1相关但法规限量无法解析
48,不详,2023,9,2023-09,餐饮,花生仁/炒货坚果,油炸花生米,黄曲霉毒素B1（AFB1）,True,检验项目命中AFB1/黄曲霉变体,,,,,,False,,,,,False,False,,无检测数值,空值或占位符,无检测数值,空值或占位符,True,AFB1相关但浓度无法解析；AFB1相关但法规限量无法解析
49,不详,2023,9,2023-09,餐饮,花生仁/炒货坚果,油炸花生米,黄曲霉毒素B1（AFB1）,True,检验项目命中AFB1/黄曲霉变体,,,,,,False,,,,,False,False,,无检测数值,空值或占位符,无检测数值,空值或占位符,True,AFB1相关但浓度无法解析；AFB1相关但法规限量无法解析
50,不详,2023,9,2023-09,餐饮,花生仁/炒货坚果,油炸花生米,黄曲霉毒素B1（AFB1）,True,检验项目命中AFB1/黄曲霉变体,,,,,,False,,,,,False,False,,无检测数值,空值或占位符,无检测数值,空值或占位符,True,AFB1相关但浓度无法解析；AFB1相关但法规限量无法解析
51,不详,2023,9,2023-09,餐饮,花生仁/炒货坚果,油炸花生米,黄曲霉毒素B1（AFB1）,True,检验项目命中AFB1/黄曲霉变体,,,,,,False,,,,,False,False,,无检测数值,空值或占位符,无检测数值,空值或占位符,True,AFB1相关但浓度无法解析；AFB1相关但法规限量无法解析
52,不详,2023,9,2023-09,流通,花生仁/炒货坚果,油炸花生米,黄曲霉毒素B1（AFB1）,True,检验项目命中AFB1/黄曲霉变体,,,,,,False,,,,,False,False,,无检测数值,空值或占位符,无检测数值,空值或占位符,True,AFB1相关但浓度无法解析；AFB1相关但法规限量无法解析
7,不详,2023,9,2023-09,流通,花生仁/炒货坚果,花生,黄曲霉毒素B1（AFB1）,True,检验项目命中AFB1/黄曲霉变体,,,,,,False,,,,,False,False,,无检测数值,空值或占位符,无检测数值,空值或占位符,True,AFB1相关但浓度无法解析；AFB1相关但法规限量无法解析
8,不详,2023,9,2023-09,流通,花生仁/炒货坚果,白玉咸干花生,黄曲霉毒素B1（AFB1）,True,检验项目命中AFB1/黄曲霉变体,,,,,,False,,,,,False,False,,无检测数值,空值或占位符,无检测数值,空值或占位符,True,AFB1相关但浓度无法解析；AFB1相关但法规限量无法解析
9,辽宁,2023,9,2023-09,流通,花生仁/炒货坚果,花生,黄曲霉毒素B1（AFB1）,True,检验项目命中AFB1/黄曲霉变体,,,,,,False,,,,,False,False,,无检测数值,空值或占位符,无检测数值,空值或占位符,True,AFB1相关但浓度无法解析；AFB1相关但法规限量无法解析
10,广东,2023,9,2023-09,流通,花生仁/炒货坚果,农家黑脆花生,黄曲霉毒素B1（AFB1）,True,检验项目命中AFB1/黄曲霉变体,,,,,,False,,,,,False,False,,无检测数值,空值或占位符,无检测数值,空值或占位符,True,AFB1相关但浓度无法解析；AFB1相关但法规限量无法解析
11,不详,2023,9,2023-09,流通,花生仁/炒货坚果,沙炒花生,黄曲霉毒素B1（AFB1）,True,检验项目命中AFB1/黄曲霉变体,,,,,,False,,,,,False,False,,无检测数值,空值或占位符,无检测数值,空值或占位符,True,AFB1相关但浓度无法解析；AFB1相关但法规限量无法解析
12,不详,2023,9,2023-09,流通,花生仁/炒货坚果,花生,黄曲霉毒素B1（AFB1）,True,检验项目命中AFB1/黄曲霉变体,,,,,,False,,,,,False,False,,无检测数值,空值或占位符,无检测数值,空值或占位符,True,AFB1相关但浓度无法解析；AFB1相关但法规限量无法解析
13,不详,2023,9,2023-09,流通,花生仁/炒货坚果,蒜香花生,黄曲霉毒素B1（AFB1）,True,检验项目命中AFB1/黄曲霉变体,,,,,,False,,,,,False,False,,无检测数值,空值或占位符,无检测数值,空值或占位符,True,AFB1相关但浓度无法解析；AFB1相关但法规限量无法解析
37,山东,2023,10,2023-10,流通,花生仁/炒货坚果,思亚达油炸花生仁（炒货）,黄曲霉毒素B1（AFB1）,True,不合格项目命中AFB1/黄曲霉变体；不合格规范列命中AFB1/黄曲霉变体,,,,,,False,,,,,False,True,,无检测数值,空值或占位符,无检测数值,空值或占位符,True,AFB1相关但浓度无法解析；AFB1相关但法规限量无法解析
1,不详,2023,10,2023-10,流通,花生仁/炒货坚果,花生,黄曲霉毒素B1（AFB1）,True,检验项目命中AFB1/黄曲霉变体,,,,,,False,,,,,False,False,,无检测数值,空值或占位符,无检测数值,空值或占位符,True,AFB1相关但浓度无法解析；AFB1相关但法规限量无法解析
2,广东,2023,10,2023-10,流通,花生仁/炒货坚果,陈皮花生,黄曲霉毒素B1（AFB1）,True,检验项目命中AFB1/黄曲霉变体,,,,,,False,,,,,False,False,,无检测数值,空值或占位符,无检测数值,空值或占位符,True,AFB1相关但浓度无法解析；AFB1相关但法规限量无法解析
3,不详,2023,10,2023-10,流通,花生仁/炒货坚果,花生,黄曲霉毒素B1（AFB1）,True,检验项目命中AFB1/黄曲霉变体,,,,,,False,,,,,False,True,,无检测数值,空值或占位符,无检测数值,空值或占位符,True,AFB1相关但浓度无法解析；AFB1相关但法规限量无法解析
43,不详,2023,10,2023-10,流通,花生仁/炒货坚果,香酥花生（干货）,黄曲霉毒素B1（AFB1）,True,不合格项目命中AFB1/黄曲霉变体；不合格规范列命中AFB1/黄曲霉变体,30.0μg/kg,30.0,,30.0,μg/kg,False,20,20.0,μg/kg,≤,True,True,1.5,已解析并统一单位,,已解析并统一单位,,False,
88,安徽,2023,11,2023-11,流通,花生仁/炒货坚果,手工花生米（藤椒味）,黄曲霉毒素B1（AFB1）,True,不合格项目命中AFB1/黄曲霉变体；不合格规范列命中AFB1/黄曲霉变体,42.9µg/kg,42.9,,42.9,μg/kg,False,≤20µg/kg,20.0,μg/kg,≤,False,True,2.145,已解析并统一单位,,已解析并统一单位,,False,
6,广东,2023,11,2023-11,流通,花生仁/炒货坚果,四川风味麻辣花生,黄曲霉毒素B1（AFB1）,True,检验项目命中AFB1/黄曲霉变体,,,,,,False,,,,,False,False,,无检测数值,空值或占位符,无检测数值,空值或占位符,True,AFB1相关但浓度无法解析；AFB1相关但法规限量无法解析
34,江苏,2023,11,2023-11,生产,花生仁/炒货坚果,油炸花生米,黄曲霉毒素B1（AFB1）,True,检验项目命中AFB1/黄曲霉变体,,,,,,False,,,,,False,False,,无检测数值,空值或占位符,无检测数值,空值或占位符,True,AFB1相关但浓度无法解析；AFB1相关但法规限量无法解析
35,江苏,2023,11,2023-11,生产,花生仁/炒货坚果,花生,黄曲霉毒素B1（AFB1）,True,检验项目命中AFB1/黄曲霉变体,,,,,,False,,,,,False,False,,无检测数值,空值或占位符,无检测数值,空值或占位符,True,AFB1相关但浓度无法解析；AFB1相关但法规限量无法解析
36,江苏,2023,11,2023-11,生产,花生仁/炒货坚果,裹衣花生碎（含黑芝麻）,黄曲霉毒素B1（AFB1）,True,检验项目命中AFB1/黄曲霉变体,,,,,,False,,,,,False,False,,无检测数值,空值或占位符,无检测数值,空值或占位符,True,AFB1相关但浓度无法解析；AFB1相关但法规限量无法解析
28,江西,2023,11,2023-11,流通,花生仁/炒货坚果,陈皮味花生,黄曲霉毒素B1（AFB1）,True,检验项目命中AFB1/黄曲霉变体,,,,,,False,,,,,False,False,,无检测数值,空值或占位符,无检测数值,空值或占位符,True,AFB1相关但浓度无法解析；AFB1相关但法规限量无法解析
35,广东,2023,11,2023-11,流通,花生仁/炒货坚果,乳龙陈皮花生,黄曲霉毒素B1（AFB1）,True,检验项目命中AFB1/黄曲霉变体,,,,,,False,,,,,False,False,,无检测数值,空值或占位符,无检测数值,空值或占位符,True,AFB1相关但浓度无法解析；AFB1相关但法规限量无法解析
23,广东,2023,11,2023-11,生产,花生仁/炒货坚果,陈皮花生,黄曲霉毒素B1（AFB1）,True,检验项目命中AFB1/黄曲霉变体,,,,,,False,,,,,False,False,,无检测数值,空值或占位符,无检测数值,空值或占位符,True,AFB1相关但浓度无法解析；AFB1相关但法规限量无法解析
169,不详,2023,11,2023-11,流通,花生仁/炒货坚果,生花生米,黄曲霉毒素B1（AFB1）,True,不合格项目命中AFB1/黄曲霉变体；不合格规范列命中AFB1/黄曲霉变体,,,,,,False,,,,,False,True,,无检测数值,空值或占位符,无检测数值,空值或占位符,True,AFB1相关但浓度无法解析；AFB1相关但法规限量无法解析
22,广东,2023,11,2023-11,生产,花生仁/炒货坚果,乳龙咸香花生,黄曲霉毒素B1（AFB1）,True,检验项目命中AFB1/黄曲霉变体,,,,,,False,,,,,False,False,,无检测数值,空值或占位符,无检测数值,空值或占位符,True,AFB1相关但浓度无法解析；AFB1相关但法规限量无法解析
83,不详,2023,11,2023-11,流通,花生仁/炒货坚果,油炸花生,黄曲霉毒素B1（AFB1）,True,不合格项目命中AFB1/黄曲霉变体；不合格规范列命中AFB1/黄曲霉变体,142µg/kg,142.0,,142.0,μg/kg,False,≤20µg/kg,20.0,μg/kg,≤,False,True,7.1,已解析并统一单位,,已解析并统一单位,,False,
193,安徽,2023,11,2023-11,流通,花生仁/炒货坚果,藤椒味花生米,黄曲霉毒素B1（AFB1）,True,不合格项目命中AFB1/黄曲霉变体；不合格规范列命中AFB1/黄曲霉变体,42.2μg/kg,42.2,,42.2,μg/kg,False,20μg/kg,20.0,μg/kg,≤,False,True,2.1100000000000003,已解析并统一单位,,已解析并统一单位,,False,
194,河南,2023,11,2023-11,流通,花生仁/炒货坚果,麻辣花生,黄曲霉毒素B1（AFB1）,True,不合格项目命中AFB1/黄曲霉变体；不合格规范列命中AFB1/黄曲霉变体,127µg/kg,127.0,,127.0,μg/kg,False,≤20µg/kg,20.0,μg/kg,≤,False,True,6.35,已解析并统一单位,,已解析并统一单位,,False,
110,四川,2023,12,2023-12,流通,花生仁/炒货坚果,山椒花生,黄曲霉毒素B1（AFB1）,True,检验项目命中AFB1/黄曲霉变体,,,,,,False,,,,,False,False,,无检测数值,空值或占位符,无检测数值,空值或占位符,True,AFB1相关但浓度无法解析；AFB1相关但法规限量无法解析
111,山东,2023,12,2023-12,流通,花生仁/炒货坚果,椒盐五香花生,黄曲霉毒素B1（AFB1）,True,检验项目命中AFB1/黄曲霉变体,,,,,,False,,,,,False,False,,无检测数值,空值或占位符,无检测数值,空值或占位符,True,AFB1相关但浓度无法解析；AFB1相关但法规限量无法解析
112,安徽,2023,12,2023-12,流通,花生仁/炒货坚果,蟹黄花生,黄曲霉毒素B1（AFB1）,True,检验项目命中AFB1/黄曲霉变体,,,,,,False,,,,,False,False,,无检测数值,空值或占位符,无检测数值,空值或占位符,True,AFB1相关但浓度无法解析；AFB1相关但法规限量无法解析
113,河南,2023,12,2023-12,流通,花生仁/炒货坚果,水煮花生,黄曲霉毒素B1（AFB1）,True,检验项目命中AFB1/黄曲霉变体,,,,,,False,,,,,False,False,,无检测数值,空值或占位符,无检测数值,空值或占位符,True,AFB1相关但浓度无法解析；AFB1相关但法规限量无法解析
114,江苏,2023,12,2023-12,流通,花生仁/炒货坚果,多味花生,黄曲霉毒素B1（AFB1）,True,检验项目命中AFB1/黄曲霉变体,,,,,,False,,,,,False,False,,无检测数值,空值或占位符,无检测数值,空值或占位符,True,AFB1相关但浓度无法解析；AFB1相关但法规限量无法解析
115,不详,2023,12,2023-12,流通,花生仁/炒货坚果,酒鬼花生米辣味（炒货食品及坚果制品）,黄曲霉毒素B1（AFB1）,True,检验项目命中AFB1/黄曲霉变体,,,,,,False,,,,,False,False,,无检测数值,空值或占位符,无检测数值,空值或占位符,True,AFB1相关但浓度无法解析；AFB1相关但法规限量无法解析
116,江苏,2023,12,2023-12,流通,花生仁/炒货坚果,椒盐花生,黄曲霉毒素B1（AFB1）,True,检验项目命中AFB1/黄曲霉变体,,,,,,False,,,,,False,False,,无检测数值,空值或占位符,无检测数值,空值或占位符,True,AFB1相关但浓度无法解析；AFB1相关但法规限量无法解析
117,不详,2023,12,2023-12,流通,花生仁/炒货坚果,酒鬼花生,黄曲霉毒素B1（AFB1）,True,检验项目命中AFB1/黄曲霉变体,,,,,,False,,,,,False,False,,无检测数值,空值或占位符,无检测数值,空值或占位符,True,AFB1相关但浓度无法解析；AFB1相关但法规限量无法解析
118,安徽,2023,12,2023-12,流通,花生仁/炒货坚果,五香味花生米,黄曲霉毒素B1（AFB1）,True,检验项目命中AFB1/黄曲霉变体,,,,,,False,,,,,False,False,,无检测数值,空值或占位符,无检测数值,空值或占位符,True,AFB1相关但浓度无法解析；AFB1相关但法规限量无法解析
119,山东,2023,12,2023-12,流通,花生仁/炒货坚果,裹衣花生嗨皮豆（炒货食品及坚果制品）,黄曲霉毒素B1（AFB1）,True,检验项目命中AFB1/黄曲霉变体,,,,,,False,,,,,False,False,,无检测数值,空值或占位符,无检测数值,空值或占位符,True,AFB1相关但浓度无法解析；AFB1相关但法规限量无法解析
120,河北,2023,12,2023-12,流通,花生仁/炒货坚果,多彩花生,黄曲霉毒素B1（AFB1）,True,检验项目命中AFB1/黄曲霉变体,,,,,,False,,,,,False,False,,无检测数值,空值或占位符,无检测数值,空值或占位符,True,AFB1相关但浓度无法解析；AFB1相关但法规限量无法解析
121,江苏,2023,12,2023-12,流通,花生仁/炒货坚果,多味花生,黄曲霉毒素B1（AFB1）,True,检验项目命中AFB1/黄曲霉变体,,,,,,False,,,,,False,False,,无检测数值,空值或占位符,无检测数值,空值或占位符,True,AFB1相关但浓度无法解析；AFB1相关但法规限量无法解析
122,山东,2023,12,2023-12,流通,花生仁/炒货坚果,鱼皮花生,黄曲霉毒素B1（AFB1）,True,检验项目命中AFB1/黄曲霉变体,,,,,,False,,,,,False,False,,无检测数值,空值或占位符,无检测数值,空值或占位符,True,AFB1相关但浓度无法解析；AFB1相关但法规限量无法解析
123,安徽,2023,12,2023-12,流通,花生仁/炒货坚果,五香味花生米,黄曲霉毒素B1（AFB1）,True,检验项目命中AFB1/黄曲霉变体,,,,,,False,,,,,False,False,,无检测数值,空值或占位符,无检测数值,空值或占位符,True,AFB1相关但浓度无法解析；AFB1相关但法规限量无法解析
94,不详,2023,12,2023-12,流通,花生仁/炒货坚果,花生米,黄曲霉毒素B1（AFB1）,True,不合格项目命中AFB1/黄曲霉变体；不合格规范列命中AFB1/黄曲霉变体,62.7μg/kg,62.7,,62.7,μg/kg,False,≤20μg/kg,20.0,μg/kg,≤,False,True,3.1350000000000002,已解析并统一单位,,已解析并统一单位,,False,
19,山东,2023,12,2023-12,流通,花生仁/炒货坚果,奶香味花生米,黄曲霉毒素B1（AFB1）,True,不合格项目命中AFB1/黄曲霉变体；不合格规范列命中AFB1/黄曲霉变体,35.7µg/kg,35.7,,35.7,μg/kg,False,≤20µg/kg,20.0,μg/kg,≤,False,True,1.7850000000000001,已解析并统一单位,,已解析并统一单位,,False,
55,不详,2023,12,2023-12,流通,花生仁/炒货坚果,咸干脆花生,黄曲霉毒素B1（AFB1）,True,检验项目命中AFB1/黄曲霉变体,,,,,,False,,,,,False,False,,无检测数值,空值或占位符,无检测数值,空值或占位符,True,AFB1相关但浓度无法解析；AFB1相关但法规限量无法解析
56,广东,2023,12,2023-12,流通,花生仁/炒货坚果,始兴柴火花生,黄曲霉毒素B1（AFB1）,True,检验项目命中AFB1/黄曲霉变体,,,,,,False,,,,,False,False,,无检测数值,空值或占位符,无检测数值,空值或占位符,True,AFB1相关但浓度无法解析；AFB1相关但法规限量无法解析
57,不详,2023,12,2023-12,流通,花生仁/炒货坚果,咸干花生,黄曲霉毒素B1（AFB1）,True,检验项目命中AFB1/黄曲霉变体,,,,,,False,,,,,False,False,,无检测数值,空值或占位符,无检测数值,空值或占位符,True,AFB1相关但浓度无法解析；AFB1相关但法规限量无法解析
58,不详,2023,12,2023-12,流通,花生仁/炒货坚果,沙炒花生,黄曲霉毒素B1（AFB1）,True,检验项目命中AFB1/黄曲霉变体,,,,,,False,,,,,False,False,,无检测数值,空值或占位符,无检测数值,空值或占位符,True,AFB1相关但浓度无法解析；AFB1相关但法规限量无法解析
5,云南,2023,12,2023-12,生产,花生仁/炒货坚果,香酥花生米,黄曲霉毒素B1（AFB1）,True,不合格项目命中AFB1/黄曲霉变体；不合格规范列命中AFB1/黄曲霉变体,75.8µg/kg,75.8,,75.8,μg/kg,False,≤20µg/kg,20.0,μg/kg,≤,False,True,3.79,已解析并统一单位,,已解析并统一单位,,False,
93,安徽,2023,12,2023-12,流通,花生仁/炒货坚果,海苔味花生（炒货食品及坚果制品）,黄曲霉毒素B1（AFB1）,True,检验项目命中AFB1/黄曲霉变体,,,,,,False,,,,,False,False,,无检测数值,空值或占位符,无检测数值,空值或占位符,True,AFB1相关但浓度无法解析；AFB1相关但法规限量无法解析
94,江苏,2023,12,2023-12,流通,花生仁/炒货坚果,香酥花生,黄曲霉毒素B1（AFB1）,True,检验项目命中AFB1/黄曲霉变体,,,,,,False,,,,,False,False,,无检测数值,空值或占位符,无检测数值,空值或占位符,True,AFB1相关但浓度无法解析；AFB1相关但法规限量无法解析
95,河南,2023,12,2023-12,流通,花生仁/炒货坚果,藤椒花生,黄曲霉毒素B1（AFB1）,True,检验项目命中AFB1/黄曲霉变体,,,,,,False,,,,,False,False,,无检测数值,空值或占位符,无检测数值,空值或占位符,True,AFB1相关但浓度无法解析；AFB1相关但法规限量无法解析
96,江苏,2023,12,2023-12,流通,花生仁/炒货坚果,香酥花生,黄曲霉毒素B1（AFB1）,True,检验项目命中AFB1/黄曲霉变体,,,,,,False,,,,,False,False,,无检测数值,空值或占位符,无检测数值,空值或占位符,True,AFB1相关但浓度无法解析；AFB1相关但法规限量无法解析
97,江苏,2023,12,2023-12,流通,花生仁/炒货坚果,香脆花生,黄曲霉毒素B1（AFB1）,True,检验项目命中AFB1/黄曲霉变体,,,,,,False,,,,,False,False,,无检测数值,空值或占位符,无检测数值,空值或占位符,True,AFB1相关但浓度无法解析；AFB1相关但法规限量无法解析
98,江苏,2023,12,2023-12,流通,花生仁/炒货坚果,多彩花生（裹衣花生）,黄曲霉毒素B1（AFB1）,True,检验项目命中AFB1/黄曲霉变体,,,,,,False,,,,,False,False,,无检测数值,空值或占位符,无检测数值,空值或占位符,True,AFB1相关但浓度无法解析；AFB1相关但法规限量无法解析
99,河南,2023,12,2023-12,流通,花生仁/炒货坚果,卤汁花生（五香味）,黄曲霉毒素B1（AFB1）,True,检验项目命中AFB1/黄曲霉变体,,,,,,False,,,,,False,False,,无检测数值,空值或占位符,无检测数值,空值或占位符,True,AFB1相关但浓度无法解析；AFB1相关但法规限量无法解析
69,广东,2023,12,2023-12,流通,花生仁/炒货坚果,始兴柴火花生,黄曲霉毒素B1（AFB1）,True,检验项目命中AFB1/黄曲霉变体,,,,,,False,,,,,False,False,,无检测数值,空值或占位符,无检测数值,空值或占位符,True,AFB1相关但浓度无法解析；AFB1相关但法规限量无法解析
70,江西,2023,12,2023-12,流通,花生仁/炒货坚果,陈皮味花生,黄曲霉毒素B1（AFB1）,True,检验项目命中AFB1/黄曲霉变体,,,,,,False,,,,,False,False,,无检测数值,空值或占位符,无检测数值,空值或占位符,True,AFB1相关但浓度无法解析；AFB1相关但法规限量无法解析
315,江西,2023,12,2023-12,流通,花生仁/炒货坚果,净龙记古法花生（核桃味花生）,黄曲霉毒素B1（AFB1）,True,检验项目命中AFB1/黄曲霉变体,,,,,,False,,,,,False,False,,无检测数值,空值或占位符,无检测数值,空值或占位符,True,AFB1相关但浓度无法解析；AFB1相关但法规限量无法解析
316,江苏,2023,12,2023-12,流通,花生仁/炒货坚果,油炸花生米,黄曲霉毒素B1（AFB1）,True,检验项目命中AFB1/黄曲霉变体,,,,,,False,,,,,False,False,,无检测数值,空值或占位符,无检测数值,空值或占位符,True,AFB1相关但浓度无法解析；AFB1相关但法规限量无法解析
317,江苏,2023,12,2023-12,流通,花生仁/炒货坚果,脱皮五香花生,黄曲霉毒素B1（AFB1）,True,检验项目命中AFB1/黄曲霉变体,,,,,,False,,,,,False,False,,无检测数值,空值或占位符,无检测数值,空值或占位符,True,AFB1相关但浓度无法解析；AFB1相关但法规限量无法解析
318,江苏,2023,12,2023-12,流通,花生仁/炒货坚果,麻辣花生,黄曲霉毒素B1（AFB1）,True,检验项目命中AFB1/黄曲霉变体,,,,,,False,,,,,False,False,,无检测数值,空值或占位符,无检测数值,空值或占位符,True,AFB1相关但浓度无法解析；AFB1相关但法规限量无法解析
209,安徽,2023,12,2023-12,流通,花生仁/炒货坚果,花生米,黄曲霉毒素B1（AFB1）,True,不合格项目命中AFB1/黄曲霉变体；不合格规范列命中AFB1/黄曲霉变体,38.4µg/kg,38.4,,38.4,μg/kg,False,≤20µg/kg,20.0,μg/kg,≤,False,True,1.92,已解析并统一单位,,已解析并统一单位,,False,
178,广东,2023,12,2023-12,生产,花生仁/炒货坚果,珠玑三仁花生,黄曲霉毒素B1（AFB1）,True,检验项目命中AFB1/黄曲霉变体,,,,,,False,,,,,False,False,,无检测数值,空值或占位符,无检测数值,空值或占位符,True,AFB1相关但浓度无法解析；AFB1相关但法规限量无法解析
179,广东,2023,12,2023-12,生产,花生仁/炒货坚果,农家水煮花生,黄曲霉毒素B1（AFB1）,True,检验项目命中AFB1/黄曲霉变体,,,,,,False,,,,,False,False,,无检测数值,空值或占位符,无检测数值,空值或占位符,True,AFB1相关但浓度无法解析；AFB1相关但法规限量无法解析
180,广东,2023,12,2023-12,生产,花生仁/炒货坚果,沙炒花生,黄曲霉毒素B1（AFB1）,True,检验项目命中AFB1/黄曲霉变体,,,,,,False,,,,,False,False,,无检测数值,空值或占位符,无检测数值,空值或占位符,True,AFB1相关但浓度无法解析；AFB1相关但法规限量无法解析
181,广东,2023,12,2023-12,生产,花生仁/炒货坚果,盐水花生,黄曲霉毒素B1（AFB1）,True,检验项目命中AFB1/黄曲霉变体,,,,,,False,,,,,False,False,,无检测数值,空值或占位符,无检测数值,空值或占位符,True,AFB1相关但浓度无法解析；AFB1相关但法规限量无法解析
182,广东,2023,12,2023-12,生产,花生仁/炒货坚果,始兴柴火花生,黄曲霉毒素B1（AFB1）,True,检验项目命中AFB1/黄曲霉变体,,,,,,False,,,,,False,False,,无检测数值,空值或占位符,无检测数值,空值或占位符,True,AFB1相关但浓度无法解析；AFB1相关但法规限量无法解析
17,安徽,2023,12,2023-12,流通,花生仁/炒货坚果,五香味花生米,黄曲霉毒素B1（AFB1）,True,检验项目命中AFB1/黄曲霉变体,,,,,,False,,,,,False,False,,无检测数值,空值或占位符,无检测数值,空值或占位符,True,AFB1相关但浓度无法解析；AFB1相关但法规限量无法解析
18,安徽,2023,12,2023-12,流通,花生仁/炒货坚果,怪味花生,黄曲霉毒素B1（AFB1）,True,检验项目命中AFB1/黄曲霉变体,,,,,,False,,,,,False,False,,无检测数值,空值或占位符,无检测数值,空值或占位符,True,AFB1相关但浓度无法解析；AFB1相关但法规限量无法解析
19,山东,2023,12,2023-12,流通,花生仁/炒货坚果,奶油味花生仁,黄曲霉毒素B1（AFB1）,True,检验项目命中AFB1/黄曲霉变体,,,,,,False,,,,,False,False,,无检测数值,空值或占位符,无检测数值,空值或占位符,True,AFB1相关但浓度无法解析；AFB1相关但法规限量无法解析
20,安徽,2023,12,2023-12,流通,花生仁/炒货坚果,香辣味花生（炒货食品及坚果制品）,黄曲霉毒素B1（AFB1）,True,检验项目命中AFB1/黄曲霉变体,,,,,,False,,,,,False,False,,无检测数值,空值或占位符,无检测数值,空值或占位符,True,AFB1相关但浓度无法解析；AFB1相关但法规限量无法解析
21,河南,2023,12,2023-12,流通,花生仁/炒货坚果,麻辣花生,黄曲霉毒素B1（AFB1）,True,检验项目命中AFB1/黄曲霉变体,,,,,,False,,,,,False,False,,无检测数值,空值或占位符,无检测数值,空值或占位符,True,AFB1相关但浓度无法解析；AFB1相关但法规限量无法解析
22,山东,2023,12,2023-12,流通,花生仁/炒货坚果,多味花生（孜然味）,黄曲霉毒素B1（AFB1）,True,检验项目命中AFB1/黄曲霉变体,,,,,,False,,,,,False,False,,无检测数值,空值或占位符,无检测数值,空值或占位符,True,AFB1相关但浓度无法解析；AFB1相关但法规限量无法解析
23,山东,2023,12,2023-12,流通,花生仁/炒货坚果,多味花生（蟹黄味）,黄曲霉毒素B1（AFB1）,True,检验项目命中AFB1/黄曲霉变体,,,,,,False,,,,,False,False,,无检测数值,空值或占位符,无检测数值,空值或占位符,True,AFB1相关但浓度无法解析；AFB1相关但法规限量无法解析
24,安徽,2023,12,2023-12,流通,花生仁/炒货坚果,多味花生（香葱鸡翅味）,黄曲霉毒素B1（AFB1）,True,检验项目命中AFB1/黄曲霉变体,,,,,,False,,,,,False,False,,无检测数值,空值或占位符,无检测数值,空值或占位符,True,AFB1相关但浓度无法解析；AFB1相关但法规限量无法解析
25,不详,2023,12,2023-12,流通,花生仁/炒货坚果,卤味花生,黄曲霉毒素B1（AFB1）,True,检验项目命中AFB1/黄曲霉变体,,,,,,False,,,,,False,False,,无检测数值,空值或占位符,无检测数值,空值或占位符,True,AFB1相关但浓度无法解析；AFB1相关但法规限量无法解析
26,安徽,2023,12,2023-12,流通,花生仁/炒货坚果,多味花生,黄曲霉毒素B1（AFB1）,True,检验项目命中AFB1/黄曲霉变体,,,,,,False,,,,,False,False,,无检测数值,空值或占位符,无检测数值,空值或占位符,True,AFB1相关但浓度无法解析；AFB1相关但法规限量无法解析
27,安徽,2023,12,2023-12,流通,花生仁/炒货坚果,海苔味花生,黄曲霉毒素B1（AFB1）,True,检验项目命中AFB1/黄曲霉变体,,,,,,False,,,,,False,False,,无检测数值,空值或占位符,无检测数值,空值或占位符,True,AFB1相关但浓度无法解析；AFB1相关但法规限量无法解析
28,安徽,2023,12,2023-12,流通,花生仁/炒货坚果,香辣味花生,黄曲霉毒素B1（AFB1）,True,检验项目命中AFB1/黄曲霉变体,,,,,,False,,,,,False,False,,无检测数值,空值或占位符,无检测数值,空值或占位符,True,AFB1相关但浓度无法解析；AFB1相关但法规限量无法解析
29,安徽,2023,12,2023-12,流通,花生仁/炒货坚果,五香味花生米,黄曲霉毒素B1（AFB1）,True,检验项目命中AFB1/黄曲霉变体,,,,,,False,,,,,False,False,,无检测数值,空值或占位符,无检测数值,空值或占位符,True,AFB1相关但浓度无法解析；AFB1相关但法规限量无法解析
30,江苏,2023,12,2023-12,流通,花生仁/炒货坚果,香酥花生,黄曲霉毒素B1（AFB1）,True,检验项目命中AFB1/黄曲霉变体,,,,,,False,,,,,False,False,,无检测数值,空值或占位符,无检测数值,空值或占位符,True,AFB1相关但浓度无法解析；AFB1相关但法规限量无法解析
31,河南,2023,12,2023-12,流通,花生仁/炒货坚果,卤汁花生（五香味）,黄曲霉毒素B1（AFB1）,True,检验项目命中AFB1/黄曲霉变体,,,,,,False,,,,,False,False,,无检测数值,空值或占位符,无检测数值,空值或占位符,True,AFB1相关但浓度无法解析；AFB1相关但法规限量无法解析
40,江苏,2023,12,2023-12,流通,花生仁/炒货坚果,柴火花生（原味）,黄曲霉毒素B1（AFB1）,True,检验项目命中AFB1/黄曲霉变体,0.80g/100g,0.8,,0.8,g/100g,False,≤0.50g/100g,0.5,g/100g,≤,False,True,1.6,已解析,,已解析,,True,AFB1浓度单位未统一为μg/kg
41,浙江,2023,12,2023-12,流通,花生仁/炒货坚果,伴酒花生（椒盐味）,黄曲霉毒素B1（AFB1）,True,检验项目命中AFB1/黄曲霉变体,,,,,,False,,,,,False,False,,无检测数值,空值或占位符,无检测数值,空值或占位符,True,AFB1相关但浓度无法解析；AFB1相关但法规限量无法解析
42,广东,2023,12,2023-12,流通,花生仁/炒货坚果,烤香花生,黄曲霉毒素B1（AFB1）,True,检验项目命中AFB1/黄曲霉变体,,,,,,False,,,,,False,False,,无检测数值,空值或占位符,无检测数值,空值或占位符,True,AFB1相关但浓度无法解析；AFB1相关但法规限量无法解析
43,浙江,2023,12,2023-12,流通,花生仁/炒货坚果,五香花生米,黄曲霉毒素B1（AFB1）,True,检验项目命中AFB1/黄曲霉变体,,,,,,False,,,,,False,False,,无检测数值,空值或占位符,无检测数值,空值或占位符,True,AFB1相关但浓度无法解析；AFB1相关但法规限量无法解析
44,江苏,2023,12,2023-12,流通,花生仁/炒货坚果,奶香味花生,黄曲霉毒素B1（AFB1）,True,检验项目命中AFB1/黄曲霉变体,,,,,,False,,,,,False,False,,无检测数值,空值或占位符,无检测数值,空值或占位符,True,AFB1相关但浓度无法解析；AFB1相关但法规限量无法解析
45,江苏,2023,12,2023-12,流通,花生仁/炒货坚果,蒜香花生,黄曲霉毒素B1（AFB1）,True,检验项目命中AFB1/黄曲霉变体,,,,,,False,,,,,False,False,,无检测数值,空值或占位符,无检测数值,空值或占位符,True,AFB1相关但浓度无法解析；AFB1相关但法规限量无法解析
46,江苏,2023,12,2023-12,流通,花生仁/炒货坚果,卤味花生,黄曲霉毒素B1（AFB1）,True,检验项目命中AFB1/黄曲霉变体,,,,,,False,,,,,False,False,,无检测数值,空值或占位符,无检测数值,空值或占位符,True,AFB1相关但浓度无法解析；AFB1相关但法规限量无法解析
47,江苏,2023,12,2023-12,流通,花生仁/炒货坚果,原味熟花生,黄曲霉毒素B1（AFB1）,True,检验项目命中AFB1/黄曲霉变体,,,,,,False,,,,,False,False,,无检测数值,空值或占位符,无检测数值,空值或占位符,True,AFB1相关但浓度无法解析；AFB1相关但法规限量无法解析
48,江苏,2023,12,2023-12,流通,花生仁/炒货坚果,五香花生米,黄曲霉毒素B1（AFB1）,True,检验项目命中AFB1/黄曲霉变体,,,,,,False,,,,,False,False,,无检测数值,空值或占位符,无检测数值,空值或占位符,True,AFB1相关但浓度无法解析；AFB1相关但法规限量无法解析
49,广东,2023,12,2023-12,流通,花生仁/炒货坚果,香辣花生,黄曲霉毒素B1（AFB1）,True,检验项目命中AFB1/黄曲霉变体,,,,,,False,,,,,False,False,,无检测数值,空值或占位符,无检测数值,空值或占位符,True,AFB1相关但浓度无法解析；AFB1相关但法规限量无法解析
50,广东,2023,12,2023-12,流通,花生仁/炒货坚果,牛肉味花生,黄曲霉毒素B1（AFB1）,True,检验项目命中AFB1/黄曲霉变体,,,,,,False,,,,,False,False,,无检测数值,空值或占位符,无检测数值,空值或占位符,True,AFB1相关但浓度无法解析；AFB1相关但法规限量无法解析
28,广东,2023,12,2023-12,流通,花生仁/炒货坚果,陈皮味花生,黄曲霉毒素B1（AFB1）,True,检验项目命中AFB1/黄曲霉变体,,,,,,False,,,,,False,False,,无检测数值,空值或占位符,无检测数值,空值或占位符,True,AFB1相关但浓度无法解析；AFB1相关但法规限量无法解析
29,河北,2023,12,2023-12,流通,花生仁/炒货坚果,鱼皮花生（裹衣花生）,黄曲霉毒素B1（AFB1）,True,检验项目命中AFB1/黄曲霉变体,,,,,,False,,,,,False,False,,无检测数值,空值或占位符,无检测数值,空值或占位符,True,AFB1相关但浓度无法解析；AFB1相关但法规限量无法解析
30,广东,2023,12,2023-12,流通,花生仁/炒货坚果,甜酒味花生,黄曲霉毒素B1（AFB1）,True,检验项目命中AFB1/黄曲霉变体,,,,,,False,,,,,False,False,,无检测数值,空值或占位符,无检测数值,空值或占位符,True,AFB1相关但浓度无法解析；AFB1相关但法规限量无法解析
197,福建,2024,1,2024-01,流通,花生仁/炒货坚果,香酱花生,黄曲霉毒素B1（AFB1）,True,不合格项目命中AFB1/黄曲霉变体；不合格规范列命中AFB1/黄曲霉变体,176μg/kg,176.0,,176.0,μg/kg,False,20µg/kg,20.0,μg/kg,≤,False,True,8.8,已解析并统一单位,,已解析并统一单位,,False,
198,福建,2024,1,2024-01,流通,花生仁/炒货坚果,佰优蒜蓉味花生,黄曲霉毒素B1（AFB1）,True,不合格项目命中AFB1/黄曲霉变体；不合格规范列命中AFB1/黄曲霉变体,112μg/kg,112.0,,112.0,μg/kg,False,20µg/kg,20.0,μg/kg,≤,False,True,5.6,已解析并统一单位,,已解析并统一单位,,False,
153,安徽,2024,1,2024-01,其他,花生仁/炒货坚果,蜂蜜香酥花生,黄曲霉毒素B1（AFB1）,True,不合格项目命中AFB1/黄曲霉变体；不合格规范列命中AFB1/黄曲霉变体,271µg/kg,271.0,,271.0,μg/kg,False,≤20µg/kg,20.0,μg/kg,≤,False,True,13.55,已解析并统一单位,,已解析并统一单位,,False,
139,福建,2024,1,2024-01,流通,花生仁/炒货坚果,香酱花生,黄曲霉毒素B1（AFB1）,True,不合格项目命中AFB1/黄曲霉变体；不合格规范列命中AFB1/黄曲霉变体,251μg/kg,251.0,,251.0,μg/kg,False,20µg/kg,20.0,μg/kg,≤,False,True,12.55,已解析并统一单位,,已解析并统一单位,,False,
79,内蒙古,2024,2,2024-02,流通,花生仁/炒货坚果,五香花生米,黄曲霉毒素B1（AFB1）,True,不合格项目命中AFB1/黄曲霉变体；不合格规范列命中AFB1/黄曲霉变体,329µg/kg,329.0,,329.0,μg/kg,False,20µg/kg,20.0,μg/kg,≤,False,True,16.45,已解析并统一单位,,已解析并统一单位,,False,
42,山东,2024,4,2024-04,流通,花生仁/炒货坚果,五香花生米,黄曲霉毒素B1（AFB1）,True,不合格项目命中AFB1/黄曲霉变体；不合格规范列命中AFB1/黄曲霉变体,初检结果：61.8μg/kg复检结果：96.4μg/kg,61.8,96.4,96.4,μg/kg,False,≤20,20.0,μg/kg,≤,True,True,4.82,初检复检均解析，最终采用复检值,,已解析并统一单位,,False,
16,浙江,2024,4,2024-04,生产,花生仁/炒货坚果,油炸花生米（椒盐花生米）,黄曲霉毒素B1（AFB1）,True,不合格项目命中AFB1/黄曲霉变体；不合格规范列命中AFB1/黄曲霉变体,38.7μg/kg,38.7,,38.7,μg/kg,False,≤20μg/kg,20.0,μg/kg,≤,False,True,1.935,已解析并统一单位,,已解析并统一单位,,False,
79,不详,2024,5,2024-05,流通,花生仁/炒货坚果,蛋清花生(油炸类)(炒货),黄曲霉毒素B1（AFB1）,True,不合格项目命中AFB1/黄曲霉变体；不合格规范列命中AFB1/黄曲霉变体,130µg/kg,130.0,,130.0,μg/kg,False,≤20µg/kg,20.0,μg/kg,≤,False,True,6.5,已解析并统一单位,,已解析并统一单位,,False,
167,安徽,2024,5,2024-05,流通,花生仁/炒货坚果,麻酥花生,黄曲霉毒素B1（AFB1）,True,不合格项目命中AFB1/黄曲霉变体；不合格规范列命中AFB1/黄曲霉变体,176µg/kg,176.0,,176.0,μg/kg,False,≤20µg/kg,20.0,μg/kg,≤,False,True,8.8,已解析并统一单位,,已解析并统一单位,,False,
12,广东,2024,6,2024-06,流通,花生仁/炒货坚果,五香南乳花生,黄曲霉毒素B1（AFB1）,True,检验项目命中AFB1/黄曲霉变体,,,,,,False,,,,,False,False,,无检测数值,空值或占位符,无检测数值,空值或占位符,True,AFB1相关但浓度无法解析；AFB1相关但法规限量无法解析
26,山东,2024,6,2024-06,流通,花生仁/炒货坚果,香酥辣味花生,黄曲霉毒素B1（AFB1）,True,检验项目命中AFB1/黄曲霉变体,,,,,,False,,,,,False,False,,无检测数值,空值或占位符,无检测数值,空值或占位符,True,AFB1相关但浓度无法解析；AFB1相关但法规限量无法解析
27,江苏,2024,6,2024-06,流通,花生仁/炒货坚果,油炸花生米,黄曲霉毒素B1（AFB1）,True,检验项目命中AFB1/黄曲霉变体,,,,,,False,,,,,False,False,,无检测数值,空值或占位符,无检测数值,空值或占位符,True,AFB1相关但浓度无法解析；AFB1相关但法规限量无法解析
28,不详,2024,6,2024-06,流通,花生仁/炒货坚果,五香花生米,黄曲霉毒素B1（AFB1）,True,检验项目命中AFB1/黄曲霉变体,,,,,,False,,,,,False,False,,无检测数值,空值或占位符,无检测数值,空值或占位符,True,AFB1相关但浓度无法解析；AFB1相关但法规限量无法解析
29,不详,2024,6,2024-06,流通,花生仁/炒货坚果,油炸花生米,黄曲霉毒素B1（AFB1）,True,检验项目命中AFB1/黄曲霉变体,,,,,,False,,,,,False,False,,无检测数值,空值或占位符,无检测数值,空值或占位符,True,AFB1相关但浓度无法解析；AFB1相关但法规限量无法解析
30,不详,2024,6,2024-06,流通,花生仁/炒货坚果,（油炸类）花生米,黄曲霉毒素B1（AFB1）,True,检验项目命中AFB1/黄曲霉变体,,,,,,False,,,,,False,False,,无检测数值,空值或占位符,无检测数值,空值或占位符,True,AFB1相关但浓度无法解析；AFB1相关但法规限量无法解析
31,山东,2024,6,2024-06,流通,花生仁/炒货坚果,五香花生（烘炒类）,黄曲霉毒素B1（AFB1）,True,检验项目命中AFB1/黄曲霉变体,,,,,,False,,,,,False,False,,无检测数值,空值或占位符,无检测数值,空值或占位符,True,AFB1相关但浓度无法解析；AFB1相关但法规限量无法解析
33,浙江,2024,6,2024-06,流通,花生仁/炒货坚果,油炸花生米,黄曲霉毒素B1（AFB1）,True,不合格项目命中AFB1/黄曲霉变体；不合格规范列命中AFB1/黄曲霉变体,39.3μg/kg,39.3,,39.3,μg/kg,False,≤20μg/kg,20.0,μg/kg,≤,False,True,1.9649999999999999,已解析并统一单位,,已解析并统一单位,,False,
34,浙江,2024,6,2024-06,流通,花生仁/炒货坚果,佐酒花生仁,黄曲霉毒素B1（AFB1）,True,不合格项目命中AFB1/黄曲霉变体；不合格规范列命中AFB1/黄曲霉变体,42.8μg/kg,42.8,,42.8,μg/kg,False,≤20μg/kg,20.0,μg/kg,≤,False,True,2.1399999999999997,已解析并统一单位,,已解析并统一单位,,False,
207,四川,2024,6,2024-06,生产,花生仁/炒货坚果,蛋酥花生,黄曲霉毒素B1（AFB1）,True,不合格项目命中AFB1/黄曲霉变体；不合格规范列命中AFB1/黄曲霉变体,51.9μg/kg,51.9,,51.9,μg/kg,False,≤20μg/kg,20.0,μg/kg,≤,False,True,2.5949999999999998,已解析并统一单位,,已解析并统一单位,,False,
13,广东,2024,7,2024-07,生产,花生仁/炒货坚果,始兴柴火花生,黄曲霉毒素B1（AFB1）,True,检验项目命中AFB1/黄曲霉变体,,,,,,False,,,,,False,False,,无检测数值,空值或占位符,无检测数值,空值或占位符,True,AFB1相关但浓度无法解析；AFB1相关但法规限量无法解析
119,不详,2024,7,2024-07,流通,花生仁/炒货坚果,麻辣酒鬼花生,黄曲霉毒素B1（AFB1）,True,不合格项目命中AFB1/黄曲霉变体；不合格规范列命中AFB1/黄曲霉变体,495µg/kg,495.0,,495.0,μg/kg,False,≤20µg/kg,20.0,μg/kg,≤,False,True,24.75,已解析并统一单位,,已解析并统一单位,,False,
30,不详,2024,7,2024-07,流通,花生仁/炒货坚果,花生（黑脆原脆味）,黄曲霉毒素B1（AFB1）,True,检验项目命中AFB1/黄曲霉变体,,,,,,False,,,,,False,False,,无检测数值,空值或占位符,无检测数值,空值或占位符,True,AFB1相关但浓度无法解析；AFB1相关但法规限量无法解析
31,广东,2024,7,2024-07,流通,花生仁/炒货坚果,柴火炒花生,黄曲霉毒素B1（AFB1）,True,检验项目命中AFB1/黄曲霉变体,,,,,,False,,,,,False,False,,无检测数值,空值或占位符,无检测数值,空值或占位符,True,AFB1相关但浓度无法解析；AFB1相关但法规限量无法解析
32,广东,2024,7,2024-07,流通,花生仁/炒货坚果,始兴柴火花生,黄曲霉毒素B1（AFB1）,True,检验项目命中AFB1/黄曲霉变体,,,,,,False,,,,,False,False,,无检测数值,空值或占位符,无检测数值,空值或占位符,True,AFB1相关但浓度无法解析；AFB1相关但法规限量无法解析
33,广东,2024,7,2024-07,流通,花生仁/炒货坚果,炒花生,黄曲霉毒素B1（AFB1）,True,检验项目命中AFB1/黄曲霉变体,,,,,,False,,,,,False,False,,无检测数值,空值或占位符,无检测数值,空值或占位符,True,AFB1相关但浓度无法解析；AFB1相关但法规限量无法解析
48,浙江,2024,7,2024-07,流通,花生仁/炒货坚果,红糖石头花生（分装）,黄曲霉毒素B1（AFB1）,True,不合格项目命中AFB1/黄曲霉变体；不合格规范列命中AFB1/黄曲霉变体,77.0μg/kg,77.0,,77.0,μg/kg,False,≤20μg/kg,20.0,μg/kg,≤,False,True,3.85,已解析并统一单位,,已解析并统一单位,,False,
19,不详,2024,7,2024-07,流通,花生仁/炒货坚果,花生米,黄曲霉毒素B1（AFB1）,True,检验项目命中AFB1/黄曲霉变体,,,,,,False,,,,,False,False,,无检测数值,空值或占位符,无检测数值,空值或占位符,True,AFB1相关但浓度无法解析；AFB1相关但法规限量无法解析
21,安徽,2024,7,2024-07,流通,花生仁/炒货坚果,花生米,黄曲霉毒素B1（AFB1）,True,不合格项目命中AFB1/黄曲霉变体；不合格规范列命中AFB1/黄曲霉变体,203µg/kg,203.0,,203.0,μg/kg,False,≤20µg/kg,20.0,μg/kg,≤,False,True,10.15,已解析并统一单位,,已解析并统一单位,,False,
33,湖北,2024,7,2024-07,流通,花生仁/炒货坚果,百里挑一山核桃味花生,黄曲霉毒素B1（AFB1）,True,检验项目命中AFB1/黄曲霉变体,,,,,,False,,,,,False,False,,无检测数值,空值或占位符,无检测数值,空值或占位符,True,AFB1相关但浓度无法解析；AFB1相关但法规限量无法解析
34,广东,2024,7,2024-07,流通,花生仁/炒货坚果,盐炒小珍珠花生,黄曲霉毒素B1（AFB1）,True,检验项目命中AFB1/黄曲霉变体,,,,,,False,,,,,False,False,,无检测数值,空值或占位符,无检测数值,空值或占位符,True,AFB1相关但浓度无法解析；AFB1相关但法规限量无法解析
35,广东,2024,7,2024-07,流通,花生仁/炒货坚果,蒜香咸干花生,黄曲霉毒素B1（AFB1）,True,检验项目命中AFB1/黄曲霉变体,,,,,,False,,,,,False,False,,无检测数值,空值或占位符,无检测数值,空值或占位符,True,AFB1相关但浓度无法解析；AFB1相关但法规限量无法解析
45,不详,2024,7,2024-07,流通,花生仁/炒货坚果,蒜味花生,黄曲霉毒素B1（AFB1）,True,检验项目命中AFB1/黄曲霉变体,,,,,,False,,,,,False,False,,无检测数值,空值或占位符,无检测数值,空值或占位符,True,AFB1相关但浓度无法解析；AFB1相关但法规限量无法解析
46,河北,2024,7,2024-07,流通,花生仁/炒货坚果,三味鱼皮花生（裹衣花生）,黄曲霉毒素B1（AFB1）,True,检验项目命中AFB1/黄曲霉变体,,,,,,False,,,,,False,False,,无检测数值,空值或占位符,无检测数值,空值或占位符,True,AFB1相关但浓度无法解析；AFB1相关但法规限量无法解析
47,江苏,2024,7,2024-07,流通,花生仁/炒货坚果,盐焗花生米,黄曲霉毒素B1（AFB1）,True,检验项目命中AFB1/黄曲霉变体,,,,,,False,,,,,False,False,,无检测数值,空值或占位符,无检测数值,空值或占位符,True,AFB1相关但浓度无法解析；AFB1相关但法规限量无法解析
48,安徽,2024,7,2024-07,流通,花生仁/炒货坚果,奶油味花生（烘炒类）,黄曲霉毒素B1（AFB1）,True,检验项目命中AFB1/黄曲霉变体,,,,,,False,,,,,False,False,,无检测数值,空值或占位符,无检测数值,空值或占位符,True,AFB1相关但浓度无法解析；AFB1相关但法规限量无法解析
49,河北,2024,7,2024-07,流通,花生仁/炒货坚果,鱼皮花生（裹衣花生）,黄曲霉毒素B1（AFB1）,True,检验项目命中AFB1/黄曲霉变体,,,,,,False,,,,,False,False,,无检测数值,空值或占位符,无检测数值,空值或占位符,True,AFB1相关但浓度无法解析；AFB1相关但法规限量无法解析
50,天津,2024,7,2024-07,流通,花生仁/炒货坚果,荟时季五香花生米,黄曲霉毒素B1（AFB1）,True,检验项目命中AFB1/黄曲霉变体,,,,,,False,,,,,False,False,,无检测数值,空值或占位符,无检测数值,空值或占位符,True,AFB1相关但浓度无法解析；AFB1相关但法规限量无法解析
51,安徽,2024,7,2024-07,流通,花生仁/炒货坚果,鱼皮花生（烘炒类）,黄曲霉毒素B1（AFB1）,True,检验项目命中AFB1/黄曲霉变体,,,,,,False,,,,,False,False,,无检测数值,空值或占位符,无检测数值,空值或占位符,True,AFB1相关但浓度无法解析；AFB1相关但法规限量无法解析
52,福建,2024,7,2024-07,流通,花生仁/炒货坚果,鱼皮花生（炒货食品及坚果制品-其他类）,黄曲霉毒素B1（AFB1）,True,检验项目命中AFB1/黄曲霉变体,,,,,,False,,,,,False,False,,无检测数值,空值或占位符,无检测数值,空值或占位符,True,AFB1相关但浓度无法解析；AFB1相关但法规限量无法解析
53,安徽,2024,7,2024-07,流通,花生仁/炒货坚果,五香味花生米,黄曲霉毒素B1（AFB1）,True,检验项目命中AFB1/黄曲霉变体,,,,,,False,,,,,False,False,,无检测数值,空值或占位符,无检测数值,空值或占位符,True,AFB1相关但浓度无法解析；AFB1相关但法规限量无法解析
54,福建,2024,7,2024-07,流通,花生仁/炒货坚果,鱼皮花生（炒货食品及坚果制品-其他类）,黄曲霉毒素B1（AFB1）,True,检验项目命中AFB1/黄曲霉变体,,,,,,False,,,,,False,False,,无检测数值,空值或占位符,无检测数值,空值或占位符,True,AFB1相关但浓度无法解析；AFB1相关但法规限量无法解析
55,福建,2024,7,2024-07,流通,花生仁/炒货坚果,多彩花生（炒货食品及坚果制品-其他类）,黄曲霉毒素B1（AFB1）,True,检验项目命中AFB1/黄曲霉变体,,,,,,False,,,,,False,False,,无检测数值,空值或占位符,无检测数值,空值或占位符,True,AFB1相关但浓度无法解析；AFB1相关但法规限量无法解析
19,安徽,2024,8,2024-08,流通,花生仁/炒货坚果,五香花生米（烘炒类）,黄曲霉毒素B1（AFB1）,True,检验项目命中AFB1/黄曲霉变体,,,,,,False,,,,,False,False,,无检测数值,空值或占位符,无检测数值,空值或占位符,True,AFB1相关但浓度无法解析；AFB1相关但法规限量无法解析
20,福建,2024,8,2024-08,流通,花生仁/炒货坚果,酱香花生（烧烤味）,黄曲霉毒素B1（AFB1）,True,检验项目命中AFB1/黄曲霉变体,,,,,,False,,,,,False,False,,无检测数值,空值或占位符,无检测数值,空值或占位符,True,AFB1相关但浓度无法解析；AFB1相关但法规限量无法解析
21,河北,2024,8,2024-08,流通,花生仁/炒货坚果,鱼皮花生（裹衣花生）,黄曲霉毒素B1（AFB1）,True,检验项目命中AFB1/黄曲霉变体,,,,,,False,,,,,False,False,,无检测数值,空值或占位符,无检测数值,空值或占位符,True,AFB1相关但浓度无法解析；AFB1相关但法规限量无法解析
22,山东,2024,8,2024-08,流通,花生仁/炒货坚果,咸干花生,黄曲霉毒素B1（AFB1）,True,检验项目命中AFB1/黄曲霉变体,,,,,,False,,,,,False,False,,无检测数值,空值或占位符,无检测数值,空值或占位符,True,AFB1相关但浓度无法解析；AFB1相关但法规限量无法解析
32,江西,2024,8,2024-08,流通,花生仁/炒货坚果,椒盐味花生,黄曲霉毒素B1（AFB1）,True,不合格项目命中AFB1/黄曲霉变体；不合格规范列命中AFB1/黄曲霉变体,51.4µg/kg,51.4,,51.4,μg/kg,False,≤20µg/kg,20.0,μg/kg,≤,False,True,2.57,已解析并统一单位,,已解析并统一单位,,False,
80,广东,2024,8,2024-08,流通,花生仁/炒货坚果,蒜香花生,黄曲霉毒素B1（AFB1）,True,检验项目命中AFB1/黄曲霉变体,,,,,,False,,,,,False,False,,无检测数值,空值或占位符,无检测数值,空值或占位符,True,AFB1相关但浓度无法解析；AFB1相关但法规限量无法解析
81,安徽,2024,8,2024-08,流通,花生仁/炒货坚果,五香味花生米,黄曲霉毒素B1（AFB1）,True,检验项目命中AFB1/黄曲霉变体,,,,,,False,,,,,False,False,,无检测数值,空值或占位符,无检测数值,空值或占位符,True,AFB1相关但浓度无法解析；AFB1相关但法规限量无法解析
82,贵州,2024,8,2024-08,流通,花生仁/炒货坚果,山椒花生,黄曲霉毒素B1（AFB1）,True,检验项目命中AFB1/黄曲霉变体,,,,,,False,,,,,False,False,,无检测数值,空值或占位符,无检测数值,空值或占位符,True,AFB1相关但浓度无法解析；AFB1相关但法规限量无法解析
83,不详,2024,8,2024-08,流通,花生仁/炒货坚果,香炒花生,黄曲霉毒素B1（AFB1）,True,检验项目命中AFB1/黄曲霉变体,,,,,,False,,,,,False,False,,无检测数值,空值或占位符,无检测数值,空值或占位符,True,AFB1相关但浓度无法解析；AFB1相关但法规限量无法解析
84,湖北,2024,8,2024-08,流通,花生仁/炒货坚果,东北小花生（蒜香味）,黄曲霉毒素B1（AFB1）,True,检验项目命中AFB1/黄曲霉变体,,,,,,False,,,,,False,False,,无检测数值,空值或占位符,无检测数值,空值或占位符,True,AFB1相关但浓度无法解析；AFB1相关但法规限量无法解析
85,不详,2024,8,2024-08,流通,花生仁/炒货坚果,蒜香花生,黄曲霉毒素B1（AFB1）,True,检验项目命中AFB1/黄曲霉变体,,,,,,False,,,,,False,False,,无检测数值,空值或占位符,无检测数值,空值或占位符,True,AFB1相关但浓度无法解析；AFB1相关但法规限量无法解析
159,不详,2024,8,2024-08,流通,花生仁/炒货坚果,花生米,黄曲霉毒素B1（AFB1）,True,不合格项目命中AFB1/黄曲霉变体；不合格规范列命中AFB1/黄曲霉变体,61.2μg/kg,61.2,,61.2,μg/kg,False,≤20μg/kg,20.0,μg/kg,≤,False,True,3.06,已解析并统一单位,,已解析并统一单位,,False,
34,广东,2024,8,2024-08,流通,花生仁/炒货坚果,咸干花生,黄曲霉毒素B1（AFB1）,True,检验项目命中AFB1/黄曲霉变体,,,,,,False,,,,,False,False,,无检测数值,空值或占位符,无检测数值,空值或占位符,True,AFB1相关但浓度无法解析；AFB1相关但法规限量无法解析
35,福建,2024,8,2024-08,流通,花生仁/炒货坚果,多味花生(香辣味),黄曲霉毒素B1（AFB1）,True,检验项目命中AFB1/黄曲霉变体,,,,,,False,,,,,False,False,,无检测数值,空值或占位符,无检测数值,空值或占位符,True,AFB1相关但浓度无法解析；AFB1相关但法规限量无法解析
36,广东,2024,8,2024-08,流通,花生仁/炒货坚果,始兴柴火花生,黄曲霉毒素B1（AFB1）,True,检验项目命中AFB1/黄曲霉变体,,,,,,False,,,,,False,False,,无检测数值,空值或占位符,无检测数值,空值或占位符,True,AFB1相关但浓度无法解析；AFB1相关但法规限量无法解析
37,福建,2024,8,2024-08,流通,花生仁/炒货坚果,酱花生（川香麻辣味）,黄曲霉毒素B1（AFB1）,True,检验项目命中AFB1/黄曲霉变体,,,,,,False,,,,,False,False,,无检测数值,空值或占位符,无检测数值,空值或占位符,True,AFB1相关但浓度无法解析；AFB1相关但法规限量无法解析
38,广东,2024,8,2024-08,流通,花生仁/炒货坚果,五香味花生,黄曲霉毒素B1（AFB1）,True,检验项目命中AFB1/黄曲霉变体,,,,,,False,,,,,False,False,,无检测数值,空值或占位符,无检测数值,空值或占位符,True,AFB1相关但浓度无法解析；AFB1相关但法规限量无法解析
73,河北,2024,8,2024-08,流通,花生仁/炒货坚果,多味花生,黄曲霉毒素B1（AFB1）,True,不合格项目命中AFB1/黄曲霉变体；不合格规范列命中AFB1/黄曲霉变体,98.4µg/kg,98.4,,98.4,μg/kg,False,≤20μg/kg,20.0,μg/kg,≤,False,True,4.92,已解析并统一单位,,已解析并统一单位,,False,
4,不详,2024,8,2024-08,流通,花生仁/炒货坚果,蒜香花生,黄曲霉毒素B1（AFB1）,True,检验项目命中AFB1/黄曲霉变体,,,,,,False,,,,,False,False,,无检测数值,空值或占位符,无检测数值,空值或占位符,True,AFB1相关但浓度无法解析；AFB1相关但法规限量无法解析
172,河北,2024,8,2024-08,流通,花生仁/炒货坚果,五香花生（烘炒类）,黄曲霉毒素B1（AFB1）,True,不合格项目命中AFB1/黄曲霉变体；不合格规范列命中AFB1/黄曲霉变体,初检结果：27.7µg/kg复检结果:60.7µg/kg,27.7,60.7,60.7,μg/kg,False,≤20,20.0,μg/kg,≤,True,True,3.035,初检复检均解析，最终采用复检值,,已解析并统一单位,,False,
106,山东,2024,8,2024-08,流通,花生仁/炒货坚果,香酥花生,黄曲霉毒素B1（AFB1）,True,不合格项目命中AFB1/黄曲霉变体；不合格规范列命中AFB1/黄曲霉变体,30.9µg/kg,30.9,,30.9,μg/kg,False,≤20µg/kg,20.0,μg/kg,≤,False,True,1.545,已解析并统一单位,,已解析并统一单位,,False,
27,不详,2024,9,2024-09,流通,花生仁/炒货坚果,麻辣花生,黄曲霉毒素B1（AFB1）,True,不合格项目命中AFB1/黄曲霉变体；不合格规范列命中AFB1/黄曲霉变体,36.8μg/kg,36.8,,36.8,μg/kg,False,≤20,20.0,μg/kg,≤,True,True,1.8399999999999999,已解析并统一单位,,已解析并统一单位,,False,
83,福建,2024,9,2024-09,生产,花生仁/炒货坚果,浓香奶油花生（奶油味）,黄曲霉毒素B1（AFB1）,True,不合格项目命中AFB1/黄曲霉变体；不合格规范列命中AFB1/黄曲霉变体,56.7μg/kg|0.0325g/kg,56.7,,56.7,μg/kg,False,≤20μg/kg|不得使用,20.0,μg/kg,≤,False,True,2.835,已解析并统一单位,,已解析并统一单位,,False,
53,不详,2024,9,2024-09,流通,花生仁/炒货坚果,卤花生,黄曲霉毒素B1（AFB1）,True,不合格项目命中AFB1/黄曲霉变体；不合格规范列命中AFB1/黄曲霉变体,244µg/kg,244.0,,244.0,μg/kg,False,20µg/kg,20.0,μg/kg,≤,False,True,12.2,已解析并统一单位,,已解析并统一单位,,False,
54,不详,2024,9,2024-09,流通,花生仁/炒货坚果,卤花生,黄曲霉毒素B1（AFB1）,True,不合格项目命中AFB1/黄曲霉变体；不合格规范列命中AFB1/黄曲霉变体,51.0µg/kg,51.0,,51.0,μg/kg,False,20µg/kg,20.0,μg/kg,≤,False,True,2.55,已解析并统一单位,,已解析并统一单位,,False,
284,山东,2024,9,2024-09,流通,花生仁/炒货坚果,香叶花生,黄曲霉毒素B1（AFB1）,True,不合格项目命中AFB1/黄曲霉变体；不合格规范列命中AFB1/黄曲霉变体,59.1µg/kg,59.1,,59.1,μg/kg,False,≤20µg/kg,20.0,μg/kg,≤,False,True,2.955,已解析并统一单位,,已解析并统一单位,,False,
32,福建,2024,9,2024-09,流通,花生仁/炒货坚果,龙岩花生（咸干口味）,黄曲霉毒素B1（AFB1）,True,检验项目命中AFB1/黄曲霉变体,,,,,,False,,,,,False,False,,无检测数值,空值或占位符,无检测数值,空值或占位符,True,AFB1相关但浓度无法解析；AFB1相关但法规限量无法解析
33,江西,2024,9,2024-09,流通,花生仁/炒货坚果,椒盐味花生,黄曲霉毒素B1（AFB1）,True,检验项目命中AFB1/黄曲霉变体,,,,,,False,,,,,False,False,,无检测数值,空值或占位符,无检测数值,空值或占位符,True,AFB1相关但浓度无法解析；AFB1相关但法规限量无法解析
64,福建,2024,9,2024-09,流通,花生仁/炒货坚果,龙岩花生（咸干口味）,黄曲霉毒素B1（AFB1）,True,检验项目命中AFB1/黄曲霉变体,,,,,,False,,,,,False,False,,无检测数值,空值或占位符,无检测数值,空值或占位符,True,AFB1相关但浓度无法解析；AFB1相关但法规限量无法解析
65,江西,2024,9,2024-09,流通,花生仁/炒货坚果,椒盐味花生,黄曲霉毒素B1（AFB1）,True,检验项目命中AFB1/黄曲霉变体,,,,,,False,,,,,False,False,,无检测数值,空值或占位符,无检测数值,空值或占位符,True,AFB1相关但浓度无法解析；AFB1相关但法规限量无法解析
176,广东,2024,9,2024-09,流通,花生仁/炒货坚果,陈皮花生,黄曲霉毒素B1（AFB1）,True,检验项目命中AFB1/黄曲霉变体,,,,,,False,,,,,False,False,,无检测数值,空值或占位符,无检测数值,空值或占位符,True,AFB1相关但浓度无法解析；AFB1相关但法规限量无法解析
177,福建,2024,9,2024-09,流通,花生仁/炒货坚果,酒傀花生（排骨味）,黄曲霉毒素B1（AFB1）,True,检验项目命中AFB1/黄曲霉变体,,,,,,False,,,,,False,False,,无检测数值,空值或占位符,无检测数值,空值或占位符,True,AFB1相关但浓度无法解析；AFB1相关但法规限量无法解析
87,不详,2024,10,2024-10,流通,花生仁/炒货坚果,油炸花生米,黄曲霉毒素B1（AFB1）,True,不合格项目命中AFB1/黄曲霉变体；不合格规范列命中AFB1/黄曲霉变体,252µg/kg,252.0,,252.0,μg/kg,False,≤20µg/kg,20.0,μg/kg,≤,False,True,12.6,已解析并统一单位,,已解析并统一单位,,False,
1,广东,2024,10,2024-10,流通,花生仁/炒货坚果,农家黑脆花生,黄曲霉毒素B1（AFB1）,True,检验项目命中AFB1/黄曲霉变体,,,,,,False,,,,,False,False,,无检测数值,空值或占位符,无检测数值,空值或占位符,True,AFB1相关但浓度无法解析；AFB1相关但法规限量无法解析
2,广东,2024,10,2024-10,流通,花生仁/炒货坚果,农家黑脆花生,黄曲霉毒素B1（AFB1）,True,检验项目命中AFB1/黄曲霉变体,,,,,,False,,,,,False,False,,无检测数值,空值或占位符,无检测数值,空值或占位符,True,AFB1相关但浓度无法解析；AFB1相关但法规限量无法解析
6,广东,2024,10,2024-10,流通,花生仁/炒货坚果,农家黑脆花生,黄曲霉毒素B1（AFB1）,True,检验项目命中AFB1/黄曲霉变体,,,,,,False,,,,,False,False,,无检测数值,空值或占位符,无检测数值,空值或占位符,True,AFB1相关但浓度无法解析；AFB1相关但法规限量无法解析
29,不详,2024,11,2024-11,餐饮,花生仁/炒货坚果,油炸花生米,黄曲霉毒素B1（AFB1）,True,检验项目命中AFB1/黄曲霉变体,,,,,,False,,,,,False,False,,无检测数值,空值或占位符,无检测数值,空值或占位符,True,AFB1相关但浓度无法解析；AFB1相关但法规限量无法解析
30,不详,2024,11,2024-11,餐饮,花生仁/炒货坚果,油炸花生米,黄曲霉毒素B1（AFB1）,True,检验项目命中AFB1/黄曲霉变体,,,,,,False,,,,,False,False,,无检测数值,空值或占位符,无检测数值,空值或占位符,True,AFB1相关但浓度无法解析；AFB1相关但法规限量无法解析
31,不详,2024,11,2024-11,餐饮,花生仁/炒货坚果,油炸花生米,黄曲霉毒素B1（AFB1）,True,检验项目命中AFB1/黄曲霉变体,,,,,,False,,,,,False,False,,无检测数值,空值或占位符,无检测数值,空值或占位符,True,AFB1相关但浓度无法解析；AFB1相关但法规限量无法解析
26,河南,2024,11,2024-11,流通,花生仁/炒货坚果,水煮花生,黄曲霉毒素B1（AFB1）,True,检验项目命中AFB1/黄曲霉变体,,,,,,False,,,,,False,False,,无检测数值,空值或占位符,无检测数值,空值或占位符,True,AFB1相关但浓度无法解析；AFB1相关但法规限量无法解析
27,河南,2024,11,2024-11,流通,花生仁/炒货坚果,水煮花生,黄曲霉毒素B1（AFB1）,True,检验项目命中AFB1/黄曲霉变体,,,,,,False,,,,,False,False,,无检测数值,空值或占位符,无检测数值,空值或占位符,True,AFB1相关但浓度无法解析；AFB1相关但法规限量无法解析
28,安徽,2024,11,2024-11,流通,花生仁/炒货坚果,五香味花生米,黄曲霉毒素B1（AFB1）,True,检验项目命中AFB1/黄曲霉变体,,,,,,False,,,,,False,False,,无检测数值,空值或占位符,无检测数值,空值或占位符,True,AFB1相关但浓度无法解析；AFB1相关但法规限量无法解析
29,安徽,2024,11,2024-11,流通,花生仁/炒货坚果,五香味花生米,黄曲霉毒素B1（AFB1）,True,检验项目命中AFB1/黄曲霉变体,,,,,,False,,,,,False,False,,无检测数值,空值或占位符,无检测数值,空值或占位符,True,AFB1相关但浓度无法解析；AFB1相关但法规限量无法解析
30,湖北,2024,11,2024-11,流通,花生仁/炒货坚果,东北小花生（蒜香味）,黄曲霉毒素B1（AFB1）,True,检验项目命中AFB1/黄曲霉变体,,,,,,False,,,,,False,False,,无检测数值,空值或占位符,无检测数值,空值或占位符,True,AFB1相关但浓度无法解析；AFB1相关但法规限量无法解析
31,安徽,2024,11,2024-11,流通,花生仁/炒货坚果,怪味花生,黄曲霉毒素B1（AFB1）,True,检验项目命中AFB1/黄曲霉变体,,,,,,False,,,,,False,False,,无检测数值,空值或占位符,无检测数值,空值或占位符,True,AFB1相关但浓度无法解析；AFB1相关但法规限量无法解析
32,河南,2024,11,2024-11,流通,花生仁/炒货坚果,水煮花生,黄曲霉毒素B1（AFB1）,True,检验项目命中AFB1/黄曲霉变体,,,,,,False,,,,,False,False,,无检测数值,空值或占位符,无检测数值,空值或占位符,True,AFB1相关但浓度无法解析；AFB1相关但法规限量无法解析
33,安徽,2024,11,2024-11,流通,花生仁/炒货坚果,怪味花生,黄曲霉毒素B1（AFB1）,True,检验项目命中AFB1/黄曲霉变体,,,,,,False,,,,,False,False,,无检测数值,空值或占位符,无检测数值,空值或占位符,True,AFB1相关但浓度无法解析；AFB1相关但法规限量无法解析
34,辽宁,2024,11,2024-11,流通,花生仁/炒货坚果,藤椒花生,黄曲霉毒素B1（AFB1）,True,检验项目命中AFB1/黄曲霉变体,,,,,,False,,,,,False,False,,无检测数值,空值或占位符,无检测数值,空值或占位符,True,AFB1相关但浓度无法解析；AFB1相关但法规限量无法解析
35,山东,2024,11,2024-11,流通,花生仁/炒货坚果,小鱼花生,黄曲霉毒素B1（AFB1）,True,检验项目命中AFB1/黄曲霉变体,,,,,,False,,,,,False,False,,无检测数值,空值或占位符,无检测数值,空值或占位符,True,AFB1相关但浓度无法解析；AFB1相关但法规限量无法解析
36,重庆,2024,11,2024-11,流通,花生仁/炒货坚果,泡椒花生,黄曲霉毒素B1（AFB1）,True,检验项目命中AFB1/黄曲霉变体,,,,,,False,,,,,False,False,,无检测数值,空值或占位符,无检测数值,空值或占位符,True,AFB1相关但浓度无法解析；AFB1相关但法规限量无法解析
37,河南,2024,11,2024-11,流通,花生仁/炒货坚果,卤汁花生（五香味）,黄曲霉毒素B1（AFB1）,True,检验项目命中AFB1/黄曲霉变体,,,,,,False,,,,,False,False,,无检测数值,空值或占位符,无检测数值,空值或占位符,True,AFB1相关但浓度无法解析；AFB1相关但法规限量无法解析
38,安徽,2024,11,2024-11,流通,花生仁/炒货坚果,海苔味花生,黄曲霉毒素B1（AFB1）,True,检验项目命中AFB1/黄曲霉变体,,,,,,False,,,,,False,False,,无检测数值,空值或占位符,无检测数值,空值或占位符,True,AFB1相关但浓度无法解析；AFB1相关但法规限量无法解析
39,河南,2024,11,2024-11,流通,花生仁/炒货坚果,鲜卤花生,黄曲霉毒素B1（AFB1）,True,检验项目命中AFB1/黄曲霉变体,,,,,,False,,,,,False,False,,无检测数值,空值或占位符,无检测数值,空值或占位符,True,AFB1相关但浓度无法解析；AFB1相关但法规限量无法解析
40,山东,2024,11,2024-11,流通,花生仁/炒货坚果,嘎嘣豆（鱼皮花生）,黄曲霉毒素B1（AFB1）,True,检验项目命中AFB1/黄曲霉变体,,,,,,False,,,,,False,False,,无检测数值,空值或占位符,无检测数值,空值或占位符,True,AFB1相关但浓度无法解析；AFB1相关但法规限量无法解析
41,河南,2024,11,2024-11,流通,花生仁/炒货坚果,鲜卤花生,黄曲霉毒素B1（AFB1）,True,检验项目命中AFB1/黄曲霉变体,,,,,,False,,,,,False,False,,无检测数值,空值或占位符,无检测数值,空值或占位符,True,AFB1相关但浓度无法解析；AFB1相关但法规限量无法解析
67,贵州,2024,11,2024-11,流通,花生仁/炒货坚果,花生米（山椒味）（其他炒货食品及坚果制品）,黄曲霉毒素B1（AFB1）,True,不合格项目命中AFB1/黄曲霉变体；不合格规范列命中AFB1/黄曲霉变体,43.5µg/kg,43.5,,43.5,μg/kg,False,≤20µg/kg,20.0,μg/kg,≤,False,True,2.175,已解析并统一单位,,已解析并统一单位,,False,
23,山东,2024,11,2024-11,流通,花生仁/炒货坚果,油炸花生仁,黄曲霉毒素B1（AFB1）,True,检验项目命中AFB1/黄曲霉变体,,,,,,False,,,,,False,False,,无检测数值,空值或占位符,无检测数值,空值或占位符,True,AFB1相关但浓度无法解析；AFB1相关但法规限量无法解析
24,山东,2024,11,2024-11,流通,花生仁/炒货坚果,多味花生（烘炒类）,黄曲霉毒素B1（AFB1）,True,检验项目命中AFB1/黄曲霉变体,,,,,,False,,,,,False,False,,无检测数值,空值或占位符,无检测数值,空值或占位符,True,AFB1相关但浓度无法解析；AFB1相关但法规限量无法解析
25,江苏,2024,11,2024-11,流通,花生仁/炒货坚果,油炸花生米,黄曲霉毒素B1（AFB1）,True,检验项目命中AFB1/黄曲霉变体,,,,,,False,,,,,False,False,,无检测数值,空值或占位符,无检测数值,空值或占位符,True,AFB1相关但浓度无法解析；AFB1相关但法规限量无法解析
26,山东,2024,11,2024-11,流通,花生仁/炒货坚果,五香花生（烘炒类）,黄曲霉毒素B1（AFB1）,True,检验项目命中AFB1/黄曲霉变体,,,,,,False,,,,,False,False,,无检测数值,空值或占位符,无检测数值,空值或占位符,True,AFB1相关但浓度无法解析；AFB1相关但法规限量无法解析
27,安徽,2024,11,2024-11,流通,花生仁/炒货坚果,五香味花生米,黄曲霉毒素B1（AFB1）,True,检验项目命中AFB1/黄曲霉变体,,,,,,False,,,,,False,False,,无检测数值,空值或占位符,无检测数值,空值或占位符,True,AFB1相关但浓度无法解析；AFB1相关但法规限量无法解析
9,广东,2024,11,2024-11,生产,花生仁/炒货坚果,始兴柴火花生,黄曲霉毒素B1（AFB1）,True,检验项目命中AFB1/黄曲霉变体,,,,,,False,,,,,False,False,,无检测数值,空值或占位符,无检测数值,空值或占位符,True,AFB1相关但浓度无法解析；AFB1相关但法规限量无法解析
30,不详,2024,11,2024-11,流通,花生仁/炒货坚果,油炸花生米,黄曲霉毒素B1（AFB1）,True,不合格项目命中AFB1/黄曲霉变体；不合格规范列命中AFB1/黄曲霉变体,388µg/kg,388.0,,388.0,μg/kg,False,20µg/kg,20.0,μg/kg,≤,False,True,19.4,已解析并统一单位,,已解析并统一单位,,False,
66,江西,2024,11,2024-11,流通,花生仁/炒货坚果,麻辣花生,黄曲霉毒素B1（AFB1）,True,检验项目命中AFB1/黄曲霉变体,,,,,,False,,,,,False,False,,无检测数值,空值或占位符,无检测数值,空值或占位符,True,AFB1相关但浓度无法解析；AFB1相关但法规限量无法解析
67,安徽,2024,11,2024-11,流通,花生仁/炒货坚果,香辣味花生,黄曲霉毒素B1（AFB1）,True,检验项目命中AFB1/黄曲霉变体,,,,,,False,,,,,False,False,,无检测数值,空值或占位符,无检测数值,空值或占位符,True,AFB1相关但浓度无法解析；AFB1相关但法规限量无法解析
68,河南,2024,11,2024-11,流通,花生仁/炒货坚果,水煮花生,黄曲霉毒素B1（AFB1）,True,检验项目命中AFB1/黄曲霉变体,,,,,,False,,,,,False,False,,无检测数值,空值或占位符,无检测数值,空值或占位符,True,AFB1相关但浓度无法解析；AFB1相关但法规限量无法解析
69,河南,2024,11,2024-11,流通,花生仁/炒货坚果,卤汁花生（五香味）,黄曲霉毒素B1（AFB1）,True,检验项目命中AFB1/黄曲霉变体,,,,,,False,,,,,False,False,,无检测数值,空值或占位符,无检测数值,空值或占位符,True,AFB1相关但浓度无法解析；AFB1相关但法规限量无法解析
70,江苏,2024,11,2024-11,流通,花生仁/炒货坚果,香脆花生,黄曲霉毒素B1（AFB1）,True,检验项目命中AFB1/黄曲霉变体,,,,,,False,,,,,False,False,,无检测数值,空值或占位符,无检测数值,空值或占位符,True,AFB1相关但浓度无法解析；AFB1相关但法规限量无法解析
71,湖北,2024,11,2024-11,流通,花生仁/炒货坚果,脱油花生（五香味）,黄曲霉毒素B1（AFB1）,True,检验项目命中AFB1/黄曲霉变体,,,,,,False,,,,,False,False,,无检测数值,空值或占位符,无检测数值,空值或占位符,True,AFB1相关但浓度无法解析；AFB1相关但法规限量无法解析
72,安徽,2024,11,2024-11,流通,花生仁/炒货坚果,五香味花生米,黄曲霉毒素B1（AFB1）,True,检验项目命中AFB1/黄曲霉变体,,,,,,False,,,,,False,False,,无检测数值,空值或占位符,无检测数值,空值或占位符,True,AFB1相关但浓度无法解析；AFB1相关但法规限量无法解析
73,安徽,2024,11,2024-11,流通,花生仁/炒货坚果,怪味花生,黄曲霉毒素B1（AFB1）,True,检验项目命中AFB1/黄曲霉变体,,,,,,False,,,,,False,False,,无检测数值,空值或占位符,无检测数值,空值或占位符,True,AFB1相关但浓度无法解析；AFB1相关但法规限量无法解析
74,江苏,2024,11,2024-11,流通,花生仁/炒货坚果,草本花生,黄曲霉毒素B1（AFB1）,True,检验项目命中AFB1/黄曲霉变体,,,,,,False,,,,,False,False,,无检测数值,空值或占位符,无检测数值,空值或占位符,True,AFB1相关但浓度无法解析；AFB1相关但法规限量无法解析
75,江苏,2024,11,2024-11,流通,花生仁/炒货坚果,蜂蜜酥香花生,黄曲霉毒素B1（AFB1）,True,检验项目命中AFB1/黄曲霉变体,,,,,,False,,,,,False,False,,无检测数值,空值或占位符,无检测数值,空值或占位符,True,AFB1相关但浓度无法解析；AFB1相关但法规限量无法解析
76,江苏,2024,11,2024-11,流通,花生仁/炒货坚果,卤汁花生（五香味）,黄曲霉毒素B1（AFB1）,True,检验项目命中AFB1/黄曲霉变体,,,,,,False,,,,,False,False,,无检测数值,空值或占位符,无检测数值,空值或占位符,True,AFB1相关但浓度无法解析；AFB1相关但法规限量无法解析
77,江苏,2024,11,2024-11,流通,花生仁/炒货坚果,香酥花生,黄曲霉毒素B1（AFB1）,True,检验项目命中AFB1/黄曲霉变体,,,,,,False,,,,,False,False,,无检测数值,空值或占位符,无检测数值,空值或占位符,True,AFB1相关但浓度无法解析；AFB1相关但法规限量无法解析
68,河南,2024,11,2024-11,流通,花生仁/炒货坚果,脱油花生（五香味）,黄曲霉毒素B1（AFB1）,True,检验项目命中AFB1/黄曲霉变体,,,,,,False,,,,,False,False,,无检测数值,空值或占位符,无检测数值,空值或占位符,True,AFB1相关但浓度无法解析；AFB1相关但法规限量无法解析
112,浙江,2024,11,2024-11,生产,花生仁/炒货坚果,咸味花生米,黄曲霉毒素B1（AFB1）,True,不合格项目命中AFB1/黄曲霉变体；不合格规范列命中AFB1/黄曲霉变体,50.3µg/kg,50.3,,50.3,μg/kg,False,5µg/kg,5.0,μg/kg,≤,False,True,10.059999999999999,已解析并统一单位,,已解析并统一单位,,False,
27,安徽,2024,11,2024-11,流通,花生仁/炒货坚果,五香味花生米,黄曲霉毒素B1（AFB1）,True,检验项目命中AFB1/黄曲霉变体,,,,,,False,,,,,False,False,,无检测数值,空值或占位符,无检测数值,空值或占位符,True,AFB1相关但浓度无法解析；AFB1相关但法规限量无法解析
28,江苏,2024,11,2024-11,生产,花生仁/炒货坚果,卤味花生,黄曲霉毒素B1（AFB1）,True,检验项目命中AFB1/黄曲霉变体,,,,,,False,,,,,False,False,,无检测数值,空值或占位符,无检测数值,空值或占位符,True,AFB1相关但浓度无法解析；AFB1相关但法规限量无法解析
29,江苏,2024,11,2024-11,生产,花生仁/炒货坚果,蒜香花生,黄曲霉毒素B1（AFB1）,True,检验项目命中AFB1/黄曲霉变体,,,,,,False,,,,,False,False,,无检测数值,空值或占位符,无检测数值,空值或占位符,True,AFB1相关但浓度无法解析；AFB1相关但法规限量无法解析
30,河南,2024,11,2024-11,流通,花生仁/炒货坚果,卤汁花生（五香味）,黄曲霉毒素B1（AFB1）,True,检验项目命中AFB1/黄曲霉变体,,,,,,False,,,,,False,False,,无检测数值,空值或占位符,无检测数值,空值或占位符,True,AFB1相关但浓度无法解析；AFB1相关但法规限量无法解析
21,广东,2024,11,2024-11,生产,花生仁/炒货坚果,水煮咸干花生,黄曲霉毒素B1（AFB1）,True,检验项目命中AFB1/黄曲霉变体,,,,,,False,,,,,False,False,,无检测数值,空值或占位符,无检测数值,空值或占位符,True,AFB1相关但浓度无法解析；AFB1相关但法规限量无法解析
22,广东,2024,11,2024-11,生产,花生仁/炒货坚果,咸香花生,黄曲霉毒素B1（AFB1）,True,检验项目命中AFB1/黄曲霉变体,,,,,,False,,,,,False,False,,无检测数值,空值或占位符,无检测数值,空值或占位符,True,AFB1相关但浓度无法解析；AFB1相关但法规限量无法解析
61,河南,2024,12,2024-12,流通,花生仁/炒货坚果,卤味花生（水煮花生）,黄曲霉毒素B1（AFB1）,True,检验项目命中AFB1/黄曲霉变体,,,,,,False,,,,,False,False,,无检测数值,空值或占位符,无检测数值,空值或占位符,True,AFB1相关但浓度无法解析；AFB1相关但法规限量无法解析
62,安徽,2024,12,2024-12,流通,花生仁/炒货坚果,鱼皮花生,黄曲霉毒素B1（AFB1）,True,检验项目命中AFB1/黄曲霉变体,,,,,,False,,,,,False,False,,无检测数值,空值或占位符,无检测数值,空值或占位符,True,AFB1相关但浓度无法解析；AFB1相关但法规限量无法解析
63,江苏,2024,12,2024-12,流通,花生仁/炒货坚果,蜂蜜酥香花生,黄曲霉毒素B1（AFB1）,True,检验项目命中AFB1/黄曲霉变体,,,,,,False,,,,,False,False,,无检测数值,空值或占位符,无检测数值,空值或占位符,True,AFB1相关但浓度无法解析；AFB1相关但法规限量无法解析
64,山东,2024,12,2024-12,流通,花生仁/炒货坚果,五香味花生仁,黄曲霉毒素B1（AFB1）,True,检验项目命中AFB1/黄曲霉变体,,,,,,False,,,,,False,False,,无检测数值,空值或占位符,无检测数值,空值或占位符,True,AFB1相关但浓度无法解析；AFB1相关但法规限量无法解析
65,安徽,2024,12,2024-12,流通,花生仁/炒货坚果,怪味花生,黄曲霉毒素B1（AFB1）,True,检验项目命中AFB1/黄曲霉变体,,,,,,False,,,,,False,False,,无检测数值,空值或占位符,无检测数值,空值或占位符,True,AFB1相关但浓度无法解析；AFB1相关但法规限量无法解析
66,浙江,2024,12,2024-12,流通,花生仁/炒货坚果,花生（蒜香味）,黄曲霉毒素B1（AFB1）,True,检验项目命中AFB1/黄曲霉变体,,,,,,False,,,,,False,False,,无检测数值,空值或占位符,无检测数值,空值或占位符,True,AFB1相关但浓度无法解析；AFB1相关但法规限量无法解析
67,江苏,2024,12,2024-12,流通,花生仁/炒货坚果,鱼皮花生（裹衣花生）,黄曲霉毒素B1（AFB1）,True,检验项目命中AFB1/黄曲霉变体,,,,,,False,,,,,False,False,,无检测数值,空值或占位符,无检测数值,空值或占位符,True,AFB1相关但浓度无法解析；AFB1相关但法规限量无法解析
33,广东,2024,12,2024-12,生产,花生仁/炒货坚果,沙炒花生,黄曲霉毒素B1（AFB1）,True,检验项目命中AFB1/黄曲霉变体,,,,,,False,,,,,False,False,,无检测数值,空值或占位符,无检测数值,空值或占位符,True,AFB1相关但浓度无法解析；AFB1相关但法规限量无法解析
23,河北,2024,12,2024-12,流通,花生仁/炒货坚果,鱼皮花生（裹衣花生）,黄曲霉毒素B1（AFB1）,True,检验项目命中AFB1/黄曲霉变体,,,,,,False,,,,,False,False,,无检测数值,空值或占位符,无检测数值,空值或占位符,True,AFB1相关但浓度无法解析；AFB1相关但法规限量无法解析
24,湖南,2024,12,2024-12,流通,花生仁/炒货坚果,咸干花生,黄曲霉毒素B1（AFB1）,True,检验项目命中AFB1/黄曲霉变体,,,,,,False,,,,,False,False,,无检测数值,空值或占位符,无检测数值,空值或占位符,True,AFB1相关但浓度无法解析；AFB1相关但法规限量无法解析
25,广东,2024,12,2024-12,流通,花生仁/炒货坚果,鱼皮花生（裹衣花生）,黄曲霉毒素B1（AFB1）,True,检验项目命中AFB1/黄曲霉变体,,,,,,False,,,,,False,False,,无检测数值,空值或占位符,无检测数值,空值或占位符,True,AFB1相关但浓度无法解析；AFB1相关但法规限量无法解析
26,山东,2024,12,2024-12,流通,花生仁/炒货坚果,黄飞红麻辣花生,黄曲霉毒素B1（AFB1）,True,检验项目命中AFB1/黄曲霉变体,,,,,,False,,,,,False,False,,无检测数值,空值或占位符,无检测数值,空值或占位符,True,AFB1相关但浓度无法解析；AFB1相关但法规限量无法解析
79,江西,2024,12,2024-12,流通,花生仁/炒货坚果,椒盐味花生,黄曲霉毒素B1（AFB1）,True,不合格项目命中AFB1/黄曲霉变体；不合格规范列命中AFB1/黄曲霉变体,45.9µg/kg,45.9,,45.9,μg/kg,False,20µg/kg,20.0,μg/kg,≤,False,True,2.295,已解析并统一单位,,已解析并统一单位,,False,
15,不详,2024,12,2024-12,流通,花生仁/炒货坚果,炒花生,黄曲霉毒素B1（AFB1）,True,检验项目命中AFB1/黄曲霉变体,,,,,,False,,,,,False,False,,无检测数值,空值或占位符,无检测数值,空值或占位符,True,AFB1相关但浓度无法解析；AFB1相关但法规限量无法解析
16,广东,2024,12,2024-12,流通,花生仁/炒货坚果,忠信花生,黄曲霉毒素B1（AFB1）,True,检验项目命中AFB1/黄曲霉变体,,,,,,False,,,,,False,False,,无检测数值,空值或占位符,无检测数值,空值或占位符,True,AFB1相关但浓度无法解析；AFB1相关但法规限量无法解析
17,湖南,2024,12,2024-12,流通,花生仁/炒货坚果,咸干花生,黄曲霉毒素B1（AFB1）,True,检验项目命中AFB1/黄曲霉变体,,,,,,False,,,,,False,False,,无检测数值,空值或占位符,无检测数值,空值或占位符,True,AFB1相关但浓度无法解析；AFB1相关但法规限量无法解析
51,广东,2024,12,2024-12,生产,花生仁/炒货坚果,芥末小生花生,黄曲霉毒素B1（AFB1）,True,检验项目命中AFB1/黄曲霉变体,,,,,,False,,,,,False,False,,无检测数值,空值或占位符,无检测数值,空值或占位符,True,AFB1相关但浓度无法解析；AFB1相关但法规限量无法解析
52,福建,2024,12,2024-12,流通,花生仁/炒货坚果,多味花生（香辣味）,黄曲霉毒素B1（AFB1）,True,检验项目命中AFB1/黄曲霉变体,,,,,,False,,,,,False,False,,无检测数值,空值或占位符,无检测数值,空值或占位符,True,AFB1相关但浓度无法解析；AFB1相关但法规限量无法解析
1,河南,2023,4,2023-04,餐饮,餐饮-->蔬菜,醋泡花生,黄曲霉毒素B1（AFB1）,True,不合格项目命中AFB1/黄曲霉变体；不合格规范列命中AFB1/黄曲霉变体,44.4 µg/kg,44.4,,44.4,μg/kg,False,20 µg/kg,20.0,μg/kg,≤,False,True,2.2199999999999998,已解析并统一单位,,已解析并统一单位,,False,
1,河南,2023,4,2023-04,餐饮,餐饮-->蔬菜,醋泡花生,黄曲霉毒素B1（AFB1）,True,不合格项目命中AFB1/黄曲霉变体；不合格规范列命中AFB1/黄曲霉变体,44.4 µg/kg,44.4,,44.4,μg/kg,False,20 µg/kg,20.0,μg/kg,≤,False,True,2.2199999999999998,已解析并统一单位,,已解析并统一单位,,False,
1,不详,2023,12,2023-12,餐饮,花生油/油脂,花生油,黄曲霉毒素B1（AFB1）,True,不合格项目命中AFB1/黄曲霉变体；不合格规范列命中AFB1/黄曲霉变体,25.3 µg/kg,25.3,,25.3,μg/kg,False,≤20 µg/kg,20.0,μg/kg,≤,False,True,1.2650000000000001,已解析并统一单位,,已解析并统一单位,,False,
2,不详,2023,12,2023-12,餐饮,花生油/油脂,花生油,黄曲霉毒素B1（AFB1）,True,不合格项目命中AFB1/黄曲霉变体；不合格规范列命中AFB1/黄曲霉变体,26.1 µg/kg,26.1,,26.1,μg/kg,False,≤20 µg/kg,20.0,μg/kg,≤,False,True,1.3050000000000002,已解析并统一单位,,已解析并统一单位,,False,
1,广东,2024,7,2024-07,餐饮,花生油/油脂,花生油,黄曲霉毒素B1（AFB1）,True,检验项目命中AFB1/黄曲霉变体,,,,,,False,,,,,False,False,,无检测数值,空值或占位符,无检测数值,空值或占位符,True,AFB1相关但浓度无法解析；AFB1相关但法规限量无法解析
86,河南,2023,1,2023-01,餐饮,花生仁/炒货坚果,油炸花生米,黄曲霉毒素B1（AFB1）,True,不合格项目命中AFB1/黄曲霉变体；不合格规范列命中AFB1/黄曲霉变体,53.6μg/kg,53.6,,53.6,μg/kg,False,≤20μg/kg,20.0,μg/kg,≤,False,True,2.68,已解析并统一单位,,已解析并统一单位,,False,
87,河南,2023,1,2023-01,餐饮,餐饮-->其他餐饮环节产品,水煮花生米,黄曲霉毒素B1（AFB1）,True,不合格项目命中AFB1/黄曲霉变体；不合格规范列命中AFB1/黄曲霉变体,39.5μg/kg,39.5,,39.5,μg/kg,False,≤20μg/kg,20.0,μg/kg,≤,False,True,1.975,已解析并统一单位,,已解析并统一单位,,False,
88,河南,2023,1,2023-01,餐饮,花生仁/炒货坚果,油炸花生米,黄曲霉毒素B1（AFB1）,True,不合格项目命中AFB1/黄曲霉变体；不合格规范列命中AFB1/黄曲霉变体,304μg/kg|90.0μg/kg,304.0,,304.0,μg/kg,False,≤20μg/kg|≤20μg/kg,20.0,μg/kg,≤,False,True,15.2,已解析并统一单位,,已解析并统一单位,,False,
89,河南,2023,1,2023-01,餐饮,餐饮-->其他餐饮环节产品,水煮花生,黄曲霉毒素B1（AFB1）,True,不合格项目命中AFB1/黄曲霉变体；不合格规范列命中AFB1/黄曲霉变体,122μg/kg,122.0,,122.0,μg/kg,False,≤20μg/kg,20.0,μg/kg,≤,False,True,6.1,已解析并统一单位,,已解析并统一单位,,False,
71,河南,2023,2,2023-02,餐饮,餐饮-->其他餐饮环节产品,水煮花生,黄曲霉毒素B1（AFB1）,True,不合格项目命中AFB1/黄曲霉变体；不合格规范列命中AFB1/黄曲霉变体,45.7μg/kg,45.7,,45.7,μg/kg,False,≤20μg/kg,20.0,μg/kg,≤,False,True,2.285,已解析并统一单位,,已解析并统一单位,,False,
72,河南,2023,2,2023-02,餐饮,花生仁/炒货坚果,油炸花生米,黄曲霉毒素B1（AFB1）,True,不合格项目命中AFB1/黄曲霉变体；不合格规范列命中AFB1/黄曲霉变体,46.4μg/kg,46.4,,46.4,μg/kg,False,≤20μg/kg,20.0,μg/kg,≤,False,True,2.32,已解析并统一单位,,已解析并统一单位,,False,
73,河南,2023,2,2023-02,餐饮,花生仁/炒货坚果,油炸花生米,黄曲霉毒素B1（AFB1）,True,不合格项目命中AFB1/黄曲霉变体；不合格规范列命中AFB1/黄曲霉变体,45.6μg/kg,45.6,,45.6,μg/kg,False,≤20μg/kg,20.0,μg/kg,≤,False,True,2.2800000000000002,已解析并统一单位,,已解析并统一单位,,False,
74,河南,2023,2,2023-02,餐饮,餐饮-->其他餐饮环节产品,水煮花生米,黄曲霉毒素B1（AFB1）,True,不合格项目命中AFB1/黄曲霉变体；不合格规范列命中AFB1/黄曲霉变体,44.7μg/kg,44.7,,44.7,μg/kg,False,≤20μg/kg,20.0,μg/kg,≤,False,True,2.2350000000000003,已解析并统一单位,,已解析并统一单位,,False,
23,河南,2023,3,2023-03,餐饮,花生仁/炒货坚果,油炸花生,黄曲霉毒素B1（AFB1）,True,不合格项目命中AFB1/黄曲霉变体；不合格规范列命中AFB1/黄曲霉变体,31.9μg/kg,31.9,,31.9,μg/kg,False,≤20μg/kg,20.0,μg/kg,≤,False,True,1.595,已解析并统一单位,,已解析并统一单位,,False,
24,河南,2023,3,2023-03,餐饮,花生仁/炒货坚果,油炸花生米,黄曲霉毒素B1（AFB1）,True,不合格项目命中AFB1/黄曲霉变体；不合格规范列命中AFB1/黄曲霉变体,33.6μg/kg,33.6,,33.6,μg/kg,False,≤20μg/kg,20.0,μg/kg,≤,False,True,1.6800000000000002,已解析并统一单位,,已解析并统一单位,,False,
25,河南,2023,3,2023-03,餐饮,餐饮-->其他餐饮环节产品,水煮花生米,黄曲霉毒素B1（AFB1）,True,不合格项目命中AFB1/黄曲霉变体；不合格规范列命中AFB1/黄曲霉变体,55.0μg/kg,55.0,,55.0,μg/kg,False,≤20μg/kg,20.0,μg/kg,≤,False,True,2.75,已解析并统一单位,,已解析并统一单位,,False,
26,河南,2023,3,2023-03,餐饮,花生仁/炒货坚果,油炸花生米,黄曲霉毒素B1（AFB1）,True,不合格项目命中AFB1/黄曲霉变体；不合格规范列命中AFB1/黄曲霉变体,47.6μg/kg,47.6,,47.6,μg/kg,False,≤20μg/kg,20.0,μg/kg,≤,False,True,2.38,已解析并统一单位,,已解析并统一单位,,False,
27,河南,2023,3,2023-03,餐饮,餐饮-->其他餐饮环节产品,水煮花生米,黄曲霉毒素B1（AFB1）,True,不合格项目命中AFB1/黄曲霉变体；不合格规范列命中AFB1/黄曲霉变体,103μg/kg,103.0,,103.0,μg/kg,False,≤20μg/kg,20.0,μg/kg,≤,False,True,5.15,已解析并统一单位,,已解析并统一单位,,False,
16,河南,2023,4,2023-04,餐饮,餐饮-->其他餐饮环节产品,水煮花生米,黄曲霉毒素B1（AFB1）,True,不合格项目命中AFB1/黄曲霉变体；不合格规范列命中AFB1/黄曲霉变体,43.2 µg/kg,43.2,,43.2,μg/kg,False,20 µg/kg,20.0,μg/kg,≤,False,True,2.16,已解析并统一单位,,已解析并统一单位,,False,
17,河南,2023,4,2023-04,餐饮,花生仁/炒货坚果,油炸花生米,黄曲霉毒素B1（AFB1）,True,不合格项目命中AFB1/黄曲霉变体；不合格规范列命中AFB1/黄曲霉变体,83.6 µg/kg,83.6,,83.6,μg/kg,False,20 µg/kg,20.0,μg/kg,≤,False,True,4.18,已解析并统一单位,,已解析并统一单位,,False,
18,河南,2023,4,2023-04,餐饮,餐饮-->其他餐饮环节产品,炸花生米,黄曲霉毒素B1（AFB1）,True,不合格项目命中AFB1/黄曲霉变体；不合格规范列命中AFB1/黄曲霉变体,57.4 µg/kg,57.4,,57.4,μg/kg,False,20 µg/kg,20.0,μg/kg,≤,False,True,2.87,已解析并统一单位,,已解析并统一单位,,False,
19,河南,2023,4,2023-04,餐饮,花生仁/炒货坚果,油炸花生米,黄曲霉毒素B1（AFB1）,True,不合格项目命中AFB1/黄曲霉变体；不合格规范列命中AFB1/黄曲霉变体,45.8 µg/kg,45.8,,45.8,μg/kg,False,20 µg/kg,20.0,μg/kg,≤,False,True,2.29,已解析并统一单位,,已解析并统一单位,,False,
20,河南,2023,4,2023-04,餐饮,花生仁/炒货坚果,油炸花生米,黄曲霉毒素B1（AFB1）,True,不合格项目命中AFB1/黄曲霉变体；不合格规范列命中AFB1/黄曲霉变体,32.0 µg/kg,32.0,,32.0,μg/kg,False,20 µg/kg,20.0,μg/kg,≤,False,True,1.6,已解析并统一单位,,已解析并统一单位,,False,
21,河南,2023,4,2023-04,餐饮,花生仁/炒货坚果,油炸花生米,黄曲霉毒素B1（AFB1）,True,不合格项目命中AFB1/黄曲霉变体；不合格规范列命中AFB1/黄曲霉变体,67.4 µg/kg,67.4,,67.4,μg/kg,False,20 µg/kg,20.0,μg/kg,≤,False,True,3.37,已解析并统一单位,,已解析并统一单位,,False,
22,河南,2023,4,2023-04,餐饮,花生仁/炒货坚果,油炸花生米,黄曲霉毒素B1（AFB1）,True,不合格项目命中AFB1/黄曲霉变体；不合格规范列命中AFB1/黄曲霉变体,39.9 µg/kg,39.9,,39.9,μg/kg,False,20 µg/kg,20.0,μg/kg,≤,False,True,1.9949999999999999,已解析并统一单位,,已解析并统一单位,,False,
23,河南,2023,4,2023-04,餐饮,花生仁/炒货坚果,油炸花生米,黄曲霉毒素B1（AFB1）,True,不合格项目命中AFB1/黄曲霉变体；不合格规范列命中AFB1/黄曲霉变体,37.2 µg/kg,37.2,,37.2,μg/kg,False,20 µg/kg,20.0,μg/kg,≤,False,True,1.86,已解析并统一单位,,已解析并统一单位,,False,
24,河南,2023,4,2023-04,餐饮,花生仁/炒货坚果,油炸花生米,黄曲霉毒素B1（AFB1）,True,不合格项目命中AFB1/黄曲霉变体；不合格规范列命中AFB1/黄曲霉变体,56.7 µg/kg,56.7,,56.7,μg/kg,False,20 µg/kg,20.0,μg/kg,≤,False,True,2.835,已解析并统一单位,,已解析并统一单位,,False,
25,河南,2023,4,2023-04,餐饮,花生仁/炒货坚果,油炸花生,黄曲霉毒素B1（AFB1）,True,不合格项目命中AFB1/黄曲霉变体；不合格规范列命中AFB1/黄曲霉变体,40.2 µg/kg,40.2,,40.2,μg/kg,False,20 µg/kg,20.0,μg/kg,≤,False,True,2.0100000000000002,已解析并统一单位,,已解析并统一单位,,False,
26,河南,2023,4,2023-04,餐饮,餐饮-->其他餐饮环节产品,水煮花生米,黄曲霉毒素B1（AFB1）,True,不合格项目命中AFB1/黄曲霉变体；不合格规范列命中AFB1/黄曲霉变体,57.4µg/kg,57.4,,57.4,μg/kg,False,20µg/kg,20.0,μg/kg,≤,False,True,2.87,已解析并统一单位,,已解析并统一单位,,False,
27,河南,2023,4,2023-04,餐饮,花生仁/炒货坚果,油炸花生米,黄曲霉毒素B1（AFB1）,True,不合格项目命中AFB1/黄曲霉变体；不合格规范列命中AFB1/黄曲霉变体,55.8µg/kg,55.8,,55.8,μg/kg,False,20µg/kg,20.0,μg/kg,≤,False,True,2.79,已解析并统一单位,,已解析并统一单位,,False,
28,河南,2023,4,2023-04,餐饮,餐饮-->其他餐饮环节产品,凉拌花生米,黄曲霉毒素B1（AFB1）,True,不合格项目命中AFB1/黄曲霉变体；不合格规范列命中AFB1/黄曲霉变体,85.3µg/kg,85.3,,85.3,μg/kg,False,20µg/kg,20.0,μg/kg,≤,False,True,4.265,已解析并统一单位,,已解析并统一单位,,False,
29,河南,2023,4,2023-04,餐饮,餐饮-->其他餐饮环节产品,炸花生米,黄曲霉毒素B1（AFB1）,True,不合格项目命中AFB1/黄曲霉变体；不合格规范列命中AFB1/黄曲霉变体,85.0 µg/kg,85.0,,85.0,μg/kg,False,20 µg/kg,20.0,μg/kg,≤,False,True,4.25,已解析并统一单位,,已解析并统一单位,,False,
16,河南,2023,4,2023-04,餐饮,餐饮-->其他餐饮环节产品,水煮花生米,黄曲霉毒素B1（AFB1）,True,不合格项目命中AFB1/黄曲霉变体；不合格规范列命中AFB1/黄曲霉变体,43.2 µg/kg,43.2,,43.2,μg/kg,False,20 µg/kg,20.0,μg/kg,≤,False,True,2.16,已解析并统一单位,,已解析并统一单位,,False,
17,河南,2023,4,2023-04,餐饮,花生仁/炒货坚果,油炸花生米,黄曲霉毒素B1（AFB1）,True,不合格项目命中AFB1/黄曲霉变体；不合格规范列命中AFB1/黄曲霉变体,83.6 µg/kg,83.6,,83.6,μg/kg,False,20 µg/kg,20.0,μg/kg,≤,False,True,4.18,已解析并统一单位,,已解析并统一单位,,False,
18,河南,2023,4,2023-04,餐饮,餐饮-->其他餐饮环节产品,炸花生米,黄曲霉毒素B1（AFB1）,True,不合格项目命中AFB1/黄曲霉变体；不合格规范列命中AFB1/黄曲霉变体,57.4 µg/kg,57.4,,57.4,μg/kg,False,20 µg/kg,20.0,μg/kg,≤,False,True,2.87,已解析并统一单位,,已解析并统一单位,,False,
19,河南,2023,4,2023-04,餐饮,花生仁/炒货坚果,油炸花生米,黄曲霉毒素B1（AFB1）,True,不合格项目命中AFB1/黄曲霉变体；不合格规范列命中AFB1/黄曲霉变体,45.8 µg/kg,45.8,,45.8,μg/kg,False,20 µg/kg,20.0,μg/kg,≤,False,True,2.29,已解析并统一单位,,已解析并统一单位,,False,
20,河南,2023,4,2023-04,餐饮,花生仁/炒货坚果,油炸花生米,黄曲霉毒素B1（AFB1）,True,不合格项目命中AFB1/黄曲霉变体；不合格规范列命中AFB1/黄曲霉变体,32.0 µg/kg,32.0,,32.0,μg/kg,False,20 µg/kg,20.0,μg/kg,≤,False,True,1.6,已解析并统一单位,,已解析并统一单位,,False,
21,河南,2023,4,2023-04,餐饮,花生仁/炒货坚果,油炸花生米,黄曲霉毒素B1（AFB1）,True,不合格项目命中AFB1/黄曲霉变体；不合格规范列命中AFB1/黄曲霉变体,67.4 µg/kg,67.4,,67.4,μg/kg,False,20 µg/kg,20.0,μg/kg,≤,False,True,3.37,已解析并统一单位,,已解析并统一单位,,False,
22,河南,2023,4,2023-04,餐饮,花生仁/炒货坚果,油炸花生米,黄曲霉毒素B1（AFB1）,True,不合格项目命中AFB1/黄曲霉变体；不合格规范列命中AFB1/黄曲霉变体,39.9 µg/kg,39.9,,39.9,μg/kg,False,20 µg/kg,20.0,μg/kg,≤,False,True,1.9949999999999999,已解析并统一单位,,已解析并统一单位,,False,
23,河南,2023,4,2023-04,餐饮,花生仁/炒货坚果,油炸花生米,黄曲霉毒素B1（AFB1）,True,不合格项目命中AFB1/黄曲霉变体；不合格规范列命中AFB1/黄曲霉变体,37.2 µg/kg,37.2,,37.2,μg/kg,False,20 µg/kg,20.0,μg/kg,≤,False,True,1.86,已解析并统一单位,,已解析并统一单位,,False,
24,河南,2023,4,2023-04,餐饮,花生仁/炒货坚果,油炸花生米,黄曲霉毒素B1（AFB1）,True,不合格项目命中AFB1/黄曲霉变体；不合格规范列命中AFB1/黄曲霉变体,56.7 µg/kg,56.7,,56.7,μg/kg,False,20 µg/kg,20.0,μg/kg,≤,False,True,2.835,已解析并统一单位,,已解析并统一单位,,False,
25,河南,2023,4,2023-04,餐饮,花生仁/炒货坚果,油炸花生,黄曲霉毒素B1（AFB1）,True,不合格项目命中AFB1/黄曲霉变体；不合格规范列命中AFB1/黄曲霉变体,40.2 µg/kg,40.2,,40.2,μg/kg,False,20 µg/kg,20.0,μg/kg,≤,False,True,2.0100000000000002,已解析并统一单位,,已解析并统一单位,,False,
26,河南,2023,4,2023-04,餐饮,餐饮-->其他餐饮环节产品,水煮花生米,黄曲霉毒素B1（AFB1）,True,不合格项目命中AFB1/黄曲霉变体；不合格规范列命中AFB1/黄曲霉变体,57.4µg/kg,57.4,,57.4,μg/kg,False,20µg/kg,20.0,μg/kg,≤,False,True,2.87,已解析并统一单位,,已解析并统一单位,,False,
27,河南,2023,4,2023-04,餐饮,花生仁/炒货坚果,油炸花生米,黄曲霉毒素B1（AFB1）,True,不合格项目命中AFB1/黄曲霉变体；不合格规范列命中AFB1/黄曲霉变体,55.8µg/kg,55.8,,55.8,μg/kg,False,20µg/kg,20.0,μg/kg,≤,False,True,2.79,已解析并统一单位,,已解析并统一单位,,False,
28,河南,2023,4,2023-04,餐饮,餐饮-->其他餐饮环节产品,凉拌花生米,黄曲霉毒素B1（AFB1）,True,不合格项目命中AFB1/黄曲霉变体；不合格规范列命中AFB1/黄曲霉变体,85.3µg/kg,85.3,,85.3,μg/kg,False,20µg/kg,20.0,μg/kg,≤,False,True,4.265,已解析并统一单位,,已解析并统一单位,,False,
29,河南,2023,4,2023-04,餐饮,餐饮-->其他餐饮环节产品,炸花生米,黄曲霉毒素B1（AFB1）,True,不合格项目命中AFB1/黄曲霉变体；不合格规范列命中AFB1/黄曲霉变体,85.0 µg/kg,85.0,,85.0,μg/kg,False,20 µg/kg,20.0,μg/kg,≤,False,True,4.25,已解析并统一单位,,已解析并统一单位,,False,
3,四川,2023,4,2023-04,餐饮,餐饮-->其他餐饮环节产品,油酥花生米,黄曲霉毒素B1（AFB1）,True,不合格项目命中AFB1/黄曲霉变体；不合格规范列命中AFB1/黄曲霉变体,86.6µg/kg,86.6,,86.6,μg/kg,False,≤20µg/kg,20.0,μg/kg,≤,False,True,4.33,已解析并统一单位,,已解析并统一单位,,False,
8,安徽,2023,5,2023-05,餐饮,花生仁/炒货坚果,油炸花生米（自制）,黄曲霉毒素B1（AFB1）,True,不合格项目命中AFB1/黄曲霉变体；不合格规范列命中AFB1/黄曲霉变体,112µg/kg,112.0,,112.0,μg/kg,False,≤20µg/kg,20.0,μg/kg,≤,False,True,5.6,已解析并统一单位,,已解析并统一单位,,False,
1,不详,2023,6,2023-06,餐饮,餐饮-->其他餐饮环节产品,花生,黄曲霉毒素B1（AFB1）,True,检验项目命中AFB1/黄曲霉变体,,,,,,False,,,,,False,False,,无检测数值,空值或占位符,无检测数值,空值或占位符,True,AFB1相关但浓度无法解析；AFB1相关但法规限量无法解析
2,不详,2023,6,2023-06,餐饮,餐饮-->其他餐饮环节产品,花生籽,黄曲霉毒素B1（AFB1）,True,检验项目命中AFB1/黄曲霉变体,,,,,,False,,,,,False,False,,无检测数值,空值或占位符,无检测数值,空值或占位符,True,AFB1相关但浓度无法解析；AFB1相关但法规限量无法解析
3,不详,2023,6,2023-06,餐饮,餐饮-->其他餐饮环节产品,花生,黄曲霉毒素B1（AFB1）,True,检验项目命中AFB1/黄曲霉变体,,,,,,False,,,,,False,False,,无检测数值,空值或占位符,无检测数值,空值或占位符,True,AFB1相关但浓度无法解析；AFB1相关但法规限量无法解析
4,广东,2023,6,2023-06,餐饮,花生仁/炒货坚果,油炸花生,黄曲霉毒素B1（AFB1）,True,检验项目命中AFB1/黄曲霉变体,,,,,,False,,,,,False,False,,无检测数值,空值或占位符,无检测数值,空值或占位符,True,AFB1相关但浓度无法解析；AFB1相关但法规限量无法解析
5,广东,2023,6,2023-06,餐饮,花生仁/炒货坚果,油炸花生,黄曲霉毒素B1（AFB1）,True,检验项目命中AFB1/黄曲霉变体,,,,,,False,,,,,False,False,,无检测数值,空值或占位符,无检测数值,空值或占位符,True,AFB1相关但浓度无法解析；AFB1相关但法规限量无法解析
6,广东,2023,6,2023-06,餐饮,餐饮-->其他餐饮环节产品,花生米,黄曲霉毒素B1（AFB1）,True,检验项目命中AFB1/黄曲霉变体,,,,,,False,,,,,False,False,,无检测数值,空值或占位符,无检测数值,空值或占位符,True,AFB1相关但浓度无法解析；AFB1相关但法规限量无法解析
7,广东,2023,6,2023-06,餐饮,餐饮-->其他餐饮环节产品,花生米,黄曲霉毒素B1（AFB1）,True,检验项目命中AFB1/黄曲霉变体,,,,,,False,,,,,False,False,,无检测数值,空值或占位符,无检测数值,空值或占位符,True,AFB1相关但浓度无法解析；AFB1相关但法规限量无法解析
8,广东,2023,6,2023-06,餐饮,餐饮-->其他餐饮环节产品,花生米,黄曲霉毒素B1（AFB1）,True,检验项目命中AFB1/黄曲霉变体,,,,,,False,,,,,False,False,,无检测数值,空值或占位符,无检测数值,空值或占位符,True,AFB1相关但浓度无法解析；AFB1相关但法规限量无法解析
9,广东,2023,6,2023-06,餐饮,花生仁/炒货坚果,油炸花生,黄曲霉毒素B1（AFB1）,True,检验项目命中AFB1/黄曲霉变体,,,,,,False,,,,,False,False,,无检测数值,空值或占位符,无检测数值,空值或占位符,True,AFB1相关但浓度无法解析；AFB1相关但法规限量无法解析
10,广东,2023,6,2023-06,餐饮,餐饮-->其他餐饮环节产品,花生米,黄曲霉毒素B1（AFB1）,True,检验项目命中AFB1/黄曲霉变体,,,,,,False,,,,,False,False,,无检测数值,空值或占位符,无检测数值,空值或占位符,True,AFB1相关但浓度无法解析；AFB1相关但法规限量无法解析
11,广东,2023,6,2023-06,餐饮,餐饮-->其他餐饮环节产品,花生米,黄曲霉毒素B1（AFB1）,True,检验项目命中AFB1/黄曲霉变体,,,,,,False,,,,,False,False,,无检测数值,空值或占位符,无检测数值,空值或占位符,True,AFB1相关但浓度无法解析；AFB1相关但法规限量无法解析
11,浙江,2023,6,2023-06,餐饮,花生仁/炒货坚果,油炸花生米,黄曲霉毒素B1（AFB1）,True,不合格项目命中AFB1/黄曲霉变体；不合格规范列命中AFB1/黄曲霉变体,158,158.0,,158.0,μg/kg,True,≤20,20.0,μg/kg,≤,True,True,7.9,已解析并统一单位,,已解析并统一单位,,False,
5,广东,2023,7,2023-07,餐饮,餐饮-->其他餐饮环节产品,炸花生,黄曲霉毒素B1（AFB1）,True,检验项目命中AFB1/黄曲霉变体,,,,,,False,,,,,False,False,,无检测数值,空值或占位符,无检测数值,空值或占位符,True,AFB1相关但浓度无法解析；AFB1相关但法规限量无法解析
3,湖南,2023,7,2023-07,餐饮,花生仁/炒货坚果,油炸花生米,黄曲霉毒素B1（AFB1）,True,检验项目命中AFB1/黄曲霉变体,,,,,,False,,,,,False,False,,无检测数值,空值或占位符,无检测数值,空值或占位符,True,AFB1相关但浓度无法解析；AFB1相关但法规限量无法解析
52,河南,2023,7,2023-07,餐饮,餐饮-->其他餐饮环节产品,水煮花生,黄曲霉毒素B1（AFB1）,True,不合格项目命中AFB1/黄曲霉变体；不合格规范列命中AFB1/黄曲霉变体,48.9µg/kg,48.9,,48.9,μg/kg,False,≤20µg/kg,20.0,μg/kg,≤,False,True,2.445,已解析并统一单位,,已解析并统一单位,,False,
2,广东,2023,8,2023-08,餐饮,餐饮-->其他餐饮环节产品,炸花生,黄曲霉毒素B1（AFB1）,True,检验项目命中AFB1/黄曲霉变体,,,,,,False,,,,,False,False,,无检测数值,空值或占位符,无检测数值,空值或占位符,True,AFB1相关但浓度无法解析；AFB1相关但法规限量无法解析
19,广东,2023,8,2023-08,餐饮,餐饮-->其他餐饮环节产品,炸花生,黄曲霉毒素B1（AFB1）,True,检验项目命中AFB1/黄曲霉变体,,,,,,False,,,,,False,False,,无检测数值,空值或占位符,无检测数值,空值或占位符,True,AFB1相关但浓度无法解析；AFB1相关但法规限量无法解析
20,广东,2023,8,2023-08,餐饮,餐饮-->其他餐饮环节产品,炸熟花生米,黄曲霉毒素B1（AFB1）,True,检验项目命中AFB1/黄曲霉变体,,,,,,False,,,,,False,False,,无检测数值,空值或占位符,无检测数值,空值或占位符,True,AFB1相关但浓度无法解析；AFB1相关但法规限量无法解析
33,山西,2023,8,2023-08,餐饮,花生仁/炒货坚果,餐饮食品（油炸花生米）,黄曲霉毒素B1（AFB1）,True,不合格项目命中AFB1/黄曲霉变体；不合格规范列命中AFB1/黄曲霉变体,99µg/kg,99.0,,99.0,μg/kg,False,≤20µg/kg,20.0,μg/kg,≤,False,True,4.95,已解析并统一单位,,已解析并统一单位,,False,
7,浙江,2023,8,2023-08,餐饮,餐饮-->其他餐饮环节产品,生花生米,黄曲霉毒素B1（AFB1）,True,不合格项目命中AFB1/黄曲霉变体；不合格规范列命中AFB1/黄曲霉变体,27.5µg/kg,27.5,,27.5,μg/kg,False,≤20µg/kg,20.0,μg/kg,≤,False,True,1.375,已解析并统一单位,,已解析并统一单位,,False,
71,山西,2023,8,2023-08,餐饮,餐饮-->其他餐饮环节产品,五香花生米（自制）,黄曲霉毒素B1（AFB1）,True,不合格项目命中AFB1/黄曲霉变体；不合格规范列命中AFB1/黄曲霉变体,57.0μg/kg,57.0,,57.0,μg/kg,False,≤20μg/kg,20.0,μg/kg,≤,False,True,2.85,已解析并统一单位,,已解析并统一单位,,False,
16,河南,2023,9,2023-09,餐饮,花生仁/炒货坚果,油炸花生籽,黄曲霉毒素B1（AFB1）,True,不合格项目命中AFB1/黄曲霉变体；不合格规范列命中AFB1/黄曲霉变体,31.1µg/kg,31.1,,31.1,μg/kg,False,≤20µg/kg,20.0,μg/kg,≤,False,True,1.5550000000000002,已解析并统一单位,,已解析并统一单位,,False,
18,广东,2023,9,2023-09,餐饮,花生油/油脂,花生油,黄曲霉毒素B1（AFB1）,True,检验项目命中AFB1/黄曲霉变体,,,,,,False,,,,,False,False,,无检测数值,空值或占位符,无检测数值,空值或占位符,True,AFB1相关但浓度无法解析；AFB1相关但法规限量无法解析
19,广东,2023,9,2023-09,餐饮,花生油/油脂,花生油,黄曲霉毒素B1（AFB1）,True,检验项目命中AFB1/黄曲霉变体,,,,,,False,,,,,False,False,,无检测数值,空值或占位符,无检测数值,空值或占位符,True,AFB1相关但浓度无法解析；AFB1相关但法规限量无法解析
20,广东,2023,9,2023-09,餐饮,花生油/油脂,花生油,黄曲霉毒素B1（AFB1）,True,检验项目命中AFB1/黄曲霉变体,,,,,,False,,,,,False,False,,无检测数值,空值或占位符,无检测数值,空值或占位符,True,AFB1相关但浓度无法解析；AFB1相关但法规限量无法解析
21,广东,2023,9,2023-09,餐饮,花生油/油脂,花生油,黄曲霉毒素B1（AFB1）,True,检验项目命中AFB1/黄曲霉变体,,,,,,False,,,,,False,False,,无检测数值,空值或占位符,无检测数值,空值或占位符,True,AFB1相关但浓度无法解析；AFB1相关但法规限量无法解析
22,广东,2023,9,2023-09,餐饮,花生油/油脂,花生油,黄曲霉毒素B1（AFB1）,True,检验项目命中AFB1/黄曲霉变体,,,,,,False,,,,,False,False,,无检测数值,空值或占位符,无检测数值,空值或占位符,True,AFB1相关但浓度无法解析；AFB1相关但法规限量无法解析
21,广东,2023,10,2023-10,餐饮,餐饮-->其他餐饮环节产品,炸花生,黄曲霉毒素B1（AFB1）,True,检验项目命中AFB1/黄曲霉变体,,,,,,False,,,,,False,False,,无检测数值,空值或占位符,无检测数值,空值或占位符,True,AFB1相关但浓度无法解析；AFB1相关但法规限量无法解析
22,广东,2023,10,2023-10,餐饮,餐饮-->其他餐饮环节产品,炸花生米,黄曲霉毒素B1（AFB1）,True,检验项目命中AFB1/黄曲霉变体,,,,,,False,,,,,False,False,,无检测数值,空值或占位符,无检测数值,空值或占位符,True,AFB1相关但浓度无法解析；AFB1相关但法规限量无法解析
23,广东,2023,10,2023-10,餐饮,餐饮-->其他餐饮环节产品,炸花生,黄曲霉毒素B1（AFB1）,True,检验项目命中AFB1/黄曲霉变体,,,,,,False,,,,,False,False,,无检测数值,空值或占位符,无检测数值,空值或占位符,True,AFB1相关但浓度无法解析；AFB1相关但法规限量无法解析
57,不详,2023,10,2023-10,餐饮,餐饮-->其他餐饮环节产品,水煮花生,黄曲霉毒素B1（AFB1）,True,不合格项目命中AFB1/黄曲霉变体；不合格规范列命中AFB1/黄曲霉变体,/,,,,,False,/,,,,False,True,,无检测数值,空值或占位符,无检测数值,空值或占位符,True,AFB1相关但浓度无法解析；AFB1相关但法规限量无法解析
58,不详,2023,10,2023-10,餐饮,餐饮-->其他餐饮环节产品,水煮花生,黄曲霉毒素B1（AFB1）,True,不合格项目命中AFB1/黄曲霉变体；不合格规范列命中AFB1/黄曲霉变体,/,,,,,False,/,,,,False,True,,无检测数值,空值或占位符,无检测数值,空值或占位符,True,AFB1相关但浓度无法解析；AFB1相关但法规限量无法解析
2,河南,2023,10,2023-10,餐饮,花生仁/炒货坚果,油炸花生米,黄曲霉毒素B1（AFB1）,True,不合格项目命中AFB1/黄曲霉变体；不合格规范列命中AFB1/黄曲霉变体,180µg/kg,180.0,,180.0,μg/kg,False,20µg/kg,20.0,μg/kg,≤,False,True,9.0,已解析并统一单位,,已解析并统一单位,,False,
3,河南,2023,10,2023-10,餐饮,花生仁/炒货坚果,油炸花生米,黄曲霉毒素B1（AFB1）,True,不合格项目命中AFB1/黄曲霉变体；不合格规范列命中AFB1/黄曲霉变体,173µg/kg,173.0,,173.0,μg/kg,False,20µg/kg,20.0,μg/kg,≤,False,True,8.65,已解析并统一单位,,已解析并统一单位,,False,
4,河南,2023,10,2023-10,餐饮,花生仁/炒货坚果,油炸花生米,黄曲霉毒素B1（AFB1）,True,不合格项目命中AFB1/黄曲霉变体；不合格规范列命中AFB1/黄曲霉变体,287µg/kg,287.0,,287.0,μg/kg,False,20µg/kg,20.0,μg/kg,≤,False,True,14.35,已解析并统一单位,,已解析并统一单位,,False,
91,贵州,2023,10,2023-10,餐饮,花生仁/炒货坚果,自制油炸花生米,黄曲霉毒素B1（AFB1）,True,不合格项目命中AFB1/黄曲霉变体；不合格规范列命中AFB1/黄曲霉变体,352µg/kg,352.0,,352.0,μg/kg,False,≤20µg/kg,20.0,μg/kg,≤,False,True,17.6,已解析并统一单位,,已解析并统一单位,,False,
92,贵州,2023,10,2023-10,餐饮,花生仁/炒货坚果,自制油炸花生米,黄曲霉毒素B1（AFB1）,True,不合格项目命中AFB1/黄曲霉变体；不合格规范列命中AFB1/黄曲霉变体,92.8µg/kg,92.8,,92.8,μg/kg,False,≤20µg/kg,20.0,μg/kg,≤,False,True,4.64,已解析并统一单位,,已解析并统一单位,,False,
93,贵州,2023,10,2023-10,餐饮,花生仁/炒货坚果,油炸花生（自制）,黄曲霉毒素B1（AFB1）,True,不合格项目命中AFB1/黄曲霉变体；不合格规范列命中AFB1/黄曲霉变体,159µg/kg,159.0,,159.0,μg/kg,False,≤20µg/kg,20.0,μg/kg,≤,False,True,7.95,已解析并统一单位,,已解析并统一单位,,False,
94,贵州,2023,10,2023-10,餐饮,花生仁/炒货坚果,自制油炸花生,黄曲霉毒素B1（AFB1）,True,不合格项目命中AFB1/黄曲霉变体；不合格规范列命中AFB1/黄曲霉变体,129µg/kg,129.0,,129.0,μg/kg,False,≤20µg/kg,20.0,μg/kg,≤,False,True,6.45,已解析并统一单位,,已解析并统一单位,,False,
40,山东,2023,11,2023-11,餐饮,餐饮-->其他餐饮环节产品,炸花生米,黄曲霉毒素B1（AFB1）,True,不合格项目命中AFB1/黄曲霉变体；不合格规范列命中AFB1/黄曲霉变体,106µg/kg,106.0,,106.0,μg/kg,False,≤20µg/kg,20.0,μg/kg,≤,False,True,5.3,已解析并统一单位,,已解析并统一单位,,False,
46,河南,2023,11,2023-11,餐饮,花生仁/炒货坚果,油炸花生米,黄曲霉毒素B1（AFB1）,True,不合格项目命中AFB1/黄曲霉变体；不合格规范列命中AFB1/黄曲霉变体,52.4μg/kg,52.4,,52.4,μg/kg,False,≤20μg/kg,20.0,μg/kg,≤,False,True,2.62,已解析并统一单位,,已解析并统一单位,,False,
7,山东,2023,11,2023-11,餐饮,花生仁/炒货坚果,油炸花生米（自制）,黄曲霉毒素B1（AFB1）,True,不合格项目命中AFB1/黄曲霉变体；不合格规范列命中AFB1/黄曲霉变体,,,,,,False,,,,,False,True,,无检测数值,空值或占位符,无检测数值,空值或占位符,True,AFB1相关但浓度无法解析；AFB1相关但法规限量无法解析
50,湖北,2023,11,2023-11,餐饮,花生仁/炒货坚果,油炸花生米（自制）,黄曲霉毒素B1（AFB1）,True,不合格项目命中AFB1/黄曲霉变体；不合格规范列命中AFB1/黄曲霉变体,,,,,,False,,,,,False,True,,无检测数值,空值或占位符,无检测数值,空值或占位符,True,AFB1相关但浓度无法解析；AFB1相关但法规限量无法解析
55,湖北,2023,11,2023-11,餐饮,花生仁/炒货坚果,油炸花生米（自制）,黄曲霉毒素B1（AFB1）,True,不合格项目命中AFB1/黄曲霉变体；不合格规范列命中AFB1/黄曲霉变体,,,,,,False,,,,,False,True,,无检测数值,空值或占位符,无检测数值,空值或占位符,True,AFB1相关但浓度无法解析；AFB1相关但法规限量无法解析
36,河南,2023,11,2023-11,餐饮,餐饮-->其他餐饮环节产品,水煮花生米,黄曲霉毒素B1（AFB1）,True,不合格项目命中AFB1/黄曲霉变体；不合格规范列命中AFB1/黄曲霉变体,51.2μg/kg,51.2,,51.2,μg/kg,False,≤20μg/kg,20.0,μg/kg,≤,False,True,2.56,已解析并统一单位,,已解析并统一单位,,False,
3,河南,2023,11,2023-11,餐饮,餐饮-->其他餐饮环节产品,水煮花生米,黄曲霉毒素B1（AFB1）,True,不合格项目命中AFB1/黄曲霉变体；不合格规范列命中AFB1/黄曲霉变体,55.0µg/kg,55.0,,55.0,μg/kg,False,≤20µg/kg,20.0,μg/kg,≤,False,True,2.75,已解析并统一单位,,已解析并统一单位,,False,
35,江苏,2023,12,2023-12,餐饮,含花生复合食品,酒鬼花生（餐饮食品）,黄曲霉毒素B1（AFB1）,True,不合格项目命中AFB1/黄曲霉变体；不合格规范列命中AFB1/黄曲霉变体,53.0µg/kg,53.0,,53.0,μg/kg,False,≤20µg/kg,20.0,μg/kg,≤,False,True,2.65,已解析并统一单位,,已解析并统一单位,,False,
36,河南,2023,12,2023-12,餐饮,餐饮-->其他餐饮环节产品,水煮花生,黄曲霉毒素B1（AFB1）,True,不合格项目命中AFB1/黄曲霉变体；不合格规范列命中AFB1/黄曲霉变体,65.8μg/kg,65.8,,65.8,μg/kg,False,≤20μg/kg,20.0,μg/kg,≤,False,True,3.29,已解析并统一单位,,已解析并统一单位,,False,
32,山西,2023,12,2023-12,餐饮,花生仁/炒货坚果,油炸花生米,黄曲霉毒素B1（AFB1）,True,不合格项目命中AFB1/黄曲霉变体；不合格规范列命中AFB1/黄曲霉变体,84.9μg/kg,84.9,,84.9,μg/kg,False,≤20μg/kg,20.0,μg/kg,≤,False,True,4.245,已解析并统一单位,,已解析并统一单位,,False,
25,山东,2023,12,2023-12,餐饮,花生仁/炒货坚果,油炸花生米,黄曲霉毒素B1（AFB1）,True,不合格项目命中AFB1/黄曲霉变体；不合格规范列命中AFB1/黄曲霉变体,192µg/kg,192.0,,192.0,μg/kg,False,≤20µg/kg,20.0,μg/kg,≤,False,True,9.6,已解析并统一单位,,已解析并统一单位,,False,
26,山东,2023,12,2023-12,餐饮,餐饮-->其他餐饮环节产品,水煮花生米,黄曲霉毒素B1（AFB1）,True,不合格项目命中AFB1/黄曲霉变体；不合格规范列命中AFB1/黄曲霉变体,70.8µg/kg,70.8,,70.8,μg/kg,False,≤20µg/kg,20.0,μg/kg,≤,False,True,3.54,已解析并统一单位,,已解析并统一单位,,False,
28,山西,2023,12,2023-12,餐饮,花生仁/炒货坚果,油炸花生米,黄曲霉毒素B1（AFB1）,True,不合格项目命中AFB1/黄曲霉变体；不合格规范列命中AFB1/黄曲霉变体,66.0μg/kg,66.0,,66.0,μg/kg,False,≤20μg/kg,20.0,μg/kg,≤,False,True,3.3,已解析并统一单位,,已解析并统一单位,,False,
22,江苏,2023,12,2023-12,餐饮,花生仁/炒货坚果,油炸花生米,黄曲霉毒素B1（AFB1）,True,检验项目命中AFB1/黄曲霉变体,,,,,,False,,,,,False,False,,无检测数值,空值或占位符,无检测数值,空值或占位符,True,AFB1相关但浓度无法解析；AFB1相关但法规限量无法解析
23,江苏,2023,12,2023-12,餐饮,花生仁/炒货坚果,油炸花生米,黄曲霉毒素B1（AFB1）,True,检验项目命中AFB1/黄曲霉变体,,,,,,False,,,,,False,False,,无检测数值,空值或占位符,无检测数值,空值或占位符,True,AFB1相关但浓度无法解析；AFB1相关但法规限量无法解析
24,江苏,2023,12,2023-12,餐饮,花生仁/炒货坚果,油炸花生米,黄曲霉毒素B1（AFB1）,True,检验项目命中AFB1/黄曲霉变体,,,,,,False,,,,,False,False,,无检测数值,空值或占位符,无检测数值,空值或占位符,True,AFB1相关但浓度无法解析；AFB1相关但法规限量无法解析
25,江苏,2023,12,2023-12,餐饮,花生仁/炒货坚果,油炸花生米,黄曲霉毒素B1（AFB1）,True,检验项目命中AFB1/黄曲霉变体,,,,,,False,,,,,False,False,,无检测数值,空值或占位符,无检测数值,空值或占位符,True,AFB1相关但浓度无法解析；AFB1相关但法规限量无法解析
26,江苏,2023,12,2023-12,餐饮,花生仁/炒货坚果,油炸花生米,黄曲霉毒素B1（AFB1）,True,检验项目命中AFB1/黄曲霉变体,,,,,,False,,,,,False,False,,无检测数值,空值或占位符,无检测数值,空值或占位符,True,AFB1相关但浓度无法解析；AFB1相关但法规限量无法解析
27,江苏,2023,12,2023-12,餐饮,餐饮-->其他餐饮环节产品,自制水煮花生米,黄曲霉毒素B1（AFB1）,True,检验项目命中AFB1/黄曲霉变体,,,,,,False,,,,,False,False,,无检测数值,空值或占位符,无检测数值,空值或占位符,True,AFB1相关但浓度无法解析；AFB1相关但法规限量无法解析
28,江苏,2023,12,2023-12,餐饮,花生仁/炒货坚果,油炸花生米,黄曲霉毒素B1（AFB1）,True,检验项目命中AFB1/黄曲霉变体,,,,,,False,,,,,False,False,,无检测数值,空值或占位符,无检测数值,空值或占位符,True,AFB1相关但浓度无法解析；AFB1相关但法规限量无法解析
29,江苏,2023,12,2023-12,餐饮,花生仁/炒货坚果,油炸花生米自制,黄曲霉毒素B1（AFB1）,True,检验项目命中AFB1/黄曲霉变体,,,,,,False,,,,,False,False,,无检测数值,空值或占位符,无检测数值,空值或占位符,True,AFB1相关但浓度无法解析；AFB1相关但法规限量无法解析
30,江苏,2023,12,2023-12,餐饮,餐饮-->其他餐饮环节产品,自制水煮花生米,黄曲霉毒素B1（AFB1）,True,检验项目命中AFB1/黄曲霉变体,,,,,,False,,,,,False,False,,无检测数值,空值或占位符,无检测数值,空值或占位符,True,AFB1相关但浓度无法解析；AFB1相关但法规限量无法解析
31,江苏,2023,12,2023-12,餐饮,花生仁/炒货坚果,油炸花生米（自制）,黄曲霉毒素B1（AFB1）,True,检验项目命中AFB1/黄曲霉变体,,,,,,False,,,,,False,False,,无检测数值,空值或占位符,无检测数值,空值或占位符,True,AFB1相关但浓度无法解析；AFB1相关但法规限量无法解析
32,江苏,2023,12,2023-12,餐饮,含花生复合食品,水煮花生米（餐饮食品）,黄曲霉毒素B1（AFB1）,True,检验项目命中AFB1/黄曲霉变体,,,,,,False,,,,,False,False,,无检测数值,空值或占位符,无检测数值,空值或占位符,True,AFB1相关但浓度无法解析；AFB1相关但法规限量无法解析
33,江苏,2023,12,2023-12,餐饮,花生仁/炒货坚果,油炸梅菜花生米（餐饮食品）,黄曲霉毒素B1（AFB1）,True,检验项目命中AFB1/黄曲霉变体,,,,,,False,,,,,False,False,,无检测数值,空值或占位符,无检测数值,空值或占位符,True,AFB1相关但浓度无法解析；AFB1相关但法规限量无法解析
34,江苏,2023,12,2023-12,餐饮,餐饮-->其他餐饮环节产品,水煮花生米,黄曲霉毒素B1（AFB1）,True,检验项目命中AFB1/黄曲霉变体,,,,,,False,,,,,False,False,,无检测数值,空值或占位符,无检测数值,空值或占位符,True,AFB1相关但浓度无法解析；AFB1相关但法规限量无法解析
35,江苏,2023,12,2023-12,餐饮,餐饮-->其他餐饮环节产品,水煮花生米,黄曲霉毒素B1（AFB1）,True,检验项目命中AFB1/黄曲霉变体,,,,,,False,,,,,False,False,,无检测数值,空值或占位符,无检测数值,空值或占位符,True,AFB1相关但浓度无法解析；AFB1相关但法规限量无法解析
36,江苏,2023,12,2023-12,餐饮,餐饮-->其他餐饮环节产品,水煮花生米,黄曲霉毒素B1（AFB1）,True,检验项目命中AFB1/黄曲霉变体,,,,,,False,,,,,False,False,,无检测数值,空值或占位符,无检测数值,空值或占位符,True,AFB1相关但浓度无法解析；AFB1相关但法规限量无法解析
37,江苏,2023,12,2023-12,餐饮,花生仁/炒货坚果,油炸花生米,黄曲霉毒素B1（AFB1）,True,检验项目命中AFB1/黄曲霉变体,,,,,,False,,,,,False,False,,无检测数值,空值或占位符,无检测数值,空值或占位符,True,AFB1相关但浓度无法解析；AFB1相关但法规限量无法解析
12,湖北,2023,12,2023-12,餐饮,花生仁/炒货坚果,油炸花生米（自制）,黄曲霉毒素B1（AFB1）,True,不合格项目命中AFB1/黄曲霉变体；不合格规范列命中AFB1/黄曲霉变体,25.6µg/kg,25.6,,25.6,μg/kg,False,≤20µg/kg,20.0,μg/kg,≤,False,True,1.28,已解析并统一单位,,已解析并统一单位,,False,
5,广西,2023,12,2023-12,餐饮,花生仁/炒货坚果,油炸花生（自制）,黄曲霉毒素B1（AFB1）,True,不合格项目命中AFB1/黄曲霉变体；不合格规范列命中AFB1/黄曲霉变体,177µg/kg,177.0,,177.0,μg/kg,False,20µg/kg,20.0,μg/kg,≤,False,True,8.85,已解析并统一单位,,已解析并统一单位,,False,
54,贵州,2023,12,2023-12,餐饮,花生仁/炒货坚果,自制油炸花生米,黄曲霉毒素B1（AFB1）,True,不合格项目命中AFB1/黄曲霉变体；不合格规范列命中AFB1/黄曲霉变体,95.1µg/kg,95.1,,95.1,μg/kg,False,20µg/kg,20.0,μg/kg,≤,False,True,4.755,已解析并统一单位,,已解析并统一单位,,False,
55,云南,2023,12,2023-12,餐饮,餐饮-->其他餐饮环节产品,炸花生（自制）,黄曲霉毒素B1（AFB1）,True,不合格项目命中AFB1/黄曲霉变体；不合格规范列命中AFB1/黄曲霉变体,146μg/kg,146.0,,146.0,μg/kg,False,≤20μg/kg,20.0,μg/kg,≤,False,True,7.3,已解析并统一单位,,已解析并统一单位,,False,
21,江苏,2023,12,2023-12,餐饮,餐饮-->其他餐饮环节产品,五香花生,黄曲霉毒素B1（AFB1）,True,检验项目命中AFB1/黄曲霉变体,,,,,,False,,,,,False,False,,无检测数值,空值或占位符,无检测数值,空值或占位符,True,AFB1相关但浓度无法解析；AFB1相关但法规限量无法解析
22,江苏,2023,12,2023-12,餐饮,餐饮-->其他餐饮环节产品,酒鬼花生,黄曲霉毒素B1（AFB1）,True,检验项目命中AFB1/黄曲霉变体,,,,,,False,,,,,False,False,,无检测数值,空值或占位符,无检测数值,空值或占位符,True,AFB1相关但浓度无法解析；AFB1相关但法规限量无法解析
23,江苏,2023,12,2023-12,餐饮,餐饮-->其他餐饮环节产品,咸味花生米,黄曲霉毒素B1（AFB1）,True,检验项目命中AFB1/黄曲霉变体,,,,,,False,,,,,False,False,,无检测数值,空值或占位符,无检测数值,空值或占位符,True,AFB1相关但浓度无法解析；AFB1相关但法规限量无法解析
24,江苏,2023,12,2023-12,餐饮,餐饮-->其他餐饮环节产品,五香花生米,黄曲霉毒素B1（AFB1）,True,检验项目命中AFB1/黄曲霉变体,,,,,,False,,,,,False,False,,无检测数值,空值或占位符,无检测数值,空值或占位符,True,AFB1相关但浓度无法解析；AFB1相关但法规限量无法解析
39,江苏,2023,12,2023-12,流通,餐饮-->其他餐饮环节产品,花生米,黄曲霉毒素B1（AFB1）,True,不合格项目命中AFB1/黄曲霉变体；不合格规范列命中AFB1/黄曲霉变体,29.1μg/kg,29.1,,29.1,μg/kg,False,≤20μg/kg,20.0,μg/kg,≤,False,True,1.455,已解析并统一单位,,已解析并统一单位,,False,
74,四川,2023,12,2023-12,餐饮,花生仁/炒货坚果,自制油炸花生,黄曲霉毒素B1（AFB1）,True,不合格项目命中AFB1/黄曲霉变体；不合格规范列命中AFB1/黄曲霉变体,150μg/kg,150.0,,150.0,μg/kg,False,≤20μg/kg,20.0,μg/kg,≤,False,True,7.5,已解析并统一单位,,已解析并统一单位,,False,
4,云南,2023,12,2023-12,餐饮,餐饮-->其他餐饮环节产品,炸花生（自制）,黄曲霉毒素B1（AFB1）,True,不合格项目命中AFB1/黄曲霉变体；不合格规范列命中AFB1/黄曲霉变体,63.2μg/kg,63.2,,63.2,μg/kg,False,≤20μg/kg,20.0,μg/kg,≤,False,True,3.16,已解析并统一单位,,已解析并统一单位,,False,
34,浙江,2023,12,2023-12,餐饮,餐饮-->其他餐饮环节产品,花生米,黄曲霉毒素B1（AFB1）,True,不合格项目命中AFB1/黄曲霉变体；不合格规范列命中AFB1/黄曲霉变体,518μg/kg,518.0,,518.0,μg/kg,False,≤20μg/kg,20.0,μg/kg,≤,False,True,25.9,已解析并统一单位,,已解析并统一单位,,False,
35,河南,2023,12,2023-12,餐饮,餐饮-->其他餐饮环节产品,水煮花生米,黄曲霉毒素B1（AFB1）,True,不合格项目命中AFB1/黄曲霉变体；不合格规范列命中AFB1/黄曲霉变体,107μg/kg,107.0,,107.0,μg/kg,False,≤20μg/kg,20.0,μg/kg,≤,False,True,5.35,已解析并统一单位,,已解析并统一单位,,False,
26,河南,2023,12,2023-12,餐饮,花生仁/炒货坚果,油炸花生米,黄曲霉毒素B1（AFB1）,True,不合格项目命中AFB1/黄曲霉变体；不合格规范列命中AFB1/黄曲霉变体,441μg/kg,441.0,,441.0,μg/kg,False,≤20μg/kg,20.0,μg/kg,≤,False,True,22.05,已解析并统一单位,,已解析并统一单位,,False,
36,湖北,2024,1,2024-01,餐饮,花生仁/炒货坚果,油炸花生米（自制）,黄曲霉毒素B1（AFB1）,True,不合格项目命中AFB1/黄曲霉变体；不合格规范列命中AFB1/黄曲霉变体,51.8µg/kg,51.8,,51.8,μg/kg,False,≤20µg/kg,20.0,μg/kg,≤,False,True,2.59,已解析并统一单位,,已解析并统一单位,,False,
12,不详,2024,1,2024-01,餐饮,花生仁/炒货坚果,油炸花生米（自制）,黄曲霉毒素B1（AFB1）,True,不合格项目命中AFB1/黄曲霉变体；不合格规范列命中AFB1/黄曲霉变体,122μg/kg,122.0,,122.0,μg/kg,False,≤20μg/kg,20.0,μg/kg,≤,False,True,6.1,已解析并统一单位,,已解析并统一单位,,False,
16,四川,2024,1,2024-01,餐饮,花生仁/炒货坚果,油炸花生米,黄曲霉毒素B1（AFB1）,True,不合格项目命中AFB1/黄曲霉变体；不合格规范列命中AFB1/黄曲霉变体,185µ1g/kg,185.0,,185.0,μg/kg,True,≤20µg/kg,20.0,μg/kg,≤,False,True,9.25,已解析并统一单位,,已解析并统一单位,,False,
13,安徽,2024,1,2024-01,餐饮,花生仁/炒货坚果,油炸花生米,黄曲霉毒素B1（AFB1）,True,不合格项目命中AFB1/黄曲霉变体；不合格规范列命中AFB1/黄曲霉变体,46.2µg/kg,46.2,,46.2,μg/kg,False,≤20µg/kg,20.0,μg/kg,≤,False,True,2.31,已解析并统一单位,,已解析并统一单位,,False,
1,河南,2024,3,2024-03,餐饮,餐饮-->其他餐饮环节产品,香酥花生,黄曲霉毒素B1（AFB1）,True,不合格项目命中AFB1/黄曲霉变体；不合格规范列命中AFB1/黄曲霉变体,35.3µg/kg,35.3,,35.3,μg/kg,False,≤20µg/kg,20.0,μg/kg,≤,False,True,1.765,已解析并统一单位,,已解析并统一单位,,False,
3,贵州,2024,3,2024-03,流通,花生仁/炒货坚果,油炸花生米,黄曲霉毒素B1（AFB1）,True,不合格项目命中AFB1/黄曲霉变体；不合格规范列命中AFB1/黄曲霉变体,91.0µg/kg,91.0,,91.0,μg/kg,False,≤20µg/kg,20.0,μg/kg,≤,False,True,4.55,已解析并统一单位,,已解析并统一单位,,False,
2,河南,2024,3,2024-03,餐饮,餐饮-->其他餐饮环节产品,香酥花生,黄曲霉毒素B1（AFB1）,True,不合格项目命中AFB1/黄曲霉变体；不合格规范列命中AFB1/黄曲霉变体,66.5µg/kg,66.5,,66.5,μg/kg,False,≤20µg/kg,20.0,μg/kg,≤,False,True,3.325,已解析并统一单位,,已解析并统一单位,,False,
3,甘肃,2024,3,2024-03,餐饮,花生仁/炒货坚果,油炸花生米,黄曲霉毒素B1（AFB1）,True,不合格项目命中AFB1/黄曲霉变体；不合格规范列命中AFB1/黄曲霉变体,36.2µg/kg,36.2,,36.2,μg/kg,False,20µg/kg,20.0,μg/kg,≤,False,True,1.81,已解析并统一单位,,已解析并统一单位,,False,
4,甘肃,2024,3,2024-03,餐饮,花生仁/炒货坚果,油炸花生米（自制）,黄曲霉毒素B1（AFB1）,True,不合格项目命中AFB1/黄曲霉变体；不合格规范列命中AFB1/黄曲霉变体,76.2µg/kg,76.2,,76.2,μg/kg,False,20µg/kg,20.0,μg/kg,≤,False,True,3.81,已解析并统一单位,,已解析并统一单位,,False,
24,四川,2024,3,2024-03,餐饮,餐饮-->其他餐饮环节产品,油酥花生米,黄曲霉毒素B1（AFB1）,True,不合格项目命中AFB1/黄曲霉变体；不合格规范列命中AFB1/黄曲霉变体,102ug/kg,102.0,,102.0,μg/kg,False,≤20ug/kg,20.0,μg/kg,≤,False,True,5.1,已解析并统一单位,,已解析并统一单位,,False,
29,云南,2024,4,2024-04,餐饮,花生仁/炒货坚果,油炸花生（自制）,黄曲霉毒素B1（AFB1）,True,不合格项目命中AFB1/黄曲霉变体；不合格规范列命中AFB1/黄曲霉变体,27.4μg/kg,27.4,,27.4,μg/kg,False,≤20μg/kg,20.0,μg/kg,≤,False,True,1.3699999999999999,已解析并统一单位,,已解析并统一单位,,False,
19,海南,2024,4,2024-04,餐饮,花生仁/炒货坚果,油炸花生,黄曲霉毒素B1（AFB1）,True,不合格项目命中AFB1/黄曲霉变体；不合格规范列命中AFB1/黄曲霉变体,281μg/kg,281.0,,281.0,μg/kg,False,≤20μg/kg,20.0,μg/kg,≤,False,True,14.05,已解析并统一单位,,已解析并统一单位,,False,
12,山东,2024,5,2024-05,餐饮,花生仁/炒货坚果,油炸花生米,黄曲霉毒素B1（AFB1）,True,不合格项目命中AFB1/黄曲霉变体；不合格规范列命中AFB1/黄曲霉变体,307µg/kg,307.0,,307.0,μg/kg,False,20µg/kg,20.0,μg/kg,≤,False,True,15.35,已解析并统一单位,,已解析并统一单位,,False,
13,山东,2024,5,2024-05,餐饮,餐饮-->其他餐饮环节产品,生花生米,黄曲霉毒素B1（AFB1）,True,不合格项目命中AFB1/黄曲霉变体；不合格规范列命中AFB1/黄曲霉变体,155μg/kg,155.0,,155.0,μg/kg,False,20μg/kg,20.0,μg/kg,≤,False,True,7.75,已解析并统一单位,,已解析并统一单位,,False,
13,山东,2024,5,2024-05,餐饮,花生仁/炒货坚果,油炸花生米,黄曲霉毒素B1（AFB1）,True,不合格项目命中AFB1/黄曲霉变体；不合格规范列命中AFB1/黄曲霉变体,110μg/kg,110.0,,110.0,μg/kg,False,≤20μg/kg,20.0,μg/kg,≤,False,True,5.5,已解析并统一单位,,已解析并统一单位,,False,
19,河北,2024,5,2024-05,餐饮,餐饮-->其他餐饮环节产品,水煮花生米,黄曲霉毒素B1（AFB1）,True,不合格项目命中AFB1/黄曲霉变体；不合格规范列命中AFB1/黄曲霉变体,171µg/kg,171.0,,171.0,μg/kg,False,≤20µg/kg,20.0,μg/kg,≤,False,True,8.55,已解析并统一单位,,已解析并统一单位,,False,
20,河北,2024,5,2024-05,餐饮,餐饮-->其他餐饮环节产品,水煮花生米,黄曲霉毒素B1（AFB1）,True,不合格项目命中AFB1/黄曲霉变体；不合格规范列命中AFB1/黄曲霉变体,31.8µg/kg,31.8,,31.8,μg/kg,False,≤20µg/kg,20.0,μg/kg,≤,False,True,1.59,已解析并统一单位,,已解析并统一单位,,False,
2,甘肃,2024,5,2024-05,餐饮,花生仁/炒货坚果,油炸花生米,黄曲霉毒素B1（AFB1）,True,不合格项目命中AFB1/黄曲霉变体；不合格规范列命中AFB1/黄曲霉变体,64.4µg/kg,64.4,,64.4,μg/kg,False,20µg/kg,20.0,μg/kg,≤,False,True,3.22,已解析并统一单位,,已解析并统一单位,,False,
20,广东,2024,5,2024-05,餐饮,餐饮-->其他餐饮环节产品,淮盐红衣花生米,黄曲霉毒素B1（AFB1）,True,不合格项目命中AFB1/黄曲霉变体；不合格规范列命中AFB1/黄曲霉变体,75.9μg/kg,75.9,,75.9,μg/kg,False,≤20ug/kg,20.0,μg/kg,≤,False,True,3.7950000000000004,已解析并统一单位,,已解析并统一单位,,False,
7,浙江,2024,5,2024-05,餐饮,花生仁/炒货坚果,油炸花生米,黄曲霉毒素B1（AFB1）,True,不合格项目命中AFB1/黄曲霉变体；不合格规范列命中AFB1/黄曲霉变体,46.2µg/kg,46.2,,46.2,μg/kg,False,≤20µg/kg,20.0,μg/kg,≤,False,True,2.31,已解析并统一单位,,已解析并统一单位,,False,
12,广东,2024,6,2024-06,餐饮,餐饮-->其他餐饮环节产品,炸花生（自制）,黄曲霉毒素B1（AFB1）,True,检验项目命中AFB1/黄曲霉变体,,,,,,False,,,,,False,False,,无检测数值,空值或占位符,无检测数值,空值或占位符,True,AFB1相关但浓度无法解析；AFB1相关但法规限量无法解析
13,广东,2024,6,2024-06,餐饮,花生仁/炒货坚果,油炸花生米（自制）,黄曲霉毒素B1（AFB1）,True,检验项目命中AFB1/黄曲霉变体,,,,,,False,,,,,False,False,,无检测数值,空值或占位符,无检测数值,空值或占位符,True,AFB1相关但浓度无法解析；AFB1相关但法规限量无法解析
17,广东,2024,6,2024-06,餐饮,花生仁/炒货坚果,油炸花生米（自制）,黄曲霉毒素B1（AFB1）,True,不合格项目命中AFB1/黄曲霉变体；不合格规范列命中AFB1/黄曲霉变体；检验项目命中AFB1/黄曲霉变体,50.8,50.8,,50.8,μg/kg,True,≤20,20.0,μg/kg,≤,True,True,2.54,已解析并统一单位,,已解析并统一单位,,False,
23,河南,2024,6,2024-06,餐饮,餐饮-->其他餐饮环节产品,水煮花生,黄曲霉毒素B1（AFB1）,True,不合格项目命中AFB1/黄曲霉变体；不合格规范列命中AFB1/黄曲霉变体,43.8μg/kg,43.8,,43.8,μg/kg,False,≤20μg/kg,20.0,μg/kg,≤,False,True,2.19,已解析并统一单位,,已解析并统一单位,,False,
24,河南,2024,6,2024-06,餐饮,餐饮-->其他餐饮环节产品,水煮花生,黄曲霉毒素B1（AFB1）,True,不合格项目命中AFB1/黄曲霉变体；不合格规范列命中AFB1/黄曲霉变体,217μg/kg,217.0,,217.0,μg/kg,False,≤20μg/kg,20.0,μg/kg,≤,False,True,10.85,已解析并统一单位,,已解析并统一单位,,False,
25,河南,2024,6,2024-06,餐饮,餐饮-->其他餐饮环节产品,水煮花生,黄曲霉毒素B1（AFB1）,True,不合格项目命中AFB1/黄曲霉变体；不合格规范列命中AFB1/黄曲霉变体,43.8μg/kg,43.8,,43.8,μg/kg,False,≤20μg/kg,20.0,μg/kg,≤,False,True,2.19,已解析并统一单位,,已解析并统一单位,,False,
26,河南,2024,6,2024-06,餐饮,餐饮-->其他餐饮环节产品,水煮花生,黄曲霉毒素B1（AFB1）,True,不合格项目命中AFB1/黄曲霉变体；不合格规范列命中AFB1/黄曲霉变体,217μg/kg,217.0,,217.0,μg/kg,False,≤20μg/kg,20.0,μg/kg,≤,False,True,10.85,已解析并统一单位,,已解析并统一单位,,False,
45,江苏,2024,6,2024-06,餐饮,花生仁/炒货坚果,油炸花生米,黄曲霉毒素B1（AFB1）,True,不合格项目命中AFB1/黄曲霉变体；不合格规范列命中AFB1/黄曲霉变体,194µg/kg,194.0,,194.0,μg/kg,False,≤20µg/kg,20.0,μg/kg,≤,False,True,9.7,已解析并统一单位,,已解析并统一单位,,False,
46,江苏,2024,6,2024-06,餐饮,花生仁/炒货坚果,油炸花生米,黄曲霉毒素B1（AFB1）,True,不合格项目命中AFB1/黄曲霉变体；不合格规范列命中AFB1/黄曲霉变体,91.1µg/kg,91.1,,91.1,μg/kg,False,≤20µg/kg,20.0,μg/kg,≤,False,True,4.555,已解析并统一单位,,已解析并统一单位,,False,
11,不详,2024,6,2024-06,餐饮,餐饮-->其他餐饮环节产品,水煮花生米,黄曲霉毒素B1（AFB1）,True,不合格项目命中AFB1/黄曲霉变体；不合格规范列命中AFB1/黄曲霉变体,122,122.0,,122.0,μg/kg,True,≤20,20.0,μg/kg,≤,True,True,6.1,已解析并统一单位,,已解析并统一单位,,False,
12,河南,2024,6,2024-06,餐饮,餐饮-->其他餐饮环节产品,水煮花生米,黄曲霉毒素B1（AFB1）,True,不合格项目命中AFB1/黄曲霉变体；不合格规范列命中AFB1/黄曲霉变体,122,122.0,,122.0,μg/kg,True,≤20,20.0,μg/kg,≤,True,True,6.1,已解析并统一单位,,已解析并统一单位,,False,
98,江苏,2024,6,2024-06,餐饮,花生仁/炒货坚果,油炸花生米（餐饮食品）,黄曲霉毒素B1（AFB1）,True,不合格项目命中AFB1/黄曲霉变体；不合格规范列命中AFB1/黄曲霉变体,,,,,,False,,,,,False,True,,无检测数值,空值或占位符,无检测数值,空值或占位符,True,AFB1相关但浓度无法解析；AFB1相关但法规限量无法解析
39,海南,2024,7,2024-07,餐饮,餐饮-->其他餐饮环节产品,炸花生,黄曲霉毒素B1（AFB1）,True,不合格项目命中AFB1/黄曲霉变体；不合格规范列命中AFB1/黄曲霉变体,38.2μg/kg,38.2,,38.2,μg/kg,False,≤20μg/kg,20.0,μg/kg,≤,False,True,1.9100000000000001,已解析并统一单位,,已解析并统一单位,,False,
75,广东,2024,7,2024-07,餐饮,花生仁/炒货坚果,油炸花生,黄曲霉毒素B1（AFB1）,True,检验项目命中AFB1/黄曲霉变体,,,,,,False,,,,,False,False,,无检测数值,空值或占位符,无检测数值,空值或占位符,True,AFB1相关但浓度无法解析；AFB1相关但法规限量无法解析
76,广东,2024,7,2024-07,餐饮,花生仁/炒货坚果,油炸花生,黄曲霉毒素B1（AFB1）,True,检验项目命中AFB1/黄曲霉变体,,,,,,False,,,,,False,False,,无检测数值,空值或占位符,无检测数值,空值或占位符,True,AFB1相关但浓度无法解析；AFB1相关但法规限量无法解析
77,广东,2024,7,2024-07,餐饮,花生仁/炒货坚果,油炸花生,黄曲霉毒素B1（AFB1）,True,检验项目命中AFB1/黄曲霉变体,,,,,,False,,,,,False,False,,无检测数值,空值或占位符,无检测数值,空值或占位符,True,AFB1相关但浓度无法解析；AFB1相关但法规限量无法解析
78,广东,2024,7,2024-07,餐饮,花生仁/炒货坚果,油炸花生,黄曲霉毒素B1（AFB1）,True,检验项目命中AFB1/黄曲霉变体,,,,,,False,,,,,False,False,,无检测数值,空值或占位符,无检测数值,空值或占位符,True,AFB1相关但浓度无法解析；AFB1相关但法规限量无法解析
79,广东,2024,7,2024-07,餐饮,花生仁/炒货坚果,油炸花生（自制）,黄曲霉毒素B1（AFB1）,True,检验项目命中AFB1/黄曲霉变体,,,,,,False,,,,,False,False,,无检测数值,空值或占位符,无检测数值,空值或占位符,True,AFB1相关但浓度无法解析；AFB1相关但法规限量无法解析
80,广东,2024,7,2024-07,餐饮,餐饮-->其他餐饮环节产品,花生（自制）,黄曲霉毒素B1（AFB1）,True,检验项目命中AFB1/黄曲霉变体,,,,,,False,,,,,False,False,,无检测数值,空值或占位符,无检测数值,空值或占位符,True,AFB1相关但浓度无法解析；AFB1相关但法规限量无法解析
81,广东,2024,7,2024-07,餐饮,花生仁/炒货坚果,油炸花生米(自制),黄曲霉毒素B1（AFB1）,True,检验项目命中AFB1/黄曲霉变体,,,,,,False,,,,,False,False,,无检测数值,空值或占位符,无检测数值,空值或占位符,True,AFB1相关但浓度无法解析；AFB1相关但法规限量无法解析
59,江苏,2024,7,2024-07,餐饮,花生仁/炒货坚果,油炸花生,黄曲霉毒素B1（AFB1）,True,不合格项目命中AFB1/黄曲霉变体；不合格规范列命中AFB1/黄曲霉变体,38.0µg/kg,38.0,,38.0,μg/kg,False,≤20µg/kg,20.0,μg/kg,≤,False,True,1.9,已解析并统一单位,,已解析并统一单位,,False,
2,山东,2024,7,2024-07,餐饮,花生仁/炒货坚果,自制油炸花生米,黄曲霉毒素B1（AFB1）,True,不合格项目命中AFB1/黄曲霉变体；不合格规范列命中AFB1/黄曲霉变体,96.6μg/kg,96.6,,96.6,μg/kg,False,≤20μg/kg,20.0,μg/kg,≤,False,True,4.83,已解析并统一单位,,已解析并统一单位,,False,
4,河南,2024,7,2024-07,餐饮,花生仁/炒货坚果,油炸花生米,黄曲霉毒素B1（AFB1）,True,不合格项目命中AFB1/黄曲霉变体；不合格规范列命中AFB1/黄曲霉变体,66.6µg/kg,66.6,,66.6,μg/kg,False,≤20µg/kg,20.0,μg/kg,≤,False,True,3.3299999999999996,已解析并统一单位,,已解析并统一单位,,False,
5,河南,2024,7,2024-07,餐饮,花生仁/炒货坚果,油炸花生米,黄曲霉毒素B1（AFB1）,True,不合格项目命中AFB1/黄曲霉变体；不合格规范列命中AFB1/黄曲霉变体,94.5µg/kg,94.5,,94.5,μg/kg,False,≤20µg/kg,20.0,μg/kg,≤,False,True,4.725,已解析并统一单位,,已解析并统一单位,,False,
10,河南,2024,7,2024-07,餐饮,花生仁/炒货坚果,油炸花生米,黄曲霉毒素B1（AFB1）,True,不合格项目命中AFB1/黄曲霉变体；不合格规范列命中AFB1/黄曲霉变体,,,,,,False,,,,,False,True,,无检测数值,空值或占位符,无检测数值,空值或占位符,True,AFB1相关但浓度无法解析；AFB1相关但法规限量无法解析
23,山西,2024,7,2024-07,餐饮,含花生复合食品,餐饮食品（花生米）,黄曲霉毒素B1（AFB1）,True,不合格项目命中AFB1/黄曲霉变体；不合格规范列命中AFB1/黄曲霉变体,30.2µg/kg,30.2,,30.2,μg/kg,False,≤20µg/kg,20.0,μg/kg,≤,False,True,1.51,已解析并统一单位,,已解析并统一单位,,False,
29,山东,2024,7,2024-07,餐饮,花生仁/炒货坚果,油炸花生米（自制）,黄曲霉毒素B1（AFB1）,True,不合格项目命中AFB1/黄曲霉变体；不合格规范列命中AFB1/黄曲霉变体,366μg/kg,366.0,,366.0,μg/kg,False,≤20,20.0,μg/kg,≤,True,True,18.3,已解析并统一单位,,已解析并统一单位,,False,
4,河南,2024,8,2024-08,餐饮,餐饮-->其他餐饮环节产品,水煮花生,黄曲霉毒素B1（AFB1）,True,不合格项目命中AFB1/黄曲霉变体；不合格规范列命中AFB1/黄曲霉变体,452µg/kg,452.0,,452.0,μg/kg,False,≤20µg/kg,20.0,μg/kg,≤,False,True,22.6,已解析并统一单位,,已解析并统一单位,,False,
13,陕西,2024,8,2024-08,餐饮,花生仁/炒货坚果,油炸花生米（花生制品）,黄曲霉毒素B1（AFB1）,True,不合格项目命中AFB1/黄曲霉变体；不合格规范列命中AFB1/黄曲霉变体,37.1μg/kg,37.1,,37.1,μg/kg,False,≤20μg/kg,20.0,μg/kg,≤,False,True,1.855,已解析并统一单位,,已解析并统一单位,,False,
43,江苏,2024,8,2024-08,餐饮,花生仁/炒货坚果,油炸花生米（餐饮食品）,黄曲霉毒素B1（AFB1）,True,不合格项目命中AFB1/黄曲霉变体；不合格规范列命中AFB1/黄曲霉变体,960μg/kg,960.0,,960.0,μg/kg,False,≤20μg/kg,20.0,μg/kg,≤,False,True,48.0,已解析并统一单位,,已解析并统一单位,,False,
8,山东,2024,8,2024-08,餐饮,餐饮-->其他餐饮环节产品,花生米,黄曲霉毒素B1（AFB1）,True,不合格项目命中AFB1/黄曲霉变体；不合格规范列命中AFB1/黄曲霉变体,341µg/kg,341.0,,341.0,μg/kg,False,≤20,20.0,μg/kg,≤,True,True,17.05,已解析并统一单位,,已解析并统一单位,,False,
74,江苏,2024,8,2024-08,餐饮,花生仁/炒货坚果,油炸花生米（餐饮食品）,黄曲霉毒素B1（AFB1）,True,不合格项目命中AFB1/黄曲霉变体；不合格规范列命中AFB1/黄曲霉变体,960μg/kg,960.0,,960.0,μg/kg,False,≤20μg/kg,20.0,μg/kg,≤,False,True,48.0,已解析并统一单位,,已解析并统一单位,,False,
19,北京,2024,8,2024-08,餐饮,餐饮-->其他餐饮环节产品,炸花生米(自制),黄曲霉毒素B1（AFB1）,True,不合格项目命中AFB1/黄曲霉变体；不合格规范列命中AFB1/黄曲霉变体,106μg/kg,106.0,,106.0,μg/kg,False,≤20μg/kg,20.0,μg/kg,≤,False,True,5.3,已解析并统一单位,,已解析并统一单位,,False,
1,河南,2024,9,2024-09,餐饮,花生仁/炒货坚果,油炸花生米,黄曲霉毒素B1（AFB1）,True,不合格项目命中AFB1/黄曲霉变体；不合格规范列命中AFB1/黄曲霉变体,44.2µg/kg,44.2,,44.2,μg/kg,False,≤20µg/kg,20.0,μg/kg,≤,False,True,2.21,已解析并统一单位,,已解析并统一单位,,False,
21,辽宁,2024,9,2024-09,餐饮,餐饮-->其他餐饮环节产品,炸花生米（自制）,黄曲霉毒素B1（AFB1）,True,检验项目命中AFB1/黄曲霉变体,,,,,,False,,,,,False,False,,无检测数值,空值或占位符,无检测数值,空值或占位符,True,AFB1相关但浓度无法解析；AFB1相关但法规限量无法解析
22,辽宁,2024,9,2024-09,餐饮,餐饮-->其他餐饮环节产品,炸花生米（自制）,黄曲霉毒素B1（AFB1）,True,检验项目命中AFB1/黄曲霉变体,,,,,,False,,,,,False,False,,无检测数值,空值或占位符,无检测数值,空值或占位符,True,AFB1相关但浓度无法解析；AFB1相关但法规限量无法解析
23,辽宁,2024,9,2024-09,餐饮,餐饮-->其他餐饮环节产品,炸花生米（自制）,黄曲霉毒素B1（AFB1）,True,检验项目命中AFB1/黄曲霉变体,,,,,,False,,,,,False,False,,无检测数值,空值或占位符,无检测数值,空值或占位符,True,AFB1相关但浓度无法解析；AFB1相关但法规限量无法解析
24,辽宁,2024,9,2024-09,餐饮,餐饮-->其他餐饮环节产品,花生（自制）,黄曲霉毒素B1（AFB1）,True,检验项目命中AFB1/黄曲霉变体,,,,,,False,,,,,False,False,,无检测数值,空值或占位符,无检测数值,空值或占位符,True,AFB1相关但浓度无法解析；AFB1相关但法规限量无法解析
14,山西,2024,9,2024-09,餐饮,含花生复合食品,餐饮食品（杭椒七彩花生）,黄曲霉毒素B1（AFB1）,True,不合格项目命中AFB1/黄曲霉变体；不合格规范列命中AFB1/黄曲霉变体,70.4µg/kg,70.4,,70.4,μg/kg,False,≤20µg/kg,20.0,μg/kg,≤,False,True,3.5200000000000005,已解析并统一单位,,已解析并统一单位,,False,
16,广东,2024,9,2024-09,餐饮,花生仁/炒货坚果,油炸花生（自制）,黄曲霉毒素B1（AFB1）,True,检验项目命中AFB1/黄曲霉变体,,,,,,False,,,,,False,False,,无检测数值,空值或占位符,无检测数值,空值或占位符,True,AFB1相关但浓度无法解析；AFB1相关但法规限量无法解析
17,广东,2024,9,2024-09,餐饮,花生仁/炒货坚果,油炸花生（自制）,黄曲霉毒素B1（AFB1）,True,检验项目命中AFB1/黄曲霉变体,,,,,,False,,,,,False,False,,无检测数值,空值或占位符,无检测数值,空值或占位符,True,AFB1相关但浓度无法解析；AFB1相关但法规限量无法解析
18,广东,2024,9,2024-09,餐饮,花生仁/炒货坚果,油炸花生（自制）,黄曲霉毒素B1（AFB1）,True,检验项目命中AFB1/黄曲霉变体,,,,,,False,,,,,False,False,,无检测数值,空值或占位符,无检测数值,空值或占位符,True,AFB1相关但浓度无法解析；AFB1相关但法规限量无法解析
19,广东,2024,9,2024-09,餐饮,花生仁/炒货坚果,油炸花生米,黄曲霉毒素B1（AFB1）,True,检验项目命中AFB1/黄曲霉变体,,,,,,False,,,,,False,False,,无检测数值,空值或占位符,无检测数值,空值或占位符,True,AFB1相关但浓度无法解析；AFB1相关但法规限量无法解析
20,广东,2024,9,2024-09,餐饮,花生仁/炒货坚果,油炸花生,黄曲霉毒素B1（AFB1）,True,检验项目命中AFB1/黄曲霉变体,,,,,,False,,,,,False,False,,无检测数值,空值或占位符,无检测数值,空值或占位符,True,AFB1相关但浓度无法解析；AFB1相关但法规限量无法解析
19,不详,2024,9,2024-09,餐饮,餐饮-->其他餐饮环节产品,卤花生,黄曲霉毒素B1（AFB1）,True,不合格项目命中AFB1/黄曲霉变体；不合格规范列命中AFB1/黄曲霉变体,25.0µg/kg,25.0,,25.0,μg/kg,False,20µg/kg,20.0,μg/kg,≤,False,True,1.25,已解析并统一单位,,已解析并统一单位,,False,
4,河南,2024,9,2024-09,餐饮,餐饮-->其他餐饮环节产品,水煮花生米,黄曲霉毒素B1（AFB1）,True,不合格项目命中AFB1/黄曲霉变体；不合格规范列命中AFB1/黄曲霉变体,32.3µg/kg,32.3,,32.3,μg/kg,False,≤20µg/kg,20.0,μg/kg,≤,False,True,1.6149999999999998,已解析并统一单位,,已解析并统一单位,,False,
8,福建,2024,9,2024-09,餐饮,花生仁/炒货坚果,油炸花生（自制）,黄曲霉毒素B1（AFB1）,True,检验项目命中AFB1/黄曲霉变体,,,,,,False,,,,,False,False,,无检测数值,空值或占位符,无检测数值,空值或占位符,True,AFB1相关但浓度无法解析；AFB1相关但法规限量无法解析
9,福建,2024,9,2024-09,餐饮,花生仁/炒货坚果,花生米（油炸自制）,黄曲霉毒素B1（AFB1）,True,检验项目命中AFB1/黄曲霉变体,,,,,,False,,,,,False,False,,无检测数值,空值或占位符,无检测数值,空值或占位符,True,AFB1相关但浓度无法解析；AFB1相关但法规限量无法解析
10,福建,2024,9,2024-09,餐饮,餐饮-->其他餐饮环节产品,卤花生,黄曲霉毒素B1（AFB1）,True,检验项目命中AFB1/黄曲霉变体,,,,,,False,,,,,False,False,,无检测数值,空值或占位符,无检测数值,空值或占位符,True,AFB1相关但浓度无法解析；AFB1相关但法规限量无法解析
11,福建,2024,9,2024-09,餐饮,餐饮-->其他餐饮环节产品,花生,黄曲霉毒素B1（AFB1）,True,检验项目命中AFB1/黄曲霉变体,,,,,,False,,,,,False,False,,无检测数值,空值或占位符,无检测数值,空值或占位符,True,AFB1相关但浓度无法解析；AFB1相关但法规限量无法解析
12,福建,2024,9,2024-09,餐饮,餐饮-->其他餐饮环节产品,卤花生,黄曲霉毒素B1（AFB1）,True,检验项目命中AFB1/黄曲霉变体,,,,,,False,,,,,False,False,,无检测数值,空值或占位符,无检测数值,空值或占位符,True,AFB1相关但浓度无法解析；AFB1相关但法规限量无法解析
13,福建,2024,9,2024-09,餐饮,餐饮-->其他餐饮环节产品,花生,黄曲霉毒素B1（AFB1）,True,检验项目命中AFB1/黄曲霉变体,,,,,,False,,,,,False,False,,无检测数值,空值或占位符,无检测数值,空值或占位符,True,AFB1相关但浓度无法解析；AFB1相关但法规限量无法解析
14,福建,2024,9,2024-09,餐饮,花生仁/炒货坚果,炸花生（油炸自制）,黄曲霉毒素B1（AFB1）,True,检验项目命中AFB1/黄曲霉变体,,,,,,False,,,,,False,False,,无检测数值,空值或占位符,无检测数值,空值或占位符,True,AFB1相关但浓度无法解析；AFB1相关但法规限量无法解析
15,福建,2024,9,2024-09,餐饮,花生仁/炒货坚果,油炸花生米,黄曲霉毒素B1（AFB1）,True,检验项目命中AFB1/黄曲霉变体,,,,,,False,,,,,False,False,,无检测数值,空值或占位符,无检测数值,空值或占位符,True,AFB1相关但浓度无法解析；AFB1相关但法规限量无法解析
16,福建,2024,9,2024-09,餐饮,花生仁/炒货坚果,油炸花生,黄曲霉毒素B1（AFB1）,True,检验项目命中AFB1/黄曲霉变体,,,,,,False,,,,,False,False,,无检测数值,空值或占位符,无检测数值,空值或占位符,True,AFB1相关但浓度无法解析；AFB1相关但法规限量无法解析
17,福建,2024,9,2024-09,餐饮,花生仁/炒货坚果,炒花生仁,黄曲霉毒素B1（AFB1）,True,检验项目命中AFB1/黄曲霉变体,,,,,,False,,,,,False,False,,无检测数值,空值或占位符,无检测数值,空值或占位符,True,AFB1相关但浓度无法解析；AFB1相关但法规限量无法解析
25,福建,2024,9,2024-09,餐饮,花生仁/炒货坚果,油炸花生（自制）,黄曲霉毒素B1（AFB1）,True,检验项目命中AFB1/黄曲霉变体,,,,,,False,,,,,False,False,,无检测数值,空值或占位符,无检测数值,空值或占位符,True,AFB1相关但浓度无法解析；AFB1相关但法规限量无法解析
26,福建,2024,9,2024-09,餐饮,花生仁/炒货坚果,花生米（油炸自制）,黄曲霉毒素B1（AFB1）,True,检验项目命中AFB1/黄曲霉变体,,,,,,False,,,,,False,False,,无检测数值,空值或占位符,无检测数值,空值或占位符,True,AFB1相关但浓度无法解析；AFB1相关但法规限量无法解析
27,福建,2024,9,2024-09,餐饮,餐饮-->其他餐饮环节产品,卤花生,黄曲霉毒素B1（AFB1）,True,检验项目命中AFB1/黄曲霉变体,,,,,,False,,,,,False,False,,无检测数值,空值或占位符,无检测数值,空值或占位符,True,AFB1相关但浓度无法解析；AFB1相关但法规限量无法解析
28,福建,2024,9,2024-09,餐饮,餐饮-->其他餐饮环节产品,花生,黄曲霉毒素B1（AFB1）,True,检验项目命中AFB1/黄曲霉变体,,,,,,False,,,,,False,False,,无检测数值,空值或占位符,无检测数值,空值或占位符,True,AFB1相关但浓度无法解析；AFB1相关但法规限量无法解析
29,福建,2024,9,2024-09,餐饮,餐饮-->其他餐饮环节产品,卤花生,黄曲霉毒素B1（AFB1）,True,检验项目命中AFB1/黄曲霉变体,,,,,,False,,,,,False,False,,无检测数值,空值或占位符,无检测数值,空值或占位符,True,AFB1相关但浓度无法解析；AFB1相关但法规限量无法解析
30,福建,2024,9,2024-09,餐饮,餐饮-->其他餐饮环节产品,花生,黄曲霉毒素B1（AFB1）,True,检验项目命中AFB1/黄曲霉变体,,,,,,False,,,,,False,False,,无检测数值,空值或占位符,无检测数值,空值或占位符,True,AFB1相关但浓度无法解析；AFB1相关但法规限量无法解析
31,福建,2024,9,2024-09,餐饮,花生仁/炒货坚果,炸花生（油炸自制）,黄曲霉毒素B1（AFB1）,True,检验项目命中AFB1/黄曲霉变体,,,,,,False,,,,,False,False,,无检测数值,空值或占位符,无检测数值,空值或占位符,True,AFB1相关但浓度无法解析；AFB1相关但法规限量无法解析
32,福建,2024,9,2024-09,餐饮,花生仁/炒货坚果,油炸花生米,黄曲霉毒素B1（AFB1）,True,检验项目命中AFB1/黄曲霉变体,,,,,,False,,,,,False,False,,无检测数值,空值或占位符,无检测数值,空值或占位符,True,AFB1相关但浓度无法解析；AFB1相关但法规限量无法解析
33,福建,2024,9,2024-09,餐饮,花生仁/炒货坚果,油炸花生,黄曲霉毒素B1（AFB1）,True,检验项目命中AFB1/黄曲霉变体,,,,,,False,,,,,False,False,,无检测数值,空值或占位符,无检测数值,空值或占位符,True,AFB1相关但浓度无法解析；AFB1相关但法规限量无法解析
34,福建,2024,9,2024-09,餐饮,花生仁/炒货坚果,炒花生仁,黄曲霉毒素B1（AFB1）,True,检验项目命中AFB1/黄曲霉变体,,,,,,False,,,,,False,False,,无检测数值,空值或占位符,无检测数值,空值或占位符,True,AFB1相关但浓度无法解析；AFB1相关但法规限量无法解析
86,湖北,2024,9,2024-09,餐饮,花生仁/炒货坚果,油炸花生米,黄曲霉毒素B1（AFB1）,True,不合格项目命中AFB1/黄曲霉变体；不合格规范列命中AFB1/黄曲霉变体,,,,,,False,,,,,False,True,,无检测数值,空值或占位符,无检测数值,空值或占位符,True,AFB1相关但浓度无法解析；AFB1相关但法规限量无法解析
87,湖北,2024,9,2024-09,餐饮,花生仁/炒货坚果,油炸花生米（自制）,黄曲霉毒素B1（AFB1）,True,不合格项目命中AFB1/黄曲霉变体；不合格规范列命中AFB1/黄曲霉变体,,,,,,False,,,,,False,True,,无检测数值,空值或占位符,无检测数值,空值或占位符,True,AFB1相关但浓度无法解析；AFB1相关但法规限量无法解析
6,贵州,2024,10,2024-10,餐饮,花生仁/炒货坚果,自制油炸花生,黄曲霉毒素B1（AFB1）,True,不合格项目命中AFB1/黄曲霉变体；不合格规范列命中AFB1/黄曲霉变体,102µg/kg,102.0,,102.0,μg/kg,False,≤20µg/kg,20.0,μg/kg,≤,False,True,5.1,已解析并统一单位,,已解析并统一单位,,False,
1,山东,2024,10,2024-10,餐饮,花生仁/炒货坚果,油炸花生米（自制）,黄曲霉毒素B1（AFB1）,True,不合格项目命中AFB1/黄曲霉变体；不合格规范列命中AFB1/黄曲霉变体,123µg/kg,123.0,,123.0,μg/kg,False,≤20µg/kg,20.0,μg/kg,≤,False,True,6.15,已解析并统一单位,,已解析并统一单位,,False,
15,江苏,2024,10,2024-10,餐饮,花生仁/炒货坚果,油炸花生米,黄曲霉毒素B1（AFB1）,True,不合格项目命中AFB1/黄曲霉变体；不合格规范列命中AFB1/黄曲霉变体,264µg/kg,264.0,,264.0,μg/kg,False,≤20µg/kg,20.0,μg/kg,≤,False,True,13.2,已解析并统一单位,,已解析并统一单位,,False,
16,不详,2024,10,2024-10,餐饮,花生仁/炒货坚果,油炸花生（自制）,黄曲霉毒素B1（AFB1）,True,不合格项目命中AFB1/黄曲霉变体；不合格规范列命中AFB1/黄曲霉变体,58.8µg/kg,58.8,,58.8,μg/kg,False,≤20µg/kg,20.0,μg/kg,≤,False,True,2.94,已解析并统一单位,,已解析并统一单位,,False,
31,不详,2024,10,2024-10,餐饮,餐饮-->其他餐饮环节产品,水煮花生,黄曲霉毒素B1（AFB1）,True,不合格项目命中AFB1/黄曲霉变体；不合格规范列命中AFB1/黄曲霉变体,50.3μg/kg,50.3,,50.3,μg/kg,False,≤20μg/kg,20.0,μg/kg,≤,False,True,2.5149999999999997,已解析并统一单位,,已解析并统一单位,,False,
32,贵州,2024,10,2024-10,餐饮,花生仁/炒货坚果,油炸花生米,黄曲霉毒素B1（AFB1）,True,不合格项目命中AFB1/黄曲霉变体；不合格规范列命中AFB1/黄曲霉变体,34.1μg/kg,34.1,,34.1,μg/kg,False,≤20μg/kg,20.0,μg/kg,≤,False,True,1.705,已解析并统一单位,,已解析并统一单位,,False,
106,湖北,2024,11,2024-11,餐饮,花生仁/炒货坚果,油炸花生米（自制）,黄曲霉毒素B1（AFB1）,True,不合格项目命中AFB1/黄曲霉变体；不合格规范列命中AFB1/黄曲霉变体,59.9µg/kg,59.9,,59.9,μg/kg,False,≤20µg/kg,20.0,μg/kg,≤,False,True,2.995,已解析并统一单位,,已解析并统一单位,,False,
107,湖北,2024,11,2024-11,餐饮,花生仁/炒货坚果,油炸花生米（自制）,黄曲霉毒素B1（AFB1）,True,不合格项目命中AFB1/黄曲霉变体；不合格规范列命中AFB1/黄曲霉变体,70.3µg/kg,70.3,,70.3,μg/kg,False,≤20µg/kg,20.0,μg/kg,≤,False,True,3.5149999999999997,已解析并统一单位,,已解析并统一单位,,False,
89,江苏,2024,11,2024-11,餐饮,花生仁/炒货坚果,油炸花生米,黄曲霉毒素B1（AFB1）,True,检验项目命中AFB1/黄曲霉变体,,,,,,False,,,,,False,False,,无检测数值,空值或占位符,无检测数值,空值或占位符,True,AFB1相关但浓度无法解析；AFB1相关但法规限量无法解析
90,江苏,2024,11,2024-11,餐饮,餐饮-->其他餐饮环节产品,怪味花生,黄曲霉毒素B1（AFB1）,True,检验项目命中AFB1/黄曲霉变体,,,,,,False,,,,,False,False,,无检测数值,空值或占位符,无检测数值,空值或占位符,True,AFB1相关但浓度无法解析；AFB1相关但法规限量无法解析
91,江苏,2024,11,2024-11,餐饮,花生仁/炒货坚果,油炸花生米,黄曲霉毒素B1（AFB1）,True,检验项目命中AFB1/黄曲霉变体,,,,,,False,,,,,False,False,,无检测数值,空值或占位符,无检测数值,空值或占位符,True,AFB1相关但浓度无法解析；AFB1相关但法规限量无法解析
92,江苏,2024,11,2024-11,餐饮,花生仁/炒货坚果,油炸花生米,黄曲霉毒素B1（AFB1）,True,检验项目命中AFB1/黄曲霉变体,,,,,,False,,,,,False,False,,无检测数值,空值或占位符,无检测数值,空值或占位符,True,AFB1相关但浓度无法解析；AFB1相关但法规限量无法解析
93,江苏,2024,11,2024-11,餐饮,花生仁/炒货坚果,油炸花生米,黄曲霉毒素B1（AFB1）,True,检验项目命中AFB1/黄曲霉变体,,,,,,False,,,,,False,False,,无检测数值,空值或占位符,无检测数值,空值或占位符,True,AFB1相关但浓度无法解析；AFB1相关但法规限量无法解析
94,江苏,2024,11,2024-11,餐饮,餐饮-->其他餐饮环节产品,花生米自制,黄曲霉毒素B1（AFB1）,True,检验项目命中AFB1/黄曲霉变体,,,,,,False,,,,,False,False,,无检测数值,空值或占位符,无检测数值,空值或占位符,True,AFB1相关但浓度无法解析；AFB1相关但法规限量无法解析
95,江苏,2024,11,2024-11,餐饮,花生仁/炒货坚果,油炸花生米,黄曲霉毒素B1（AFB1）,True,检验项目命中AFB1/黄曲霉变体,,,,,,False,,,,,False,False,,无检测数值,空值或占位符,无检测数值,空值或占位符,True,AFB1相关但浓度无法解析；AFB1相关但法规限量无法解析
77,河南,2024,11,2024-11,餐饮,花生仁/炒货坚果,油炸花生米,黄曲霉毒素B1（AFB1）,True,不合格项目命中AFB1/黄曲霉变体；不合格规范列命中AFB1/黄曲霉变体,34.5µg/kg,34.5,,34.5,μg/kg,False,20µg/kg,20.0,μg/kg,≤,False,True,1.725,已解析并统一单位,,已解析并统一单位,,False,
30,山东,2024,11,2024-11,餐饮,餐饮-->其他餐饮环节产品,水煮花生米,黄曲霉毒素B1（AFB1）,True,不合格项目命中AFB1/黄曲霉变体；不合格规范列命中AFB1/黄曲霉变体,76.8µg/kg,76.8,,76.8,μg/kg,False,≤20µg/kg,20.0,μg/kg,≤,False,True,3.84,已解析并统一单位,,已解析并统一单位,,False,
17,山东,2024,11,2024-11,餐饮,餐饮-->其他餐饮环节产品,水煮花生米（自制）,黄曲霉毒素B1（AFB1）,True,不合格项目命中AFB1/黄曲霉变体；不合格规范列命中AFB1/黄曲霉变体,103µg/kg,103.0,,103.0,μg/kg,False,≤20µg/kg,20.0,μg/kg,≤,False,True,5.15,已解析并统一单位,,已解析并统一单位,,False,
10,西藏,2024,11,2024-11,餐饮,花生仁/炒货坚果,油炸花生,黄曲霉毒素B1（AFB1）,True,不合格项目命中AFB1/黄曲霉变体；不合格规范列命中AFB1/黄曲霉变体,,,,,,False,,,,,False,True,,无检测数值,空值或占位符,无检测数值,空值或占位符,True,AFB1相关但浓度无法解析；AFB1相关但法规限量无法解析
138,不详,2024,11,2024-11,餐饮,餐饮-->其他餐饮环节产品,炸花生米,黄曲霉毒素B1（AFB1）,True,不合格项目命中AFB1/黄曲霉变体；不合格规范列命中AFB1/黄曲霉变体,33.7µg/kg,33.7,,33.7,μg/kg,False,20µg/kg,20.0,μg/kg,≤,False,True,1.685,已解析并统一单位,,已解析并统一单位,,False,
47,山东,2024,11,2024-11,餐饮,花生仁/炒货坚果,油炸花生米（花生制品自制）,黄曲霉毒素B1（AFB1）,True,不合格项目命中AFB1/黄曲霉变体；不合格规范列命中AFB1/黄曲霉变体,29.9μg/kg,29.9,,29.9,μg/kg,False,≤20μg/kg,20.0,μg/kg,≤,False,True,1.4949999999999999,已解析并统一单位,,已解析并统一单位,,False,
48,山东,2024,11,2024-11,餐饮,花生仁/炒货坚果,油炸花生米（自制）,黄曲霉毒素B1（AFB1）,True,不合格项目命中AFB1/黄曲霉变体；不合格规范列命中AFB1/黄曲霉变体,38.4µg/kg,38.4,,38.4,μg/kg,False,≤20µg/kg,20.0,μg/kg,≤,False,True,1.92,已解析并统一单位,,已解析并统一单位,,False,
10,广东,2024,11,2024-11,餐饮,花生仁/炒货坚果,油炸花生（自制）,黄曲霉毒素B1（AFB1）,True,检验项目命中AFB1/黄曲霉变体,,,,,,False,,,,,False,False,,无检测数值,空值或占位符,无检测数值,空值或占位符,True,AFB1相关但浓度无法解析；AFB1相关但法规限量无法解析
69,山西,2024,11,2024-11,餐饮,花生仁/炒货坚果,餐饮食品(油炸花生米),黄曲霉毒素B1（AFB1）,True,不合格项目命中AFB1/黄曲霉变体；不合格规范列命中AFB1/黄曲霉变体,30.3μgkg,30.3,,30.3,μg/kg,True,≤20μg/kg,20.0,μg/kg,≤,False,True,1.5150000000000001,已解析并统一单位,,已解析并统一单位,,False,
30,贵州,2024,12,2024-12,餐饮,花生仁/炒货坚果,自制油炸花生米,黄曲霉毒素B1（AFB1）,True,不合格项目命中AFB1/黄曲霉变体；不合格规范列命中AFB1/黄曲霉变体,144µg/kg,144.0,,144.0,μg/kg,False,≤20µg/kg,20.0,μg/kg,≤,False,True,7.2,已解析并统一单位,,已解析并统一单位,,False,
31,贵州,2024,12,2024-12,餐饮,花生仁/炒货坚果,自制油炸花生,黄曲霉毒素B1（AFB1）,True,不合格项目命中AFB1/黄曲霉变体；不合格规范列命中AFB1/黄曲霉变体,78.8µg/kg,78.8,,78.8,μg/kg,False,≤20µg/kg,20.0,μg/kg,≤,False,True,3.94,已解析并统一单位,,已解析并统一单位,,False,
32,贵州,2024,12,2024-12,餐饮,花生仁/炒货坚果,油炸花生米,黄曲霉毒素B1（AFB1）,True,不合格项目命中AFB1/黄曲霉变体；不合格规范列命中AFB1/黄曲霉变体,36.5µg/kg,36.5,,36.5,μg/kg,False,≤20µg/kg,20.0,μg/kg,≤,False,True,1.825,已解析并统一单位,,已解析并统一单位,,False,
67,新疆,2024,12,2024-12,餐饮,花生仁/炒货坚果,油炸花生米（花生制品自制）,黄曲霉毒素B1（AFB1）,True,不合格项目命中AFB1/黄曲霉变体；不合格规范列命中AFB1/黄曲霉变体,29.5μg/kg,29.5,,29.5,μg/kg,False,≤20μg/kg,20.0,μg/kg,≤,False,True,1.475,已解析并统一单位,,已解析并统一单位,,False,
38,安徽,2024,12,2024-12,餐饮,花生仁/炒货坚果,油炸花生米（自制）,黄曲霉毒素B1（AFB1）,True,不合格项目命中AFB1/黄曲霉变体；不合格规范列命中AFB1/黄曲霉变体,212μg/kg,212.0,,212.0,μg/kg,False,≤20μg/kg,20.0,μg/kg,≤,False,True,10.6,已解析并统一单位,,已解析并统一单位,,False,
26,辽宁,2024,12,2024-12,餐饮,餐饮-->其他餐饮环节产品,煮花生米（自制）,黄曲霉毒素B1（AFB1）,True,检验项目命中AFB1/黄曲霉变体,,,,,,False,,,,,False,False,,无检测数值,空值或占位符,无检测数值,空值或占位符,True,AFB1相关但浓度无法解析；AFB1相关但法规限量无法解析
12,陕西,2024,12,2024-12,餐饮,花生仁/炒货坚果,油炸花生（油炸花生米）,黄曲霉毒素B1（AFB1）,True,不合格项目命中AFB1/黄曲霉变体；不合格规范列命中AFB1/黄曲霉变体,48.6μg/kg,48.6,,48.6,μg/kg,False,≤20μg/kg,20.0,μg/kg,≤,False,True,2.43,已解析并统一单位,,已解析并统一单位,,False,
32,山西,2024,12,2024-12,餐饮,含花生复合食品,餐饮食品(炸花生米),黄曲霉毒素B1（AFB1）,True,不合格项目命中AFB1/黄曲霉变体；不合格规范列命中AFB1/黄曲霉变体,91.3μg/kg,91.3,,91.3,μg/kg,False,≤20μg/kg,20.0,μg/kg,≤,False,True,4.5649999999999995,已解析并统一单位,,已解析并统一单位,,False,
34,山东,2024,12,2024-12,餐饮,花生仁/炒货坚果,油炸花生米（自制）,黄曲霉毒素B1（AFB1）,True,不合格项目命中AFB1/黄曲霉变体；不合格规范列命中AFB1/黄曲霉变体,26.9μg/kg,26.9,,26.9,μg/kg,False,≤20μg/kg,20.0,μg/kg,≤,False,True,1.345,已解析并统一单位,,已解析并统一单位,,False,
81,湖北,2024,12,2024-12,餐饮,花生仁/炒货坚果,油炸花生米（自制）,黄曲霉毒素B1（AFB1）,True,不合格项目命中AFB1/黄曲霉变体；不合格规范列命中AFB1/黄曲霉变体,293µg/kg,293.0,,293.0,μg/kg,False,≤20µg/kg,20.0,μg/kg,≤,False,True,14.65,已解析并统一单位,,已解析并统一单位,,False,
82,湖北,2024,12,2024-12,餐饮,花生仁/炒货坚果,油炸花生米（自制）,黄曲霉毒素B1（AFB1）,True,不合格项目命中AFB1/黄曲霉变体；不合格规范列命中AFB1/黄曲霉变体,224µg/kg,224.0,,224.0,μg/kg,False,≤20µg/kg,20.0,μg/kg,≤,False,True,11.2,已解析并统一单位,,已解析并统一单位,,False,
20,贵州,2024,12,2024-12,餐饮,花生仁/炒货坚果,自制油炸花生米,黄曲霉毒素B1（AFB1）,True,不合格项目命中AFB1/黄曲霉变体；不合格规范列命中AFB1/黄曲霉变体,144µg/kg,144.0,,144.0,μg/kg,False,≤20µg/kg,20.0,μg/kg,≤,False,True,7.2,已解析并统一单位,,已解析并统一单位,,False,
46,河南,2024,12,2024-12,餐饮,餐饮-->其他餐饮环节产品,水煮花生米,黄曲霉毒素B1（AFB1）,True,不合格项目命中AFB1/黄曲霉变体；不合格规范列命中AFB1/黄曲霉变体,32.3µg/kg,32.3,,32.3,μg/kg,False,≤20µg/kg,20.0,μg/kg,≤,False,True,1.6149999999999998,已解析并统一单位,,已解析并统一单位,,False,
76,陕西,2024,12,2024-12,餐饮,餐饮-->其他餐饮环节产品,伍香花生米,黄曲霉毒素B1（AFB1）,True,不合格项目命中AFB1/黄曲霉变体；不合格规范列命中AFB1/黄曲霉变体,24.3/µg/kg,24.3,,24.3,μg/kg,True,≤20/µg/kg,20.0,μg/kg,≤,True,True,1.215,已解析并统一单位,,已解析并统一单位,,False,
11,广东,2024,12,2024-12,餐饮,花生仁/炒货坚果,油炸花生（自制）,黄曲霉毒素B1（AFB1）,True,检验项目命中AFB1/黄曲霉变体,,,,,,False,,,,,False,False,,无检测数值,空值或占位符,无检测数值,空值或占位符,True,AFB1相关但浓度无法解析；AFB1相关但法规限量无法解析
12,广东,2024,12,2024-12,餐饮,花生仁/炒货坚果,油炸花生（自制）,黄曲霉毒素B1（AFB1）,True,检验项目命中AFB1/黄曲霉变体,,,,,,False,,,,,False,False,,无检测数值,空值或占位符,无检测数值,空值或占位符,True,AFB1相关但浓度无法解析；AFB1相关但法规限量无法解析
13,广东,2024,12,2024-12,餐饮,花生仁/炒货坚果,油炸花生（自制）,黄曲霉毒素B1（AFB1）,True,检验项目命中AFB1/黄曲霉变体,,,,,,False,,,,,False,False,,无检测数值,空值或占位符,无检测数值,空值或占位符,True,AFB1相关但浓度无法解析；AFB1相关但法规限量无法解析
14,广东,2024,12,2024-12,餐饮,花生仁/炒货坚果,油炸花生（自制）,黄曲霉毒素B1（AFB1）,True,检验项目命中AFB1/黄曲霉变体,,,,,,False,,,,,False,False,,无检测数值,空值或占位符,无检测数值,空值或占位符,True,AFB1相关但浓度无法解析；AFB1相关但法规限量无法解析
89,陕西,2024,12,2024-12,餐饮,花生仁/炒货坚果,油炸花生米,黄曲霉毒素B1（AFB1）,True,不合格项目命中AFB1/黄曲霉变体；不合格规范列命中AFB1/黄曲霉变体,23.0µg/kg,23.0,,23.0,μg/kg,False,≤20µg/kg,20.0,μg/kg,≤,False,True,1.15,已解析并统一单位,,已解析并统一单位,,False,
94,贵州,2024,12,2024-12,餐饮,餐饮-->其他餐饮环节产品,花生米,黄曲霉毒素B1（AFB1）,True,不合格项目命中AFB1/黄曲霉变体；不合格规范列命中AFB1/黄曲霉变体,46.2µg/kg,46.2,,46.2,μg/kg,False,≦20µg/kg,20.0,μg/kg,≤,False,True,2.31,已解析并统一单位,,已解析并统一单位,,False,
96,甘肃,2024,12,2024-12,餐饮,花生仁/炒货坚果,油炸花生米,黄曲霉毒素B1（AFB1）,True,不合格项目命中AFB1/黄曲霉变体；不合格规范列命中AFB1/黄曲霉变体,261µg/kg,261.0,,261.0,μg/kg,False,≤20µg/kg,20.0,μg/kg,≤,False,True,13.05,已解析并统一单位,,已解析并统一单位,,False,
26,广东,2023,1,2023-01,流通,花生油/油脂,花生油,黄曲霉毒素B1（AFB1）,True,检验项目命中AFB1/黄曲霉变体,,,,,,False,,,,,False,False,,无检测数值,空值或占位符,无检测数值,空值或占位符,True,AFB1相关但浓度无法解析；AFB1相关但法规限量无法解析
27,广东,2023,1,2023-01,流通,花生油/油脂,纯香花生油,黄曲霉毒素B1（AFB1）,True,检验项目命中AFB1/黄曲霉变体,,,,,,False,,,,,False,False,,无检测数值,空值或占位符,无检测数值,空值或占位符,True,AFB1相关但浓度无法解析；AFB1相关但法规限量无法解析
28,广东,2023,1,2023-01,流通,花生油/油脂,压榨花生油,黄曲霉毒素B1（AFB1）,True,检验项目命中AFB1/黄曲霉变体,,,,,,False,,,,,False,False,,无检测数值,空值或占位符,无检测数值,空值或占位符,True,AFB1相关但浓度无法解析；AFB1相关但法规限量无法解析
29,广西,2023,1,2023-01,流通,花生油/油脂,桂味莫記土榨花生油,黄曲霉毒素B1（AFB1）,True,检验项目命中AFB1/黄曲霉变体,,,,,,False,,,,,False,False,,无检测数值,空值或占位符,无检测数值,空值或占位符,True,AFB1相关但浓度无法解析；AFB1相关但法规限量无法解析
30,广东,2023,1,2023-01,流通,花生油/油脂,花生油,黄曲霉毒素B1（AFB1）,True,检验项目命中AFB1/黄曲霉变体,,,,,,False,,,,,False,False,,无检测数值,空值或占位符,无检测数值,空值或占位符,True,AFB1相关但浓度无法解析；AFB1相关但法规限量无法解析
31,广东,2023,1,2023-01,流通,花生油/油脂,纯香花生油,黄曲霉毒素B1（AFB1）,True,检验项目命中AFB1/黄曲霉变体,,,,,,False,,,,,False,False,,无检测数值,空值或占位符,无检测数值,空值或占位符,True,AFB1相关但浓度无法解析；AFB1相关但法规限量无法解析
32,广东,2023,1,2023-01,流通,花生油/油脂,压榨花生油,黄曲霉毒素B1（AFB1）,True,检验项目命中AFB1/黄曲霉变体,,,,,,False,,,,,False,False,,无检测数值,空值或占位符,无检测数值,空值或占位符,True,AFB1相关但浓度无法解析；AFB1相关但法规限量无法解析
33,广西,2023,1,2023-01,流通,花生油/油脂,桂味莫記土榨花生油,黄曲霉毒素B1（AFB1）,True,检验项目命中AFB1/黄曲霉变体,,,,,,False,,,,,False,False,,无检测数值,空值或占位符,无检测数值,空值或占位符,True,AFB1相关但浓度无法解析；AFB1相关但法规限量无法解析
62,不详,2023,1,2023-01,流通,花生油/油脂,花生油,黄曲霉毒素B1（AFB1）,True,不合格项目命中AFB1/黄曲霉变体；不合格规范列命中AFB1/黄曲霉变体,112μg/kg,112.0,,112.0,μg/kg,False,≤20μg/kg,20.0,μg/kg,≤,False,True,5.6,已解析并统一单位,,已解析并统一单位,,False,
37,山东,2023,2,2023-02,生产,花生油/油脂,花生油,黄曲霉毒素B1（AFB1）,True,不合格项目命中AFB1/黄曲霉变体；不合格规范列命中AFB1/黄曲霉变体,35.0μg/kg,35.0,,35.0,μg/kg,False,≤20,20.0,μg/kg,≤,True,True,1.75,已解析并统一单位,,已解析并统一单位,,False,
15,不详,2023,2,2023-02,流通,花生油/油脂,花生油,黄曲霉毒素B1（AFB1）,True,不合格项目命中AFB1/黄曲霉变体；不合格规范列命中AFB1/黄曲霉变体,49.8μg/kg,49.8,,49.8,μg/kg,False,≤20μg/kg,20.0,μg/kg,≤,False,True,2.4899999999999998,已解析并统一单位,,已解析并统一单位,,False,
16,不详,2023,2,2023-02,流通,花生油/油脂,花生油,黄曲霉毒素B1（AFB1）,True,不合格项目命中AFB1/黄曲霉变体；不合格规范列命中AFB1/黄曲霉变体,61.6μg/kg,61.6,,61.6,μg/kg,False,≤20μg/kg,20.0,μg/kg,≤,False,True,3.08,已解析并统一单位,,已解析并统一单位,,False,
12,不详,2023,2,2023-02,流通,花生油/油脂,花生油,黄曲霉毒素B1（AFB1）,True,不合格项目命中AFB1/黄曲霉变体；不合格规范列命中AFB1/黄曲霉变体,64.1μg/kg,64.1,,64.1,μg/kg,False,≤20μg/kg,20.0,μg/kg,≤,False,True,3.2049999999999996,已解析并统一单位,,已解析并统一单位,,False,
10,不详,2023,2,2023-02,流通,花生油/油脂,散装花生油,黄曲霉毒素B1（AFB1）,True,不合格项目命中AFB1/黄曲霉变体；不合格规范列命中AFB1/黄曲霉变体,153μg/kg,153.0,,153.0,μg/kg,False,≤20μg/kg,20.0,μg/kg,≤,False,True,7.65,已解析并统一单位,,已解析并统一单位,,False,
11,不详,2023,2,2023-02,流通,花生油/油脂,花生油,黄曲霉毒素B1（AFB1）,True,不合格项目命中AFB1/黄曲霉变体；不合格规范列命中AFB1/黄曲霉变体,55.4μg/kg,55.4,,55.4,μg/kg,False,≤20μg/kg,20.0,μg/kg,≤,False,True,2.77,已解析并统一单位,,已解析并统一单位,,False,
9,广东,2023,3,2023-03,生产,花生油/油脂,花生油,黄曲霉毒素B1（AFB1）,True,不合格项目命中AFB1/黄曲霉变体；不合格规范列命中AFB1/黄曲霉变体,51.0μg/kg,51.0,,51.0,μg/kg,False,≤20μg/kg,20.0,μg/kg,≤,False,True,2.55,已解析并统一单位,,已解析并统一单位,,False,
48,广西,2023,3,2023-03,生产,花生油/油脂,花生油,黄曲霉毒素B1（AFB1）,True,不合格项目命中AFB1/黄曲霉变体；不合格规范列命中AFB1/黄曲霉变体,181μg/kg,181.0,,181.0,μg/kg,False,≤20μg/kg,20.0,μg/kg,≤,False,True,9.05,已解析并统一单位,,已解析并统一单位,,False,
49,广西,2023,3,2023-03,生产,花生油/油脂,花生油,黄曲霉毒素B1（AFB1）,True,不合格项目命中AFB1/黄曲霉变体；不合格规范列命中AFB1/黄曲霉变体,79.6μg/kg,79.6,,79.6,μg/kg,False,≤20μg/kg,20.0,μg/kg,≤,False,True,3.9799999999999995,已解析并统一单位,,已解析并统一单位,,False,
50,广西,2023,3,2023-03,生产,花生油/油脂,花生油,黄曲霉毒素B1（AFB1）,True,不合格项目命中AFB1/黄曲霉变体；不合格规范列命中AFB1/黄曲霉变体,21.1μg/kg,21.1,,21.1,μg/kg,False,≤20μg/kg,20.0,μg/kg,≤,False,True,1.0550000000000002,已解析并统一单位,,已解析并统一单位,,False,
51,广西,2023,3,2023-03,生产,花生油/油脂,花生油,黄曲霉毒素B1（AFB1）,True,不合格项目命中AFB1/黄曲霉变体；不合格规范列命中AFB1/黄曲霉变体,4.9mg/g|26.8μg/kg,4.9,,4.9,mg/g,False,≤3mg/g|≤20μg/kg,3.0,mg/g,≤,False,True,1.6333333333333335,已解析,,已解析,,True,AFB1浓度单位未统一为μg/kg
52,广西,2023,3,2023-03,生产,花生油/油脂,花生油,黄曲霉毒素B1（AFB1）,True,不合格项目命中AFB1/黄曲霉变体；不合格规范列命中AFB1/黄曲霉变体,28.8μg/kg,28.8,,28.8,μg/kg,False,≤20μg/kg,20.0,μg/kg,≤,False,True,1.44,已解析并统一单位,,已解析并统一单位,,False,
4,广东,2023,3,2023-03,流通,花生油/油脂,纯正花生油,黄曲霉毒素B1（AFB1）,True,不合格项目命中AFB1/黄曲霉变体；不合格规范列命中AFB1/黄曲霉变体,45.9μg/kg,45.9,,45.9,μg/kg,False,≤20μg/kg,20.0,μg/kg,≤,False,True,2.295,已解析并统一单位,,已解析并统一单位,,False,
63,广西,2023,4,2023-04,生产,花生油/油脂,花生油,黄曲霉毒素B1（AFB1）,True,不合格项目命中AFB1/黄曲霉变体；不合格规范列命中AFB1/黄曲霉变体,46.0μg/kg,46.0,,46.0,μg/kg,False,≤20μg/kg,20.0,μg/kg,≤,False,True,2.3,已解析并统一单位,,已解析并统一单位,,False,
10,广西,2023,4,2023-04,生产,花生油/油脂,花生油,黄曲霉毒素B1（AFB1）,True,不合格项目命中AFB1/黄曲霉变体；不合格规范列命中AFB1/黄曲霉变体,68.2μg/kg,68.2,,68.2,μg/kg,False,≤20μg/kg,20.0,μg/kg,≤,False,True,3.41,已解析并统一单位,,已解析并统一单位,,False,
11,广西,2023,4,2023-04,生产,花生油/油脂,花生油,黄曲霉毒素B1（AFB1）,True,不合格项目命中AFB1/黄曲霉变体；不合格规范列命中AFB1/黄曲霉变体,34.2μg/kg,34.2,,34.2,μg/kg,False,≤20μg/kg,20.0,μg/kg,≤,False,True,1.7100000000000002,已解析并统一单位,,已解析并统一单位,,False,
12,广西,2023,4,2023-04,生产,花生油/油脂,花生油,黄曲霉毒素B1（AFB1）,True,不合格项目命中AFB1/黄曲霉变体；不合格规范列命中AFB1/黄曲霉变体,33.9μg/kg,33.9,,33.9,μg/kg,False,≤20μg/kg,20.0,μg/kg,≤,False,True,1.6949999999999998,已解析并统一单位,,已解析并统一单位,,False,
13,广西,2023,4,2023-04,生产,花生油/油脂,花生油,黄曲霉毒素B1（AFB1）,True,不合格项目命中AFB1/黄曲霉变体；不合格规范列命中AFB1/黄曲霉变体,30.0μg/kg,30.0,,30.0,μg/kg,False,≤20μg/kg,20.0,μg/kg,≤,False,True,1.5,已解析并统一单位,,已解析并统一单位,,False,
91,广西,2023,5,2023-05,生产,花生油/油脂,花生油,黄曲霉毒素B1（AFB1）,True,不合格项目命中AFB1/黄曲霉变体；不合格规范列命中AFB1/黄曲霉变体,29.4ug/kg,29.4,,29.4,μg/kg,False,≤20ug/kg,20.0,μg/kg,≤,False,True,1.47,已解析并统一单位,,已解析并统一单位,,False,
23,广西,2023,5,2023-05,生产,花生油/油脂,花生油,黄曲霉毒素B1（AFB1）,True,不合格项目命中AFB1/黄曲霉变体；不合格规范列命中AFB1/黄曲霉变体,31.9μg/kg,31.9,,31.9,μg/kg,False,≤20μg/kg,20.0,μg/kg,≤,False,True,1.595,已解析并统一单位,,已解析并统一单位,,False,
35,广西,2023,5,2023-05,生产,花生油/油脂,花生油,黄曲霉毒素B1（AFB1）,True,不合格项目命中AFB1/黄曲霉变体；不合格规范列命中AFB1/黄曲霉变体,58.19μg/kg,58.19,,58.19,μg/kg,False,≤20μg/kg,20.0,μg/kg,≤,False,True,2.9095,已解析并统一单位,,已解析并统一单位,,False,
6,广西,2023,6,2023-06,生产,花生油/油脂,花生油,黄曲霉毒素B1（AFB1）,True,不合格项目命中AFB1/黄曲霉变体；不合格规范列命中AFB1/黄曲霉变体,27.3μg/kg,27.3,,27.3,μg/kg,False,≤20μg/kg,20.0,μg/kg,≤,False,True,1.365,已解析并统一单位,,已解析并统一单位,,False,
28,广东,2023,6,2023-06,流通,花生油/油脂,纯正花生油,黄曲霉毒素B1（AFB1）,True,检验项目命中AFB1/黄曲霉变体,,,,,,False,,,,,False,False,,无检测数值,空值或占位符,无检测数值,空值或占位符,True,AFB1相关但浓度无法解析；AFB1相关但法规限量无法解析
29,广东,2023,6,2023-06,流通,花生油/油脂,鹰唛花生油,黄曲霉毒素B1（AFB1）,True,检验项目命中AFB1/黄曲霉变体,,,,,,False,,,,,False,False,,无检测数值,空值或占位符,无检测数值,空值或占位符,True,AFB1相关但浓度无法解析；AFB1相关但法规限量无法解析
30,广东,2023,6,2023-06,流通,花生油/油脂,花生油,黄曲霉毒素B1（AFB1）,True,检验项目命中AFB1/黄曲霉变体,,,,,,False,,,,,False,False,,无检测数值,空值或占位符,无检测数值,空值或占位符,True,AFB1相关但浓度无法解析；AFB1相关但法规限量无法解析
31,广东,2023,6,2023-06,流通,花生油/油脂,甘竹压榨一级花生油,黄曲霉毒素B1（AFB1）,True,检验项目命中AFB1/黄曲霉变体,,,,,,False,,,,,False,False,,无检测数值,空值或占位符,无检测数值,空值或占位符,True,AFB1相关但浓度无法解析；AFB1相关但法规限量无法解析
32,广东,2023,6,2023-06,流通,花生油/油脂,纯正花生油,黄曲霉毒素B1（AFB1）,True,检验项目命中AFB1/黄曲霉变体,,,,,,False,,,,,False,False,,无检测数值,空值或占位符,无检测数值,空值或占位符,True,AFB1相关但浓度无法解析；AFB1相关但法规限量无法解析
33,广东,2023,6,2023-06,流通,花生油/油脂,鹰唛花生油,黄曲霉毒素B1（AFB1）,True,检验项目命中AFB1/黄曲霉变体,,,,,,False,,,,,False,False,,无检测数值,空值或占位符,无检测数值,空值或占位符,True,AFB1相关但浓度无法解析；AFB1相关但法规限量无法解析
34,广东,2023,6,2023-06,流通,花生油/油脂,花生油,黄曲霉毒素B1（AFB1）,True,检验项目命中AFB1/黄曲霉变体,,,,,,False,,,,,False,False,,无检测数值,空值或占位符,无检测数值,空值或占位符,True,AFB1相关但浓度无法解析；AFB1相关但法规限量无法解析
35,广东,2023,6,2023-06,流通,花生油/油脂,甘竹压榨一级花生油,黄曲霉毒素B1（AFB1）,True,检验项目命中AFB1/黄曲霉变体,,,,,,False,,,,,False,False,,无检测数值,空值或占位符,无检测数值,空值或占位符,True,AFB1相关但浓度无法解析；AFB1相关但法规限量无法解析
16,广东,2023,6,2023-06,流通,花生油/油脂,花生油,黄曲霉毒素B1（AFB1）,True,检验项目命中AFB1/黄曲霉变体,,,,,,False,,,,,False,False,,无检测数值,空值或占位符,无检测数值,空值或占位符,True,AFB1相关但浓度无法解析；AFB1相关但法规限量无法解析
17,山东,2023,6,2023-06,流通,花生油/油脂,压榨一级花生油,黄曲霉毒素B1（AFB1）,True,检验项目命中AFB1/黄曲霉变体,,,,,,False,,,,,False,False,,无检测数值,空值或占位符,无检测数值,空值或占位符,True,AFB1相关但浓度无法解析；AFB1相关但法规限量无法解析
30,广东,2023,6,2023-06,流通,花生油/油脂,压榨花生油,黄曲霉毒素B1（AFB1）,True,检验项目命中AFB1/黄曲霉变体,,,,,,False,,,,,False,False,,无检测数值,空值或占位符,无检测数值,空值或占位符,True,AFB1相关但浓度无法解析；AFB1相关但法规限量无法解析
31,广西,2023,6,2023-06,流通,花生油/油脂,苗氏压榨一级花生油,黄曲霉毒素B1（AFB1）,True,检验项目命中AFB1/黄曲霉变体,,,,,,False,,,,,False,False,,无检测数值,空值或占位符,无检测数值,空值或占位符,True,AFB1相关但浓度无法解析；AFB1相关但法规限量无法解析
32,广东,2023,6,2023-06,餐饮,花生油/油脂,花生米,黄曲霉毒素B1（AFB1）,True,检验项目命中AFB1/黄曲霉变体,,,,,,False,,,,,False,False,,无检测数值,空值或占位符,无检测数值,空值或占位符,True,AFB1相关但浓度无法解析；AFB1相关但法规限量无法解析
20,广东,2023,7,2023-07,餐饮,花生油/油脂,5S压榨一级花生油,黄曲霉毒素B1（AFB1）,True,检验项目命中AFB1/黄曲霉变体,,,,,,False,,,,,False,False,,无检测数值,空值或占位符,无检测数值,空值或占位符,True,AFB1相关但浓度无法解析；AFB1相关但法规限量无法解析
21,广东,2023,7,2023-07,流通,花生油/油脂,纯正花生油,黄曲霉毒素B1（AFB1）,True,检验项目命中AFB1/黄曲霉变体,,,,,,False,,,,,False,False,,无检测数值,空值或占位符,无检测数值,空值或占位符,True,AFB1相关但浓度无法解析；AFB1相关但法规限量无法解析
22,广东,2023,7,2023-07,流通,花生油/油脂,特香纯花生油,黄曲霉毒素B1（AFB1）,True,检验项目命中AFB1/黄曲霉变体,,,,,,False,,,,,False,False,,无检测数值,空值或占位符,无检测数值,空值或占位符,True,AFB1相关但浓度无法解析；AFB1相关但法规限量无法解析
48,广西,2023,7,2023-07,生产,花生油/油脂,花生油,黄曲霉毒素B1（AFB1）,True,不合格项目命中AFB1/黄曲霉变体；不合格规范列命中AFB1/黄曲霉变体,29.0μg/kg,29.0,,29.0,μg/kg,False,≤20μg/kg,20.0,μg/kg,≤,False,True,1.45,已解析并统一单位,,已解析并统一单位,,False,
107,广西,2023,7,2023-07,生产,花生油/油脂,花生油,黄曲霉毒素B1（AFB1）,True,不合格项目命中AFB1/黄曲霉变体；不合格规范列命中AFB1/黄曲霉变体,35.7,35.7,,35.7,μg/kg,True,20,20.0,μg/kg,≤,True,True,1.7850000000000001,已解析并统一单位,,已解析并统一单位,,False,
11,山东,2023,7,2023-07,流通,花生油/油脂,花生仁油,黄曲霉毒素B1（AFB1）,True,检验项目命中AFB1/黄曲霉变体,,,,,,False,,,,,False,False,,无检测数值,空值或占位符,无检测数值,空值或占位符,True,AFB1相关但浓度无法解析；AFB1相关但法规限量无法解析
14,广东,2023,7,2023-07,生产,花生油/油脂,花生油,黄曲霉毒素B1（AFB1）,True,检验项目命中AFB1/黄曲霉变体,3.8mg/g,3.8,,3.8,mg/g,False,≤3mg/g,3.0,mg/g,≤,False,True,1.2666666666666666,已解析,,已解析,,True,AFB1浓度单位未统一为μg/kg
2,湖北,2023,7,2023-07,流通,花生油/油脂,5S压榨一级花生油,黄曲霉毒素B1（AFB1）,True,检验项目命中AFB1/黄曲霉变体,,,,,,False,,,,,False,False,,无检测数值,空值或占位符,无检测数值,空值或占位符,True,AFB1相关但浓度无法解析；AFB1相关但法规限量无法解析
3,湖北,2023,7,2023-07,流通,花生油/油脂,5S压榨一级花生油,黄曲霉毒素B1（AFB1）,True,检验项目命中AFB1/黄曲霉变体,,,,,,False,,,,,False,False,,无检测数值,空值或占位符,无检测数值,空值或占位符,True,AFB1相关但浓度无法解析；AFB1相关但法规限量无法解析
4,山东,2023,7,2023-07,流通,花生油/油脂,润之家压榨一级花生油,黄曲霉毒素B1（AFB1）,True,检验项目命中AFB1/黄曲霉变体,,,,,,False,,,,,False,False,,无检测数值,空值或占位符,无检测数值,空值或占位符,True,AFB1相关但浓度无法解析；AFB1相关但法规限量无法解析
5,江苏,2023,7,2023-07,流通,花生油/油脂,油酸多多花生油,黄曲霉毒素B1（AFB1）,True,检验项目命中AFB1/黄曲霉变体,,,,,,False,,,,,False,False,,无检测数值,空值或占位符,无检测数值,空值或占位符,True,AFB1相关但浓度无法解析；AFB1相关但法规限量无法解析
6,广东,2023,7,2023-07,流通,花生油/油脂,压榨一级花生油,黄曲霉毒素B1（AFB1）,True,检验项目命中AFB1/黄曲霉变体,,,,,,False,,,,,False,False,,无检测数值,空值或占位符,无检测数值,空值或占位符,True,AFB1相关但浓度无法解析；AFB1相关但法规限量无法解析
7,河南,2023,7,2023-07,流通,花生油/油脂,田趣压榨一级花生油,黄曲霉毒素B1（AFB1）,True,检验项目命中AFB1/黄曲霉变体,,,,,,False,,,,,False,False,,无检测数值,空值或占位符,无检测数值,空值或占位符,True,AFB1相关但浓度无法解析；AFB1相关但法规限量无法解析
8,福建,2023,7,2023-07,流通,花生油/油脂,压榨一级浓香花生油,黄曲霉毒素B1（AFB1）,True,检验项目命中AFB1/黄曲霉变体,,,,,,False,,,,,False,False,,无检测数值,空值或占位符,无检测数值,空值或占位符,True,AFB1相关但浓度无法解析；AFB1相关但法规限量无法解析
9,河北,2023,7,2023-07,流通,花生油/油脂,黑花生油,黄曲霉毒素B1（AFB1）,True,检验项目命中AFB1/黄曲霉变体,,,,,,False,,,,,False,False,,无检测数值,空值或占位符,无检测数值,空值或占位符,True,AFB1相关但浓度无法解析；AFB1相关但法规限量无法解析
10,山东,2023,7,2023-07,流通,花生油/油脂,高油酸花生油,黄曲霉毒素B1（AFB1）,True,检验项目命中AFB1/黄曲霉变体,,,,,,False,,,,,False,False,,无检测数值,空值或占位符,无检测数值,空值或占位符,True,AFB1相关但浓度无法解析；AFB1相关但法规限量无法解析
11,山东,2023,7,2023-07,流通,花生油/油脂,高油酸花生油,黄曲霉毒素B1（AFB1）,True,检验项目命中AFB1/黄曲霉变体,,,,,,False,,,,,False,False,,无检测数值,空值或占位符,无检测数值,空值或占位符,True,AFB1相关但浓度无法解析；AFB1相关但法规限量无法解析
12,福建,2023,7,2023-07,流通,花生油/油脂,压榨一级浓香花生油,黄曲霉毒素B1（AFB1）,True,检验项目命中AFB1/黄曲霉变体,,,,,,False,,,,,False,False,,无检测数值,空值或占位符,无检测数值,空值或占位符,True,AFB1相关但浓度无法解析；AFB1相关但法规限量无法解析
13,山东,2023,7,2023-07,流通,花生油/油脂,鲁花高油酸花生油,黄曲霉毒素B1（AFB1）,True,检验项目命中AFB1/黄曲霉变体,,,,,,False,,,,,False,False,,无检测数值,空值或占位符,无检测数值,空值或占位符,True,AFB1相关但浓度无法解析；AFB1相关但法规限量无法解析
45,广西,2023,7,2023-07,生产,花生油/油脂,花生油,黄曲霉毒素B1（AFB1）,True,不合格项目命中AFB1/黄曲霉变体；不合格规范列命中AFB1/黄曲霉变体,33.0µg/kg,33.0,,33.0,μg/kg,False,≤20µg/kg,20.0,μg/kg,≤,False,True,1.65,已解析并统一单位,,已解析并统一单位,,False,
55,广东,2023,7,2023-07,流通,花生油/油脂,蒸汽压榨花生油,黄曲霉毒素B1（AFB1）,True,检验项目命中AFB1/黄曲霉变体,,,,,,False,,,,,False,False,,无检测数值,空值或占位符,无检测数值,空值或占位符,True,AFB1相关但浓度无法解析；AFB1相关但法规限量无法解析
56,广东,2023,7,2023-07,生产,花生油/油脂,花生油,黄曲霉毒素B1（AFB1）,True,检验项目命中AFB1/黄曲霉变体,,,,,,False,,,,,False,False,,无检测数值,空值或占位符,无检测数值,空值或占位符,True,AFB1相关但浓度无法解析；AFB1相关但法规限量无法解析
57,广东,2023,7,2023-07,生产,花生油/油脂,花生油,黄曲霉毒素B1（AFB1）,True,检验项目命中AFB1/黄曲霉变体,,,,,,False,,,,,False,False,,无检测数值,空值或占位符,无检测数值,空值或占位符,True,AFB1相关但浓度无法解析；AFB1相关但法规限量无法解析
58,广东,2023,7,2023-07,生产,花生油/油脂,花生油,黄曲霉毒素B1（AFB1）,True,检验项目命中AFB1/黄曲霉变体,,,,,,False,,,,,False,False,,无检测数值,空值或占位符,无检测数值,空值或占位符,True,AFB1相关但浓度无法解析；AFB1相关但法规限量无法解析
59,广东,2023,7,2023-07,生产,花生油/油脂,花生油,黄曲霉毒素B1（AFB1）,True,检验项目命中AFB1/黄曲霉变体,,,,,,False,,,,,False,False,,无检测数值,空值或占位符,无检测数值,空值或占位符,True,AFB1相关但浓度无法解析；AFB1相关但法规限量无法解析
60,广东,2023,7,2023-07,生产,花生油/油脂,花生油,黄曲霉毒素B1（AFB1）,True,检验项目命中AFB1/黄曲霉变体,,,,,,False,,,,,False,False,,无检测数值,空值或占位符,无检测数值,空值或占位符,True,AFB1相关但浓度无法解析；AFB1相关但法规限量无法解析
61,广东,2023,7,2023-07,生产,花生油/油脂,花生油,黄曲霉毒素B1（AFB1）,True,检验项目命中AFB1/黄曲霉变体,,,,,,False,,,,,False,False,,无检测数值,空值或占位符,无检测数值,空值或占位符,True,AFB1相关但浓度无法解析；AFB1相关但法规限量无法解析
62,广东,2023,7,2023-07,生产,花生油/油脂,花生油,黄曲霉毒素B1（AFB1）,True,检验项目命中AFB1/黄曲霉变体,,,,,,False,,,,,False,False,,无检测数值,空值或占位符,无检测数值,空值或占位符,True,AFB1相关但浓度无法解析；AFB1相关但法规限量无法解析
63,广东,2023,7,2023-07,生产,花生油/油脂,花生油,黄曲霉毒素B1（AFB1）,True,检验项目命中AFB1/黄曲霉变体,,,,,,False,,,,,False,False,,无检测数值,空值或占位符,无检测数值,空值或占位符,True,AFB1相关但浓度无法解析；AFB1相关但法规限量无法解析
64,广东,2023,7,2023-07,生产,花生油/油脂,花生油,黄曲霉毒素B1（AFB1）,True,检验项目命中AFB1/黄曲霉变体,,,,,,False,,,,,False,False,,无检测数值,空值或占位符,无检测数值,空值或占位符,True,AFB1相关但浓度无法解析；AFB1相关但法规限量无法解析
65,广东,2023,7,2023-07,生产,花生油/油脂,花生油,黄曲霉毒素B1（AFB1）,True,检验项目命中AFB1/黄曲霉变体,,,,,,False,,,,,False,False,,无检测数值,空值或占位符,无检测数值,空值或占位符,True,AFB1相关但浓度无法解析；AFB1相关但法规限量无法解析
66,广东,2023,7,2023-07,生产,花生油/油脂,花生油,黄曲霉毒素B1（AFB1）,True,检验项目命中AFB1/黄曲霉变体,,,,,,False,,,,,False,False,,无检测数值,空值或占位符,无检测数值,空值或占位符,True,AFB1相关但浓度无法解析；AFB1相关但法规限量无法解析
67,广东,2023,7,2023-07,生产,花生油/油脂,花生油,黄曲霉毒素B1（AFB1）,True,检验项目命中AFB1/黄曲霉变体,,,,,,False,,,,,False,False,,无检测数值,空值或占位符,无检测数值,空值或占位符,True,AFB1相关但浓度无法解析；AFB1相关但法规限量无法解析
68,广东,2023,7,2023-07,生产,花生油/油脂,花生油,黄曲霉毒素B1（AFB1）,True,检验项目命中AFB1/黄曲霉变体,,,,,,False,,,,,False,False,,无检测数值,空值或占位符,无检测数值,空值或占位符,True,AFB1相关但浓度无法解析；AFB1相关但法规限量无法解析
69,广东,2023,7,2023-07,生产,花生油/油脂,花生油,黄曲霉毒素B1（AFB1）,True,检验项目命中AFB1/黄曲霉变体,,,,,,False,,,,,False,False,,无检测数值,空值或占位符,无检测数值,空值或占位符,True,AFB1相关但浓度无法解析；AFB1相关但法规限量无法解析
70,广东,2023,7,2023-07,生产,花生油/油脂,花生油,黄曲霉毒素B1（AFB1）,True,检验项目命中AFB1/黄曲霉变体,,,,,,False,,,,,False,False,,无检测数值,空值或占位符,无检测数值,空值或占位符,True,AFB1相关但浓度无法解析；AFB1相关但法规限量无法解析
88,广东,2023,7,2023-07,生产,花生油/油脂,花生油,黄曲霉毒素B1（AFB1）,True,不合格项目命中AFB1/黄曲霉变体；不合格规范列命中AFB1/黄曲霉变体；检验项目命中AFB1/黄曲霉变体,36.5μg/kg,36.5,,36.5,μg/kg,False,≤20μg/kg,20.0,μg/kg,≤,False,True,1.825,已解析并统一单位,,已解析并统一单位,,False,
85,广东,2023,7,2023-07,生产,花生油/油脂,花生油,黄曲霉毒素B1（AFB1）,True,不合格项目命中AFB1/黄曲霉变体；不合格规范列命中AFB1/黄曲霉变体,31.8µg/kg,31.8,,31.8,μg/kg,False,20µg/kg,20.0,μg/kg,≤,False,True,1.59,已解析并统一单位,,已解析并统一单位,,False,
4,不详,2023,8,2023-08,流通,花生油/油脂,花生油,黄曲霉毒素B1（AFB1）,True,检验项目命中AFB1/黄曲霉变体,,,,,,False,,,,,False,False,,无检测数值,空值或占位符,无检测数值,空值或占位符,True,AFB1相关但浓度无法解析；AFB1相关但法规限量无法解析
5,广东,2023,8,2023-08,生产,花生油/油脂,花生油,黄曲霉毒素B1（AFB1）,True,检验项目命中AFB1/黄曲霉变体,,,,,,False,,,,,False,False,,无检测数值,空值或占位符,无检测数值,空值或占位符,True,AFB1相关但浓度无法解析；AFB1相关但法规限量无法解析
6,广东,2023,8,2023-08,生产,花生油/油脂,花生油,黄曲霉毒素B1（AFB1）,True,检验项目命中AFB1/黄曲霉变体,,,,,,False,,,,,False,False,,无检测数值,空值或占位符,无检测数值,空值或占位符,True,AFB1相关但浓度无法解析；AFB1相关但法规限量无法解析
7,广东,2023,8,2023-08,生产,花生油/油脂,花生油,黄曲霉毒素B1（AFB1）,True,检验项目命中AFB1/黄曲霉变体,,,,,,False,,,,,False,False,,无检测数值,空值或占位符,无检测数值,空值或占位符,True,AFB1相关但浓度无法解析；AFB1相关但法规限量无法解析
8,广东,2023,8,2023-08,生产,花生油/油脂,花生油,黄曲霉毒素B1（AFB1）,True,检验项目命中AFB1/黄曲霉变体,,,,,,False,,,,,False,False,,无检测数值,空值或占位符,无检测数值,空值或占位符,True,AFB1相关但浓度无法解析；AFB1相关但法规限量无法解析
9,广东,2023,8,2023-08,生产,花生油/油脂,花生油,黄曲霉毒素B1（AFB1）,True,检验项目命中AFB1/黄曲霉变体,,,,,,False,,,,,False,False,,无检测数值,空值或占位符,无检测数值,空值或占位符,True,AFB1相关但浓度无法解析；AFB1相关但法规限量无法解析
10,广东,2023,8,2023-08,生产,花生油/油脂,花生油,黄曲霉毒素B1（AFB1）,True,检验项目命中AFB1/黄曲霉变体,,,,,,False,,,,,False,False,,无检测数值,空值或占位符,无检测数值,空值或占位符,True,AFB1相关但浓度无法解析；AFB1相关但法规限量无法解析
11,广东,2023,8,2023-08,生产,花生油/油脂,花生油,黄曲霉毒素B1（AFB1）,True,检验项目命中AFB1/黄曲霉变体,,,,,,False,,,,,False,False,,无检测数值,空值或占位符,无检测数值,空值或占位符,True,AFB1相关但浓度无法解析；AFB1相关但法规限量无法解析
12,广东,2023,8,2023-08,生产,花生油/油脂,花生油,黄曲霉毒素B1（AFB1）,True,检验项目命中AFB1/黄曲霉变体,,,,,,False,,,,,False,False,,无检测数值,空值或占位符,无检测数值,空值或占位符,True,AFB1相关但浓度无法解析；AFB1相关但法规限量无法解析
13,广东,2023,8,2023-08,生产,花生油/油脂,花生油,黄曲霉毒素B1（AFB1）,True,检验项目命中AFB1/黄曲霉变体,,,,,,False,,,,,False,False,,无检测数值,空值或占位符,无检测数值,空值或占位符,True,AFB1相关但浓度无法解析；AFB1相关但法规限量无法解析
14,广东,2023,8,2023-08,生产,花生油/油脂,花生油,黄曲霉毒素B1（AFB1）,True,检验项目命中AFB1/黄曲霉变体,,,,,,False,,,,,False,False,,无检测数值,空值或占位符,无检测数值,空值或占位符,True,AFB1相关但浓度无法解析；AFB1相关但法规限量无法解析
15,广东,2023,8,2023-08,生产,花生油/油脂,花生油,黄曲霉毒素B1（AFB1）,True,检验项目命中AFB1/黄曲霉变体,,,,,,False,,,,,False,False,,无检测数值,空值或占位符,无检测数值,空值或占位符,True,AFB1相关但浓度无法解析；AFB1相关但法规限量无法解析
16,广东,2023,8,2023-08,生产,花生油/油脂,花生油,黄曲霉毒素B1（AFB1）,True,检验项目命中AFB1/黄曲霉变体,,,,,,False,,,,,False,False,,无检测数值,空值或占位符,无检测数值,空值或占位符,True,AFB1相关但浓度无法解析；AFB1相关但法规限量无法解析
17,广东,2023,8,2023-08,生产,花生油/油脂,花生油,黄曲霉毒素B1（AFB1）,True,检验项目命中AFB1/黄曲霉变体,,,,,,False,,,,,False,False,,无检测数值,空值或占位符,无检测数值,空值或占位符,True,AFB1相关但浓度无法解析；AFB1相关但法规限量无法解析
18,广东,2023,8,2023-08,生产,花生油/油脂,花生油,黄曲霉毒素B1（AFB1）,True,检验项目命中AFB1/黄曲霉变体,,,,,,False,,,,,False,False,,无检测数值,空值或占位符,无检测数值,空值或占位符,True,AFB1相关但浓度无法解析；AFB1相关但法规限量无法解析
19,广东,2023,8,2023-08,生产,花生油/油脂,花生油,黄曲霉毒素B1（AFB1）,True,检验项目命中AFB1/黄曲霉变体,,,,,,False,,,,,False,False,,无检测数值,空值或占位符,无检测数值,空值或占位符,True,AFB1相关但浓度无法解析；AFB1相关但法规限量无法解析
20,广东,2023,8,2023-08,生产,花生油/油脂,花生油,黄曲霉毒素B1（AFB1）,True,检验项目命中AFB1/黄曲霉变体,,,,,,False,,,,,False,False,,无检测数值,空值或占位符,无检测数值,空值或占位符,True,AFB1相关但浓度无法解析；AFB1相关但法规限量无法解析
21,广东,2023,8,2023-08,生产,花生油/油脂,花生油,黄曲霉毒素B1（AFB1）,True,检验项目命中AFB1/黄曲霉变体,,,,,,False,,,,,False,False,,无检测数值,空值或占位符,无检测数值,空值或占位符,True,AFB1相关但浓度无法解析；AFB1相关但法规限量无法解析
22,广东,2023,8,2023-08,生产,花生油/油脂,花生油,黄曲霉毒素B1（AFB1）,True,检验项目命中AFB1/黄曲霉变体,,,,,,False,,,,,False,False,,无检测数值,空值或占位符,无检测数值,空值或占位符,True,AFB1相关但浓度无法解析；AFB1相关但法规限量无法解析
23,广东,2023,8,2023-08,生产,花生油/油脂,花生油,黄曲霉毒素B1（AFB1）,True,检验项目命中AFB1/黄曲霉变体,,,,,,False,,,,,False,False,,无检测数值,空值或占位符,无检测数值,空值或占位符,True,AFB1相关但浓度无法解析；AFB1相关但法规限量无法解析
24,广东,2023,8,2023-08,生产,花生油/油脂,花生油,黄曲霉毒素B1（AFB1）,True,检验项目命中AFB1/黄曲霉变体,,,,,,False,,,,,False,False,,无检测数值,空值或占位符,无检测数值,空值或占位符,True,AFB1相关但浓度无法解析；AFB1相关但法规限量无法解析
25,广东,2023,8,2023-08,生产,花生油/油脂,花生油,黄曲霉毒素B1（AFB1）,True,检验项目命中AFB1/黄曲霉变体,,,,,,False,,,,,False,False,,无检测数值,空值或占位符,无检测数值,空值或占位符,True,AFB1相关但浓度无法解析；AFB1相关但法规限量无法解析
26,广东,2023,8,2023-08,生产,花生油/油脂,花生油,黄曲霉毒素B1（AFB1）,True,检验项目命中AFB1/黄曲霉变体,,,,,,False,,,,,False,False,,无检测数值,空值或占位符,无检测数值,空值或占位符,True,AFB1相关但浓度无法解析；AFB1相关但法规限量无法解析
27,广东,2023,8,2023-08,生产,花生油/油脂,纯正花生油,黄曲霉毒素B1（AFB1）,True,检验项目命中AFB1/黄曲霉变体,,,,,,False,,,,,False,False,,无检测数值,空值或占位符,无检测数值,空值或占位符,True,AFB1相关但浓度无法解析；AFB1相关但法规限量无法解析
28,广东,2023,8,2023-08,生产,花生油/油脂,花生油,黄曲霉毒素B1（AFB1）,True,检验项目命中AFB1/黄曲霉变体,,,,,,False,,,,,False,False,,无检测数值,空值或占位符,无检测数值,空值或占位符,True,AFB1相关但浓度无法解析；AFB1相关但法规限量无法解析
29,广东,2023,8,2023-08,生产,花生油/油脂,花生油,黄曲霉毒素B1（AFB1）,True,检验项目命中AFB1/黄曲霉变体,,,,,,False,,,,,False,False,,无检测数值,空值或占位符,无检测数值,空值或占位符,True,AFB1相关但浓度无法解析；AFB1相关但法规限量无法解析
30,广东,2023,8,2023-08,生产,花生油/油脂,花生油,黄曲霉毒素B1（AFB1）,True,检验项目命中AFB1/黄曲霉变体,,,,,,False,,,,,False,False,,无检测数值,空值或占位符,无检测数值,空值或占位符,True,AFB1相关但浓度无法解析；AFB1相关但法规限量无法解析
31,广东,2023,8,2023-08,生产,花生油/油脂,花生油,黄曲霉毒素B1（AFB1）,True,检验项目命中AFB1/黄曲霉变体,,,,,,False,,,,,False,False,,无检测数值,空值或占位符,无检测数值,空值或占位符,True,AFB1相关但浓度无法解析；AFB1相关但法规限量无法解析
32,广东,2023,8,2023-08,生产,花生油/油脂,花生油,黄曲霉毒素B1（AFB1）,True,检验项目命中AFB1/黄曲霉变体,,,,,,False,,,,,False,False,,无检测数值,空值或占位符,无检测数值,空值或占位符,True,AFB1相关但浓度无法解析；AFB1相关但法规限量无法解析
33,广东,2023,8,2023-08,生产,花生油/油脂,花生油,黄曲霉毒素B1（AFB1）,True,检验项目命中AFB1/黄曲霉变体,,,,,,False,,,,,False,False,,无检测数值,空值或占位符,无检测数值,空值或占位符,True,AFB1相关但浓度无法解析；AFB1相关但法规限量无法解析
34,广东,2023,8,2023-08,生产,花生油/油脂,花生油,黄曲霉毒素B1（AFB1）,True,检验项目命中AFB1/黄曲霉变体,,,,,,False,,,,,False,False,,无检测数值,空值或占位符,无检测数值,空值或占位符,True,AFB1相关但浓度无法解析；AFB1相关但法规限量无法解析
35,广东,2023,8,2023-08,生产,花生油/油脂,花生油,黄曲霉毒素B1（AFB1）,True,检验项目命中AFB1/黄曲霉变体,,,,,,False,,,,,False,False,,无检测数值,空值或占位符,无检测数值,空值或占位符,True,AFB1相关但浓度无法解析；AFB1相关但法规限量无法解析
36,广东,2023,8,2023-08,生产,花生油/油脂,花生油,黄曲霉毒素B1（AFB1）,True,检验项目命中AFB1/黄曲霉变体,,,,,,False,,,,,False,False,,无检测数值,空值或占位符,无检测数值,空值或占位符,True,AFB1相关但浓度无法解析；AFB1相关但法规限量无法解析
37,广东,2023,8,2023-08,生产,花生油/油脂,花生油,黄曲霉毒素B1（AFB1）,True,检验项目命中AFB1/黄曲霉变体,,,,,,False,,,,,False,False,,无检测数值,空值或占位符,无检测数值,空值或占位符,True,AFB1相关但浓度无法解析；AFB1相关但法规限量无法解析
38,广东,2023,8,2023-08,生产,花生油/油脂,花生油,黄曲霉毒素B1（AFB1）,True,检验项目命中AFB1/黄曲霉变体,,,,,,False,,,,,False,False,,无检测数值,空值或占位符,无检测数值,空值或占位符,True,AFB1相关但浓度无法解析；AFB1相关但法规限量无法解析
39,广东,2023,8,2023-08,生产,花生油/油脂,花生油,黄曲霉毒素B1（AFB1）,True,检验项目命中AFB1/黄曲霉变体,,,,,,False,,,,,False,False,,无检测数值,空值或占位符,无检测数值,空值或占位符,True,AFB1相关但浓度无法解析；AFB1相关但法规限量无法解析
40,广东,2023,8,2023-08,生产,花生油/油脂,花生油,黄曲霉毒素B1（AFB1）,True,检验项目命中AFB1/黄曲霉变体,,,,,,False,,,,,False,False,,无检测数值,空值或占位符,无检测数值,空值或占位符,True,AFB1相关但浓度无法解析；AFB1相关但法规限量无法解析
41,广东,2023,8,2023-08,生产,花生油/油脂,花生油,黄曲霉毒素B1（AFB1）,True,检验项目命中AFB1/黄曲霉变体,,,,,,False,,,,,False,False,,无检测数值,空值或占位符,无检测数值,空值或占位符,True,AFB1相关但浓度无法解析；AFB1相关但法规限量无法解析
42,广东,2023,8,2023-08,生产,花生油/油脂,花生油,黄曲霉毒素B1（AFB1）,True,检验项目命中AFB1/黄曲霉变体,,,,,,False,,,,,False,False,,无检测数值,空值或占位符,无检测数值,空值或占位符,True,AFB1相关但浓度无法解析；AFB1相关但法规限量无法解析
43,广东,2023,8,2023-08,生产,花生油/油脂,花生油,黄曲霉毒素B1（AFB1）,True,检验项目命中AFB1/黄曲霉变体,,,,,,False,,,,,False,False,,无检测数值,空值或占位符,无检测数值,空值或占位符,True,AFB1相关但浓度无法解析；AFB1相关但法规限量无法解析
44,广东,2023,8,2023-08,生产,花生油/油脂,花生油,黄曲霉毒素B1（AFB1）,True,检验项目命中AFB1/黄曲霉变体,,,,,,False,,,,,False,False,,无检测数值,空值或占位符,无检测数值,空值或占位符,True,AFB1相关但浓度无法解析；AFB1相关但法规限量无法解析
45,广东,2023,8,2023-08,生产,花生油/油脂,花生油,黄曲霉毒素B1（AFB1）,True,检验项目命中AFB1/黄曲霉变体,,,,,,False,,,,,False,False,,无检测数值,空值或占位符,无检测数值,空值或占位符,True,AFB1相关但浓度无法解析；AFB1相关但法规限量无法解析
46,广东,2023,8,2023-08,生产,花生油/油脂,花生油,黄曲霉毒素B1（AFB1）,True,检验项目命中AFB1/黄曲霉变体,,,,,,False,,,,,False,False,,无检测数值,空值或占位符,无检测数值,空值或占位符,True,AFB1相关但浓度无法解析；AFB1相关但法规限量无法解析
47,广东,2023,8,2023-08,生产,花生油/油脂,花生油,黄曲霉毒素B1（AFB1）,True,检验项目命中AFB1/黄曲霉变体,,,,,,False,,,,,False,False,,无检测数值,空值或占位符,无检测数值,空值或占位符,True,AFB1相关但浓度无法解析；AFB1相关但法规限量无法解析
48,广东,2023,8,2023-08,生产,花生油/油脂,花生油,黄曲霉毒素B1（AFB1）,True,检验项目命中AFB1/黄曲霉变体,,,,,,False,,,,,False,False,,无检测数值,空值或占位符,无检测数值,空值或占位符,True,AFB1相关但浓度无法解析；AFB1相关但法规限量无法解析
49,广东,2023,8,2023-08,生产,花生油/油脂,花生油,黄曲霉毒素B1（AFB1）,True,检验项目命中AFB1/黄曲霉变体,,,,,,False,,,,,False,False,,无检测数值,空值或占位符,无检测数值,空值或占位符,True,AFB1相关但浓度无法解析；AFB1相关但法规限量无法解析
50,广东,2023,8,2023-08,生产,花生油/油脂,花生油,黄曲霉毒素B1（AFB1）,True,检验项目命中AFB1/黄曲霉变体,,,,,,False,,,,,False,False,,无检测数值,空值或占位符,无检测数值,空值或占位符,True,AFB1相关但浓度无法解析；AFB1相关但法规限量无法解析
51,广东,2023,8,2023-08,生产,花生油/油脂,花生油,黄曲霉毒素B1（AFB1）,True,检验项目命中AFB1/黄曲霉变体,,,,,,False,,,,,False,False,,无检测数值,空值或占位符,无检测数值,空值或占位符,True,AFB1相关但浓度无法解析；AFB1相关但法规限量无法解析
52,广东,2023,8,2023-08,生产,花生油/油脂,花生油,黄曲霉毒素B1（AFB1）,True,检验项目命中AFB1/黄曲霉变体,,,,,,False,,,,,False,False,,无检测数值,空值或占位符,无检测数值,空值或占位符,True,AFB1相关但浓度无法解析；AFB1相关但法规限量无法解析
53,广东,2023,8,2023-08,生产,花生油/油脂,花生油,黄曲霉毒素B1（AFB1）,True,检验项目命中AFB1/黄曲霉变体,,,,,,False,,,,,False,False,,无检测数值,空值或占位符,无检测数值,空值或占位符,True,AFB1相关但浓度无法解析；AFB1相关但法规限量无法解析
54,广东,2023,8,2023-08,生产,花生油/油脂,花生油,黄曲霉毒素B1（AFB1）,True,检验项目命中AFB1/黄曲霉变体,,,,,,False,,,,,False,False,,无检测数值,空值或占位符,无检测数值,空值或占位符,True,AFB1相关但浓度无法解析；AFB1相关但法规限量无法解析
55,广东,2023,8,2023-08,生产,花生油/油脂,花生油,黄曲霉毒素B1（AFB1）,True,检验项目命中AFB1/黄曲霉变体,,,,,,False,,,,,False,False,,无检测数值,空值或占位符,无检测数值,空值或占位符,True,AFB1相关但浓度无法解析；AFB1相关但法规限量无法解析
56,广东,2023,8,2023-08,生产,花生油/油脂,花生油,黄曲霉毒素B1（AFB1）,True,检验项目命中AFB1/黄曲霉变体,,,,,,False,,,,,False,False,,无检测数值,空值或占位符,无检测数值,空值或占位符,True,AFB1相关但浓度无法解析；AFB1相关但法规限量无法解析
57,广东,2023,8,2023-08,生产,花生油/油脂,花生油,黄曲霉毒素B1（AFB1）,True,检验项目命中AFB1/黄曲霉变体,,,,,,False,,,,,False,False,,无检测数值,空值或占位符,无检测数值,空值或占位符,True,AFB1相关但浓度无法解析；AFB1相关但法规限量无法解析
58,广东,2023,8,2023-08,生产,花生油/油脂,花生油,黄曲霉毒素B1（AFB1）,True,检验项目命中AFB1/黄曲霉变体,,,,,,False,,,,,False,False,,无检测数值,空值或占位符,无检测数值,空值或占位符,True,AFB1相关但浓度无法解析；AFB1相关但法规限量无法解析
59,广东,2023,8,2023-08,生产,花生油/油脂,花生油,黄曲霉毒素B1（AFB1）,True,检验项目命中AFB1/黄曲霉变体,,,,,,False,,,,,False,False,,无检测数值,空值或占位符,无检测数值,空值或占位符,True,AFB1相关但浓度无法解析；AFB1相关但法规限量无法解析
60,广东,2023,8,2023-08,生产,花生油/油脂,花生油,黄曲霉毒素B1（AFB1）,True,检验项目命中AFB1/黄曲霉变体,,,,,,False,,,,,False,False,,无检测数值,空值或占位符,无检测数值,空值或占位符,True,AFB1相关但浓度无法解析；AFB1相关但法规限量无法解析
61,广东,2023,8,2023-08,生产,花生油/油脂,花生油,黄曲霉毒素B1（AFB1）,True,检验项目命中AFB1/黄曲霉变体,,,,,,False,,,,,False,False,,无检测数值,空值或占位符,无检测数值,空值或占位符,True,AFB1相关但浓度无法解析；AFB1相关但法规限量无法解析
62,广东,2023,8,2023-08,生产,花生油/油脂,花生油,黄曲霉毒素B1（AFB1）,True,检验项目命中AFB1/黄曲霉变体,,,,,,False,,,,,False,False,,无检测数值,空值或占位符,无检测数值,空值或占位符,True,AFB1相关但浓度无法解析；AFB1相关但法规限量无法解析
63,广东,2023,8,2023-08,生产,花生油/油脂,花生油,黄曲霉毒素B1（AFB1）,True,检验项目命中AFB1/黄曲霉变体,,,,,,False,,,,,False,False,,无检测数值,空值或占位符,无检测数值,空值或占位符,True,AFB1相关但浓度无法解析；AFB1相关但法规限量无法解析
64,广东,2023,8,2023-08,生产,花生油/油脂,花生油,黄曲霉毒素B1（AFB1）,True,检验项目命中AFB1/黄曲霉变体,,,,,,False,,,,,False,False,,无检测数值,空值或占位符,无检测数值,空值或占位符,True,AFB1相关但浓度无法解析；AFB1相关但法规限量无法解析
65,广东,2023,8,2023-08,生产,花生油/油脂,花生油,黄曲霉毒素B1（AFB1）,True,检验项目命中AFB1/黄曲霉变体,,,,,,False,,,,,False,False,,无检测数值,空值或占位符,无检测数值,空值或占位符,True,AFB1相关但浓度无法解析；AFB1相关但法规限量无法解析
66,广东,2023,8,2023-08,生产,花生油/油脂,花生油,黄曲霉毒素B1（AFB1）,True,检验项目命中AFB1/黄曲霉变体,,,,,,False,,,,,False,False,,无检测数值,空值或占位符,无检测数值,空值或占位符,True,AFB1相关但浓度无法解析；AFB1相关但法规限量无法解析
67,广东,2023,8,2023-08,生产,花生油/油脂,花生油,黄曲霉毒素B1（AFB1）,True,检验项目命中AFB1/黄曲霉变体,,,,,,False,,,,,False,False,,无检测数值,空值或占位符,无检测数值,空值或占位符,True,AFB1相关但浓度无法解析；AFB1相关但法规限量无法解析
68,广东,2023,8,2023-08,生产,花生油/油脂,花生油,黄曲霉毒素B1（AFB1）,True,检验项目命中AFB1/黄曲霉变体,,,,,,False,,,,,False,False,,无检测数值,空值或占位符,无检测数值,空值或占位符,True,AFB1相关但浓度无法解析；AFB1相关但法规限量无法解析
69,广东,2023,8,2023-08,生产,花生油/油脂,花生油,黄曲霉毒素B1（AFB1）,True,检验项目命中AFB1/黄曲霉变体,,,,,,False,,,,,False,False,,无检测数值,空值或占位符,无检测数值,空值或占位符,True,AFB1相关但浓度无法解析；AFB1相关但法规限量无法解析
70,广东,2023,8,2023-08,生产,花生油/油脂,花生油,黄曲霉毒素B1（AFB1）,True,检验项目命中AFB1/黄曲霉变体,,,,,,False,,,,,False,False,,无检测数值,空值或占位符,无检测数值,空值或占位符,True,AFB1相关但浓度无法解析；AFB1相关但法规限量无法解析
71,广东,2023,8,2023-08,生产,花生油/油脂,花生油,黄曲霉毒素B1（AFB1）,True,检验项目命中AFB1/黄曲霉变体,,,,,,False,,,,,False,False,,无检测数值,空值或占位符,无检测数值,空值或占位符,True,AFB1相关但浓度无法解析；AFB1相关但法规限量无法解析
72,广东,2023,8,2023-08,生产,花生油/油脂,花生油,黄曲霉毒素B1（AFB1）,True,检验项目命中AFB1/黄曲霉变体,,,,,,False,,,,,False,False,,无检测数值,空值或占位符,无检测数值,空值或占位符,True,AFB1相关但浓度无法解析；AFB1相关但法规限量无法解析
73,广东,2023,8,2023-08,流通,花生油/油脂,压榨花生油,黄曲霉毒素B1（AFB1）,True,检验项目命中AFB1/黄曲霉变体,,,,,,False,,,,,False,False,,无检测数值,空值或占位符,无检测数值,空值或占位符,True,AFB1相关但浓度无法解析；AFB1相关但法规限量无法解析
74,山东,2023,8,2023-08,流通,花生油/油脂,油酸多多花生油,黄曲霉毒素B1（AFB1）,True,检验项目命中AFB1/黄曲霉变体,,,,,,False,,,,,False,False,,无检测数值,空值或占位符,无检测数值,空值或占位符,True,AFB1相关但浓度无法解析；AFB1相关但法规限量无法解析
6,广东,2023,8,2023-08,餐饮,花生油/油脂,压榨一级浓香花生油,黄曲霉毒素B1（AFB1）,True,检验项目命中AFB1/黄曲霉变体,,,,,,False,,,,,False,False,,无检测数值,空值或占位符,无检测数值,空值或占位符,True,AFB1相关但浓度无法解析；AFB1相关但法规限量无法解析
7,广东,2023,8,2023-08,流通,花生油/油脂,5S压榨一级花生油,黄曲霉毒素B1（AFB1）,True,检验项目命中AFB1/黄曲霉变体,,,,,,False,,,,,False,False,,无检测数值,空值或占位符,无检测数值,空值或占位符,True,AFB1相关但浓度无法解析；AFB1相关但法规限量无法解析
8,江西,2023,8,2023-08,餐饮,花生油/油脂,5S压榨一级花生油,黄曲霉毒素B1（AFB1）,True,检验项目命中AFB1/黄曲霉变体,,,,,,False,,,,,False,False,,无检测数值,空值或占位符,无检测数值,空值或占位符,True,AFB1相关但浓度无法解析；AFB1相关但法规限量无法解析
9,广东,2023,8,2023-08,流通,花生油/油脂,5S压榨一级花生油,黄曲霉毒素B1（AFB1）,True,检验项目命中AFB1/黄曲霉变体,,,,,,False,,,,,False,False,,无检测数值,空值或占位符,无检测数值,空值或占位符,True,AFB1相关但浓度无法解析；AFB1相关但法规限量无法解析
10,广东,2023,8,2023-08,餐饮,花生油/油脂,压榨一级浓香花生油,黄曲霉毒素B1（AFB1）,True,检验项目命中AFB1/黄曲霉变体,,,,,,False,,,,,False,False,,无检测数值,空值或占位符,无检测数值,空值或占位符,True,AFB1相关但浓度无法解析；AFB1相关但法规限量无法解析
11,广东,2023,8,2023-08,生产,花生油/油脂,花生油,黄曲霉毒素B1（AFB1）,True,检验项目命中AFB1/黄曲霉变体,,,,,,False,,,,,False,False,,无检测数值,空值或占位符,无检测数值,空值或占位符,True,AFB1相关但浓度无法解析；AFB1相关但法规限量无法解析
12,广东,2023,8,2023-08,生产,花生油/油脂,花生油,黄曲霉毒素B1（AFB1）,True,检验项目命中AFB1/黄曲霉变体,,,,,,False,,,,,False,False,,无检测数值,空值或占位符,无检测数值,空值或占位符,True,AFB1相关但浓度无法解析；AFB1相关但法规限量无法解析
13,广东,2023,8,2023-08,生产,花生油/油脂,花生油,黄曲霉毒素B1（AFB1）,True,检验项目命中AFB1/黄曲霉变体,,,,,,False,,,,,False,False,,无检测数值,空值或占位符,无检测数值,空值或占位符,True,AFB1相关但浓度无法解析；AFB1相关但法规限量无法解析
14,广东,2023,8,2023-08,生产,花生油/油脂,花生油,黄曲霉毒素B1（AFB1）,True,检验项目命中AFB1/黄曲霉变体,,,,,,False,,,,,False,False,,无检测数值,空值或占位符,无检测数值,空值或占位符,True,AFB1相关但浓度无法解析；AFB1相关但法规限量无法解析
15,广东,2023,8,2023-08,生产,花生油/油脂,花生油,黄曲霉毒素B1（AFB1）,True,检验项目命中AFB1/黄曲霉变体,,,,,,False,,,,,False,False,,无检测数值,空值或占位符,无检测数值,空值或占位符,True,AFB1相关但浓度无法解析；AFB1相关但法规限量无法解析
16,广东,2023,8,2023-08,生产,花生油/油脂,花生油,黄曲霉毒素B1（AFB1）,True,检验项目命中AFB1/黄曲霉变体,,,,,,False,,,,,False,False,,无检测数值,空值或占位符,无检测数值,空值或占位符,True,AFB1相关但浓度无法解析；AFB1相关但法规限量无法解析
17,广东,2023,8,2023-08,生产,花生油/油脂,花生油,黄曲霉毒素B1（AFB1）,True,检验项目命中AFB1/黄曲霉变体,,,,,,False,,,,,False,False,,无检测数值,空值或占位符,无检测数值,空值或占位符,True,AFB1相关但浓度无法解析；AFB1相关但法规限量无法解析
18,广东,2023,8,2023-08,生产,花生油/油脂,花生油,黄曲霉毒素B1（AFB1）,True,检验项目命中AFB1/黄曲霉变体,,,,,,False,,,,,False,False,,无检测数值,空值或占位符,无检测数值,空值或占位符,True,AFB1相关但浓度无法解析；AFB1相关但法规限量无法解析
19,广东,2023,8,2023-08,生产,花生油/油脂,花生油,黄曲霉毒素B1（AFB1）,True,检验项目命中AFB1/黄曲霉变体,,,,,,False,,,,,False,False,,无检测数值,空值或占位符,无检测数值,空值或占位符,True,AFB1相关但浓度无法解析；AFB1相关但法规限量无法解析
20,广东,2023,8,2023-08,生产,花生油/油脂,花生油,黄曲霉毒素B1（AFB1）,True,检验项目命中AFB1/黄曲霉变体,,,,,,False,,,,,False,False,,无检测数值,空值或占位符,无检测数值,空值或占位符,True,AFB1相关但浓度无法解析；AFB1相关但法规限量无法解析
21,广东,2023,8,2023-08,生产,花生油/油脂,花生油,黄曲霉毒素B1（AFB1）,True,检验项目命中AFB1/黄曲霉变体,,,,,,False,,,,,False,False,,无检测数值,空值或占位符,无检测数值,空值或占位符,True,AFB1相关但浓度无法解析；AFB1相关但法规限量无法解析
22,广东,2023,8,2023-08,生产,花生油/油脂,花生油,黄曲霉毒素B1（AFB1）,True,检验项目命中AFB1/黄曲霉变体,,,,,,False,,,,,False,False,,无检测数值,空值或占位符,无检测数值,空值或占位符,True,AFB1相关但浓度无法解析；AFB1相关但法规限量无法解析
23,广东,2023,8,2023-08,生产,花生油/油脂,花生油,黄曲霉毒素B1（AFB1）,True,检验项目命中AFB1/黄曲霉变体,,,,,,False,,,,,False,False,,无检测数值,空值或占位符,无检测数值,空值或占位符,True,AFB1相关但浓度无法解析；AFB1相关但法规限量无法解析
24,广东,2023,8,2023-08,生产,花生油/油脂,花生油,黄曲霉毒素B1（AFB1）,True,检验项目命中AFB1/黄曲霉变体,,,,,,False,,,,,False,False,,无检测数值,空值或占位符,无检测数值,空值或占位符,True,AFB1相关但浓度无法解析；AFB1相关但法规限量无法解析
25,广东,2023,8,2023-08,生产,花生油/油脂,花生油,黄曲霉毒素B1（AFB1）,True,检验项目命中AFB1/黄曲霉变体,,,,,,False,,,,,False,False,,无检测数值,空值或占位符,无检测数值,空值或占位符,True,AFB1相关但浓度无法解析；AFB1相关但法规限量无法解析
31,广西,2023,8,2023-08,生产,花生油/油脂,花生油,黄曲霉毒素B1（AFB1）,True,不合格项目命中AFB1/黄曲霉变体；不合格规范列命中AFB1/黄曲霉变体,26.2µg/kg,26.2,,26.2,μg/kg,False,≤20µg/kg,20.0,μg/kg,≤,False,True,1.31,已解析并统一单位,,已解析并统一单位,,False,
1,广东,2023,8,2023-08,生产,花生油/油脂,花生油,黄曲霉毒素B1（AFB1）,True,检验项目命中AFB1/黄曲霉变体,,,,,,False,,,,,False,False,,无检测数值,空值或占位符,无检测数值,空值或占位符,True,AFB1相关但浓度无法解析；AFB1相关但法规限量无法解析
2,广东,2023,8,2023-08,生产,花生油/油脂,花生油,黄曲霉毒素B1（AFB1）,True,检验项目命中AFB1/黄曲霉变体,,,,,,False,,,,,False,False,,无检测数值,空值或占位符,无检测数值,空值或占位符,True,AFB1相关但浓度无法解析；AFB1相关但法规限量无法解析
3,广东,2023,8,2023-08,生产,花生油/油脂,花生油,黄曲霉毒素B1（AFB1）,True,检验项目命中AFB1/黄曲霉变体,,,,,,False,,,,,False,False,,无检测数值,空值或占位符,无检测数值,空值或占位符,True,AFB1相关但浓度无法解析；AFB1相关但法规限量无法解析
4,广东,2023,8,2023-08,生产,花生油/油脂,花生油,黄曲霉毒素B1（AFB1）,True,检验项目命中AFB1/黄曲霉变体,,,,,,False,,,,,False,False,,无检测数值,空值或占位符,无检测数值,空值或占位符,True,AFB1相关但浓度无法解析；AFB1相关但法规限量无法解析
5,不详,2023,8,2023-08,餐饮,花生油/油脂,花生油,黄曲霉毒素B1（AFB1）,True,检验项目命中AFB1/黄曲霉变体,,,,,,False,,,,,False,False,,无检测数值,空值或占位符,无检测数值,空值或占位符,True,AFB1相关但浓度无法解析；AFB1相关但法规限量无法解析
6,广东,2023,8,2023-08,餐饮,花生油/油脂,5S压榨一级花生油,黄曲霉毒素B1（AFB1）,True,检验项目命中AFB1/黄曲霉变体,,,,,,False,,,,,False,False,,无检测数值,空值或占位符,无检测数值,空值或占位符,True,AFB1相关但浓度无法解析；AFB1相关但法规限量无法解析
7,广东,2023,8,2023-08,餐饮,花生油/油脂,5S压榨一级花生油,黄曲霉毒素B1（AFB1）,True,检验项目命中AFB1/黄曲霉变体,,,,,,False,,,,,False,False,,无检测数值,空值或占位符,无检测数值,空值或占位符,True,AFB1相关但浓度无法解析；AFB1相关但法规限量无法解析
2,广东,2023,8,2023-08,生产,花生油/油脂,花生油,黄曲霉毒素B1（AFB1）,True,检验项目命中AFB1/黄曲霉变体,,,,,,False,,,,,False,False,,无检测数值,空值或占位符,无检测数值,空值或占位符,True,AFB1相关但浓度无法解析；AFB1相关但法规限量无法解析
3,广东,2023,8,2023-08,生产,花生油/油脂,花生油,黄曲霉毒素B1（AFB1）,True,检验项目命中AFB1/黄曲霉变体,,,,,,False,,,,,False,False,,无检测数值,空值或占位符,无检测数值,空值或占位符,True,AFB1相关但浓度无法解析；AFB1相关但法规限量无法解析
301,广西,2023,8,2023-08,生产,花生油/油脂,花生油,黄曲霉毒素B1（AFB1）,True,不合格项目命中AFB1/黄曲霉变体；不合格规范列命中AFB1/黄曲霉变体,25.6μg/kg,25.6,,25.6,μg/kg,False,≤20μg/kg,20.0,μg/kg,≤,False,True,1.28,已解析并统一单位,,已解析并统一单位,,False,
304,广西,2023,8,2023-08,流通,花生油/油脂,花生油,黄曲霉毒素B1（AFB1）,True,不合格项目命中AFB1/黄曲霉变体；不合格规范列命中AFB1/黄曲霉变体,27.3μg/kg,27.3,,27.3,μg/kg,False,≤20μg/kg,20.0,μg/kg,≤,False,True,1.365,已解析并统一单位,,已解析并统一单位,,False,
305,广西,2023,8,2023-08,生产,花生油/油脂,花生油,黄曲霉毒素B1（AFB1）,True,不合格项目命中AFB1/黄曲霉变体；不合格规范列命中AFB1/黄曲霉变体,27.2μg/kg,27.2,,27.2,μg/kg,False,≤20μg/kg,20.0,μg/kg,≤,False,True,1.3599999999999999,已解析并统一单位,,已解析并统一单位,,False,
306,广西,2023,8,2023-08,生产,花生油/油脂,花生油,黄曲霉毒素B1（AFB1）,True,不合格项目命中AFB1/黄曲霉变体；不合格规范列命中AFB1/黄曲霉变体,25.4μg/kg,25.4,,25.4,μg/kg,False,≤20μg/kg,20.0,μg/kg,≤,False,True,1.27,已解析并统一单位,,已解析并统一单位,,False,
12,广东,2023,8,2023-08,生产,花生油/油脂,花生油,黄曲霉毒素B1（AFB1）,True,检验项目命中AFB1/黄曲霉变体,,,,,,False,,,,,False,False,,无检测数值,空值或占位符,无检测数值,空值或占位符,True,AFB1相关但浓度无法解析；AFB1相关但法规限量无法解析
13,广东,2023,8,2023-08,生产,花生油/油脂,花生油,黄曲霉毒素B1（AFB1）,True,检验项目命中AFB1/黄曲霉变体,,,,,,False,,,,,False,False,,无检测数值,空值或占位符,无检测数值,空值或占位符,True,AFB1相关但浓度无法解析；AFB1相关但法规限量无法解析
14,广东,2023,8,2023-08,生产,花生油/油脂,花生油,黄曲霉毒素B1（AFB1）,True,检验项目命中AFB1/黄曲霉变体,,,,,,False,,,,,False,False,,无检测数值,空值或占位符,无检测数值,空值或占位符,True,AFB1相关但浓度无法解析；AFB1相关但法规限量无法解析
15,广东,2023,8,2023-08,生产,花生油/油脂,花生油,黄曲霉毒素B1（AFB1）,True,检验项目命中AFB1/黄曲霉变体,,,,,,False,,,,,False,False,,无检测数值,空值或占位符,无检测数值,空值或占位符,True,AFB1相关但浓度无法解析；AFB1相关但法规限量无法解析
16,广东,2023,8,2023-08,生产,花生油/油脂,花生油,黄曲霉毒素B1（AFB1）,True,检验项目命中AFB1/黄曲霉变体,,,,,,False,,,,,False,False,,无检测数值,空值或占位符,无检测数值,空值或占位符,True,AFB1相关但浓度无法解析；AFB1相关但法规限量无法解析
17,广东,2023,8,2023-08,生产,花生油/油脂,花生油,黄曲霉毒素B1（AFB1）,True,检验项目命中AFB1/黄曲霉变体,,,,,,False,,,,,False,False,,无检测数值,空值或占位符,无检测数值,空值或占位符,True,AFB1相关但浓度无法解析；AFB1相关但法规限量无法解析
18,广东,2023,8,2023-08,生产,花生油/油脂,花生油,黄曲霉毒素B1（AFB1）,True,检验项目命中AFB1/黄曲霉变体,,,,,,False,,,,,False,False,,无检测数值,空值或占位符,无检测数值,空值或占位符,True,AFB1相关但浓度无法解析；AFB1相关但法规限量无法解析
19,广东,2023,8,2023-08,生产,花生油/油脂,花生油,黄曲霉毒素B1（AFB1）,True,检验项目命中AFB1/黄曲霉变体,,,,,,False,,,,,False,False,,无检测数值,空值或占位符,无检测数值,空值或占位符,True,AFB1相关但浓度无法解析；AFB1相关但法规限量无法解析
20,广东,2023,8,2023-08,生产,花生油/油脂,花生油,黄曲霉毒素B1（AFB1）,True,检验项目命中AFB1/黄曲霉变体,,,,,,False,,,,,False,False,,无检测数值,空值或占位符,无检测数值,空值或占位符,True,AFB1相关但浓度无法解析；AFB1相关但法规限量无法解析
21,广东,2023,8,2023-08,生产,花生油/油脂,花生油,黄曲霉毒素B1（AFB1）,True,检验项目命中AFB1/黄曲霉变体,,,,,,False,,,,,False,False,,无检测数值,空值或占位符,无检测数值,空值或占位符,True,AFB1相关但浓度无法解析；AFB1相关但法规限量无法解析
22,广东,2023,8,2023-08,生产,花生油/油脂,花生油,黄曲霉毒素B1（AFB1）,True,检验项目命中AFB1/黄曲霉变体,,,,,,False,,,,,False,False,,无检测数值,空值或占位符,无检测数值,空值或占位符,True,AFB1相关但浓度无法解析；AFB1相关但法规限量无法解析
90,广东,2023,8,2023-08,流通,花生油/油脂,花生油,黄曲霉毒素B1（AFB1）,True,不合格项目命中AFB1/黄曲霉变体；不合格规范列命中AFB1/黄曲霉变体,38.9µg/kg,38.9,,38.9,μg/kg,False,标准最大允许限：20µg/kg标准最小允许限：/,20.0,μg/kg,≤,False,True,1.9449999999999998,已解析并统一单位,,已解析并统一单位,,False,
161,广西,2023,9,2023-09,流通,花生油/油脂,花生油,黄曲霉毒素B1（AFB1）,True,不合格项目命中AFB1/黄曲霉变体；不合格规范列命中AFB1/黄曲霉变体,56.7µg/kg,56.7,,56.7,μg/kg,False,≤20µg/kg,20.0,μg/kg,≤,False,True,2.835,已解析并统一单位,,已解析并统一单位,,False,
162,广西,2023,9,2023-09,流通,花生油/油脂,花生油,黄曲霉毒素B1（AFB1）,True,不合格项目命中AFB1/黄曲霉变体；不合格规范列命中AFB1/黄曲霉变体,40.5µg/kg,40.5,,40.5,μg/kg,False,≤20µg/kg,20.0,μg/kg,≤,False,True,2.025,已解析并统一单位,,已解析并统一单位,,False,
291,广西,2023,9,2023-09,生产,花生油/油脂,花生油,黄曲霉毒素B1（AFB1）,True,不合格项目命中AFB1/黄曲霉变体；不合格规范列命中AFB1/黄曲霉变体,46.0μg/kg,46.0,,46.0,μg/kg,False,≤20μg/kg,20.0,μg/kg,≤,False,True,2.3,已解析并统一单位,,已解析并统一单位,,False,
2,广东,2023,9,2023-09,流通,花生油/油脂,胡姬花古法花生油,黄曲霉毒素B1（AFB1）,True,检验项目命中AFB1/黄曲霉变体,,,,,,False,,,,,False,False,,无检测数值,空值或占位符,无检测数值,空值或占位符,True,AFB1相关但浓度无法解析；AFB1相关但法规限量无法解析
18,山东,2023,9,2023-09,生产,花生油/油脂,原生态花生油,黄曲霉毒素B1（AFB1）,True,检验项目命中AFB1/黄曲霉变体,,,,,,False,,,,,False,False,,无检测数值,空值或占位符,无检测数值,空值或占位符,True,AFB1相关但浓度无法解析；AFB1相关但法规限量无法解析
67,山东,2023,9,2023-09,生产,花生油/油脂,花生油,黄曲霉毒素B1（AFB1）,True,不合格项目命中AFB1/黄曲霉变体；不合格规范列命中AFB1/黄曲霉变体,40.4µg/kg,40.4,,40.4,μg/kg,False,≤20µg/kg,20.0,μg/kg,≤,False,True,2.02,已解析并统一单位,,已解析并统一单位,,False,
68,山东,2023,9,2023-09,生产,花生油/油脂,花生油,黄曲霉毒素B1（AFB1）,True,不合格项目命中AFB1/黄曲霉变体；不合格规范列命中AFB1/黄曲霉变体,22.1µg/kg,22.1,,22.1,μg/kg,False,≤20µg/kg,20.0,μg/kg,≤,False,True,1.105,已解析并统一单位,,已解析并统一单位,,False,
69,山东,2023,9,2023-09,生产,花生油/油脂,花生油（自制）,黄曲霉毒素B1（AFB1）,True,不合格项目命中AFB1/黄曲霉变体；不合格规范列命中AFB1/黄曲霉变体,3.4mg/g|50.4µg/kg,3.4,,3.4,mg/g,False,≤3mg/g|≤20µg/kg,3.0,mg/g,≤,False,True,1.1333333333333333,已解析,,已解析,,True,AFB1浓度单位未统一为μg/kg
11,广东,2023,9,2023-09,生产,花生油/油脂,花生油,黄曲霉毒素B1（AFB1）,True,检验项目命中AFB1/黄曲霉变体,,,,,,False,,,,,False,False,,无检测数值,空值或占位符,无检测数值,空值或占位符,True,AFB1相关但浓度无法解析；AFB1相关但法规限量无法解析
12,广东,2023,9,2023-09,生产,花生油/油脂,花生油,黄曲霉毒素B1（AFB1）,True,检验项目命中AFB1/黄曲霉变体,,,,,,False,,,,,False,False,,无检测数值,空值或占位符,无检测数值,空值或占位符,True,AFB1相关但浓度无法解析；AFB1相关但法规限量无法解析
168,广西,2023,9,2023-09,流通,花生油/油脂,花生油,黄曲霉毒素B1（AFB1）,True,不合格项目命中AFB1/黄曲霉变体；不合格规范列命中AFB1/黄曲霉变体,78.6μg/kg,78.6,,78.6,μg/kg,False,≤20μg/kg,20.0,μg/kg,≤,False,True,3.9299999999999997,已解析并统一单位,,已解析并统一单位,,False,
169,广西,2023,9,2023-09,流通,花生油/油脂,花生油,黄曲霉毒素B1（AFB1）,True,不合格项目命中AFB1/黄曲霉变体；不合格规范列命中AFB1/黄曲霉变体,27.4μg/kg,27.4,,27.4,μg/kg,False,≤20μg/kg,20.0,μg/kg,≤,False,True,1.3699999999999999,已解析并统一单位,,已解析并统一单位,,False,
170,广西,2023,9,2023-09,流通,花生油/油脂,花生油,黄曲霉毒素B1（AFB1）,True,不合格项目命中AFB1/黄曲霉变体；不合格规范列命中AFB1/黄曲霉变体,33.9μg/kg,33.9,,33.9,μg/kg,False,≤20μg/kg,20.0,μg/kg,≤,False,True,1.6949999999999998,已解析并统一单位,,已解析并统一单位,,False,
180,广东,2023,9,2023-09,生产,花生油/油脂,花生油,黄曲霉毒素B1（AFB1）,True,检验项目命中AFB1/黄曲霉变体,,,,,,False,,,,,False,False,,无检测数值,空值或占位符,无检测数值,空值或占位符,True,AFB1相关但浓度无法解析；AFB1相关但法规限量无法解析
181,广东,2023,9,2023-09,生产,花生油/油脂,花生油,黄曲霉毒素B1（AFB1）,True,检验项目命中AFB1/黄曲霉变体,,,,,,False,,,,,False,False,,无检测数值,空值或占位符,无检测数值,空值或占位符,True,AFB1相关但浓度无法解析；AFB1相关但法规限量无法解析
156,河北,2023,9,2023-09,流通,花生油/油脂,黑花生油,黄曲霉毒素B1（AFB1）,True,不合格项目命中AFB1/黄曲霉变体；不合格规范列命中AFB1/黄曲霉变体,30.4μg/kg,30.4,,30.4,μg/kg,False,≤20μg/kg,20.0,μg/kg,≤,False,True,1.52,已解析并统一单位,,已解析并统一单位,,False,
16,广东,2023,9,2023-09,餐饮,花生油/油脂,5S压榨一级花生油,黄曲霉毒素B1（AFB1）,True,检验项目命中AFB1/黄曲霉变体,,,,,,False,,,,,False,False,,无检测数值,空值或占位符,无检测数值,空值或占位符,True,AFB1相关但浓度无法解析；AFB1相关但法规限量无法解析
17,广东,2023,9,2023-09,餐饮,花生油/油脂,特香纯正花生油,黄曲霉毒素B1（AFB1）,True,检验项目命中AFB1/黄曲霉变体,,,,,,False,,,,,False,False,,无检测数值,空值或占位符,无检测数值,空值或占位符,True,AFB1相关但浓度无法解析；AFB1相关但法规限量无法解析
18,山东,2023,9,2023-09,流通,花生油/油脂,鹰唛花生油,黄曲霉毒素B1（AFB1）,True,检验项目命中AFB1/黄曲霉变体,,,,,,False,,,,,False,False,,无检测数值,空值或占位符,无检测数值,空值或占位符,True,AFB1相关但浓度无法解析；AFB1相关但法规限量无法解析
229,广西,2023,10,2023-10,生产,花生油/油脂,花生油,黄曲霉毒素B1（AFB1）,True,不合格项目命中AFB1/黄曲霉变体；不合格规范列命中AFB1/黄曲霉变体,52.6µg/kg,52.6,,52.6,μg/kg,False,≤20μg/kg,20.0,μg/kg,≤,False,True,2.63,已解析并统一单位,,已解析并统一单位,,False,
230,广西,2023,10,2023-10,生产,花生油/油脂,花生油,黄曲霉毒素B1（AFB1）,True,不合格项目命中AFB1/黄曲霉变体；不合格规范列命中AFB1/黄曲霉变体,30.1µg/kg,30.1,,30.1,μg/kg,False,≤20μg/kg,20.0,μg/kg,≤,False,True,1.5050000000000001,已解析并统一单位,,已解析并统一单位,,False,
325,广西,2023,10,2023-10,流通,花生油/油脂,花生油,黄曲霉毒素B1（AFB1）,True,不合格项目命中AFB1/黄曲霉变体；不合格规范列命中AFB1/黄曲霉变体,32.0µg/kg,32.0,,32.0,μg/kg,False,,,,,False,True,,已解析并统一单位,,无检测数值,空值或占位符,True,AFB1相关但法规限量无法解析
327,广西,2023,10,2023-10,流通,花生油/油脂,花生油,黄曲霉毒素B1（AFB1）,True,不合格项目命中AFB1/黄曲霉变体；不合格规范列命中AFB1/黄曲霉变体,26.2µg/kg,26.2,,26.2,μg/kg,False,,,,,False,True,,已解析并统一单位,,无检测数值,空值或占位符,True,AFB1相关但法规限量无法解析
329,广西,2023,10,2023-10,流通,花生油/油脂,花生油,黄曲霉毒素B1（AFB1）,True,不合格项目命中AFB1/黄曲霉变体；不合格规范列命中AFB1/黄曲霉变体,37.5µg/kg,37.5,,37.5,μg/kg,False,,,,,False,True,,已解析并统一单位,,无检测数值,空值或占位符,True,AFB1相关但法规限量无法解析
330,广西,2023,10,2023-10,流通,花生油/油脂,监花生油,黄曲霉毒素B1（AFB1）,True,不合格项目命中AFB1/黄曲霉变体；不合格规范列命中AFB1/黄曲霉变体,27.6µg/kg,27.6,,27.6,μg/kg,False,,,,,False,True,,已解析并统一单位,,无检测数值,空值或占位符,True,AFB1相关但法规限量无法解析
331,广西,2023,10,2023-10,流通,花生油/油脂,督花生油,黄曲霉毒素B1（AFB1）,True,不合格项目命中AFB1/黄曲霉变体；不合格规范列命中AFB1/黄曲霉变体,41.5µg/kg,41.5,,41.5,μg/kg,False,,,,,False,True,,已解析并统一单位,,无检测数值,空值或占位符,True,AFB1相关但法规限量无法解析
11,不详,2023,10,2023-10,餐饮,花生油/油脂,花生油,黄曲霉毒素B1（AFB1）,True,检验项目命中AFB1/黄曲霉变体,,,,,,False,,,,,False,False,,无检测数值,空值或占位符,无检测数值,空值或占位符,True,AFB1相关但浓度无法解析；AFB1相关但法规限量无法解析
12,广东,2023,10,2023-10,流通,花生油/油脂,压榨花生油,黄曲霉毒素B1（AFB1）,True,检验项目命中AFB1/黄曲霉变体,,,,,,False,,,,,False,False,,无检测数值,空值或占位符,无检测数值,空值或占位符,True,AFB1相关但浓度无法解析；AFB1相关但法规限量无法解析
13,广东,2023,10,2023-10,流通,花生油/油脂,花生油,黄曲霉毒素B1（AFB1）,True,检验项目命中AFB1/黄曲霉变体,,,,,,False,,,,,False,False,,无检测数值,空值或占位符,无检测数值,空值或占位符,True,AFB1相关但浓度无法解析；AFB1相关但法规限量无法解析
1,广东,2023,10,2023-10,生产,花生油/油脂,花生油,黄曲霉毒素B1（AFB1）,True,检验项目命中AFB1/黄曲霉变体,,,,,,False,,,,,False,False,,无检测数值,空值或占位符,无检测数值,空值或占位符,True,AFB1相关但浓度无法解析；AFB1相关但法规限量无法解析
2,广东,2023,10,2023-10,流通,花生油/油脂,鲁花5S压榨一级花生油,黄曲霉毒素B1（AFB1）,True,检验项目命中AFB1/黄曲霉变体,,,,,,False,,,,,False,False,,无检测数值,空值或占位符,无检测数值,空值或占位符,True,AFB1相关但浓度无法解析；AFB1相关但法规限量无法解析
3,广东,2023,10,2023-10,流通,花生油/油脂,胡姬花古法花生油,黄曲霉毒素B1（AFB1）,True,检验项目命中AFB1/黄曲霉变体,,,,,,False,,,,,False,False,,无检测数值,空值或占位符,无检测数值,空值或占位符,True,AFB1相关但浓度无法解析；AFB1相关但法规限量无法解析
4,广东,2023,10,2023-10,流通,花生油/油脂,特香油酸多花生油,黄曲霉毒素B1（AFB1）,True,检验项目命中AFB1/黄曲霉变体,,,,,,False,,,,,False,False,,无检测数值,空值或占位符,无检测数值,空值或占位符,True,AFB1相关但浓度无法解析；AFB1相关但法规限量无法解析
5,广东,2023,10,2023-10,流通,花生油/油脂,压榨花生油,黄曲霉毒素B1（AFB1）,True,检验项目命中AFB1/黄曲霉变体,,,,,,False,,,,,False,False,,无检测数值,空值或占位符,无检测数值,空值或占位符,True,AFB1相关但浓度无法解析；AFB1相关但法规限量无法解析
6,广东,2023,10,2023-10,流通,花生油/油脂,压榨一级浓香花生油,黄曲霉毒素B1（AFB1）,True,检验项目命中AFB1/黄曲霉变体,,,,,,False,,,,,False,False,,无检测数值,空值或占位符,无检测数值,空值或占位符,True,AFB1相关但浓度无法解析；AFB1相关但法规限量无法解析
7,广东,2023,10,2023-10,流通,花生油/油脂,胡姬花古法花生油,黄曲霉毒素B1（AFB1）,True,检验项目命中AFB1/黄曲霉变体,,,,,,False,,,,,False,False,,无检测数值,空值或占位符,无检测数值,空值或占位符,True,AFB1相关但浓度无法解析；AFB1相关但法规限量无法解析
8,广东,2023,10,2023-10,流通,花生油/油脂,纯正花生油,黄曲霉毒素B1（AFB1）,True,检验项目命中AFB1/黄曲霉变体,,,,,,False,,,,,False,False,,无检测数值,空值或占位符,无检测数值,空值或占位符,True,AFB1相关但浓度无法解析；AFB1相关但法规限量无法解析
53,不详,2023,10,2023-10,餐饮,花生油/油脂,花生油,黄曲霉毒素B1（AFB1）,True,不合格项目命中AFB1/黄曲霉变体；不合格规范列命中AFB1/黄曲霉变体,6.3mg/g|24.5µg/kg,6.3,,6.3,mg/g,False,≤3mg/g|≤20µg/kg,3.0,mg/g,≤,False,True,2.1,已解析,,已解析,,True,AFB1浓度单位未统一为μg/kg
2,广东,2023,10,2023-10,流通,花生油/油脂,压榨一级浓香花生油,黄曲霉毒素B1（AFB1）,True,检验项目命中AFB1/黄曲霉变体,,,,,,False,,,,,False,False,,无检测数值,空值或占位符,无检测数值,空值或占位符,True,AFB1相关但浓度无法解析；AFB1相关但法规限量无法解析
17,广东,2023,10,2023-10,生产,花生油/油脂,花生油,黄曲霉毒素B1（AFB1）,True,检验项目命中AFB1/黄曲霉变体,,,,,,False,,,,,False,False,,无检测数值,空值或占位符,无检测数值,空值或占位符,True,AFB1相关但浓度无法解析；AFB1相关但法规限量无法解析
18,广东,2023,10,2023-10,生产,花生油/油脂,精选白皮花生油,黄曲霉毒素B1（AFB1）,True,检验项目命中AFB1/黄曲霉变体,,,,,,False,,,,,False,False,,无检测数值,空值或占位符,无检测数值,空值或占位符,True,AFB1相关但浓度无法解析；AFB1相关但法规限量无法解析
19,广东,2023,10,2023-10,生产,花生油/油脂,花生油,黄曲霉毒素B1（AFB1）,True,检验项目命中AFB1/黄曲霉变体,,,,,,False,,,,,False,False,,无检测数值,空值或占位符,无检测数值,空值或占位符,True,AFB1相关但浓度无法解析；AFB1相关但法规限量无法解析
20,广东,2023,10,2023-10,生产,花生油/油脂,纯正花生油,黄曲霉毒素B1（AFB1）,True,检验项目命中AFB1/黄曲霉变体,,,,,,False,,,,,False,False,,无检测数值,空值或占位符,无检测数值,空值或占位符,True,AFB1相关但浓度无法解析；AFB1相关但法规限量无法解析
21,广东,2023,10,2023-10,生产,花生油/油脂,花生油,黄曲霉毒素B1（AFB1）,True,检验项目命中AFB1/黄曲霉变体,,,,,,False,,,,,False,False,,无检测数值,空值或占位符,无检测数值,空值或占位符,True,AFB1相关但浓度无法解析；AFB1相关但法规限量无法解析
22,广东,2023,10,2023-10,生产,花生油/油脂,花生油,黄曲霉毒素B1（AFB1）,True,检验项目命中AFB1/黄曲霉变体,,,,,,False,,,,,False,False,,无检测数值,空值或占位符,无检测数值,空值或占位符,True,AFB1相关但浓度无法解析；AFB1相关但法规限量无法解析
23,广东,2023,10,2023-10,生产,花生油/油脂,花生油,黄曲霉毒素B1（AFB1）,True,检验项目命中AFB1/黄曲霉变体,,,,,,False,,,,,False,False,,无检测数值,空值或占位符,无检测数值,空值或占位符,True,AFB1相关但浓度无法解析；AFB1相关但法规限量无法解析
24,广东,2023,10,2023-10,生产,花生油/油脂,花生油,黄曲霉毒素B1（AFB1）,True,检验项目命中AFB1/黄曲霉变体,,,,,,False,,,,,False,False,,无检测数值,空值或占位符,无检测数值,空值或占位符,True,AFB1相关但浓度无法解析；AFB1相关但法规限量无法解析
25,广东,2023,10,2023-10,生产,花生油/油脂,花生油,黄曲霉毒素B1（AFB1）,True,检验项目命中AFB1/黄曲霉变体,,,,,,False,,,,,False,False,,无检测数值,空值或占位符,无检测数值,空值或占位符,True,AFB1相关但浓度无法解析；AFB1相关但法规限量无法解析
26,广东,2023,10,2023-10,生产,花生油/油脂,花生油,黄曲霉毒素B1（AFB1）,True,检验项目命中AFB1/黄曲霉变体,,,,,,False,,,,,False,False,,无检测数值,空值或占位符,无检测数值,空值或占位符,True,AFB1相关但浓度无法解析；AFB1相关但法规限量无法解析
27,广东,2023,10,2023-10,生产,花生油/油脂,花生油,黄曲霉毒素B1（AFB1）,True,检验项目命中AFB1/黄曲霉变体,,,,,,False,,,,,False,False,,无检测数值,空值或占位符,无检测数值,空值或占位符,True,AFB1相关但浓度无法解析；AFB1相关但法规限量无法解析
28,广东,2023,10,2023-10,生产,花生油/油脂,花生油,黄曲霉毒素B1（AFB1）,True,检验项目命中AFB1/黄曲霉变体,,,,,,False,,,,,False,False,,无检测数值,空值或占位符,无检测数值,空值或占位符,True,AFB1相关但浓度无法解析；AFB1相关但法规限量无法解析
29,广东,2023,10,2023-10,生产,花生油/油脂,花生油,黄曲霉毒素B1（AFB1）,True,检验项目命中AFB1/黄曲霉变体,,,,,,False,,,,,False,False,,无检测数值,空值或占位符,无检测数值,空值或占位符,True,AFB1相关但浓度无法解析；AFB1相关但法规限量无法解析
30,广东,2023,10,2023-10,生产,花生油/油脂,花生油,黄曲霉毒素B1（AFB1）,True,检验项目命中AFB1/黄曲霉变体,,,,,,False,,,,,False,False,,无检测数值,空值或占位符,无检测数值,空值或占位符,True,AFB1相关但浓度无法解析；AFB1相关但法规限量无法解析
31,广东,2023,10,2023-10,生产,花生油/油脂,花生油,黄曲霉毒素B1（AFB1）,True,检验项目命中AFB1/黄曲霉变体,,,,,,False,,,,,False,False,,无检测数值,空值或占位符,无检测数值,空值或占位符,True,AFB1相关但浓度无法解析；AFB1相关但法规限量无法解析
32,广东,2023,10,2023-10,生产,花生油/油脂,花生油,黄曲霉毒素B1（AFB1）,True,检验项目命中AFB1/黄曲霉变体,,,,,,False,,,,,False,False,,无检测数值,空值或占位符,无检测数值,空值或占位符,True,AFB1相关但浓度无法解析；AFB1相关但法规限量无法解析
33,广东,2023,10,2023-10,生产,花生油/油脂,花生油,黄曲霉毒素B1（AFB1）,True,检验项目命中AFB1/黄曲霉变体,,,,,,False,,,,,False,False,,无检测数值,空值或占位符,无检测数值,空值或占位符,True,AFB1相关但浓度无法解析；AFB1相关但法规限量无法解析
34,广东,2023,10,2023-10,生产,花生油/油脂,花生油,黄曲霉毒素B1（AFB1）,True,检验项目命中AFB1/黄曲霉变体,,,,,,False,,,,,False,False,,无检测数值,空值或占位符,无检测数值,空值或占位符,True,AFB1相关但浓度无法解析；AFB1相关但法规限量无法解析
35,广东,2023,10,2023-10,生产,花生油/油脂,花生油,黄曲霉毒素B1（AFB1）,True,检验项目命中AFB1/黄曲霉变体,,,,,,False,,,,,False,False,,无检测数值,空值或占位符,无检测数值,空值或占位符,True,AFB1相关但浓度无法解析；AFB1相关但法规限量无法解析
36,广东,2023,10,2023-10,生产,花生油/油脂,花生油,黄曲霉毒素B1（AFB1）,True,检验项目命中AFB1/黄曲霉变体,,,,,,False,,,,,False,False,,无检测数值,空值或占位符,无检测数值,空值或占位符,True,AFB1相关但浓度无法解析；AFB1相关但法规限量无法解析
37,广东,2023,10,2023-10,生产,花生油/油脂,花生油,黄曲霉毒素B1（AFB1）,True,检验项目命中AFB1/黄曲霉变体,,,,,,False,,,,,False,False,,无检测数值,空值或占位符,无检测数值,空值或占位符,True,AFB1相关但浓度无法解析；AFB1相关但法规限量无法解析
38,广东,2023,10,2023-10,生产,花生油/油脂,花生油,黄曲霉毒素B1（AFB1）,True,检验项目命中AFB1/黄曲霉变体,,,,,,False,,,,,False,False,,无检测数值,空值或占位符,无检测数值,空值或占位符,True,AFB1相关但浓度无法解析；AFB1相关但法规限量无法解析
39,广东,2023,10,2023-10,生产,花生油/油脂,花生油,黄曲霉毒素B1（AFB1）,True,检验项目命中AFB1/黄曲霉变体,,,,,,False,,,,,False,False,,无检测数值,空值或占位符,无检测数值,空值或占位符,True,AFB1相关但浓度无法解析；AFB1相关但法规限量无法解析
40,广东,2023,10,2023-10,生产,花生油/油脂,花生油,黄曲霉毒素B1（AFB1）,True,检验项目命中AFB1/黄曲霉变体,,,,,,False,,,,,False,False,,无检测数值,空值或占位符,无检测数值,空值或占位符,True,AFB1相关但浓度无法解析；AFB1相关但法规限量无法解析
41,广东,2023,10,2023-10,生产,花生油/油脂,花生油,黄曲霉毒素B1（AFB1）,True,检验项目命中AFB1/黄曲霉变体,,,,,,False,,,,,False,False,,无检测数值,空值或占位符,无检测数值,空值或占位符,True,AFB1相关但浓度无法解析；AFB1相关但法规限量无法解析
42,广东,2023,10,2023-10,生产,花生油/油脂,花生油,黄曲霉毒素B1（AFB1）,True,检验项目命中AFB1/黄曲霉变体,,,,,,False,,,,,False,False,,无检测数值,空值或占位符,无检测数值,空值或占位符,True,AFB1相关但浓度无法解析；AFB1相关但法规限量无法解析
43,广东,2023,10,2023-10,生产,花生油/油脂,花生油,黄曲霉毒素B1（AFB1）,True,检验项目命中AFB1/黄曲霉变体,,,,,,False,,,,,False,False,,无检测数值,空值或占位符,无检测数值,空值或占位符,True,AFB1相关但浓度无法解析；AFB1相关但法规限量无法解析
44,广东,2023,10,2023-10,生产,花生油/油脂,花生油,黄曲霉毒素B1（AFB1）,True,检验项目命中AFB1/黄曲霉变体,,,,,,False,,,,,False,False,,无检测数值,空值或占位符,无检测数值,空值或占位符,True,AFB1相关但浓度无法解析；AFB1相关但法规限量无法解析
45,广东,2023,10,2023-10,生产,花生油/油脂,花生油,黄曲霉毒素B1（AFB1）,True,检验项目命中AFB1/黄曲霉变体,,,,,,False,,,,,False,False,,无检测数值,空值或占位符,无检测数值,空值或占位符,True,AFB1相关但浓度无法解析；AFB1相关但法规限量无法解析
46,广东,2023,10,2023-10,生产,花生油/油脂,花生油,黄曲霉毒素B1（AFB1）,True,检验项目命中AFB1/黄曲霉变体,,,,,,False,,,,,False,False,,无检测数值,空值或占位符,无检测数值,空值或占位符,True,AFB1相关但浓度无法解析；AFB1相关但法规限量无法解析
47,广东,2023,10,2023-10,生产,花生油/油脂,花生油,黄曲霉毒素B1（AFB1）,True,检验项目命中AFB1/黄曲霉变体,,,,,,False,,,,,False,False,,无检测数值,空值或占位符,无检测数值,空值或占位符,True,AFB1相关但浓度无法解析；AFB1相关但法规限量无法解析
48,广东,2023,10,2023-10,生产,花生油/油脂,花生油,黄曲霉毒素B1（AFB1）,True,检验项目命中AFB1/黄曲霉变体,,,,,,False,,,,,False,False,,无检测数值,空值或占位符,无检测数值,空值或占位符,True,AFB1相关但浓度无法解析；AFB1相关但法规限量无法解析
49,广东,2023,10,2023-10,生产,花生油/油脂,压榨一级花生油,黄曲霉毒素B1（AFB1）,True,检验项目命中AFB1/黄曲霉变体,,,,,,False,,,,,False,False,,无检测数值,空值或占位符,无检测数值,空值或占位符,True,AFB1相关但浓度无法解析；AFB1相关但法规限量无法解析
50,广东,2023,10,2023-10,生产,花生油/油脂,花生油,黄曲霉毒素B1（AFB1）,True,检验项目命中AFB1/黄曲霉变体,,,,,,False,,,,,False,False,,无检测数值,空值或占位符,无检测数值,空值或占位符,True,AFB1相关但浓度无法解析；AFB1相关但法规限量无法解析
51,广东,2023,10,2023-10,生产,花生油/油脂,花生油,黄曲霉毒素B1（AFB1）,True,检验项目命中AFB1/黄曲霉变体,,,,,,False,,,,,False,False,,无检测数值,空值或占位符,无检测数值,空值或占位符,True,AFB1相关但浓度无法解析；AFB1相关但法规限量无法解析
52,广东,2023,10,2023-10,生产,花生油/油脂,花生油,黄曲霉毒素B1（AFB1）,True,检验项目命中AFB1/黄曲霉变体,,,,,,False,,,,,False,False,,无检测数值,空值或占位符,无检测数值,空值或占位符,True,AFB1相关但浓度无法解析；AFB1相关但法规限量无法解析
53,广东,2023,10,2023-10,生产,花生油/油脂,花生油,黄曲霉毒素B1（AFB1）,True,检验项目命中AFB1/黄曲霉变体,,,,,,False,,,,,False,False,,无检测数值,空值或占位符,无检测数值,空值或占位符,True,AFB1相关但浓度无法解析；AFB1相关但法规限量无法解析
54,广东,2023,10,2023-10,生产,花生油/油脂,花生油,黄曲霉毒素B1（AFB1）,True,检验项目命中AFB1/黄曲霉变体,,,,,,False,,,,,False,False,,无检测数值,空值或占位符,无检测数值,空值或占位符,True,AFB1相关但浓度无法解析；AFB1相关但法规限量无法解析
55,广东,2023,10,2023-10,生产,花生油/油脂,花生油,黄曲霉毒素B1（AFB1）,True,检验项目命中AFB1/黄曲霉变体,,,,,,False,,,,,False,False,,无检测数值,空值或占位符,无检测数值,空值或占位符,True,AFB1相关但浓度无法解析；AFB1相关但法规限量无法解析
56,广东,2023,10,2023-10,生产,花生油/油脂,花生油,黄曲霉毒素B1（AFB1）,True,检验项目命中AFB1/黄曲霉变体,,,,,,False,,,,,False,False,,无检测数值,空值或占位符,无检测数值,空值或占位符,True,AFB1相关但浓度无法解析；AFB1相关但法规限量无法解析
57,广东,2023,10,2023-10,生产,花生油/油脂,花生油,黄曲霉毒素B1（AFB1）,True,检验项目命中AFB1/黄曲霉变体,,,,,,False,,,,,False,False,,无检测数值,空值或占位符,无检测数值,空值或占位符,True,AFB1相关但浓度无法解析；AFB1相关但法规限量无法解析
58,广东,2023,10,2023-10,生产,花生油/油脂,花生油,黄曲霉毒素B1（AFB1）,True,检验项目命中AFB1/黄曲霉变体,,,,,,False,,,,,False,False,,无检测数值,空值或占位符,无检测数值,空值或占位符,True,AFB1相关但浓度无法解析；AFB1相关但法规限量无法解析
59,广东,2023,10,2023-10,生产,花生油/油脂,花生油,黄曲霉毒素B1（AFB1）,True,检验项目命中AFB1/黄曲霉变体,,,,,,False,,,,,False,False,,无检测数值,空值或占位符,无检测数值,空值或占位符,True,AFB1相关但浓度无法解析；AFB1相关但法规限量无法解析
60,广东,2023,10,2023-10,生产,花生油/油脂,花生油,黄曲霉毒素B1（AFB1）,True,检验项目命中AFB1/黄曲霉变体,,,,,,False,,,,,False,False,,无检测数值,空值或占位符,无检测数值,空值或占位符,True,AFB1相关但浓度无法解析；AFB1相关但法规限量无法解析
61,广东,2023,10,2023-10,生产,花生油/油脂,花生油,黄曲霉毒素B1（AFB1）,True,检验项目命中AFB1/黄曲霉变体,,,,,,False,,,,,False,False,,无检测数值,空值或占位符,无检测数值,空值或占位符,True,AFB1相关但浓度无法解析；AFB1相关但法规限量无法解析
62,广东,2023,10,2023-10,生产,花生油/油脂,花生油,黄曲霉毒素B1（AFB1）,True,检验项目命中AFB1/黄曲霉变体,,,,,,False,,,,,False,False,,无检测数值,空值或占位符,无检测数值,空值或占位符,True,AFB1相关但浓度无法解析；AFB1相关但法规限量无法解析
63,广东,2023,10,2023-10,生产,花生油/油脂,花生油,黄曲霉毒素B1（AFB1）,True,检验项目命中AFB1/黄曲霉变体,,,,,,False,,,,,False,False,,无检测数值,空值或占位符,无检测数值,空值或占位符,True,AFB1相关但浓度无法解析；AFB1相关但法规限量无法解析
64,广东,2023,10,2023-10,生产,花生油/油脂,花生油,黄曲霉毒素B1（AFB1）,True,检验项目命中AFB1/黄曲霉变体,,,,,,False,,,,,False,False,,无检测数值,空值或占位符,无检测数值,空值或占位符,True,AFB1相关但浓度无法解析；AFB1相关但法规限量无法解析
65,广东,2023,10,2023-10,生产,花生油/油脂,花生油,黄曲霉毒素B1（AFB1）,True,检验项目命中AFB1/黄曲霉变体,,,,,,False,,,,,False,False,,无检测数值,空值或占位符,无检测数值,空值或占位符,True,AFB1相关但浓度无法解析；AFB1相关但法规限量无法解析
66,广东,2023,10,2023-10,生产,花生油/油脂,花生油,黄曲霉毒素B1（AFB1）,True,检验项目命中AFB1/黄曲霉变体,,,,,,False,,,,,False,False,,无检测数值,空值或占位符,无检测数值,空值或占位符,True,AFB1相关但浓度无法解析；AFB1相关但法规限量无法解析
67,广东,2023,10,2023-10,生产,花生油/油脂,花生油,黄曲霉毒素B1（AFB1）,True,检验项目命中AFB1/黄曲霉变体,,,,,,False,,,,,False,False,,无检测数值,空值或占位符,无检测数值,空值或占位符,True,AFB1相关但浓度无法解析；AFB1相关但法规限量无法解析
68,广东,2023,10,2023-10,生产,花生油/油脂,花生油,黄曲霉毒素B1（AFB1）,True,检验项目命中AFB1/黄曲霉变体,,,,,,False,,,,,False,False,,无检测数值,空值或占位符,无检测数值,空值或占位符,True,AFB1相关但浓度无法解析；AFB1相关但法规限量无法解析
69,广东,2023,10,2023-10,生产,花生油/油脂,花生油,黄曲霉毒素B1（AFB1）,True,检验项目命中AFB1/黄曲霉变体,,,,,,False,,,,,False,False,,无检测数值,空值或占位符,无检测数值,空值或占位符,True,AFB1相关但浓度无法解析；AFB1相关但法规限量无法解析
70,广东,2023,10,2023-10,生产,花生油/油脂,花生油,黄曲霉毒素B1（AFB1）,True,检验项目命中AFB1/黄曲霉变体,,,,,,False,,,,,False,False,,无检测数值,空值或占位符,无检测数值,空值或占位符,True,AFB1相关但浓度无法解析；AFB1相关但法规限量无法解析
71,广东,2023,10,2023-10,生产,花生油/油脂,花生油,黄曲霉毒素B1（AFB1）,True,检验项目命中AFB1/黄曲霉变体,,,,,,False,,,,,False,False,,无检测数值,空值或占位符,无检测数值,空值或占位符,True,AFB1相关但浓度无法解析；AFB1相关但法规限量无法解析
72,广东,2023,10,2023-10,生产,花生油/油脂,花生油,黄曲霉毒素B1（AFB1）,True,检验项目命中AFB1/黄曲霉变体,,,,,,False,,,,,False,False,,无检测数值,空值或占位符,无检测数值,空值或占位符,True,AFB1相关但浓度无法解析；AFB1相关但法规限量无法解析
73,广东,2023,10,2023-10,生产,花生油/油脂,花生油,黄曲霉毒素B1（AFB1）,True,检验项目命中AFB1/黄曲霉变体,,,,,,False,,,,,False,False,,无检测数值,空值或占位符,无检测数值,空值或占位符,True,AFB1相关但浓度无法解析；AFB1相关但法规限量无法解析
74,广东,2023,10,2023-10,生产,花生油/油脂,花生油,黄曲霉毒素B1（AFB1）,True,检验项目命中AFB1/黄曲霉变体,,,,,,False,,,,,False,False,,无检测数值,空值或占位符,无检测数值,空值或占位符,True,AFB1相关但浓度无法解析；AFB1相关但法规限量无法解析
75,广东,2023,10,2023-10,生产,花生油/油脂,花生油,黄曲霉毒素B1（AFB1）,True,检验项目命中AFB1/黄曲霉变体,,,,,,False,,,,,False,False,,无检测数值,空值或占位符,无检测数值,空值或占位符,True,AFB1相关但浓度无法解析；AFB1相关但法规限量无法解析
76,广东,2023,10,2023-10,生产,花生油/油脂,花生油,黄曲霉毒素B1（AFB1）,True,检验项目命中AFB1/黄曲霉变体,,,,,,False,,,,,False,False,,无检测数值,空值或占位符,无检测数值,空值或占位符,True,AFB1相关但浓度无法解析；AFB1相关但法规限量无法解析
77,广东,2023,10,2023-10,生产,花生油/油脂,花生油,黄曲霉毒素B1（AFB1）,True,检验项目命中AFB1/黄曲霉变体,,,,,,False,,,,,False,False,,无检测数值,空值或占位符,无检测数值,空值或占位符,True,AFB1相关但浓度无法解析；AFB1相关但法规限量无法解析
78,广东,2023,10,2023-10,生产,花生油/油脂,花生油,黄曲霉毒素B1（AFB1）,True,检验项目命中AFB1/黄曲霉变体,,,,,,False,,,,,False,False,,无检测数值,空值或占位符,无检测数值,空值或占位符,True,AFB1相关但浓度无法解析；AFB1相关但法规限量无法解析
79,广东,2023,10,2023-10,生产,花生油/油脂,花生油,黄曲霉毒素B1（AFB1）,True,检验项目命中AFB1/黄曲霉变体,,,,,,False,,,,,False,False,,无检测数值,空值或占位符,无检测数值,空值或占位符,True,AFB1相关但浓度无法解析；AFB1相关但法规限量无法解析
80,广东,2023,10,2023-10,生产,花生油/油脂,花生油,黄曲霉毒素B1（AFB1）,True,检验项目命中AFB1/黄曲霉变体,,,,,,False,,,,,False,False,,无检测数值,空值或占位符,无检测数值,空值或占位符,True,AFB1相关但浓度无法解析；AFB1相关但法规限量无法解析
81,广东,2023,10,2023-10,生产,花生油/油脂,花生油,黄曲霉毒素B1（AFB1）,True,检验项目命中AFB1/黄曲霉变体,,,,,,False,,,,,False,False,,无检测数值,空值或占位符,无检测数值,空值或占位符,True,AFB1相关但浓度无法解析；AFB1相关但法规限量无法解析
82,广东,2023,10,2023-10,生产,花生油/油脂,花生油,黄曲霉毒素B1（AFB1）,True,检验项目命中AFB1/黄曲霉变体,,,,,,False,,,,,False,False,,无检测数值,空值或占位符,无检测数值,空值或占位符,True,AFB1相关但浓度无法解析；AFB1相关但法规限量无法解析
83,广东,2023,10,2023-10,生产,花生油/油脂,花生油,黄曲霉毒素B1（AFB1）,True,不合格项目命中AFB1/黄曲霉变体；不合格规范列命中AFB1/黄曲霉变体；检验项目命中AFB1/黄曲霉变体,,,,,,False,,,,,False,True,,无检测数值,空值或占位符,无检测数值,空值或占位符,True,AFB1相关但浓度无法解析；AFB1相关但法规限量无法解析
6,广西,2023,10,2023-10,生产,花生油/油脂,花生油,黄曲霉毒素B1（AFB1）,True,不合格项目命中AFB1/黄曲霉变体；不合格规范列命中AFB1/黄曲霉变体,32.0µg/kg,32.0,,32.0,μg/kg,False,20µg/kg,20.0,μg/kg,≤,False,True,1.6,已解析并统一单位,,已解析并统一单位,,False,
7,广西,2023,10,2023-10,生产,花生油/油脂,花生油,黄曲霉毒素B1（AFB1）,True,不合格项目命中AFB1/黄曲霉变体；不合格规范列命中AFB1/黄曲霉变体,30.0µg/kg,30.0,,30.0,μg/kg,False,20µg/kg,20.0,μg/kg,≤,False,True,1.5,已解析并统一单位,,已解析并统一单位,,False,
26,广东,2023,10,2023-10,流通,花生油/油脂,鸿禧牌压榨一级花生油,黄曲霉毒素B1（AFB1）,True,检验项目命中AFB1/黄曲霉变体,,,,,,False,,,,,False,False,,无检测数值,空值或占位符,无检测数值,空值或占位符,True,AFB1相关但浓度无法解析；AFB1相关但法规限量无法解析
20,广东,2023,10,2023-10,流通,花生油/油脂,胡姬花古法花生油,黄曲霉毒素B1（AFB1）,True,检验项目命中AFB1/黄曲霉变体,,,,,,False,,,,,False,False,,无检测数值,空值或占位符,无检测数值,空值或占位符,True,AFB1相关但浓度无法解析；AFB1相关但法规限量无法解析
103,广西,2023,11,2023-11,生产,花生油/油脂,花生油,黄曲霉毒素B1（AFB1）,True,不合格项目命中AFB1/黄曲霉变体；不合格规范列命中AFB1/黄曲霉变体,109μg/kg,109.0,,109.0,μg/kg,False,≤20μg/kg,20.0,μg/kg,≤,False,True,5.45,已解析并统一单位,,已解析并统一单位,,False,
104,广西,2023,11,2023-11,生产,花生油/油脂,花生油,黄曲霉毒素B1（AFB1）,True,不合格项目命中AFB1/黄曲霉变体；不合格规范列命中AFB1/黄曲霉变体,201μg/kg,201.0,,201.0,μg/kg,False,≤20μg/kg,20.0,μg/kg,≤,False,True,10.05,已解析并统一单位,,已解析并统一单位,,False,
56,广西,2023,11,2023-11,流通,花生油/油脂,桂味莫記土榨花生油,黄曲霉毒素B1（AFB1）,True,检验项目命中AFB1/黄曲霉变体,,,,,,False,,,,,False,False,,无检测数值,空值或占位符,无检测数值,空值或占位符,True,AFB1相关但浓度无法解析；AFB1相关但法规限量无法解析
57,广东,2023,11,2023-11,流通,花生油/油脂,食用植物油（花生油）,黄曲霉毒素B1（AFB1）,True,检验项目命中AFB1/黄曲霉变体,,,,,,False,,,,,False,False,,无检测数值,空值或占位符,无检测数值,空值或占位符,True,AFB1相关但浓度无法解析；AFB1相关但法规限量无法解析
58,广东,2023,11,2023-11,流通,花生油/油脂,花生油,黄曲霉毒素B1（AFB1）,True,检验项目命中AFB1/黄曲霉变体,,,,,,False,,,,,False,False,,无检测数值,空值或占位符,无检测数值,空值或占位符,True,AFB1相关但浓度无法解析；AFB1相关但法规限量无法解析
97,江苏,2023,11,2023-11,生产,花生油/油脂,花生油,黄曲霉毒素B1（AFB1）,True,检验项目命中AFB1/黄曲霉变体,,,,,,False,,,,,False,False,,无检测数值,空值或占位符,无检测数值,空值或占位符,True,AFB1相关但浓度无法解析；AFB1相关但法规限量无法解析
3,山东,2023,11,2023-11,流通,花生油/油脂,花生仁油,黄曲霉毒素B1（AFB1）,True,检验项目命中AFB1/黄曲霉变体,,,,,,False,,,,,False,False,,无检测数值,空值或占位符,无检测数值,空值或占位符,True,AFB1相关但浓度无法解析；AFB1相关但法规限量无法解析
47,山东,2023,11,2023-11,流通,花生油/油脂,压榨一级花生油,黄曲霉毒素B1（AFB1）,True,检验项目命中AFB1/黄曲霉变体,,,,,,False,,,,,False,False,,无检测数值,空值或占位符,无检测数值,空值或占位符,True,AFB1相关但浓度无法解析；AFB1相关但法规限量无法解析
52,江西,2023,11,2023-11,生产,花生油/油脂,花生油,黄曲霉毒素B1（AFB1）,True,不合格项目命中AFB1/黄曲霉变体；不合格规范列命中AFB1/黄曲霉变体,24.9μg/kg,24.9,,24.9,μg/kg,False,≤20,20.0,μg/kg,≤,True,True,1.2449999999999999,已解析并统一单位,,已解析并统一单位,,False,
52,山东,2023,11,2023-11,生产,花生油/油脂,花生油,黄曲霉毒素B1（AFB1）,True,不合格项目命中AFB1/黄曲霉变体；不合格规范列命中AFB1/黄曲霉变体,156μg/kg,156.0,,156.0,μg/kg,False,≤20μg/kg,20.0,μg/kg,≤,False,True,7.8,已解析并统一单位,,已解析并统一单位,,False,
53,山东,2023,11,2023-11,生产,花生油/油脂,花生油,黄曲霉毒素B1（AFB1）,True,不合格项目命中AFB1/黄曲霉变体；不合格规范列命中AFB1/黄曲霉变体,74.5μg/kg,74.5,,74.5,μg/kg,False,≤20μg/kg,20.0,μg/kg,≤,False,True,3.725,已解析并统一单位,,已解析并统一单位,,False,
70,广西,2023,11,2023-11,生产,花生油/油脂,花生油,黄曲霉毒素B1（AFB1）,True,不合格项目命中AFB1/黄曲霉变体；不合格规范列命中AFB1/黄曲霉变体,85.6μg/kg,85.6,,85.6,μg/kg,False,≤20μg/kg,20.0,μg/kg,≤,False,True,4.279999999999999,已解析并统一单位,,已解析并统一单位,,False,
81,山东,2023,11,2023-11,生产,花生油/油脂,花生油,黄曲霉毒素B1（AFB1）,True,不合格项目命中AFB1/黄曲霉变体；不合格规范列命中AFB1/黄曲霉变体,79.5μg/kg,79.5,,79.5,μg/kg,False,≤20μg/kg,20.0,μg/kg,≤,False,True,3.975,已解析并统一单位,,已解析并统一单位,,False,
82,山东,2023,11,2023-11,生产,花生油/油脂,花生油,黄曲霉毒素B1（AFB1）,True,不合格项目命中AFB1/黄曲霉变体；不合格规范列命中AFB1/黄曲霉变体,70.7μg/kg,70.7,,70.7,μg/kg,False,≤20μg/kg,20.0,μg/kg,≤,False,True,3.535,已解析并统一单位,,已解析并统一单位,,False,
6,广东,2023,11,2023-11,餐饮,花生油/油脂,鹰唛®花生油,黄曲霉毒素B1（AFB1）,True,检验项目命中AFB1/黄曲霉变体,,,,,,False,,,,,False,False,,无检测数值,空值或占位符,无检测数值,空值或占位符,True,AFB1相关但浓度无法解析；AFB1相关但法规限量无法解析
7,广东,2023,11,2023-11,流通,花生油/油脂,5S压榨一级花生油,黄曲霉毒素B1（AFB1）,True,检验项目命中AFB1/黄曲霉变体,,,,,,False,,,,,False,False,,无检测数值,空值或占位符,无检测数值,空值或占位符,True,AFB1相关但浓度无法解析；AFB1相关但法规限量无法解析
8,广东,2023,11,2023-11,流通,花生油/油脂,鹰唛®花生油,黄曲霉毒素B1（AFB1）,True,检验项目命中AFB1/黄曲霉变体,,,,,,False,,,,,False,False,,无检测数值,空值或占位符,无检测数值,空值或占位符,True,AFB1相关但浓度无法解析；AFB1相关但法规限量无法解析
9,不详,2023,11,2023-11,餐饮,花生油/油脂,花生油,黄曲霉毒素B1（AFB1）,True,检验项目命中AFB1/黄曲霉变体,,,,,,False,,,,,False,False,,无检测数值,空值或占位符,无检测数值,空值或占位符,True,AFB1相关但浓度无法解析；AFB1相关但法规限量无法解析
10,广东,2023,11,2023-11,生产,花生油/油脂,花生油,黄曲霉毒素B1（AFB1）,True,检验项目命中AFB1/黄曲霉变体,,,,,,False,,,,,False,False,,无检测数值,空值或占位符,无检测数值,空值或占位符,True,AFB1相关但浓度无法解析；AFB1相关但法规限量无法解析
11,广东,2023,11,2023-11,生产,花生油/油脂,仁良村香花生油,黄曲霉毒素B1（AFB1）,True,检验项目命中AFB1/黄曲霉变体,,,,,,False,,,,,False,False,,无检测数值,空值或占位符,无检测数值,空值或占位符,True,AFB1相关但浓度无法解析；AFB1相关但法规限量无法解析
12,广东,2023,11,2023-11,生产,花生油/油脂,花生油,黄曲霉毒素B1（AFB1）,True,检验项目命中AFB1/黄曲霉变体,,,,,,False,,,,,False,False,,无检测数值,空值或占位符,无检测数值,空值或占位符,True,AFB1相关但浓度无法解析；AFB1相关但法规限量无法解析
13,广东,2023,11,2023-11,生产,花生油/油脂,花生油,黄曲霉毒素B1（AFB1）,True,检验项目命中AFB1/黄曲霉变体,,,,,,False,,,,,False,False,,无检测数值,空值或占位符,无检测数值,空值或占位符,True,AFB1相关但浓度无法解析；AFB1相关但法规限量无法解析
14,广东,2023,11,2023-11,生产,花生油/油脂,精选花生油,黄曲霉毒素B1（AFB1）,True,检验项目命中AFB1/黄曲霉变体,,,,,,False,,,,,False,False,,无检测数值,空值或占位符,无检测数值,空值或占位符,True,AFB1相关但浓度无法解析；AFB1相关但法规限量无法解析
15,广东,2023,11,2023-11,生产,花生油/油脂,花生油,黄曲霉毒素B1（AFB1）,True,检验项目命中AFB1/黄曲霉变体,,,,,,False,,,,,False,False,,无检测数值,空值或占位符,无检测数值,空值或占位符,True,AFB1相关但浓度无法解析；AFB1相关但法规限量无法解析
16,广东,2023,11,2023-11,生产,花生油/油脂,花生油,黄曲霉毒素B1（AFB1）,True,检验项目命中AFB1/黄曲霉变体,,,,,,False,,,,,False,False,,无检测数值,空值或占位符,无检测数值,空值或占位符,True,AFB1相关但浓度无法解析；AFB1相关但法规限量无法解析
17,广东,2023,11,2023-11,生产,花生油/油脂,花生油,黄曲霉毒素B1（AFB1）,True,检验项目命中AFB1/黄曲霉变体,,,,,,False,,,,,False,False,,无检测数值,空值或占位符,无检测数值,空值或占位符,True,AFB1相关但浓度无法解析；AFB1相关但法规限量无法解析
18,广东,2023,11,2023-11,生产,花生油/油脂,花生油,黄曲霉毒素B1（AFB1）,True,检验项目命中AFB1/黄曲霉变体,,,,,,False,,,,,False,False,,无检测数值,空值或占位符,无检测数值,空值或占位符,True,AFB1相关但浓度无法解析；AFB1相关但法规限量无法解析
79,云南,2023,11,2023-11,生产,花生油/油脂,花生油,黄曲霉毒素B1（AFB1）,True,不合格项目命中AFB1/黄曲霉变体；不合格规范列命中AFB1/黄曲霉变体,85.6µg/kg,85.6,,85.6,μg/kg,False,≤20µg/kg,20.0,μg/kg,≤,False,True,4.279999999999999,已解析并统一单位,,已解析并统一单位,,False,
48,广西,2023,11,2023-11,生产,花生油/油脂,花生油,黄曲霉毒素B1（AFB1）,True,不合格项目命中AFB1/黄曲霉变体；不合格规范列命中AFB1/黄曲霉变体,45.6μg/kg,45.6,,45.6,μg/kg,False,≤20μg/kg,20.0,μg/kg,≤,False,True,2.2800000000000002,已解析并统一单位,,已解析并统一单位,,False,
25,广东,2023,11,2023-11,流通,花生油/油脂,压榨花生油,黄曲霉毒素B1（AFB1）,True,检验项目命中AFB1/黄曲霉变体,,,,,,False,,,,,False,True,,无检测数值,空值或占位符,无检测数值,空值或占位符,True,AFB1相关但浓度无法解析；AFB1相关但法规限量无法解析
26,不详,2023,11,2023-11,流通,花生油/油脂,花生油,黄曲霉毒素B1（AFB1）,True,检验项目命中AFB1/黄曲霉变体,,,,,,False,,,,,False,True,,无检测数值,空值或占位符,无检测数值,空值或占位符,True,AFB1相关但浓度无法解析；AFB1相关但法规限量无法解析
27,山东,2023,11,2023-11,生产,花生油/油脂,花生油,黄曲霉毒素B1（AFB1）,True,不合格项目命中AFB1/黄曲霉变体；不合格规范列命中AFB1/黄曲霉变体,27.3µg/kg,27.3,,27.3,μg/kg,False,20µg/kg,20.0,μg/kg,≤,False,True,1.365,已解析并统一单位,,已解析并统一单位,,False,
4,山东,2023,11,2023-11,生产,花生油/油脂,花生油,黄曲霉毒素B1（AFB1）,True,不合格项目命中AFB1/黄曲霉变体；不合格规范列命中AFB1/黄曲霉变体,,,,,,False,,,,,False,True,,无检测数值,空值或占位符,无检测数值,空值或占位符,True,AFB1相关但浓度无法解析；AFB1相关但法规限量无法解析
45,广东,2023,11,2023-11,餐饮,花生油/油脂,鹰唛花生油,黄曲霉毒素B1（AFB1）,True,检验项目命中AFB1/黄曲霉变体,,,,,,False,,,,,False,False,,无检测数值,空值或占位符,无检测数值,空值或占位符,True,AFB1相关但浓度无法解析；AFB1相关但法规限量无法解析
46,广东,2023,11,2023-11,生产,花生油/油脂,仁良村香花生油,黄曲霉毒素B1（AFB1）,True,检验项目命中AFB1/黄曲霉变体,,,,,,False,,,,,False,False,,无检测数值,空值或占位符,无检测数值,空值或占位符,True,AFB1相关但浓度无法解析；AFB1相关但法规限量无法解析
47,广东,2023,11,2023-11,生产,花生油/油脂,土榨花生油,黄曲霉毒素B1（AFB1）,True,检验项目命中AFB1/黄曲霉变体,,,,,,False,,,,,False,False,,无检测数值,空值或占位符,无检测数值,空值或占位符,True,AFB1相关但浓度无法解析；AFB1相关但法规限量无法解析
55,广东,2023,11,2023-11,生产,花生油/油脂,花生油,黄曲霉毒素B1（AFB1）,True,不合格项目命中AFB1/黄曲霉变体；不合格规范列命中AFB1/黄曲霉变体,33.6μg/kg,33.6,,33.6,μg/kg,False,≤20μg/kg,20.0,μg/kg,≤,False,True,1.6800000000000002,已解析并统一单位,,已解析并统一单位,,False,
56,广东,2023,11,2023-11,流通,花生油/油脂,压榨花生油,黄曲霉毒素B1（AFB1）,True,不合格项目命中AFB1/黄曲霉变体；不合格规范列命中AFB1/黄曲霉变体,31.1µg/kg,31.1,,31.1,μg/kg,False,20µg/kg,20.0,μg/kg,≤,False,True,1.5550000000000002,已解析并统一单位,,已解析并统一单位,,False,
35,广西,2023,12,2023-12,生产,花生油/油脂,花生油,黄曲霉毒素B1（AFB1）,True,不合格项目命中AFB1/黄曲霉变体；不合格规范列命中AFB1/黄曲霉变体,41.3μg/kg,41.3,,41.3,μg/kg,False,≤20µg/kg,20.0,μg/kg,≤,False,True,2.065,已解析并统一单位,,已解析并统一单位,,False,
36,广西,2023,12,2023-12,生产,花生油/油脂,花生油,黄曲霉毒素B1（AFB1）,True,不合格项目命中AFB1/黄曲霉变体；不合格规范列命中AFB1/黄曲霉变体,58.0μg/kg,58.0,,58.0,μg/kg,False,≤20µg/kg,20.0,μg/kg,≤,False,True,2.9,已解析并统一单位,,已解析并统一单位,,False,
37,广西,2023,12,2023-12,生产,花生油/油脂,花生油,黄曲霉毒素B1（AFB1）,True,不合格项目命中AFB1/黄曲霉变体；不合格规范列命中AFB1/黄曲霉变体,135μg/kg,135.0,,135.0,μg/kg,False,≤20µg/kg,20.0,μg/kg,≤,False,True,6.75,已解析并统一单位,,已解析并统一单位,,False,
38,广西,2023,12,2023-12,生产,花生油/油脂,花生油,黄曲霉毒素B1（AFB1）,True,不合格项目命中AFB1/黄曲霉变体；不合格规范列命中AFB1/黄曲霉变体,44.1μg/kg,44.1,,44.1,μg/kg,False,≤20µg/kg,20.0,μg/kg,≤,False,True,2.205,已解析并统一单位,,已解析并统一单位,,False,
39,广西,2023,12,2023-12,生产,花生油/油脂,花生油,黄曲霉毒素B1（AFB1）,True,不合格项目命中AFB1/黄曲霉变体；不合格规范列命中AFB1/黄曲霉变体,60.0μg/kg,60.0,,60.0,μg/kg,False,≤20µg/kg,20.0,μg/kg,≤,False,True,3.0,已解析并统一单位,,已解析并统一单位,,False,
11,广东,2023,12,2023-12,流通,花生油/油脂,纯正花生油,黄曲霉毒素B1（AFB1）,True,检验项目命中AFB1/黄曲霉变体,,,,,,False,,,,,False,False,,无检测数值,空值或占位符,无检测数值,空值或占位符,True,AFB1相关但浓度无法解析；AFB1相关但法规限量无法解析
12,江苏,2023,12,2023-12,生产,花生油/油脂,花生油,黄曲霉毒素B1（AFB1）,True,检验项目命中AFB1/黄曲霉变体,,,,,,False,,,,,False,False,,无检测数值,空值或占位符,无检测数值,空值或占位符,True,AFB1相关但浓度无法解析；AFB1相关但法规限量无法解析
13,江苏,2023,12,2023-12,生产,花生油/油脂,花生油（食用油）,黄曲霉毒素B1（AFB1）,True,检验项目命中AFB1/黄曲霉变体,,,,,,False,,,,,False,False,,无检测数值,空值或占位符,无检测数值,空值或占位符,True,AFB1相关但浓度无法解析；AFB1相关但法规限量无法解析
113,广西,2023,12,2023-12,生产,花生油/油脂,花生油,黄曲霉毒素B1（AFB1）,True,不合格项目命中AFB1/黄曲霉变体；不合格规范列命中AFB1/黄曲霉变体,47.2µg/kg,47.2,,47.2,μg/kg,False,≤20µg/kg,20.0,μg/kg,≤,False,True,2.3600000000000003,已解析并统一单位,,已解析并统一单位,,False,
150,广西,2023,12,2023-12,流通,花生油/油脂,花生油,黄曲霉毒素B1（AFB1）,True,不合格项目命中AFB1/黄曲霉变体；不合格规范列命中AFB1/黄曲霉变体,37.1μg/kg,37.1,,37.1,μg/kg,False,20μg/kg,20.0,μg/kg,≤,False,True,1.855,已解析并统一单位,,已解析并统一单位,,False,
10,广东,2023,12,2023-12,流通,花生油/油脂,茂名老家自榨正宗土榨风味花生油,黄曲霉毒素B1（AFB1）,True,检验项目命中AFB1/黄曲霉变体,,,,,,False,,,,,False,False,,无检测数值,空值或占位符,无检测数值,空值或占位符,True,AFB1相关但浓度无法解析；AFB1相关但法规限量无法解析
11,广东,2023,12,2023-12,流通,花生油/油脂,胡姬花古法花生油,黄曲霉毒素B1（AFB1）,True,检验项目命中AFB1/黄曲霉变体,,,,,,False,,,,,False,False,,无检测数值,空值或占位符,无检测数值,空值或占位符,True,AFB1相关但浓度无法解析；AFB1相关但法规限量无法解析
12,广东,2023,12,2023-12,流通,花生油/油脂,刀嘜压榨花生油,黄曲霉毒素B1（AFB1）,True,检验项目命中AFB1/黄曲霉变体,,,,,,False,,,,,False,False,,无检测数值,空值或占位符,无检测数值,空值或占位符,True,AFB1相关但浓度无法解析；AFB1相关但法规限量无法解析
13,不详,2023,12,2023-12,流通,花生油/油脂,土榨花生油,黄曲霉毒素B1（AFB1）,True,检验项目命中AFB1/黄曲霉变体,,,,,,False,,,,,False,False,,无检测数值,空值或占位符,无检测数值,空值或占位符,True,AFB1相关但浓度无法解析；AFB1相关但法规限量无法解析
124,广西,2023,12,2023-12,流通,花生油/油脂,花生油,黄曲霉毒素B1（AFB1）,True,不合格项目命中AFB1/黄曲霉变体；不合格规范列命中AFB1/黄曲霉变体,53.8µg/kg,53.8,,53.8,μg/kg,False,,,,,False,True,,已解析并统一单位,,无检测数值,空值或占位符,True,AFB1相关但法规限量无法解析
125,广西,2023,12,2023-12,流通,花生油/油脂,花生油,黄曲霉毒素B1（AFB1）,True,不合格项目命中AFB1/黄曲霉变体；不合格规范列命中AFB1/黄曲霉变体,48.1µg/kg,48.1,,48.1,μg/kg,False,,,,,False,True,,已解析并统一单位,,无检测数值,空值或占位符,True,AFB1相关但法规限量无法解析
126,广西,2023,12,2023-12,流通,花生油/油脂,花生油,黄曲霉毒素B1（AFB1）,True,不合格项目命中AFB1/黄曲霉变体；不合格规范列命中AFB1/黄曲霉变体,230µg/kg,230.0,,230.0,μg/kg,False,,,,,False,True,,已解析并统一单位,,无检测数值,空值或占位符,True,AFB1相关但法规限量无法解析
127,广西,2023,12,2023-12,流通,花生油/油脂,花生油,黄曲霉毒素B1（AFB1）,True,不合格项目命中AFB1/黄曲霉变体；不合格规范列命中AFB1/黄曲霉变体,65.7µg/kg,65.7,,65.7,μg/kg,False,,,,,False,True,,已解析并统一单位,,无检测数值,空值或占位符,True,AFB1相关但法规限量无法解析
128,广西,2023,12,2023-12,流通,花生油/油脂,花生油,黄曲霉毒素B1（AFB1）,True,不合格项目命中AFB1/黄曲霉变体；不合格规范列命中AFB1/黄曲霉变体,181µg/kg,181.0,,181.0,μg/kg,False,,,,,False,True,,已解析并统一单位,,无检测数值,空值或占位符,True,AFB1相关但法规限量无法解析
129,广西,2023,12,2023-12,流通,花生油/油脂,花生油,黄曲霉毒素B1（AFB1）,True,不合格项目命中AFB1/黄曲霉变体；不合格规范列命中AFB1/黄曲霉变体,46.8µg/kg,46.8,,46.8,μg/kg,False,,,,,False,True,,已解析并统一单位,,无检测数值,空值或占位符,True,AFB1相关但法规限量无法解析
334,广西,2023,12,2023-12,生产,花生油/油脂,花生油,黄曲霉毒素B1（AFB1）,True,不合格项目命中AFB1/黄曲霉变体；不合格规范列命中AFB1/黄曲霉变体,29.6μg/kg,29.6,,29.6,μg/kg,False,≤20μg/kg,20.0,μg/kg,≤,False,True,1.48,已解析并统一单位,,已解析并统一单位,,False,
336,广西,2023,12,2023-12,生产,花生油/油脂,花生油,黄曲霉毒素B1（AFB1）,True,不合格项目命中AFB1/黄曲霉变体；不合格规范列命中AFB1/黄曲霉变体,41.3μg/kg,41.3,,41.3,μg/kg,False,≤20μg/kg,20.0,μg/kg,≤,False,True,2.065,已解析并统一单位,,已解析并统一单位,,False,
338,广西,2023,12,2023-12,生产,花生油/油脂,花生油,黄曲霉毒素B1（AFB1）,True,不合格项目命中AFB1/黄曲霉变体；不合格规范列命中AFB1/黄曲霉变体,70.6μg/kg,70.6,,70.6,μg/kg,False,≤20μg/kg,20.0,μg/kg,≤,False,True,3.53,已解析并统一单位,,已解析并统一单位,,False,
340,广西,2023,12,2023-12,生产,花生油/油脂,花生油,黄曲霉毒素B1（AFB1）,True,不合格项目命中AFB1/黄曲霉变体；不合格规范列命中AFB1/黄曲霉变体,47.7μg/kg,47.7,,47.7,μg/kg,False,≤20μg/kg,20.0,μg/kg,≤,False,True,2.3850000000000002,已解析并统一单位,,已解析并统一单位,,False,
344,广西,2023,12,2023-12,生产,花生油/油脂,花生油,黄曲霉毒素B1（AFB1）,True,不合格项目命中AFB1/黄曲霉变体；不合格规范列命中AFB1/黄曲霉变体,74.9μg/kg,74.9,,74.9,μg/kg,False,≤20μg/kg,20.0,μg/kg,≤,False,True,3.745,已解析并统一单位,,已解析并统一单位,,False,
13,广西,2023,12,2023-12,生产,花生油/油脂,纯花生油,黄曲霉毒素B1（AFB1）,True,不合格项目命中AFB1/黄曲霉变体；不合格规范列命中AFB1/黄曲霉变体,108μg/kg,108.0,,108.0,μg/kg,False,20μg/kg,20.0,μg/kg,≤,False,True,5.4,已解析并统一单位,,已解析并统一单位,,False,
14,广西,2023,12,2023-12,生产,花生油/油脂,花生油,黄曲霉毒素B1（AFB1）,True,不合格项目命中AFB1/黄曲霉变体；不合格规范列命中AFB1/黄曲霉变体,86.8μg/kg,86.8,,86.8,μg/kg,False,20μg/kg,20.0,μg/kg,≤,False,True,4.34,已解析并统一单位,,已解析并统一单位,,False,
15,广西,2023,12,2023-12,生产,花生油/油脂,散装花生油,黄曲霉毒素B1（AFB1）,True,不合格项目命中AFB1/黄曲霉变体；不合格规范列命中AFB1/黄曲霉变体,120μg/kg,120.0,,120.0,μg/kg,False,20μg/kg,20.0,μg/kg,≤,False,True,6.0,已解析并统一单位,,已解析并统一单位,,False,
16,广西,2023,12,2023-12,生产,花生油/油脂,花生油,黄曲霉毒素B1（AFB1）,True,不合格项目命中AFB1/黄曲霉变体；不合格规范列命中AFB1/黄曲霉变体,119μg/kg,119.0,,119.0,μg/kg,False,20μg/kg,20.0,μg/kg,≤,False,True,5.95,已解析并统一单位,,已解析并统一单位,,False,
17,广西,2023,12,2023-12,生产,花生油/油脂,花生油,黄曲霉毒素B1（AFB1）,True,不合格项目命中AFB1/黄曲霉变体；不合格规范列命中AFB1/黄曲霉变体,94.1μg/kg,94.1,,94.1,μg/kg,False,20μg/kg,20.0,μg/kg,≤,False,True,4.705,已解析并统一单位,,已解析并统一单位,,False,
18,广西,2023,12,2023-12,生产,花生油/油脂,自榨花生油,黄曲霉毒素B1（AFB1）,True,不合格项目命中AFB1/黄曲霉变体；不合格规范列命中AFB1/黄曲霉变体,60.1μg/kg,60.1,,60.1,μg/kg,False,20μg/kg,20.0,μg/kg,≤,False,True,3.005,已解析并统一单位,,已解析并统一单位,,False,
19,广西,2023,12,2023-12,生产,花生油/油脂,花生油,黄曲霉毒素B1（AFB1）,True,不合格项目命中AFB1/黄曲霉变体；不合格规范列命中AFB1/黄曲霉变体,84.8μg/kg,84.8,,84.8,μg/kg,False,20μg/kg,20.0,μg/kg,≤,False,True,4.24,已解析并统一单位,,已解析并统一单位,,False,
136,不详,2023,12,2023-12,餐饮,花生油/油脂,花生油,黄曲霉毒素B1（AFB1）,True,检验项目命中AFB1/黄曲霉变体,,,,,,False,,,,,False,False,,无检测数值,空值或占位符,无检测数值,空值或占位符,True,AFB1相关但浓度无法解析；AFB1相关但法规限量无法解析
232,不详,2023,12,2023-12,流通,花生油/油脂,花生油,黄曲霉毒素B1（AFB1）,True,不合格项目命中AFB1/黄曲霉变体；不合格规范列命中AFB1/黄曲霉变体,30.9µg/kg,30.9,,30.9,μg/kg,False,≤20µg/kg,20.0,μg/kg,≤,False,True,1.545,已解析并统一单位,,已解析并统一单位,,False,
233,不详,2023,12,2023-12,流通,花生油/油脂,花生油,黄曲霉毒素B1（AFB1）,True,不合格项目命中AFB1/黄曲霉变体；不合格规范列命中AFB1/黄曲霉变体,38.6µg/kg,38.6,,38.6,μg/kg,False,≤20µg/kg,20.0,μg/kg,≤,False,True,1.9300000000000002,已解析并统一单位,,已解析并统一单位,,False,
236,不详,2023,12,2023-12,流通,花生油/油脂,花生油,黄曲霉毒素B1（AFB1）,True,不合格项目命中AFB1/黄曲霉变体；不合格规范列命中AFB1/黄曲霉变体；检验项目命中AFB1/黄曲霉变体,,,,,,False,,,,,False,True,,无检测数值,空值或占位符,无检测数值,空值或占位符,True,AFB1相关但浓度无法解析；AFB1相关但法规限量无法解析
220,广东,2023,12,2023-12,流通,花生油/油脂,花生油,黄曲霉毒素B1（AFB1）,True,不合格项目命中AFB1/黄曲霉变体；不合格规范列命中AFB1/黄曲霉变体,33.8µg/kg,33.8,,33.8,μg/kg,False,标准最大允许限：20µg/kg标准最小允许限：/,20.0,μg/kg,≤,False,True,1.69,已解析并统一单位,,已解析并统一单位,,False,
235,广东,2023,12,2023-12,生产,花生油/油脂,压榨花生油,黄曲霉毒素B1（AFB1）,True,检验项目命中AFB1/黄曲霉变体,,,,,,False,,,,,False,False,,无检测数值,空值或占位符,无检测数值,空值或占位符,True,AFB1相关但浓度无法解析；AFB1相关但法规限量无法解析
236,广东,2023,12,2023-12,生产,花生油/油脂,花生油,黄曲霉毒素B1（AFB1）,True,检验项目命中AFB1/黄曲霉变体,,,,,,False,,,,,False,False,,无检测数值,空值或占位符,无检测数值,空值或占位符,True,AFB1相关但浓度无法解析；AFB1相关但法规限量无法解析
237,广东,2023,12,2023-12,生产,花生油/油脂,花生油,黄曲霉毒素B1（AFB1）,True,检验项目命中AFB1/黄曲霉变体,,,,,,False,,,,,False,False,,无检测数值,空值或占位符,无检测数值,空值或占位符,True,AFB1相关但浓度无法解析；AFB1相关但法规限量无法解析
238,广东,2023,12,2023-12,生产,花生油/油脂,花生油,黄曲霉毒素B1（AFB1）,True,检验项目命中AFB1/黄曲霉变体,,,,,,False,,,,,False,False,,无检测数值,空值或占位符,无检测数值,空值或占位符,True,AFB1相关但浓度无法解析；AFB1相关但法规限量无法解析
239,广东,2023,12,2023-12,生产,花生油/油脂,压榨花生油,黄曲霉毒素B1（AFB1）,True,检验项目命中AFB1/黄曲霉变体,,,,,,False,,,,,False,False,,无检测数值,空值或占位符,无检测数值,空值或占位符,True,AFB1相关但浓度无法解析；AFB1相关但法规限量无法解析
240,广东,2023,12,2023-12,生产,花生油/油脂,花生油,黄曲霉毒素B1（AFB1）,True,检验项目命中AFB1/黄曲霉变体,,,,,,False,,,,,False,False,,无检测数值,空值或占位符,无检测数值,空值或占位符,True,AFB1相关但浓度无法解析；AFB1相关但法规限量无法解析
241,广东,2023,12,2023-12,生产,花生油/油脂,花生油,黄曲霉毒素B1（AFB1）,True,检验项目命中AFB1/黄曲霉变体,,,,,,False,,,,,False,False,,无检测数值,空值或占位符,无检测数值,空值或占位符,True,AFB1相关但浓度无法解析；AFB1相关但法规限量无法解析
28,广东,2023,12,2023-12,流通,花生油/油脂,花生油,黄曲霉毒素B1（AFB1）,True,不合格项目命中AFB1/黄曲霉变体；不合格规范列命中AFB1/黄曲霉变体,49.1,49.1,,49.1,μg/kg,True,≤20,20.0,μg/kg,≤,True,True,2.455,已解析并统一单位,,已解析并统一单位,,False,
61,贵州,2023,12,2023-12,流通,花生油/油脂,鹦鹉森林牌花生油,黄曲霉毒素B1（AFB1）,True,不合格项目命中AFB1/黄曲霉变体；不合格规范列命中AFB1/黄曲霉变体,4.6mg/g|67.6μg/kg |1.5µg/kg,4.6,,4.6,mg/g,False,≤1.5mg/g|≤15μg/kg|不得检出,0.0,,≤,False,True,,已解析,,未检出/不得检出,,True,AFB1浓度单位未统一为μg/kg
7,江苏,2023,12,2023-12,生产,花生油/油脂,浓香花生油,黄曲霉毒素B1（AFB1）,True,检验项目命中AFB1/黄曲霉变体,,,,,,False,,,,,False,False,,无检测数值,空值或占位符,无检测数值,空值或占位符,True,AFB1相关但浓度无法解析；AFB1相关但法规限量无法解析
9,江苏,2023,12,2023-12,生产,花生油/油脂,花生油,黄曲霉毒素B1（AFB1）,True,检验项目命中AFB1/黄曲霉变体,,,,,,False,,,,,False,False,,无检测数值,空值或占位符,无检测数值,空值或占位符,True,AFB1相关但浓度无法解析；AFB1相关但法规限量无法解析
10,台湾,2023,12,2023-12,流通,花生油/油脂,田趣压榨一级花生油,黄曲霉毒素B1（AFB1）,True,检验项目命中AFB1/黄曲霉变体,,,,,,False,,,,,False,False,,无检测数值,空值或占位符,无检测数值,空值或占位符,True,AFB1相关但浓度无法解析；AFB1相关但法规限量无法解析
11,广东,2023,12,2023-12,流通,花生油/油脂,压榨花生油,黄曲霉毒素B1（AFB1）,True,检验项目命中AFB1/黄曲霉变体,,,,,,False,,,,,False,False,,无检测数值,空值或占位符,无检测数值,空值或占位符,True,AFB1相关但浓度无法解析；AFB1相关但法规限量无法解析
12,山东,2023,12,2023-12,流通,花生油/油脂,压榨一级花生油,黄曲霉毒素B1（AFB1）,True,检验项目命中AFB1/黄曲霉变体,,,,,,False,,,,,False,False,,无检测数值,空值或占位符,无检测数值,空值或占位符,True,AFB1相关但浓度无法解析；AFB1相关但法规限量无法解析
13,山东,2023,12,2023-12,流通,花生油/油脂,润之家压榨一级花生油,黄曲霉毒素B1（AFB1）,True,检验项目命中AFB1/黄曲霉变体,,,,,,False,,,,,False,False,,无检测数值,空值或占位符,无检测数值,空值或占位符,True,AFB1相关但浓度无法解析；AFB1相关但法规限量无法解析
14,山东,2023,12,2023-12,流通,花生油/油脂,原生初榨花生油,黄曲霉毒素B1（AFB1）,True,检验项目命中AFB1/黄曲霉变体,,,,,,False,,,,,False,False,,无检测数值,空值或占位符,无检测数值,空值或占位符,True,AFB1相关但浓度无法解析；AFB1相关但法规限量无法解析
15,河北,2023,12,2023-12,流通,花生油/油脂,黑花生油,黄曲霉毒素B1（AFB1）,True,检验项目命中AFB1/黄曲霉变体,,,,,,False,,,,,False,False,,无检测数值,空值或占位符,无检测数值,空值或占位符,True,AFB1相关但浓度无法解析；AFB1相关但法规限量无法解析
16,广东,2023,12,2023-12,流通,花生油/油脂,甘竹压榨一级花生油,黄曲霉毒素B1（AFB1）,True,检验项目命中AFB1/黄曲霉变体,,,,,,False,,,,,False,False,,无检测数值,空值或占位符,无检测数值,空值或占位符,True,AFB1相关但浓度无法解析；AFB1相关但法规限量无法解析
17,广东,2023,12,2023-12,流通,花生油/油脂,纯正花生油,黄曲霉毒素B1（AFB1）,True,检验项目命中AFB1/黄曲霉变体,,,,,,False,,,,,False,False,,无检测数值,空值或占位符,无检测数值,空值或占位符,True,AFB1相关但浓度无法解析；AFB1相关但法规限量无法解析
18,广东,2023,12,2023-12,流通,花生油/油脂,五寿花农家小榨花生油,黄曲霉毒素B1（AFB1）,True,检验项目命中AFB1/黄曲霉变体,,,,,,False,,,,,False,False,,无检测数值,空值或占位符,无检测数值,空值或占位符,True,AFB1相关但浓度无法解析；AFB1相关但法规限量无法解析
19,广东,2023,12,2023-12,流通,花生油/油脂,纯正花生油,黄曲霉毒素B1（AFB1）,True,检验项目命中AFB1/黄曲霉变体,,,,,,False,,,,,False,False,,无检测数值,空值或占位符,无检测数值,空值或占位符,True,AFB1相关但浓度无法解析；AFB1相关但法规限量无法解析
56,不详,2023,12,2023-12,生产,花生油/油脂,花生油,黄曲霉毒素B1（AFB1）,True,不合格项目命中AFB1/黄曲霉变体；不合格规范列命中AFB1/黄曲霉变体,72.7 µg/kg,72.7,,72.7,μg/kg,False,≤20 µg/kg,20.0,μg/kg,≤,False,True,3.6350000000000002,已解析并统一单位,,已解析并统一单位,,False,
58,不详,2023,12,2023-12,生产,花生油/油脂,花生油,黄曲霉毒素B1（AFB1）,True,不合格项目命中AFB1/黄曲霉变体；不合格规范列命中AFB1/黄曲霉变体,29.2 µg/kg,29.2,,29.2,μg/kg,False,≤20 µg/kg,20.0,μg/kg,≤,False,True,1.46,已解析并统一单位,,已解析并统一单位,,False,
60,不详,2023,12,2023-12,生产,花生油/油脂,花生油,黄曲霉毒素B1（AFB1）,True,不合格项目命中AFB1/黄曲霉变体；不合格规范列命中AFB1/黄曲霉变体,37.8 µg/kg,37.8,,37.8,μg/kg,False,≤20 µg/kg,20.0,μg/kg,≤,False,True,1.89,已解析并统一单位,,已解析并统一单位,,False,
75,广西,2023,12,2023-12,流通,花生油/油脂,桂味莫記土榨花生油,黄曲霉毒素B1（AFB1）,True,检验项目命中AFB1/黄曲霉变体,,,,,,False,,,,,False,False,,无检测数值,空值或占位符,无检测数值,空值或占位符,True,AFB1相关但浓度无法解析；AFB1相关但法规限量无法解析
76,广东,2023,12,2023-12,流通,花生油/油脂,特香油酸多花生油,黄曲霉毒素B1（AFB1）,True,检验项目命中AFB1/黄曲霉变体,,,,,,False,,,,,False,False,,无检测数值,空值或占位符,无检测数值,空值或占位符,True,AFB1相关但浓度无法解析；AFB1相关但法规限量无法解析
79,广东,2023,12,2023-12,流通,花生油/油脂,鹰唛花生油,黄曲霉毒素B1（AFB1）,True,检验项目命中AFB1/黄曲霉变体,,,,,,False,,,,,False,False,,无检测数值,空值或占位符,无检测数值,空值或占位符,True,AFB1相关但浓度无法解析；AFB1相关但法规限量无法解析
80,广东,2023,12,2023-12,流通,花生油/油脂,纯香花生油,黄曲霉毒素B1（AFB1）,True,检验项目命中AFB1/黄曲霉变体,,,,,,False,,,,,False,False,,无检测数值,空值或占位符,无检测数值,空值或占位符,True,AFB1相关但浓度无法解析；AFB1相关但法规限量无法解析
208,广东,2023,12,2023-12,生产,花生油/油脂,花生油,黄曲霉毒素B1（AFB1）,True,检验项目命中AFB1/黄曲霉变体,,,,,,False,,,,,False,False,,无检测数值,空值或占位符,无检测数值,空值或占位符,True,AFB1相关但浓度无法解析；AFB1相关但法规限量无法解析
209,广东,2023,12,2023-12,生产,花生油/油脂,花生油,黄曲霉毒素B1（AFB1）,True,检验项目命中AFB1/黄曲霉变体,,,,,,False,,,,,False,False,,无检测数值,空值或占位符,无检测数值,空值或占位符,True,AFB1相关但浓度无法解析；AFB1相关但法规限量无法解析
210,广东,2023,12,2023-12,生产,花生油/油脂,花生油,黄曲霉毒素B1（AFB1）,True,检验项目命中AFB1/黄曲霉变体,,,,,,False,,,,,False,False,,无检测数值,空值或占位符,无检测数值,空值或占位符,True,AFB1相关但浓度无法解析；AFB1相关但法规限量无法解析
211,广东,2023,12,2023-12,生产,花生油/油脂,花生油,黄曲霉毒素B1（AFB1）,True,检验项目命中AFB1/黄曲霉变体,,,,,,False,,,,,False,False,,无检测数值,空值或占位符,无检测数值,空值或占位符,True,AFB1相关但浓度无法解析；AFB1相关但法规限量无法解析
212,广东,2023,12,2023-12,生产,花生油/油脂,花生油,黄曲霉毒素B1（AFB1）,True,检验项目命中AFB1/黄曲霉变体,,,,,,False,,,,,False,False,,无检测数值,空值或占位符,无检测数值,空值或占位符,True,AFB1相关但浓度无法解析；AFB1相关但法规限量无法解析
213,广东,2023,12,2023-12,生产,花生油/油脂,花生油,黄曲霉毒素B1（AFB1）,True,检验项目命中AFB1/黄曲霉变体,,,,,,False,,,,,False,False,,无检测数值,空值或占位符,无检测数值,空值或占位符,True,AFB1相关但浓度无法解析；AFB1相关但法规限量无法解析
214,广东,2023,12,2023-12,生产,花生油/油脂,花生油,黄曲霉毒素B1（AFB1）,True,检验项目命中AFB1/黄曲霉变体,,,,,,False,,,,,False,False,,无检测数值,空值或占位符,无检测数值,空值或占位符,True,AFB1相关但浓度无法解析；AFB1相关但法规限量无法解析
215,广东,2023,12,2023-12,生产,花生油/油脂,花生油,黄曲霉毒素B1（AFB1）,True,检验项目命中AFB1/黄曲霉变体,,,,,,False,,,,,False,False,,无检测数值,空值或占位符,无检测数值,空值或占位符,True,AFB1相关但浓度无法解析；AFB1相关但法规限量无法解析
253,广东,2023,12,2023-12,流通,花生油/油脂,花生油,黄曲霉毒素B1（AFB1）,True,不合格项目命中AFB1/黄曲霉变体；不合格规范列命中AFB1/黄曲霉变体,40.7,40.7,,40.7,μg/kg,True,≤20,20.0,μg/kg,≤,True,True,2.035,已解析并统一单位,,已解析并统一单位,,False,
54,广东,2023,12,2023-12,生产,花生油/油脂,花生油,黄曲霉毒素B1（AFB1）,True,不合格项目命中AFB1/黄曲霉变体；不合格规范列命中AFB1/黄曲霉变体,,,,,,False,,,,,False,True,,无检测数值,空值或占位符,无检测数值,空值或占位符,True,AFB1相关但浓度无法解析；AFB1相关但法规限量无法解析
55,广东,2023,12,2023-12,生产,花生油/油脂,花生油,黄曲霉毒素B1（AFB1）,True,不合格项目命中AFB1/黄曲霉变体；不合格规范列命中AFB1/黄曲霉变体,,,,,,False,,,,,False,True,,无检测数值,空值或占位符,无检测数值,空值或占位符,True,AFB1相关但浓度无法解析；AFB1相关但法规限量无法解析
56,广东,2023,12,2023-12,生产,花生油/油脂,花生油,黄曲霉毒素B1（AFB1）,True,不合格项目命中AFB1/黄曲霉变体；不合格规范列命中AFB1/黄曲霉变体,,,,,,False,,,,,False,True,,无检测数值,空值或占位符,无检测数值,空值或占位符,True,AFB1相关但浓度无法解析；AFB1相关但法规限量无法解析
44,山东,2024,1,2024-01,流通,花生油/油脂,压榨花生油,黄曲霉毒素B1（AFB1）,True,不合格项目命中AFB1/黄曲霉变体；不合格规范列命中AFB1/黄曲霉变体,23.4μg/kg,23.4,,23.4,μg/kg,False,≤20μg/kg,20.0,μg/kg,≤,False,True,1.17,已解析并统一单位,,已解析并统一单位,,False,
59,广东,2024,1,2024-01,生产,花生油/油脂,花生油,黄曲霉毒素B1（AFB1）,True,不合格项目命中AFB1/黄曲霉变体；不合格规范列命中AFB1/黄曲霉变体,70.3μg/kg,70.3,,70.3,μg/kg,False,≤20μg/kg,20.0,μg/kg,≤,False,True,3.5149999999999997,已解析并统一单位,,已解析并统一单位,,False,
164,广东,2024,1,2024-01,餐饮,花生油/油脂,花生油,黄曲霉毒素B1（AFB1）,True,不合格项目命中AFB1/黄曲霉变体；不合格规范列命中AFB1/黄曲霉变体,37.8µg/kg,37.8,,37.8,μg/kg,False,≤20µg/kg,20.0,μg/kg,≤,False,True,1.89,已解析并统一单位,,已解析并统一单位,,False,
4,广西,2024,2,2024-02,流通,花生油/油脂,桂味莫記土榨花生油,黄曲霉毒素B1（AFB1）,True,检验项目命中AFB1/黄曲霉变体,,,,,,False,,,,,False,False,,无检测数值,空值或占位符,无检测数值,空值或占位符,True,AFB1相关但浓度无法解析；AFB1相关但法规限量无法解析
6,广西,2024,2,2024-02,流通,花生油/油脂,桂味莫記土榨花生油,黄曲霉毒素B1（AFB1）,True,检验项目命中AFB1/黄曲霉变体,,,,,,False,,,,,False,False,,无检测数值,空值或占位符,无检测数值,空值或占位符,True,AFB1相关但浓度无法解析；AFB1相关但法规限量无法解析
7,广东,2024,2,2024-02,流通,花生油/油脂,特香油酸多花生油,黄曲霉毒素B1（AFB1）,True,检验项目命中AFB1/黄曲霉变体,,,,,,False,,,,,False,False,,无检测数值,空值或占位符,无检测数值,空值或占位符,True,AFB1相关但浓度无法解析；AFB1相关但法规限量无法解析
129,广东,2024,2,2024-02,生产,花生油/油脂,花生油,黄曲霉毒素B1（AFB1）,True,不合格项目命中AFB1/黄曲霉变体；不合格规范列命中AFB1/黄曲霉变体,57.1μg/kg,57.1,,57.1,μg/kg,False,≤20μg/kg,20.0,μg/kg,≤,False,True,2.855,已解析并统一单位,,已解析并统一单位,,False,
44,广东,2024,2,2024-02,流通,花生油/油脂,花生油,黄曲霉毒素B1（AFB1）,True,检验项目命中AFB1/黄曲霉变体,,,,,,False,,,,,False,False,,无检测数值,空值或占位符,无检测数值,空值或占位符,True,AFB1相关但浓度无法解析；AFB1相关但法规限量无法解析
45,广东,2024,2,2024-02,流通,花生油/油脂,鹰唛花生油,黄曲霉毒素B1（AFB1）,True,检验项目命中AFB1/黄曲霉变体,,,,,,False,,,,,False,False,,无检测数值,空值或占位符,无检测数值,空值或占位符,True,AFB1相关但浓度无法解析；AFB1相关但法规限量无法解析
46,广东,2024,2,2024-02,流通,花生油/油脂,古法土榨花生油,黄曲霉毒素B1（AFB1）,True,检验项目命中AFB1/黄曲霉变体,,,,,,False,,,,,False,False,,无检测数值,空值或占位符,无检测数值,空值或占位符,True,AFB1相关但浓度无法解析；AFB1相关但法规限量无法解析
47,广东,2024,2,2024-02,流通,花生油/油脂,新天润花生油,黄曲霉毒素B1（AFB1）,True,检验项目命中AFB1/黄曲霉变体,,,,,,False,,,,,False,False,,无检测数值,空值或占位符,无检测数值,空值或占位符,True,AFB1相关但浓度无法解析；AFB1相关但法规限量无法解析
48,广东,2024,2,2024-02,流通,花生油/油脂,胡姬花花生油,黄曲霉毒素B1（AFB1）,True,检验项目命中AFB1/黄曲霉变体,,,,,,False,,,,,False,False,,无检测数值,空值或占位符,无检测数值,空值或占位符,True,AFB1相关但浓度无法解析；AFB1相关但法规限量无法解析
49,广东,2024,2,2024-02,流通,花生油/油脂,特香油酸多花生油,黄曲霉毒素B1（AFB1）,True,检验项目命中AFB1/黄曲霉变体,,,,,,False,,,,,False,False,,无检测数值,空值或占位符,无检测数值,空值或占位符,True,AFB1相关但浓度无法解析；AFB1相关但法规限量无法解析
50,广东,2024,2,2024-02,流通,花生油/油脂,花生香食用（植物）调和油,黄曲霉毒素B1（AFB1）,True,检验项目命中AFB1/黄曲霉变体,,,,,,False,,,,,False,False,,无检测数值,空值或占位符,无检测数值,空值或占位符,True,AFB1相关但浓度无法解析；AFB1相关但法规限量无法解析
51,广东,2024,2,2024-02,流通,花生油/油脂,特香纯正花生油,黄曲霉毒素B1（AFB1）,True,检验项目命中AFB1/黄曲霉变体,,,,,,False,,,,,False,False,,无检测数值,空值或占位符,无检测数值,空值或占位符,True,AFB1相关但浓度无法解析；AFB1相关但法规限量无法解析
52,山东,2024,2,2024-02,流通,花生油/油脂,花生油,黄曲霉毒素B1（AFB1）,True,检验项目命中AFB1/黄曲霉变体,,,,,,False,,,,,False,False,,无检测数值,空值或占位符,无检测数值,空值或占位符,True,AFB1相关但浓度无法解析；AFB1相关但法规限量无法解析
53,广东,2024,2,2024-02,流通,花生油/油脂,花生油,黄曲霉毒素B1（AFB1）,True,检验项目命中AFB1/黄曲霉变体,,,,,,False,,,,,False,False,,无检测数值,空值或占位符,无检测数值,空值或占位符,True,AFB1相关但浓度无法解析；AFB1相关但法规限量无法解析
54,广东,2024,2,2024-02,流通,花生油/油脂,油酸多多花生油,黄曲霉毒素B1（AFB1）,True,检验项目命中AFB1/黄曲霉变体,,,,,,False,,,,,False,False,,无检测数值,空值或占位符,无检测数值,空值或占位符,True,AFB1相关但浓度无法解析；AFB1相关但法规限量无法解析
55,广东,2024,2,2024-02,流通,花生油/油脂,花生油,黄曲霉毒素B1（AFB1）,True,检验项目命中AFB1/黄曲霉变体,,,,,,False,,,,,False,False,,无检测数值,空值或占位符,无检测数值,空值或占位符,True,AFB1相关但浓度无法解析；AFB1相关但法规限量无法解析
56,广东,2024,2,2024-02,流通,花生油/油脂,压榨花生油,黄曲霉毒素B1（AFB1）,True,检验项目命中AFB1/黄曲霉变体,,,,,,False,,,,,False,False,,无检测数值,空值或占位符,无检测数值,空值或占位符,True,AFB1相关但浓度无法解析；AFB1相关但法规限量无法解析
57,广东,2024,2,2024-02,流通,花生油/油脂,特香纯花生油,黄曲霉毒素B1（AFB1）,True,检验项目命中AFB1/黄曲霉变体,,,,,,False,,,,,False,False,,无检测数值,空值或占位符,无检测数值,空值或占位符,True,AFB1相关但浓度无法解析；AFB1相关但法规限量无法解析
58,广东,2024,2,2024-02,流通,花生油/油脂,花生油,黄曲霉毒素B1（AFB1）,True,检验项目命中AFB1/黄曲霉变体,,,,,,False,,,,,False,False,,无检测数值,空值或占位符,无检测数值,空值或占位符,True,AFB1相关但浓度无法解析；AFB1相关但法规限量无法解析
59,广东,2024,2,2024-02,流通,花生油/油脂,压榨一级浓香花生油,黄曲霉毒素B1（AFB1）,True,检验项目命中AFB1/黄曲霉变体,,,,,,False,,,,,False,False,,无检测数值,空值或占位符,无检测数值,空值或占位符,True,AFB1相关但浓度无法解析；AFB1相关但法规限量无法解析
60,广东,2024,2,2024-02,流通,花生油/油脂,花生油,黄曲霉毒素B1（AFB1）,True,检验项目命中AFB1/黄曲霉变体,,,,,,False,,,,,False,False,,无检测数值,空值或占位符,无检测数值,空值或占位符,True,AFB1相关但浓度无法解析；AFB1相关但法规限量无法解析
61,广东,2024,2,2024-02,流通,花生油/油脂,5S压榨一级花生油,黄曲霉毒素B1（AFB1）,True,检验项目命中AFB1/黄曲霉变体,,,,,,False,,,,,False,False,,无检测数值,空值或占位符,无检测数值,空值或占位符,True,AFB1相关但浓度无法解析；AFB1相关但法规限量无法解析
62,广东,2024,2,2024-02,生产,花生油/油脂,仁良村香花生油,黄曲霉毒素B1（AFB1）,True,检验项目命中AFB1/黄曲霉变体,,,,,,False,,,,,False,False,,无检测数值,空值或占位符,无检测数值,空值或占位符,True,AFB1相关但浓度无法解析；AFB1相关但法规限量无法解析
63,山东,2024,2,2024-02,流通,花生油/油脂,花生仁油,黄曲霉毒素B1（AFB1）,True,检验项目命中AFB1/黄曲霉变体,,,,,,False,,,,,False,False,,无检测数值,空值或占位符,无检测数值,空值或占位符,True,AFB1相关但浓度无法解析；AFB1相关但法规限量无法解析
64,不详,2024,2,2024-02,流通,花生油/油脂,花生油,黄曲霉毒素B1（AFB1）,True,检验项目命中AFB1/黄曲霉变体,,,,,,False,,,,,False,False,,无检测数值,空值或占位符,无检测数值,空值或占位符,True,AFB1相关但浓度无法解析；AFB1相关但法规限量无法解析
65,广东,2024,2,2024-02,流通,花生油/油脂,花生油,黄曲霉毒素B1（AFB1）,True,检验项目命中AFB1/黄曲霉变体,,,,,,False,,,,,False,False,,无检测数值,空值或占位符,无检测数值,空值或占位符,True,AFB1相关但浓度无法解析；AFB1相关但法规限量无法解析
66,广东,2024,2,2024-02,流通,花生油/油脂,特香纯花生油,黄曲霉毒素B1（AFB1）,True,检验项目命中AFB1/黄曲霉变体,,,,,,False,,,,,False,False,,无检测数值,空值或占位符,无检测数值,空值或占位符,True,AFB1相关但浓度无法解析；AFB1相关但法规限量无法解析
67,广东,2024,2,2024-02,流通,花生油/油脂,鹰唛花生油,黄曲霉毒素B1（AFB1）,True,检验项目命中AFB1/黄曲霉变体,,,,,,False,,,,,False,False,,无检测数值,空值或占位符,无检测数值,空值或占位符,True,AFB1相关但浓度无法解析；AFB1相关但法规限量无法解析
68,广东,2024,2,2024-02,流通,花生油/油脂,胡姬花古法花生油,黄曲霉毒素B1（AFB1）,True,检验项目命中AFB1/黄曲霉变体,,,,,,False,,,,,False,False,,无检测数值,空值或占位符,无检测数值,空值或占位符,True,AFB1相关但浓度无法解析；AFB1相关但法规限量无法解析
69,广东,2024,2,2024-02,流通,花生油/油脂,压榨花生油,黄曲霉毒素B1（AFB1）,True,检验项目命中AFB1/黄曲霉变体,,,,,,False,,,,,False,False,,无检测数值,空值或占位符,无检测数值,空值或占位符,True,AFB1相关但浓度无法解析；AFB1相关但法规限量无法解析
64,广东,2024,2,2024-02,生产,花生油/油脂,花生油,黄曲霉毒素B1（AFB1）,True,不合格项目命中AFB1/黄曲霉变体；不合格规范列命中AFB1/黄曲霉变体,47.9μg/kg,47.9,,47.9,μg/kg,False,≤20μg/kg,20.0,μg/kg,≤,False,True,2.395,已解析并统一单位,,已解析并统一单位,,False,
11,广西,2024,2,2024-02,生产,花生油/油脂,散装花生油,黄曲霉毒素B1（AFB1）,True,不合格项目命中AFB1/黄曲霉变体；不合格规范列命中AFB1/黄曲霉变体,26.2µg/kg,26.2,,26.2,μg/kg,False,20µg/kg,20.0,μg/kg,≤,False,True,1.31,已解析并统一单位,,已解析并统一单位,,False,
12,广西,2024,2,2024-02,生产,花生油/油脂,散装花生油,黄曲霉毒素B1（AFB1）,True,不合格项目命中AFB1/黄曲霉变体；不合格规范列命中AFB1/黄曲霉变体,41.6µg/kg,41.6,,41.6,μg/kg,False,20µg/kg,20.0,μg/kg,≤,False,True,2.08,已解析并统一单位,,已解析并统一单位,,False,
41,广西,2024,3,2024-03,生产,花生油/油脂,花生油,黄曲霉毒素B1（AFB1）,True,不合格项目命中AFB1/黄曲霉变体；不合格规范列命中AFB1/黄曲霉变体,28.6 µg/kg,28.6,,28.6,μg/kg,False,≤20 µg/kg,20.0,μg/kg,≤,False,True,1.4300000000000002,已解析并统一单位,,已解析并统一单位,,False,
28,广西,2024,3,2024-03,生产,花生油/油脂,花生油,黄曲霉毒素B1（AFB1）,True,不合格项目命中AFB1/黄曲霉变体；不合格规范列命中AFB1/黄曲霉变体,38.9µg/kg,38.9,,38.9,μg/kg,False,20µg/kg,20.0,μg/kg,≤,False,True,1.9449999999999998,已解析并统一单位,,已解析并统一单位,,False,
90,广西,2024,4,2024-04,生产,花生油/油脂,花生油,黄曲霉毒素B1（AFB1）,True,不合格项目命中AFB1/黄曲霉变体；不合格规范列命中AFB1/黄曲霉变体,46.1 µg/kg,46.1,,46.1,μg/kg,False,20 µg/kg,20.0,μg/kg,≤,False,True,2.305,已解析并统一单位,,已解析并统一单位,,False,
91,湖南,2024,4,2024-04,生产,花生油/油脂,花生油,黄曲霉毒素B1（AFB1）,True,不合格项目命中AFB1/黄曲霉变体；不合格规范列命中AFB1/黄曲霉变体,27.7 µg/kg,27.7,,27.7,μg/kg,False,20 µg/kg,20.0,μg/kg,≤,False,True,1.385,已解析并统一单位,,已解析并统一单位,,False,
51,广西,2024,4,2024-04,其他,花生油/油脂,花生油,黄曲霉毒素B1（AFB1）,True,不合格项目命中AFB1/黄曲霉变体；不合格规范列命中AFB1/黄曲霉变体,54.8,54.8,,54.8,μg/kg,True,20,20.0,μg/kg,≤,True,True,2.7399999999999998,已解析并统一单位,,已解析并统一单位,,False,
52,广东,2024,4,2024-04,生产,花生油/油脂,花生油,黄曲霉毒素B1（AFB1）,True,不合格项目命中AFB1/黄曲霉变体；不合格规范列命中AFB1/黄曲霉变体,32.1μg/kg,32.1,,32.1,μg/kg,False,≤20μg/kg,20.0,μg/kg,≤,False,True,1.605,已解析并统一单位,,已解析并统一单位,,False,
7,不详,2024,5,2024-05,餐饮,花生油/油脂,花生油,黄曲霉毒素B1（AFB1）,True,不合格项目命中AFB1/黄曲霉变体；不合格规范列命中AFB1/黄曲霉变体,64.7μg/kg,64.7,,64.7,μg/kg,False,≤20μg/kg,20.0,μg/kg,≤,False,True,3.2350000000000003,已解析并统一单位,,已解析并统一单位,,False,
36,广西,2024,5,2024-05,生产,花生油/油脂,花生油,黄曲霉毒素B1（AFB1）,True,不合格项目命中AFB1/黄曲霉变体；不合格规范列命中AFB1/黄曲霉变体,34.2μg/kg,34.2,,34.2,μg/kg,False,20μg/kg,20.0,μg/kg,≤,False,True,1.7100000000000002,已解析并统一单位,,已解析并统一单位,,False,
37,广西,2024,5,2024-05,生产,花生油/油脂,花生油,黄曲霉毒素B1（AFB1）,True,不合格项目命中AFB1/黄曲霉变体；不合格规范列命中AFB1/黄曲霉变体,50.6μg/kg,50.6,,50.6,μg/kg,False,20μg/kg,20.0,μg/kg,≤,False,True,2.5300000000000002,已解析并统一单位,,已解析并统一单位,,False,
119,广西,2024,5,2024-05,生产,花生油/油脂,花生油,黄曲霉毒素B1（AFB1）,True,不合格项目命中AFB1/黄曲霉变体；不合格规范列命中AFB1/黄曲霉变体,27.5μg/kg,27.5,,27.5,μg/kg,False,20μg/kg,20.0,μg/kg,≤,False,True,1.375,已解析并统一单位,,已解析并统一单位,,False,
120,广西,2024,5,2024-05,生产,花生油/油脂,花生油,黄曲霉毒素B1（AFB1）,True,不合格项目命中AFB1/黄曲霉变体；不合格规范列命中AFB1/黄曲霉变体,66.0μg/kg,66.0,,66.0,μg/kg,False,20μg/kg,20.0,μg/kg,≤,False,True,3.3,已解析并统一单位,,已解析并统一单位,,False,
112,广西,2024,5,2024-05,生产,花生油/油脂,花生油,黄曲霉毒素B1（AFB1）,True,不合格项目命中AFB1/黄曲霉变体；不合格规范列命中AFB1/黄曲霉变体,81.4μg/kg,81.4,,81.4,μg/kg,False,20μg/kg,20.0,μg/kg,≤,False,True,4.07,已解析并统一单位,,已解析并统一单位,,False,
8,海南,2024,5,2024-05,生产,花生油/油脂,噜吽花生油小磨浓香型,黄曲霉毒素B1（AFB1）,True,不合格项目命中AFB1/黄曲霉变体；不合格规范列命中AFB1/黄曲霉变体,59.0µg/kg,59.0,,59.0,μg/kg,False,≤20µg/kg,20.0,μg/kg,≤,False,True,2.95,已解析并统一单位,,已解析并统一单位,,False,
61,不详,2024,5,2024-05,流通,花生油/油脂,花生油,黄曲霉毒素B1（AFB1）,True,不合格项目命中AFB1/黄曲霉变体；不合格规范列命中AFB1/黄曲霉变体,27.8μg/kg,27.8,,27.8,μg/kg,False,≤20μg/kg,20.0,μg/kg,≤,False,True,1.3900000000000001,已解析并统一单位,,已解析并统一单位,,False,
48,广西,2024,5,2024-05,生产,花生油/油脂,花生油,黄曲霉毒素B1（AFB1）,True,不合格项目命中AFB1/黄曲霉变体；不合格规范列命中AFB1/黄曲霉变体,29.6µg/kg,29.6,,29.6,μg/kg,False,20µg/kg,20.0,μg/kg,≤,False,True,1.48,已解析并统一单位,,已解析并统一单位,,False,
22,四川,2024,5,2024-05,流通,花生油/油脂,花生油,黄曲霉毒素B1（AFB1）,True,不合格项目命中AFB1/黄曲霉变体；不合格规范列命中AFB1/黄曲霉变体,122µg/kg,122.0,,122.0,μg/kg,False,≤20μg/kg,20.0,μg/kg,≤,False,True,6.1,已解析并统一单位,,已解析并统一单位,,False,
11,广西,2024,5,2024-05,流通,花生油/油脂,花生油,黄曲霉毒素B1（AFB1）,True,不合格项目命中AFB1/黄曲霉变体；不合格规范列命中AFB1/黄曲霉变体,31.4μg/kg,31.4,,31.4,μg/kg,False,20μg/kg,20.0,μg/kg,≤,False,True,1.5699999999999998,已解析并统一单位,,已解析并统一单位,,False,
37,广西,2024,5,2024-05,生产,花生油/油脂,花生油,黄曲霉毒素B1（AFB1）,True,不合格项目命中AFB1/黄曲霉变体；不合格规范列命中AFB1/黄曲霉变体,61.6μg/kg,61.6,,61.6,μg/kg,False,20μg/kg,20.0,μg/kg,≤,False,True,3.08,已解析并统一单位,,已解析并统一单位,,False,
38,广西,2024,5,2024-05,生产,花生油/油脂,花生油,黄曲霉毒素B1（AFB1）,True,不合格项目命中AFB1/黄曲霉变体；不合格规范列命中AFB1/黄曲霉变体,445μg/kg,445.0,,445.0,μg/kg,False,20μg/kg,20.0,μg/kg,≤,False,True,22.25,已解析并统一单位,,已解析并统一单位,,False,
6,广西,2024,5,2024-05,生产,花生油/油脂,花生油,黄曲霉毒素B1（AFB1）,True,不合格项目命中AFB1/黄曲霉变体；不合格规范列命中AFB1/黄曲霉变体,83.4μg/kg,83.4,,83.4,μg/kg,False,≤20μg/kg,20.0,μg/kg,≤,False,True,4.17,已解析并统一单位,,已解析并统一单位,,False,
22,广西,2024,6,2024-06,生产,花生油/油脂,花生油,黄曲霉毒素B1（AFB1）,True,不合格项目命中AFB1/黄曲霉变体；不合格规范列命中AFB1/黄曲霉变体,41.1μg/kg,41.1,,41.1,μg/kg,False,≤20μg/kg,20.0,μg/kg,≤,False,True,2.055,已解析并统一单位,,已解析并统一单位,,False,
1,江苏,2024,6,2024-06,流通,花生油/油脂,花生油,黄曲霉毒素B1（AFB1）,True,不合格项目命中AFB1/黄曲霉变体；不合格规范列命中AFB1/黄曲霉变体,53.9μg/kg,53.9,,53.9,μg/kg,False,≤20,20.0,μg/kg,≤,True,True,2.695,已解析并统一单位,,已解析并统一单位,,False,
13,福建,2024,6,2024-06,流通,花生油/油脂,压榨一级浓香花生油,黄曲霉毒素B1（AFB1）,True,检验项目命中AFB1/黄曲霉变体,,,,,,False,,,,,False,False,,无检测数值,空值或占位符,无检测数值,空值或占位符,True,AFB1相关但浓度无法解析；AFB1相关但法规限量无法解析
14,广东,2024,6,2024-06,流通,花生油/油脂,港式花生油,黄曲霉毒素B1（AFB1）,True,检验项目命中AFB1/黄曲霉变体,,,,,,False,,,,,False,False,,无检测数值,空值或占位符,无检测数值,空值或占位符,True,AFB1相关但浓度无法解析；AFB1相关但法规限量无法解析
15,广东,2024,6,2024-06,流通,花生油/油脂,压榨花生油,黄曲霉毒素B1（AFB1）,True,检验项目命中AFB1/黄曲霉变体,,,,,,False,,,,,False,False,,无检测数值,空值或占位符,无检测数值,空值或占位符,True,AFB1相关但浓度无法解析；AFB1相关但法规限量无法解析
16,广东,2024,6,2024-06,流通,花生油/油脂,粤垦压榨一级浓香花生油,黄曲霉毒素B1（AFB1）,True,检验项目命中AFB1/黄曲霉变体,,,,,,False,,,,,False,False,,无检测数值,空值或占位符,无检测数值,空值或占位符,True,AFB1相关但浓度无法解析；AFB1相关但法规限量无法解析
14,河北,2024,6,2024-06,生产,花生油/油脂,花生油,黄曲霉毒素B1（AFB1）,True,不合格项目命中AFB1/黄曲霉变体；不合格规范列命中AFB1/黄曲霉变体,40.3µg/kg,40.3,,40.3,μg/kg,False,≤20µg/kg,20.0,μg/kg,≤,False,True,2.0149999999999997,已解析并统一单位,,已解析并统一单位,,False,
2,江苏,2024,6,2024-06,流通,花生油/油脂,花生油,黄曲霉毒素B1（AFB1）,True,不合格项目命中AFB1/黄曲霉变体；不合格规范列命中AFB1/黄曲霉变体,53.7μg/kg,53.7,,53.7,μg/kg,False,≤20,20.0,μg/kg,≤,True,True,2.685,已解析并统一单位,,已解析并统一单位,,False,
82,广西,2024,6,2024-06,生产,花生油/油脂,花生油,黄曲霉毒素B1（AFB1）,True,不合格项目命中AFB1/黄曲霉变体；不合格规范列命中AFB1/黄曲霉变体,64.7μg/kg,64.7,,64.7,μg/kg,False,20μg/kg,20.0,μg/kg,≤,False,True,3.2350000000000003,已解析并统一单位,,已解析并统一单位,,False,
293,广西,2024,6,2024-06,流通,花生油/油脂,花生油,黄曲霉毒素B1（AFB1）,True,不合格项目命中AFB1/黄曲霉变体；不合格规范列命中AFB1/黄曲霉变体,26.5μg/kg,26.5,,26.5,μg/kg,False,20μg/kg,20.0,μg/kg,≤,False,True,1.325,已解析并统一单位,,已解析并统一单位,,False,
294,广西,2024,6,2024-06,流通,花生油/油脂,花生油,黄曲霉毒素B1（AFB1）,True,不合格项目命中AFB1/黄曲霉变体；不合格规范列命中AFB1/黄曲霉变体,33.2μg/kg,33.2,,33.2,μg/kg,False,20μg/kg,20.0,μg/kg,≤,False,True,1.6600000000000001,已解析并统一单位,,已解析并统一单位,,False,
295,广西,2024,6,2024-06,流通,花生油/油脂,花生油,黄曲霉毒素B1（AFB1）,True,不合格项目命中AFB1/黄曲霉变体；不合格规范列命中AFB1/黄曲霉变体,80.9μg/kg,80.9,,80.9,μg/kg,False,20μg/kg,20.0,μg/kg,≤,False,True,4.045,已解析并统一单位,,已解析并统一单位,,False,
296,广西,2024,6,2024-06,流通,花生油/油脂,花生油,黄曲霉毒素B1（AFB1）,True,不合格项目命中AFB1/黄曲霉变体；不合格规范列命中AFB1/黄曲霉变体,42.1μg/kg,42.1,,42.1,μg/kg,False,20μg/kg,20.0,μg/kg,≤,False,True,2.105,已解析并统一单位,,已解析并统一单位,,False,
297,广西,2024,6,2024-06,流通,花生油/油脂,花生油,黄曲霉毒素B1（AFB1）,True,不合格项目命中AFB1/黄曲霉变体；不合格规范列命中AFB1/黄曲霉变体,25.9μg/kg,25.9,,25.9,μg/kg,False,20μg/kg,20.0,μg/kg,≤,False,True,1.295,已解析并统一单位,,已解析并统一单位,,False,
299,广西,2024,6,2024-06,流通,花生油/油脂,花生油,黄曲霉毒素B1（AFB1）,True,不合格项目命中AFB1/黄曲霉变体；不合格规范列命中AFB1/黄曲霉变体,69.0μg/kg,69.0,,69.0,μg/kg,False,20μg/kg,20.0,μg/kg,≤,False,True,3.45,已解析并统一单位,,已解析并统一单位,,False,
300,广西,2024,6,2024-06,流通,花生油/油脂,散装花生油,黄曲霉毒素B1（AFB1）,True,不合格项目命中AFB1/黄曲霉变体；不合格规范列命中AFB1/黄曲霉变体,32.0μg/kg,32.0,,32.0,μg/kg,False,20μg/kg,20.0,μg/kg,≤,False,True,1.6,已解析并统一单位,,已解析并统一单位,,False,
302,广西,2024,6,2024-06,流通,花生油/油脂,散装花生油,黄曲霉毒素B1（AFB1）,True,不合格项目命中AFB1/黄曲霉变体；不合格规范列命中AFB1/黄曲霉变体,6.1mg/g|42.9μg/kg,6.1,,6.1,mg/g,False,3mg/g|20μg/kg,3.0,mg/g,≤,False,True,2.033333333333333,已解析,,已解析,,True,AFB1浓度单位未统一为μg/kg
303,广西,2024,6,2024-06,流通,花生油/油脂,花生油,黄曲霉毒素B1（AFB1）,True,不合格项目命中AFB1/黄曲霉变体；不合格规范列命中AFB1/黄曲霉变体,32.0μg/kg,32.0,,32.0,μg/kg,False,20,20.0,μg/kg,≤,True,True,1.6,已解析并统一单位,,已解析并统一单位,,False,
305,广西,2024,6,2024-06,生产,花生油/油脂,花生油,黄曲霉毒素B1（AFB1）,True,不合格项目命中AFB1/黄曲霉变体；不合格规范列命中AFB1/黄曲霉变体,95.6μg/kg,95.6,,95.6,μg/kg,False,20μg/kg,20.0,μg/kg,≤,False,True,4.779999999999999,已解析并统一单位,,已解析并统一单位,,False,
30,广东,2024,6,2024-06,生产,花生油/油脂,花生油,黄曲霉毒素B1（AFB1）,True,检验项目命中AFB1/黄曲霉变体,,,,,,False,,,,,False,False,,无检测数值,空值或占位符,无检测数值,空值或占位符,True,AFB1相关但浓度无法解析；AFB1相关但法规限量无法解析
31,广东,2024,6,2024-06,生产,花生油/油脂,花生油,黄曲霉毒素B1（AFB1）,True,检验项目命中AFB1/黄曲霉变体,,,,,,False,,,,,False,False,,无检测数值,空值或占位符,无检测数值,空值或占位符,True,AFB1相关但浓度无法解析；AFB1相关但法规限量无法解析
32,广东,2024,6,2024-06,生产,花生油/油脂,花生油,黄曲霉毒素B1（AFB1）,True,检验项目命中AFB1/黄曲霉变体,,,,,,False,,,,,False,False,,无检测数值,空值或占位符,无检测数值,空值或占位符,True,AFB1相关但浓度无法解析；AFB1相关但法规限量无法解析
33,广东,2024,6,2024-06,生产,花生油/油脂,花生油,黄曲霉毒素B1（AFB1）,True,检验项目命中AFB1/黄曲霉变体,,,,,,False,,,,,False,False,,无检测数值,空值或占位符,无检测数值,空值或占位符,True,AFB1相关但浓度无法解析；AFB1相关但法规限量无法解析
34,广东,2024,6,2024-06,生产,花生油/油脂,花生油,黄曲霉毒素B1（AFB1）,True,检验项目命中AFB1/黄曲霉变体,,,,,,False,,,,,False,False,,无检测数值,空值或占位符,无检测数值,空值或占位符,True,AFB1相关但浓度无法解析；AFB1相关但法规限量无法解析
35,广东,2024,6,2024-06,生产,花生油/油脂,花生油,黄曲霉毒素B1（AFB1）,True,检验项目命中AFB1/黄曲霉变体,,,,,,False,,,,,False,False,,无检测数值,空值或占位符,无检测数值,空值或占位符,True,AFB1相关但浓度无法解析；AFB1相关但法规限量无法解析
36,广东,2024,6,2024-06,餐饮,花生油/油脂,鹰唛花生油,黄曲霉毒素B1（AFB1）,True,检验项目命中AFB1/黄曲霉变体,,,,,,False,,,,,False,False,,无检测数值,空值或占位符,无检测数值,空值或占位符,True,AFB1相关但浓度无法解析；AFB1相关但法规限量无法解析
23,山东,2024,6,2024-06,生产,花生油/油脂,花生油,黄曲霉毒素B1（AFB1）,True,不合格项目命中AFB1/黄曲霉变体；不合格规范列命中AFB1/黄曲霉变体,60.2g/kg,60.2,,60.2,μg/kg,True,≤20,20.0,μg/kg,≤,True,True,3.0100000000000002,已解析并统一单位,,已解析并统一单位,,False,
81,广西,2024,6,2024-06,生产,花生油/油脂,花生油,黄曲霉毒素B1（AFB1）,True,不合格项目命中AFB1/黄曲霉变体；不合格规范列命中AFB1/黄曲霉变体,34.5μg/kg,34.5,,34.5,μg/kg,False,20μg/kg,20.0,μg/kg,≤,False,True,1.725,已解析并统一单位,,已解析并统一单位,,False,
82,广西,2024,6,2024-06,生产,花生油/油脂,花生油,黄曲霉毒素B1（AFB1）,True,不合格项目命中AFB1/黄曲霉变体；不合格规范列命中AFB1/黄曲霉变体,44.7μg/kg,44.7,,44.7,μg/kg,False,20μg/kg,20.0,μg/kg,≤,False,True,2.2350000000000003,已解析并统一单位,,已解析并统一单位,,False,
83,广西,2024,6,2024-06,生产,花生油/油脂,花生油,黄曲霉毒素B1（AFB1）,True,不合格项目命中AFB1/黄曲霉变体；不合格规范列命中AFB1/黄曲霉变体,27.5μg/kg,27.5,,27.5,μg/kg,False,20μg/kg,20.0,μg/kg,≤,False,True,1.375,已解析并统一单位,,已解析并统一单位,,False,
116,广东,2024,6,2024-06,生产,花生油/油脂,花生油,黄曲霉毒素B1（AFB1）,True,不合格项目命中AFB1/黄曲霉变体；不合格规范列命中AFB1/黄曲霉变体,,,,,,False,,,,,False,True,,无检测数值,空值或占位符,无检测数值,空值或占位符,True,AFB1相关但浓度无法解析；AFB1相关但法规限量无法解析
1,广东,2024,7,2024-07,生产,花生油/油脂,压榨花生油,黄曲霉毒素B1（AFB1）,True,检验项目命中AFB1/黄曲霉变体,,,,,,False,,,,,False,False,,无检测数值,空值或占位符,无检测数值,空值或占位符,True,AFB1相关但浓度无法解析；AFB1相关但法规限量无法解析
2,广东,2024,7,2024-07,流通,花生油/油脂,鲁花5S压榨一级花生油,黄曲霉毒素B1（AFB1）,True,检验项目命中AFB1/黄曲霉变体,,,,,,False,,,,,False,False,,无检测数值,空值或占位符,无检测数值,空值或占位符,True,AFB1相关但浓度无法解析；AFB1相关但法规限量无法解析
90,山东,2024,7,2024-07,流通,花生油/油脂,原生初榨花生油,黄曲霉毒素B1（AFB1）,True,检验项目命中AFB1/黄曲霉变体,,,,,,False,,,,,False,False,,无检测数值,空值或占位符,无检测数值,空值或占位符,True,AFB1相关但浓度无法解析；AFB1相关但法规限量无法解析
91,山东,2024,7,2024-07,流通,花生油/油脂,高油酸花生油,黄曲霉毒素B1（AFB1）,True,检验项目命中AFB1/黄曲霉变体,,,,,,False,,,,,False,False,,无检测数值,空值或占位符,无检测数值,空值或占位符,True,AFB1相关但浓度无法解析；AFB1相关但法规限量无法解析
92,山东,2024,7,2024-07,流通,花生油/油脂,三好花生仁油,黄曲霉毒素B1（AFB1）,True,检验项目命中AFB1/黄曲霉变体,,,,,,False,,,,,False,False,,无检测数值,空值或占位符,无检测数值,空值或占位符,True,AFB1相关但浓度无法解析；AFB1相关但法规限量无法解析
93,山东,2024,7,2024-07,流通,花生油/油脂,传承土榨花生油,黄曲霉毒素B1（AFB1）,True,检验项目命中AFB1/黄曲霉变体,,,,,,False,,,,,False,False,,无检测数值,空值或占位符,无检测数值,空值或占位符,True,AFB1相关但浓度无法解析；AFB1相关但法规限量无法解析
94,广东,2024,7,2024-07,流通,花生油/油脂,压榨花生油,黄曲霉毒素B1（AFB1）,True,检验项目命中AFB1/黄曲霉变体,,,,,,False,,,,,False,False,,无检测数值,空值或占位符,无检测数值,空值或占位符,True,AFB1相关但浓度无法解析；AFB1相关但法规限量无法解析
96,山东,2024,7,2024-07,流通,花生油/油脂,压榨一级花生油,黄曲霉毒素B1（AFB1）,True,检验项目命中AFB1/黄曲霉变体,,,,,,False,,,,,False,False,,无检测数值,空值或占位符,无检测数值,空值或占位符,True,AFB1相关但浓度无法解析；AFB1相关但法规限量无法解析
97,河南,2024,7,2024-07,流通,花生油/油脂,5S压榨一级花生油,黄曲霉毒素B1（AFB1）,True,检验项目命中AFB1/黄曲霉变体,,,,,,False,,,,,False,False,,无检测数值,空值或占位符,无检测数值,空值或占位符,True,AFB1相关但浓度无法解析；AFB1相关但法规限量无法解析
126,广东,2024,7,2024-07,生产,花生油/油脂,花生油,黄曲霉毒素B1（AFB1）,True,不合格项目命中AFB1/黄曲霉变体；不合格规范列命中AFB1/黄曲霉变体,61.4pg/kg,61.4,,61.4,μg/kg,True,≤20Hg/kg,20.0,μg/kg,≤,True,True,3.07,已解析并统一单位,,已解析并统一单位,,False,
9,湖北,2024,7,2024-07,流通,花生油/油脂,压榨花生油,黄曲霉毒素B1（AFB1）,True,检验项目命中AFB1/黄曲霉变体,,,,,,False,,,,,False,False,,无检测数值,空值或占位符,无检测数值,空值或占位符,True,AFB1相关但浓度无法解析；AFB1相关但法规限量无法解析
75,广西,2024,7,2024-07,生产,花生油/油脂,花生油,黄曲霉毒素B1（AFB1）,True,不合格项目命中AFB1/黄曲霉变体；不合格规范列命中AFB1/黄曲霉变体,60.1µg/kg,60.1,,60.1,μg/kg,False,≤20µg/kg,20.0,μg/kg,≤,False,True,3.005,已解析并统一单位,,已解析并统一单位,,False,
76,广西,2024,7,2024-07,生产,花生油/油脂,花生油,黄曲霉毒素B1（AFB1）,True,不合格项目命中AFB1/黄曲霉变体；不合格规范列命中AFB1/黄曲霉变体,84.0µg/kg,84.0,,84.0,μg/kg,False,20µg/kg,20.0,μg/kg,≤,False,True,4.2,已解析并统一单位,,已解析并统一单位,,False,
26,山东,2024,8,2024-08,流通,花生油/油脂,压榨花生油,黄曲霉毒素B1（AFB1）,True,检验项目命中AFB1/黄曲霉变体,,,,,,False,,,,,False,False,,无检测数值,空值或占位符,无检测数值,空值或占位符,True,AFB1相关但浓度无法解析；AFB1相关但法规限量无法解析
36,山东,2024,8,2024-08,流通,花生油/油脂,高油酸花生油,黄曲霉毒素B1（AFB1）,True,检验项目命中AFB1/黄曲霉变体,,,,,,False,,,,,False,False,,无检测数值,空值或占位符,无检测数值,空值或占位符,True,AFB1相关但浓度无法解析；AFB1相关但法规限量无法解析
37,山东,2024,8,2024-08,流通,花生油/油脂,花生仁油,黄曲霉毒素B1（AFB1）,True,检验项目命中AFB1/黄曲霉变体,,,,,,False,,,,,False,False,,无检测数值,空值或占位符,无检测数值,空值或占位符,True,AFB1相关但浓度无法解析；AFB1相关但法规限量无法解析
44,广西,2024,8,2024-08,生产,花生油/油脂,花生油,黄曲霉毒素B1（AFB1）,True,不合格项目命中AFB1/黄曲霉变体；不合格规范列命中AFB1/黄曲霉变体,37.5,37.5,,37.5,μg/kg,True,20,20.0,μg/kg,≤,True,True,1.875,已解析并统一单位,,已解析并统一单位,,False,
228,广西,2024,8,2024-08,生产,花生油/油脂,花生油,黄曲霉毒素B1（AFB1）,True,不合格项目命中AFB1/黄曲霉变体；不合格规范列命中AFB1/黄曲霉变体,29.5µg/kg,29.5,,29.5,μg/kg,False,≤20µg/kg,20.0,μg/kg,≤,False,True,1.475,已解析并统一单位,,已解析并统一单位,,False,
129,广东,2024,8,2024-08,生产,花生油/油脂,花生油,黄曲霉毒素B1（AFB1）,True,不合格项目命中AFB1/黄曲霉变体；不合格规范列命中AFB1/黄曲霉变体,36.4µg/kg,36.4,,36.4,μg/kg,False,≤20,20.0,μg/kg,≤,True,True,1.8199999999999998,已解析并统一单位,,已解析并统一单位,,False,
130,广东,2024,8,2024-08,生产,花生油/油脂,花生油,黄曲霉毒素B1（AFB1）,True,不合格项目命中AFB1/黄曲霉变体；不合格规范列命中AFB1/黄曲霉变体,56.4µg/kg,56.4,,56.4,μg/kg,False,≤20,20.0,μg/kg,≤,True,True,2.82,已解析并统一单位,,已解析并统一单位,,False,
131,广东,2024,8,2024-08,生产,花生油/油脂,花生油,黄曲霉毒素B1（AFB1）,True,不合格项目命中AFB1/黄曲霉变体；不合格规范列命中AFB1/黄曲霉变体,62.7µg/kg,62.7,,62.7,μg/kg,False,≤20,20.0,μg/kg,≤,True,True,3.1350000000000002,已解析并统一单位,,已解析并统一单位,,False,
132,广东,2024,8,2024-08,生产,花生油/油脂,花生油,黄曲霉毒素B1（AFB1）,True,不合格项目命中AFB1/黄曲霉变体；不合格规范列命中AFB1/黄曲霉变体,43.9µg/kg,43.9,,43.9,μg/kg,False,≤20,20.0,μg/kg,≤,True,True,2.195,已解析并统一单位,,已解析并统一单位,,False,
5,广东,2024,8,2024-08,生产,花生油/油脂,花生油,黄曲霉毒素B1（AFB1）,True,检验项目命中AFB1/黄曲霉变体,,,,,,False,,,,,False,False,,无检测数值,空值或占位符,无检测数值,空值或占位符,True,AFB1相关但浓度无法解析；AFB1相关但法规限量无法解析
6,广东,2024,8,2024-08,生产,花生油/油脂,花生油,黄曲霉毒素B1（AFB1）,True,检验项目命中AFB1/黄曲霉变体,,,,,,False,,,,,False,False,,无检测数值,空值或占位符,无检测数值,空值或占位符,True,AFB1相关但浓度无法解析；AFB1相关但法规限量无法解析
7,不详,2024,8,2024-08,餐饮,花生油/油脂,花生油（散装）,黄曲霉毒素B1（AFB1）,True,检验项目命中AFB1/黄曲霉变体,,,,,,False,,,,,False,False,,无检测数值,空值或占位符,无检测数值,空值或占位符,True,AFB1相关但浓度无法解析；AFB1相关但法规限量无法解析
8,不详,2024,8,2024-08,流通,花生油/油脂,花生油,黄曲霉毒素B1（AFB1）,True,检验项目命中AFB1/黄曲霉变体,,,,,,False,,,,,False,False,,无检测数值,空值或占位符,无检测数值,空值或占位符,True,AFB1相关但浓度无法解析；AFB1相关但法规限量无法解析
9,广东,2024,8,2024-08,流通,花生油/油脂,鹰唛花生油,黄曲霉毒素B1（AFB1）,True,检验项目命中AFB1/黄曲霉变体,,,,,,False,,,,,False,False,,无检测数值,空值或占位符,无检测数值,空值或占位符,True,AFB1相关但浓度无法解析；AFB1相关但法规限量无法解析
1,黑龙江,2024,8,2024-08,流通,花生油/油脂,花生油,黄曲霉毒素B1（AFB1）,True,不合格项目命中AFB1/黄曲霉变体；不合格规范列命中AFB1/黄曲霉变体,44.9,44.9,,44.9,μg/kg,True,≤20,20.0,μg/kg,≤,True,True,2.245,已解析并统一单位,,已解析并统一单位,,False,
177,广西,2024,8,2024-08,生产,花生油/油脂,花生油,黄曲霉毒素B1（AFB1）,True,不合格项目命中AFB1/黄曲霉变体；不合格规范列命中AFB1/黄曲霉变体,31.3µg/kg,31.3,,31.3,μg/kg,False,≤20µg/kg,20.0,μg/kg,≤,False,True,1.565,已解析并统一单位,,已解析并统一单位,,False,
178,广西,2024,8,2024-08,生产,花生油/油脂,花生油,黄曲霉毒素B1（AFB1）,True,不合格项目命中AFB1/黄曲霉变体；不合格规范列命中AFB1/黄曲霉变体,47.0µg/kg,47.0,,47.0,μg/kg,False,≤20µg/kg,20.0,μg/kg,≤,False,True,2.35,已解析并统一单位,,已解析并统一单位,,False,
152,广东,2024,9,2024-09,生产,花生油/油脂,花生油,黄曲霉毒素B1（AFB1）,True,不合格项目命中AFB1/黄曲霉变体；不合格规范列命中AFB1/黄曲霉变体,36.7µg/kg,36.7,,36.7,μg/kg,False,≤20µg/kg,20.0,μg/kg,≤,False,True,1.8350000000000002,已解析并统一单位,,已解析并统一单位,,False,
79,广东,2024,9,2024-09,流通,花生油/油脂,花生油,黄曲霉毒素B1（AFB1）,True,检验项目命中AFB1/黄曲霉变体,,,,,,False,,,,,False,False,,无检测数值,空值或占位符,无检测数值,空值或占位符,True,AFB1相关但浓度无法解析；AFB1相关但法规限量无法解析
80,广东,2024,9,2024-09,流通,花生油/油脂,花生油,黄曲霉毒素B1（AFB1）,True,检验项目命中AFB1/黄曲霉变体,,,,,,False,,,,,False,False,,无检测数值,空值或占位符,无检测数值,空值或占位符,True,AFB1相关但浓度无法解析；AFB1相关但法规限量无法解析
81,广东,2024,9,2024-09,流通,花生油/油脂,压榨花生油,黄曲霉毒素B1（AFB1）,True,检验项目命中AFB1/黄曲霉变体,,,,,,False,,,,,False,False,,无检测数值,空值或占位符,无检测数值,空值或占位符,True,AFB1相关但浓度无法解析；AFB1相关但法规限量无法解析
82,广东,2024,9,2024-09,流通,花生油/油脂,压榨花生油,黄曲霉毒素B1（AFB1）,True,检验项目命中AFB1/黄曲霉变体,,,,,,False,,,,,False,False,,无检测数值,空值或占位符,无检测数值,空值或占位符,True,AFB1相关但浓度无法解析；AFB1相关但法规限量无法解析
154,广西,2024,9,2024-09,生产,花生油/油脂,散装花生油,黄曲霉毒素B1（AFB1）,True,不合格项目命中AFB1/黄曲霉变体；不合格规范列命中AFB1/黄曲霉变体,41.7μg/kg,41.7,,41.7,μg/kg,False,20μg/kg,20.0,μg/kg,≤,False,True,2.085,已解析并统一单位,,已解析并统一单位,,False,
155,广西,2024,9,2024-09,生产,花生油/油脂,散装花生油,黄曲霉毒素B1（AFB1）,True,不合格项目命中AFB1/黄曲霉变体；不合格规范列命中AFB1/黄曲霉变体,25.6μg/kg,25.6,,25.6,μg/kg,False,20μg/kg,20.0,μg/kg,≤,False,True,1.28,已解析并统一单位,,已解析并统一单位,,False,
156,广西,2024,9,2024-09,生产,花生油/油脂,散装花生油,黄曲霉毒素B1（AFB1）,True,不合格项目命中AFB1/黄曲霉变体；不合格规范列命中AFB1/黄曲霉变体,68.6μg/kg,68.6,,68.6,μg/kg,False,20μg/kg,20.0,μg/kg,≤,False,True,3.4299999999999997,已解析并统一单位,,已解析并统一单位,,False,
1,广东,2024,9,2024-09,生产,花生油/油脂,花生油,黄曲霉毒素B1（AFB1）,True,检验项目命中AFB1/黄曲霉变体,,,,,,False,,,,,False,False,,无检测数值,空值或占位符,无检测数值,空值或占位符,True,AFB1相关但浓度无法解析；AFB1相关但法规限量无法解析
2,广东,2024,9,2024-09,生产,花生油/油脂,花生油,黄曲霉毒素B1（AFB1）,True,检验项目命中AFB1/黄曲霉变体,,,,,,False,,,,,False,False,,无检测数值,空值或占位符,无检测数值,空值或占位符,True,AFB1相关但浓度无法解析；AFB1相关但法规限量无法解析
3,广东,2024,9,2024-09,生产,花生油/油脂,花生油,黄曲霉毒素B1（AFB1）,True,检验项目命中AFB1/黄曲霉变体,,,,,,False,,,,,False,False,,无检测数值,空值或占位符,无检测数值,空值或占位符,True,AFB1相关但浓度无法解析；AFB1相关但法规限量无法解析
4,广东,2024,9,2024-09,生产,花生油/油脂,花生油,黄曲霉毒素B1（AFB1）,True,检验项目命中AFB1/黄曲霉变体,,,,,,False,,,,,False,False,,无检测数值,空值或占位符,无检测数值,空值或占位符,True,AFB1相关但浓度无法解析；AFB1相关但法规限量无法解析
5,广东,2024,9,2024-09,生产,花生油/油脂,花生油,黄曲霉毒素B1（AFB1）,True,检验项目命中AFB1/黄曲霉变体,,,,,,False,,,,,False,False,,无检测数值,空值或占位符,无检测数值,空值或占位符,True,AFB1相关但浓度无法解析；AFB1相关但法规限量无法解析
6,广东,2024,9,2024-09,生产,花生油/油脂,花生油,黄曲霉毒素B1（AFB1）,True,检验项目命中AFB1/黄曲霉变体,,,,,,False,,,,,False,False,,无检测数值,空值或占位符,无检测数值,空值或占位符,True,AFB1相关但浓度无法解析；AFB1相关但法规限量无法解析
7,广东,2024,9,2024-09,生产,花生油/油脂,花生油,黄曲霉毒素B1（AFB1）,True,检验项目命中AFB1/黄曲霉变体,,,,,,False,,,,,False,False,,无检测数值,空值或占位符,无检测数值,空值或占位符,True,AFB1相关但浓度无法解析；AFB1相关但法规限量无法解析
8,广东,2024,9,2024-09,生产,花生油/油脂,花生油,黄曲霉毒素B1（AFB1）,True,检验项目命中AFB1/黄曲霉变体,,,,,,False,,,,,False,False,,无检测数值,空值或占位符,无检测数值,空值或占位符,True,AFB1相关但浓度无法解析；AFB1相关但法规限量无法解析
9,广东,2024,9,2024-09,生产,花生油/油脂,花生油,黄曲霉毒素B1（AFB1）,True,检验项目命中AFB1/黄曲霉变体,,,,,,False,,,,,False,False,,无检测数值,空值或占位符,无检测数值,空值或占位符,True,AFB1相关但浓度无法解析；AFB1相关但法规限量无法解析
10,广东,2024,9,2024-09,生产,花生油/油脂,花生油,黄曲霉毒素B1（AFB1）,True,检验项目命中AFB1/黄曲霉变体,,,,,,False,,,,,False,False,,无检测数值,空值或占位符,无检测数值,空值或占位符,True,AFB1相关但浓度无法解析；AFB1相关但法规限量无法解析
11,广东,2024,9,2024-09,生产,花生油/油脂,花生油,黄曲霉毒素B1（AFB1）,True,检验项目命中AFB1/黄曲霉变体,,,,,,False,,,,,False,False,,无检测数值,空值或占位符,无检测数值,空值或占位符,True,AFB1相关但浓度无法解析；AFB1相关但法规限量无法解析
155,广西,2024,9,2024-09,生产,花生油/油脂,花生油,黄曲霉毒素B1（AFB1）,True,不合格项目命中AFB1/黄曲霉变体；不合格规范列命中AFB1/黄曲霉变体,30.9μg/kg,30.9,,30.9,μg/kg,False,20μg/kg,20.0,μg/kg,≤,False,True,1.545,已解析并统一单位,,已解析并统一单位,,False,
156,广西,2024,9,2024-09,生产,花生油/油脂,花生油,黄曲霉毒素B1（AFB1）,True,不合格项目命中AFB1/黄曲霉变体；不合格规范列命中AFB1/黄曲霉变体,68.1µg/kg,68.1,,68.1,μg/kg,False,20µg/kg,20.0,μg/kg,≤,False,True,3.405,已解析并统一单位,,已解析并统一单位,,False,
157,广西,2024,9,2024-09,生产,花生油/油脂,花生油,黄曲霉毒素B1（AFB1）,True,不合格项目命中AFB1/黄曲霉变体；不合格规范列命中AFB1/黄曲霉变体,34.1µg/kg,34.1,,34.1,μg/kg,False,20µg/kg,20.0,μg/kg,≤,False,True,1.705,已解析并统一单位,,已解析并统一单位,,False,
4,广东,2024,9,2024-09,流通,花生油/油脂,压榨花生油,黄曲霉毒素B1（AFB1）,True,检验项目命中AFB1/黄曲霉变体,,,,,,False,,,,,False,False,,无检测数值,空值或占位符,无检测数值,空值或占位符,True,AFB1相关但浓度无法解析；AFB1相关但法规限量无法解析
2,广西,2024,9,2024-09,流通,花生油/油脂,桂味莫記土榨花生油,黄曲霉毒素B1（AFB1）,True,检验项目命中AFB1/黄曲霉变体,,,,,,False,,,,,False,False,,无检测数值,空值或占位符,无检测数值,空值或占位符,True,AFB1相关但浓度无法解析；AFB1相关但法规限量无法解析
5,不详,2024,9,2024-09,流通,花生油/油脂,5S压榨一级花生油,黄曲霉毒素B1（AFB1）,True,检验项目命中AFB1/黄曲霉变体,,,,,,False,,,,,False,False,,无检测数值,空值或占位符,无检测数值,空值或占位符,True,AFB1相关但浓度无法解析；AFB1相关但法规限量无法解析
163,广西,2024,9,2024-09,生产,花生油/油脂,花生油,黄曲霉毒素B1（AFB1）,True,不合格项目命中AFB1/黄曲霉变体；不合格规范列命中AFB1/黄曲霉变体,27.9μg/kg,27.9,,27.9,μg/kg,False,≤20μg/kg,20.0,μg/kg,≤,False,True,1.395,已解析并统一单位,,已解析并统一单位,,False,
256,广西,2024,9,2024-09,生产,花生油/油脂,花生油,黄曲霉毒素B1（AFB1）,True,不合格项目命中AFB1/黄曲霉变体；不合格规范列命中AFB1/黄曲霉变体,81.0μg/kg,81.0,,81.0,μg/kg,False,20μg/kg,20.0,μg/kg,≤,False,True,4.05,已解析并统一单位,,已解析并统一单位,,False,
107,广西,2024,9,2024-09,生产,花生油/油脂,散装花生油,黄曲霉毒素B1（AFB1）,True,不合格项目命中AFB1/黄曲霉变体；不合格规范列命中AFB1/黄曲霉变体,36.7μg/kg,36.7,,36.7,μg/kg,False,20μg/kg,20.0,μg/kg,≤,False,True,1.8350000000000002,已解析并统一单位,,已解析并统一单位,,False,
109,广西,2024,9,2024-09,生产,花生油/油脂,花生油,黄曲霉毒素B1（AFB1）,True,不合格项目命中AFB1/黄曲霉变体；不合格规范列命中AFB1/黄曲霉变体,35.5μg/kg,35.5,,35.5,μg/kg,False,20μg/kg,20.0,μg/kg,≤,False,True,1.775,已解析并统一单位,,已解析并统一单位,,False,
436,广西,2024,9,2024-09,生产,花生油/油脂,散装花生油,黄曲霉毒素B1（AFB1）,True,不合格项目命中AFB1/黄曲霉变体；不合格规范列命中AFB1/黄曲霉变体,35.0μg/kg,35.0,,35.0,μg/kg,False,20μg/kg,20.0,μg/kg,≤,False,True,1.75,已解析并统一单位,,已解析并统一单位,,False,
437,广西,2024,9,2024-09,生产,花生油/油脂,花生油,黄曲霉毒素B1（AFB1）,True,不合格项目命中AFB1/黄曲霉变体；不合格规范列命中AFB1/黄曲霉变体,53.9μg/kg,53.9,,53.9,μg/kg,False,20μg/kg,20.0,μg/kg,≤,False,True,2.695,已解析并统一单位,,已解析并统一单位,,False,
440,广西,2024,9,2024-09,生产,花生油/油脂,花生油,黄曲霉毒素B1（AFB1）,True,不合格项目命中AFB1/黄曲霉变体；不合格规范列命中AFB1/黄曲霉变体,32.8μg/kg,32.8,,32.8,μg/kg,False,20μg/kg,20.0,μg/kg,≤,False,True,1.64,已解析并统一单位,,已解析并统一单位,,False,
443,广西,2024,9,2024-09,生产,花生油/油脂,花生油,黄曲霉毒素B1（AFB1）,True,不合格项目命中AFB1/黄曲霉变体；不合格规范列命中AFB1/黄曲霉变体,49.4µg/kg,49.4,,49.4,μg/kg,False,20µg/kg,20.0,μg/kg,≤,False,True,2.4699999999999998,已解析并统一单位,,已解析并统一单位,,False,
444,广西,2024,9,2024-09,生产,花生油/油脂,散装花生油,黄曲霉毒素B1（AFB1）,True,不合格项目命中AFB1/黄曲霉变体；不合格规范列命中AFB1/黄曲霉变体,37.2µg/kg,37.2,,37.2,μg/kg,False,20µg/kg,20.0,μg/kg,≤,False,True,1.86,已解析并统一单位,,已解析并统一单位,,False,
446,广西,2024,9,2024-09,生产,花生油/油脂,花生油,黄曲霉毒素B1（AFB1）,True,不合格项目命中AFB1/黄曲霉变体；不合格规范列命中AFB1/黄曲霉变体,34.2µg/kg,34.2,,34.2,μg/kg,False,20µg/kg,20.0,μg/kg,≤,False,True,1.7100000000000002,已解析并统一单位,,已解析并统一单位,,False,
447,广西,2024,9,2024-09,生产,花生油/油脂,纯花生油,黄曲霉毒素B1（AFB1）,True,不合格项目命中AFB1/黄曲霉变体；不合格规范列命中AFB1/黄曲霉变体,96.0µg/kg,96.0,,96.0,μg/kg,False,20µg/kg,20.0,μg/kg,≤,False,True,4.8,已解析并统一单位,,已解析并统一单位,,False,
448,广西,2024,9,2024-09,生产,花生油/油脂,花生油,黄曲霉毒素B1（AFB1）,True,不合格项目命中AFB1/黄曲霉变体；不合格规范列命中AFB1/黄曲霉变体,41.0µg/kg,41.0,,41.0,μg/kg,False,20µg/kg,20.0,μg/kg,≤,False,True,2.05,已解析并统一单位,,已解析并统一单位,,False,
152,广西,2024,9,2024-09,生产,花生油/油脂,花生油,黄曲霉毒素B1（AFB1）,True,不合格项目命中AFB1/黄曲霉变体；不合格规范列命中AFB1/黄曲霉变体,64.7µg/kg,64.7,,64.7,μg/kg,False,≤20µg/kg,20.0,μg/kg,≤,False,True,3.2350000000000003,已解析并统一单位,,已解析并统一单位,,False,
153,广西,2024,9,2024-09,生产,花生油/油脂,花生油,黄曲霉毒素B1（AFB1）,True,不合格项目命中AFB1/黄曲霉变体；不合格规范列命中AFB1/黄曲霉变体,31.8µg/kg,31.8,,31.8,μg/kg,False,≤20µg/kg,20.0,μg/kg,≤,False,True,1.59,已解析并统一单位,,已解析并统一单位,,False,
320,广西,2024,9,2024-09,流通,花生油/油脂,花生油,黄曲霉毒素B1（AFB1）,True,不合格项目命中AFB1/黄曲霉变体；不合格规范列命中AFB1/黄曲霉变体,38.8µg/kg,38.8,,38.8,μg/kg,False,20µg/kg,20.0,μg/kg,≤,False,True,1.94,已解析并统一单位,,已解析并统一单位,,False,
322,广西,2024,9,2024-09,生产,花生油/油脂,花生油,黄曲霉毒素B1（AFB1）,True,不合格项目命中AFB1/黄曲霉变体；不合格规范列命中AFB1/黄曲霉变体,56.7µg/kg,56.7,,56.7,μg/kg,False,20µg/kg,20.0,μg/kg,≤,False,True,2.835,已解析并统一单位,,已解析并统一单位,,False,
6,山东,2024,9,2024-09,流通,花生油/油脂,胡姬花古法小榨花生油,黄曲霉毒素B1（AFB1）,True,检验项目命中AFB1/黄曲霉变体,,,,,,False,,,,,False,False,,无检测数值,空值或占位符,无检测数值,空值或占位符,True,AFB1相关但浓度无法解析；AFB1相关但法规限量无法解析
7,河南,2024,9,2024-09,流通,花生油/油脂,压榨一级花生油,黄曲霉毒素B1（AFB1）,True,检验项目命中AFB1/黄曲霉变体,,,,,,False,,,,,False,False,,无检测数值,空值或占位符,无检测数值,空值或占位符,True,AFB1相关但浓度无法解析；AFB1相关但法规限量无法解析
9,福建,2024,9,2024-09,流通,花生油/油脂,5S压榨一级花生油,黄曲霉毒素B1（AFB1）,True,检验项目命中AFB1/黄曲霉变体,,,,,,False,,,,,False,False,,无检测数值,空值或占位符,无检测数值,空值或占位符,True,AFB1相关但浓度无法解析；AFB1相关但法规限量无法解析
10,山东,2024,9,2024-09,流通,花生油/油脂,花生仁油,黄曲霉毒素B1（AFB1）,True,检验项目命中AFB1/黄曲霉变体,,,,,,False,,,,,False,False,,无检测数值,空值或占位符,无检测数值,空值或占位符,True,AFB1相关但浓度无法解析；AFB1相关但法规限量无法解析
17,山东,2024,9,2024-09,流通,花生油/油脂,胡姬花古法小榨花生油,黄曲霉毒素B1（AFB1）,True,检验项目命中AFB1/黄曲霉变体,,,,,,False,,,,,False,False,,无检测数值,空值或占位符,无检测数值,空值或占位符,True,AFB1相关但浓度无法解析；AFB1相关但法规限量无法解析
18,河南,2024,9,2024-09,流通,花生油/油脂,压榨一级花生油,黄曲霉毒素B1（AFB1）,True,检验项目命中AFB1/黄曲霉变体,,,,,,False,,,,,False,False,,无检测数值,空值或占位符,无检测数值,空值或占位符,True,AFB1相关但浓度无法解析；AFB1相关但法规限量无法解析
20,福建,2024,9,2024-09,流通,花生油/油脂,5S压榨一级花生油,黄曲霉毒素B1（AFB1）,True,检验项目命中AFB1/黄曲霉变体,,,,,,False,,,,,False,False,,无检测数值,空值或占位符,无检测数值,空值或占位符,True,AFB1相关但浓度无法解析；AFB1相关但法规限量无法解析
21,山东,2024,9,2024-09,流通,花生油/油脂,花生仁油,黄曲霉毒素B1（AFB1）,True,检验项目命中AFB1/黄曲霉变体,,,,,,False,,,,,False,False,,无检测数值,空值或占位符,无检测数值,空值或占位符,True,AFB1相关但浓度无法解析；AFB1相关但法规限量无法解析
93,广东,2024,9,2024-09,生产,花生油/油脂,花生油,黄曲霉毒素B1（AFB1）,True,检验项目命中AFB1/黄曲霉变体,,,,,,False,,,,,False,False,,无检测数值,空值或占位符,无检测数值,空值或占位符,True,AFB1相关但浓度无法解析；AFB1相关但法规限量无法解析
94,广东,2024,9,2024-09,生产,花生油/油脂,花生油,黄曲霉毒素B1（AFB1）,True,检验项目命中AFB1/黄曲霉变体,,,,,,False,,,,,False,False,,无检测数值,空值或占位符,无检测数值,空值或占位符,True,AFB1相关但浓度无法解析；AFB1相关但法规限量无法解析
95,广东,2024,9,2024-09,生产,花生油/油脂,花生油,黄曲霉毒素B1（AFB1）,True,检验项目命中AFB1/黄曲霉变体,,,,,,False,,,,,False,False,,无检测数值,空值或占位符,无检测数值,空值或占位符,True,AFB1相关但浓度无法解析；AFB1相关但法规限量无法解析
96,广东,2024,9,2024-09,生产,花生油/油脂,花生油,黄曲霉毒素B1（AFB1）,True,检验项目命中AFB1/黄曲霉变体,,,,,,False,,,,,False,False,,无检测数值,空值或占位符,无检测数值,空值或占位符,True,AFB1相关但浓度无法解析；AFB1相关但法规限量无法解析
97,广东,2024,9,2024-09,生产,花生油/油脂,花生油,黄曲霉毒素B1（AFB1）,True,检验项目命中AFB1/黄曲霉变体,,,,,,False,,,,,False,False,,无检测数值,空值或占位符,无检测数值,空值或占位符,True,AFB1相关但浓度无法解析；AFB1相关但法规限量无法解析
98,广东,2024,9,2024-09,生产,花生油/油脂,花生油,黄曲霉毒素B1（AFB1）,True,检验项目命中AFB1/黄曲霉变体,,,,,,False,,,,,False,False,,无检测数值,空值或占位符,无检测数值,空值或占位符,True,AFB1相关但浓度无法解析；AFB1相关但法规限量无法解析
99,广东,2024,9,2024-09,生产,花生油/油脂,花生油,黄曲霉毒素B1（AFB1）,True,检验项目命中AFB1/黄曲霉变体,,,,,,False,,,,,False,False,,无检测数值,空值或占位符,无检测数值,空值或占位符,True,AFB1相关但浓度无法解析；AFB1相关但法规限量无法解析
100,广东,2024,9,2024-09,生产,花生油/油脂,花生油,黄曲霉毒素B1（AFB1）,True,检验项目命中AFB1/黄曲霉变体,,,,,,False,,,,,False,False,,无检测数值,空值或占位符,无检测数值,空值或占位符,True,AFB1相关但浓度无法解析；AFB1相关但法规限量无法解析
148,广西,2024,10,2024-10,生产,花生油/油脂,花生油,黄曲霉毒素B1（AFB1）,True,不合格项目命中AFB1/黄曲霉变体；不合格规范列命中AFB1/黄曲霉变体,64.7μg/kg,64.7,,64.7,μg/kg,False,≤20μg/kg,20.0,μg/kg,≤,False,True,3.2350000000000003,已解析并统一单位,,已解析并统一单位,,False,
149,广西,2024,10,2024-10,生产,花生油/油脂,花生油,黄曲霉毒素B1（AFB1）,True,不合格项目命中AFB1/黄曲霉变体；不合格规范列命中AFB1/黄曲霉变体,31.8µg/kg,31.8,,31.8,μg/kg,False,≤20µg/kg,20.0,μg/kg,≤,False,True,1.59,已解析并统一单位,,已解析并统一单位,,False,
218,广西,2024,10,2024-10,生产,花生油/油脂,花生油,黄曲霉毒素B1（AFB1）,True,不合格项目命中AFB1/黄曲霉变体；不合格规范列命中AFB1/黄曲霉变体,3.5mg/g|246μg/kg,3.5,,3.5,mg/g,False,3mg/g|20μg/kg,3.0,mg/g,≤,False,True,1.1666666666666667,已解析,,已解析,,True,AFB1浓度单位未统一为μg/kg
28,山东,2024,10,2024-10,生产,花生油/油脂,花生油,黄曲霉毒素B1（AFB1）,True,不合格项目命中AFB1/黄曲霉变体；不合格规范列命中AFB1/黄曲霉变体,48.0μg/kg,48.0,,48.0,μg/kg,False,≤20μg/kg,20.0,μg/kg,≤,False,True,2.4,已解析并统一单位,,已解析并统一单位,,False,
59,广西,2024,10,2024-10,生产,花生油/油脂,散装花生油,黄曲霉毒素B1（AFB1）,True,不合格项目命中AFB1/黄曲霉变体；不合格规范列命中AFB1/黄曲霉变体,36.7μg/kg,36.7,,36.7,μg/kg,False,20μg/kg,20.0,μg/kg,≤,False,True,1.8350000000000002,已解析并统一单位,,已解析并统一单位,,False,
26,广西,2024,10,2024-10,生产,花生油/油脂,散装花生油,黄曲霉毒素B1（AFB1）,True,不合格项目命中AFB1/黄曲霉变体；不合格规范列命中AFB1/黄曲霉变体,35.0μg/kg,35.0,,35.0,μg/kg,False,20μg/kg,20.0,μg/kg,≤,False,True,1.75,已解析并统一单位,,已解析并统一单位,,False,
16,广西,2024,10,2024-10,生产,花生油/油脂,花生油,黄曲霉毒素B1（AFB1）,True,不合格项目命中AFB1/黄曲霉变体；不合格规范列命中AFB1/黄曲霉变体,24.6μg/kg,24.6,,24.6,μg/kg,False,20μg/kg,20.0,μg/kg,≤,False,True,1.23,已解析并统一单位,,已解析并统一单位,,False,
24,广西,2024,10,2024-10,流通,花生油/油脂,花生油,黄曲霉毒素B1（AFB1）,True,不合格项目命中AFB1/黄曲霉变体；不合格规范列命中AFB1/黄曲霉变体,50.2μg/kg,50.2,,50.2,μg/kg,False,20μg/kg,20.0,μg/kg,≤,False,True,2.5100000000000002,已解析并统一单位,,已解析并统一单位,,False,
25,广东,2024,10,2024-10,流通,花生油/油脂,鹰唛花生油,黄曲霉毒素B1（AFB1）,True,检验项目命中AFB1/黄曲霉变体,,,,,,False,,,,,False,False,,无检测数值,空值或占位符,无检测数值,空值或占位符,True,AFB1相关但浓度无法解析；AFB1相关但法规限量无法解析
26,广东,2024,10,2024-10,流通,花生油/油脂,鲁花5S压榨一级花生油,黄曲霉毒素B1（AFB1）,True,检验项目命中AFB1/黄曲霉变体,,,,,,False,,,,,False,False,,无检测数值,空值或占位符,无检测数值,空值或占位符,True,AFB1相关但浓度无法解析；AFB1相关但法规限量无法解析
27,广东,2024,10,2024-10,流通,花生油/油脂,胡姬花古法花生油,黄曲霉毒素B1（AFB1）,True,检验项目命中AFB1/黄曲霉变体,,,,,,False,,,,,False,False,,无检测数值,空值或占位符,无检测数值,空值或占位符,True,AFB1相关但浓度无法解析；AFB1相关但法规限量无法解析
28,广东,2024,10,2024-10,流通,花生油/油脂,金龙鱼纯正花生油,黄曲霉毒素B1（AFB1）,True,检验项目命中AFB1/黄曲霉变体,,,,,,False,,,,,False,False,,无检测数值,空值或占位符,无检测数值,空值或占位符,True,AFB1相关但浓度无法解析；AFB1相关但法规限量无法解析
29,广东,2024,10,2024-10,餐饮,花生油/油脂,5S压榨一级花生油,黄曲霉毒素B1（AFB1）,True,检验项目命中AFB1/黄曲霉变体,,,,,,False,,,,,False,False,,无检测数值,空值或占位符,无检测数值,空值或占位符,True,AFB1相关但浓度无法解析；AFB1相关但法规限量无法解析
30,广东,2024,10,2024-10,餐饮,花生油/油脂,花生油,黄曲霉毒素B1（AFB1）,True,检验项目命中AFB1/黄曲霉变体,,,,,,False,,,,,False,False,,无检测数值,空值或占位符,无检测数值,空值或占位符,True,AFB1相关但浓度无法解析；AFB1相关但法规限量无法解析
19,广西,2024,10,2024-10,生产,花生油/油脂,花生油,黄曲霉毒素B1（AFB1）,True,不合格项目命中AFB1/黄曲霉变体；不合格规范列命中AFB1/黄曲霉变体,32.8μg/kg,32.8,,32.8,μg/kg,False,20μg/kg,20.0,μg/kg,≤,False,True,1.64,已解析并统一单位,,已解析并统一单位,,False,
21,广西,2024,10,2024-10,生产,花生油/油脂,花生油,黄曲霉毒素B1（AFB1）,True,不合格项目命中AFB1/黄曲霉变体；不合格规范列命中AFB1/黄曲霉变体,25.2μg/kg,25.2,,25.2,μg/kg,False,20μg/kg,20.0,μg/kg,≤,False,True,1.26,已解析并统一单位,,已解析并统一单位,,False,
175,广西,2024,10,2024-10,生产,花生油/油脂,花生油,黄曲霉毒素B1（AFB1）,True,不合格项目命中AFB1/黄曲霉变体；不合格规范列命中AFB1/黄曲霉变体,22.9µg/kg,22.9,,22.9,μg/kg,False,≤20µg/kg,20.0,μg/kg,≤,False,True,1.145,已解析并统一单位,,已解析并统一单位,,False,
176,广西,2024,10,2024-10,生产,花生油/油脂,花生油,黄曲霉毒素B1（AFB1）,True,不合格项目命中AFB1/黄曲霉变体；不合格规范列命中AFB1/黄曲霉变体,23.7µg/kg,23.7,,23.7,μg/kg,False,≤20µg/kg,20.0,μg/kg,≤,False,True,1.185,已解析并统一单位,,已解析并统一单位,,False,
177,广西,2024,10,2024-10,生产,花生油/油脂,花生油,黄曲霉毒素B1（AFB1）,True,不合格项目命中AFB1/黄曲霉变体；不合格规范列命中AFB1/黄曲霉变体,44.8μg/kg,44.8,,44.8,μg/kg,False,≤20μg/kg,20.0,μg/kg,≤,False,True,2.2399999999999998,已解析并统一单位,,已解析并统一单位,,False,
182,广东,2024,10,2024-10,流通,花生油/油脂,金龙鱼纯正花生油,黄曲霉毒素B1（AFB1）,True,检验项目命中AFB1/黄曲霉变体,,,,,,False,,,,,False,False,,无检测数值,空值或占位符,无检测数值,空值或占位符,True,AFB1相关但浓度无法解析；AFB1相关但法规限量无法解析
183,广东,2024,10,2024-10,流通,花生油/油脂,鲁花5S压榨一级花生油,黄曲霉毒素B1（AFB1）,True,检验项目命中AFB1/黄曲霉变体,,,,,,False,,,,,False,False,,无检测数值,空值或占位符,无检测数值,空值或占位符,True,AFB1相关但浓度无法解析；AFB1相关但法规限量无法解析
184,广东,2024,10,2024-10,流通,花生油/油脂,鹰唛花生油,黄曲霉毒素B1（AFB1）,True,检验项目命中AFB1/黄曲霉变体,,,,,,False,,,,,False,False,,无检测数值,空值或占位符,无检测数值,空值或占位符,True,AFB1相关但浓度无法解析；AFB1相关但法规限量无法解析
185,广东,2024,10,2024-10,流通,花生油/油脂,胡姬花古法花生油,黄曲霉毒素B1（AFB1）,True,检验项目命中AFB1/黄曲霉变体,,,,,,False,,,,,False,False,,无检测数值,空值或占位符,无检测数值,空值或占位符,True,AFB1相关但浓度无法解析；AFB1相关但法规限量无法解析
220,广东,2024,10,2024-10,流通,花生油/油脂,金龙鱼纯正花生油,黄曲霉毒素B1（AFB1）,True,检验项目命中AFB1/黄曲霉变体,,,,,,False,,,,,False,False,,无检测数值,空值或占位符,无检测数值,空值或占位符,True,AFB1相关但浓度无法解析；AFB1相关但法规限量无法解析
221,广东,2024,10,2024-10,流通,花生油/油脂,鲁花5S压榨一级花生油,黄曲霉毒素B1（AFB1）,True,检验项目命中AFB1/黄曲霉变体,,,,,,False,,,,,False,False,,无检测数值,空值或占位符,无检测数值,空值或占位符,True,AFB1相关但浓度无法解析；AFB1相关但法规限量无法解析
222,广东,2024,10,2024-10,流通,花生油/油脂,鹰唛花生油,黄曲霉毒素B1（AFB1）,True,检验项目命中AFB1/黄曲霉变体,,,,,,False,,,,,False,False,,无检测数值,空值或占位符,无检测数值,空值或占位符,True,AFB1相关但浓度无法解析；AFB1相关但法规限量无法解析
223,广东,2024,10,2024-10,流通,花生油/油脂,胡姬花古法花生油,黄曲霉毒素B1（AFB1）,True,检验项目命中AFB1/黄曲霉变体,,,,,,False,,,,,False,False,,无检测数值,空值或占位符,无检测数值,空值或占位符,True,AFB1相关但浓度无法解析；AFB1相关但法规限量无法解析
226,广西,2024,10,2024-10,生产,花生油/油脂,花生油,黄曲霉毒素B1（AFB1）,True,不合格项目命中AFB1/黄曲霉变体；不合格规范列命中AFB1/黄曲霉变体,36.2μg/kg,36.2,,36.2,μg/kg,False,20μg/kg,20.0,μg/kg,≤,False,True,1.81,已解析并统一单位,,已解析并统一单位,,False,
40,广西,2024,10,2024-10,生产,花生油/油脂,花生油,黄曲霉毒素B1（AFB1）,True,不合格项目命中AFB1/黄曲霉变体；不合格规范列命中AFB1/黄曲霉变体,36.6μg/kg,36.6,,36.6,μg/kg,False,20μg/kg,20.0,μg/kg,≤,False,True,1.83,已解析并统一单位,,已解析并统一单位,,False,
47,广东,2024,10,2024-10,餐饮,花生油/油脂,花生油,黄曲霉毒素B1（AFB1）,True,不合格项目命中AFB1/黄曲霉变体；不合格规范列命中AFB1/黄曲霉变体,30.5µg/kg,30.5,,30.5,μg/kg,False,≤20µg/kg,20.0,μg/kg,≤,False,True,1.525,已解析并统一单位,,已解析并统一单位,,False,
60,广东,2024,10,2024-10,生产,花生油/油脂,花生油,黄曲霉毒素B1（AFB1）,True,不合格项目命中AFB1/黄曲霉变体；不合格规范列命中AFB1/黄曲霉变体,109μg/kg,109.0,,109.0,μg/kg,False,≤20μg/kg,20.0,μg/kg,≤,False,True,5.45,已解析并统一单位,,已解析并统一单位,,False,
309,广西,2024,10,2024-10,生产,花生油/油脂,花生油,黄曲霉毒素B1（AFB1）,True,不合格项目命中AFB1/黄曲霉变体；不合格规范列命中AFB1/黄曲霉变体,25.5µg/kg,25.5,,25.5,μg/kg,False,≤20µg/kg,20.0,μg/kg,≤,False,True,1.275,已解析并统一单位,,已解析并统一单位,,False,
312,湖南,2024,10,2024-10,生产,花生油/油脂,花生油,黄曲霉毒素B1（AFB1）,True,不合格项目命中AFB1/黄曲霉变体；不合格规范列命中AFB1/黄曲霉变体,60.8µg/kg,60.8,,60.8,μg/kg,False,≤20µg/kg,20.0,μg/kg,≤,False,True,3.04,已解析并统一单位,,已解析并统一单位,,False,
313,广西,2024,10,2024-10,生产,花生油/油脂,花生油,黄曲霉毒素B1（AFB1）,True,不合格项目命中AFB1/黄曲霉变体；不合格规范列命中AFB1/黄曲霉变体,31.9µg/kg,31.9,,31.9,μg/kg,False,≤20µg/kg,20.0,μg/kg,≤,False,True,1.595,已解析并统一单位,,已解析并统一单位,,False,
315,湖南,2024,10,2024-10,生产,花生油/油脂,花生油,黄曲霉毒素B1（AFB1）,True,不合格项目命中AFB1/黄曲霉变体；不合格规范列命中AFB1/黄曲霉变体,46.0µg/kg,46.0,,46.0,μg/kg,False,≤20µg/kg,20.0,μg/kg,≤,False,True,2.3,已解析并统一单位,,已解析并统一单位,,False,
317,广西,2024,10,2024-10,生产,花生油/油脂,花生油,黄曲霉毒素B1（AFB1）,True,不合格项目命中AFB1/黄曲霉变体；不合格规范列命中AFB1/黄曲霉变体,48.2µg/kg,48.2,,48.2,μg/kg,False,≤20µg/kg,20.0,μg/kg,≤,False,True,2.41,已解析并统一单位,,已解析并统一单位,,False,
318,广西,2024,10,2024-10,生产,花生油/油脂,花生油,黄曲霉毒素B1（AFB1）,True,不合格项目命中AFB1/黄曲霉变体；不合格规范列命中AFB1/黄曲霉变体,26.1µg/kg,26.1,,26.1,μg/kg,False,≤20µg/kg,20.0,μg/kg,≤,False,True,1.3050000000000002,已解析并统一单位,,已解析并统一单位,,False,
322,广西,2024,10,2024-10,生产,花生油/油脂,花生油,黄曲霉毒素B1（AFB1）,True,不合格项目命中AFB1/黄曲霉变体；不合格规范列命中AFB1/黄曲霉变体,26.1µg/kg,26.1,,26.1,μg/kg,False,≤20µg/kg,20.0,μg/kg,≤,False,True,1.3050000000000002,已解析并统一单位,,已解析并统一单位,,False,
327,广西,2024,10,2024-10,生产,花生油/油脂,花生油,黄曲霉毒素B1（AFB1）,True,不合格项目命中AFB1/黄曲霉变体；不合格规范列命中AFB1/黄曲霉变体,27.4µg/kg,27.4,,27.4,μg/kg,False,≤20µg/kg,20.0,μg/kg,≤,False,True,1.3699999999999999,已解析并统一单位,,已解析并统一单位,,False,
143,广西,2024,10,2024-10,生产,花生油/油脂,花生油,黄曲霉毒素B1（AFB1）,True,不合格项目命中AFB1/黄曲霉变体；不合格规范列命中AFB1/黄曲霉变体,74.8µg/kg,74.8,,74.8,μg/kg,False,≤20g/kg,20.0,μg/kg,≤,True,True,3.7399999999999998,已解析并统一单位,,已解析并统一单位,,False,
144,广西,2024,10,2024-10,生产,花生油/油脂,花生油,黄曲霉毒素B1（AFB1）,True,不合格项目命中AFB1/黄曲霉变体；不合格规范列命中AFB1/黄曲霉变体,30.6µg/kg,30.6,,30.6,μg/kg,False,≤20µg/kg,20.0,μg/kg,≤,False,True,1.53,已解析并统一单位,,已解析并统一单位,,False,
145,广西,2024,10,2024-10,生产,花生油/油脂,花生油,黄曲霉毒素B1（AFB1）,True,不合格项目命中AFB1/黄曲霉变体；不合格规范列命中AFB1/黄曲霉变体,23.2µg/kg,23.2,,23.2,μg/kg,False,≤20µg/kg,20.0,μg/kg,≤,False,True,1.16,已解析并统一单位,,已解析并统一单位,,False,
5,广东,2024,11,2024-11,生产,花生油/油脂,花生油,黄曲霉毒素B1（AFB1）,True,检验项目命中AFB1/黄曲霉变体,,,,,,False,,,,,False,False,,无检测数值,空值或占位符,无检测数值,空值或占位符,True,AFB1相关但浓度无法解析；AFB1相关但法规限量无法解析
6,广东,2024,11,2024-11,生产,花生油/油脂,花生油,黄曲霉毒素B1（AFB1）,True,检验项目命中AFB1/黄曲霉变体,,,,,,False,,,,,False,False,,无检测数值,空值或占位符,无检测数值,空值或占位符,True,AFB1相关但浓度无法解析；AFB1相关但法规限量无法解析
7,广东,2024,11,2024-11,生产,花生油/油脂,花生油,黄曲霉毒素B1（AFB1）,True,检验项目命中AFB1/黄曲霉变体,,,,,,False,,,,,False,False,,无检测数值,空值或占位符,无检测数值,空值或占位符,True,AFB1相关但浓度无法解析；AFB1相关但法规限量无法解析
8,广东,2024,11,2024-11,生产,花生油/油脂,花生油,黄曲霉毒素B1（AFB1）,True,检验项目命中AFB1/黄曲霉变体,,,,,,False,,,,,False,False,,无检测数值,空值或占位符,无检测数值,空值或占位符,True,AFB1相关但浓度无法解析；AFB1相关但法规限量无法解析
9,广东,2024,11,2024-11,生产,花生油/油脂,花生油,黄曲霉毒素B1（AFB1）,True,检验项目命中AFB1/黄曲霉变体,,,,,,False,,,,,False,False,,无检测数值,空值或占位符,无检测数值,空值或占位符,True,AFB1相关但浓度无法解析；AFB1相关但法规限量无法解析
10,广东,2024,11,2024-11,生产,花生油/油脂,花生油,黄曲霉毒素B1（AFB1）,True,检验项目命中AFB1/黄曲霉变体,,,,,,False,,,,,False,False,,无检测数值,空值或占位符,无检测数值,空值或占位符,True,AFB1相关但浓度无法解析；AFB1相关但法规限量无法解析
11,广东,2024,11,2024-11,生产,花生油/油脂,花生油,黄曲霉毒素B1（AFB1）,True,检验项目命中AFB1/黄曲霉变体,,,,,,False,,,,,False,False,,无检测数值,空值或占位符,无检测数值,空值或占位符,True,AFB1相关但浓度无法解析；AFB1相关但法规限量无法解析
12,广东,2024,11,2024-11,生产,花生油/油脂,花生油,黄曲霉毒素B1（AFB1）,True,检验项目命中AFB1/黄曲霉变体,,,,,,False,,,,,False,False,,无检测数值,空值或占位符,无检测数值,空值或占位符,True,AFB1相关但浓度无法解析；AFB1相关但法规限量无法解析
13,广东,2024,11,2024-11,生产,花生油/油脂,花生油,黄曲霉毒素B1（AFB1）,True,检验项目命中AFB1/黄曲霉变体,,,,,,False,,,,,False,False,,无检测数值,空值或占位符,无检测数值,空值或占位符,True,AFB1相关但浓度无法解析；AFB1相关但法规限量无法解析
14,广东,2024,11,2024-11,生产,花生油/油脂,花生油,黄曲霉毒素B1（AFB1）,True,检验项目命中AFB1/黄曲霉变体,,,,,,False,,,,,False,False,,无检测数值,空值或占位符,无检测数值,空值或占位符,True,AFB1相关但浓度无法解析；AFB1相关但法规限量无法解析
15,广东,2024,11,2024-11,生产,花生油/油脂,花生油,黄曲霉毒素B1（AFB1）,True,检验项目命中AFB1/黄曲霉变体,,,,,,False,,,,,False,False,,无检测数值,空值或占位符,无检测数值,空值或占位符,True,AFB1相关但浓度无法解析；AFB1相关但法规限量无法解析
16,广东,2024,11,2024-11,生产,花生油/油脂,花生油,黄曲霉毒素B1（AFB1）,True,检验项目命中AFB1/黄曲霉变体,,,,,,False,,,,,False,False,,无检测数值,空值或占位符,无检测数值,空值或占位符,True,AFB1相关但浓度无法解析；AFB1相关但法规限量无法解析
34,广东,2024,11,2024-11,生产,花生油/油脂,花生油,黄曲霉毒素B1（AFB1）,True,不合格项目命中AFB1/黄曲霉变体；不合格规范列命中AFB1/黄曲霉变体；检验项目命中AFB1/黄曲霉变体,,,,,,False,,,,,False,True,,无检测数值,空值或占位符,无检测数值,空值或占位符,True,AFB1相关但浓度无法解析；AFB1相关但法规限量无法解析
18,江苏,2024,11,2024-11,生产,花生油/油脂,花生油,黄曲霉毒素B1（AFB1）,True,检验项目命中AFB1/黄曲霉变体,,,,,,False,,,,,False,False,,无检测数值,空值或占位符,无检测数值,空值或占位符,True,AFB1相关但浓度无法解析；AFB1相关但法规限量无法解析
19,山东,2024,11,2024-11,流通,花生油/油脂,胡姬花古法花生油,黄曲霉毒素B1（AFB1）,True,检验项目命中AFB1/黄曲霉变体,,,,,,False,,,,,False,False,,无检测数值,空值或占位符,无检测数值,空值或占位符,True,AFB1相关但浓度无法解析；AFB1相关但法规限量无法解析
19,山东,2024,11,2024-11,生产,花生油/油脂,花生油,黄曲霉毒素B1（AFB1）,True,不合格项目命中AFB1/黄曲霉变体；不合格规范列命中AFB1/黄曲霉变体,39.2µg/kg,39.2,,39.2,μg/kg,False,≤20µg/kg,20.0,μg/kg,≤,False,True,1.9600000000000002,已解析并统一单位,,已解析并统一单位,,False,
74,广西,2024,11,2024-11,生产,花生油/油脂,花生油,黄曲霉毒素B1（AFB1）,True,不合格项目命中AFB1/黄曲霉变体；不合格规范列命中AFB1/黄曲霉变体,37.2µg/kg,37.2,,37.2,μg/kg,False,≤20µg/kg,20.0,μg/kg,≤,False,True,1.86,已解析并统一单位,,已解析并统一单位,,False,
75,广西,2024,11,2024-11,生产,花生油/油脂,花生油,黄曲霉毒素B1（AFB1）,True,不合格项目命中AFB1/黄曲霉变体；不合格规范列命中AFB1/黄曲霉变体,30.3µg/kg,30.3,,30.3,μg/kg,False,≤20µg/kg,20.0,μg/kg,≤,False,True,1.5150000000000001,已解析并统一单位,,已解析并统一单位,,False,
37,山东,2024,11,2024-11,生产,花生油/油脂,花生油,黄曲霉毒素B1（AFB1）,True,不合格项目命中AFB1/黄曲霉变体；不合格规范列命中AFB1/黄曲霉变体,26.2µg/kg,26.2,,26.2,μg/kg,False,≤20µg/kg,20.0,μg/kg,≤,False,True,1.31,已解析并统一单位,,已解析并统一单位,,False,
2,广西,2024,11,2024-11,生产,花生油/油脂,花生油,黄曲霉毒素B1（AFB1）,True,不合格项目命中AFB1/黄曲霉变体；不合格规范列命中AFB1/黄曲霉变体,55.9μg/kg,55.9,,55.9,μg/kg,False,20μg/kg,20.0,μg/kg,≤,False,True,2.795,已解析并统一单位,,已解析并统一单位,,False,
3,广西,2024,11,2024-11,生产,花生油/油脂,花生油,黄曲霉毒素B1（AFB1）,True,不合格项目命中AFB1/黄曲霉变体；不合格规范列命中AFB1/黄曲霉变体,81.0μg/kg,81.0,,81.0,μg/kg,False,20μg/kg,20.0,μg/kg,≤,False,True,4.05,已解析并统一单位,,已解析并统一单位,,False,
4,广西,2024,11,2024-11,生产,花生油/油脂,花生油,黄曲霉毒素B1（AFB1）,True,不合格项目命中AFB1/黄曲霉变体；不合格规范列命中AFB1/黄曲霉变体,53.9μg/kg,53.9,,53.9,μg/kg,False,20μg/kg,20.0,μg/kg,≤,False,True,2.695,已解析并统一单位,,已解析并统一单位,,False,
21,广东,2024,11,2024-11,生产,花生油/油脂,花生油,黄曲霉毒素B1（AFB1）,True,检验项目命中AFB1/黄曲霉变体,,,,,,False,,,,,False,False,,无检测数值,空值或占位符,无检测数值,空值或占位符,True,AFB1相关但浓度无法解析；AFB1相关但法规限量无法解析
22,广东,2024,11,2024-11,生产,花生油/油脂,花生油,黄曲霉毒素B1（AFB1）,True,检验项目命中AFB1/黄曲霉变体,,,,,,False,,,,,False,False,,无检测数值,空值或占位符,无检测数值,空值或占位符,True,AFB1相关但浓度无法解析；AFB1相关但法规限量无法解析
23,广东,2024,11,2024-11,生产,花生油/油脂,花生油,黄曲霉毒素B1（AFB1）,True,检验项目命中AFB1/黄曲霉变体,,,,,,False,,,,,False,False,,无检测数值,空值或占位符,无检测数值,空值或占位符,True,AFB1相关但浓度无法解析；AFB1相关但法规限量无法解析
63,山东,2024,11,2024-11,生产,花生油/油脂,花生油,黄曲霉毒素B1（AFB1）,True,不合格项目命中AFB1/黄曲霉变体；不合格规范列命中AFB1/黄曲霉变体,40.1µg/kg,40.1,,40.1,μg/kg,False,≤20µg/kg,20.0,μg/kg,≤,False,True,2.005,已解析并统一单位,,已解析并统一单位,,False,
28,广西,2024,11,2024-11,生产,花生油/油脂,花生油,黄曲霉毒素B1（AFB1）,True,不合格项目命中AFB1/黄曲霉变体；不合格规范列命中AFB1/黄曲霉变体,35.5μg/kg,35.5,,35.5,μg/kg,False,20μg/kg,20.0,μg/kg,≤,False,True,1.775,已解析并统一单位,,已解析并统一单位,,False,
231,广西,2024,11,2024-11,生产,花生油/油脂,花生油,黄曲霉毒素B1（AFB1）,True,不合格项目命中AFB1/黄曲霉变体；不合格规范列命中AFB1/黄曲霉变体,156μg/kg,156.0,,156.0,μg/kg,False,20μg/kg,20.0,μg/kg,≤,False,True,7.8,已解析并统一单位,,已解析并统一单位,,False,
232,广西,2024,11,2024-11,生产,花生油/油脂,花生油,黄曲霉毒素B1（AFB1）,True,不合格项目命中AFB1/黄曲霉变体；不合格规范列命中AFB1/黄曲霉变体,25.5μg/kg,25.5,,25.5,μg/kg,False,20μg/kg,20.0,μg/kg,≤,False,True,1.275,已解析并统一单位,,已解析并统一单位,,False,
240,广西,2024,11,2024-11,生产,花生油/油脂,花生油,黄曲霉毒素B1（AFB1）,True,不合格项目命中AFB1/黄曲霉变体；不合格规范列命中AFB1/黄曲霉变体,35.9μg/kg,35.9,,35.9,μg/kg,False,20μg/kg,20.0,μg/kg,≤,False,True,1.795,已解析并统一单位,,已解析并统一单位,,False,
4,广东,2024,11,2024-11,流通,花生油/油脂,压榨花生油,黄曲霉毒素B1（AFB1）,True,检验项目命中AFB1/黄曲霉变体,,,,,,False,,,,,False,False,,无检测数值,空值或占位符,无检测数值,空值或占位符,True,AFB1相关但浓度无法解析；AFB1相关但法规限量无法解析
15,广东,2024,11,2024-11,流通,花生油/油脂,花生油,黄曲霉毒素B1（AFB1）,True,检验项目命中AFB1/黄曲霉变体,,,,,,False,,,,,False,False,,无检测数值,空值或占位符,无检测数值,空值或占位符,True,AFB1相关但浓度无法解析；AFB1相关但法规限量无法解析
53,广东,2024,11,2024-11,生产,花生油/油脂,花生油,黄曲霉毒素B1（AFB1）,True,检验项目命中AFB1/黄曲霉变体,,,,,,False,,,,,False,False,,无检测数值,空值或占位符,无检测数值,空值或占位符,True,AFB1相关但浓度无法解析；AFB1相关但法规限量无法解析
54,广东,2024,11,2024-11,生产,花生油/油脂,花生油,黄曲霉毒素B1（AFB1）,True,检验项目命中AFB1/黄曲霉变体,,,,,,False,,,,,False,False,,无检测数值,空值或占位符,无检测数值,空值或占位符,True,AFB1相关但浓度无法解析；AFB1相关但法规限量无法解析
55,广东,2024,11,2024-11,生产,花生油/油脂,花生油,黄曲霉毒素B1（AFB1）,True,检验项目命中AFB1/黄曲霉变体,,,,,,False,,,,,False,False,,无检测数值,空值或占位符,无检测数值,空值或占位符,True,AFB1相关但浓度无法解析；AFB1相关但法规限量无法解析
56,广东,2024,11,2024-11,生产,花生油/油脂,花生油,黄曲霉毒素B1（AFB1）,True,检验项目命中AFB1/黄曲霉变体,,,,,,False,,,,,False,False,,无检测数值,空值或占位符,无检测数值,空值或占位符,True,AFB1相关但浓度无法解析；AFB1相关但法规限量无法解析
57,广东,2024,11,2024-11,生产,花生油/油脂,花生油,黄曲霉毒素B1（AFB1）,True,检验项目命中AFB1/黄曲霉变体,,,,,,False,,,,,False,False,,无检测数值,空值或占位符,无检测数值,空值或占位符,True,AFB1相关但浓度无法解析；AFB1相关但法规限量无法解析
58,广东,2024,11,2024-11,流通,花生油/油脂,5S压榨一级花生油,黄曲霉毒素B1（AFB1）,True,检验项目命中AFB1/黄曲霉变体,,,,,,False,,,,,False,False,,无检测数值,空值或占位符,无检测数值,空值或占位符,True,AFB1相关但浓度无法解析；AFB1相关但法规限量无法解析
59,广东,2024,11,2024-11,流通,花生油/油脂,花生油,黄曲霉毒素B1（AFB1）,True,检验项目命中AFB1/黄曲霉变体,,,,,,False,,,,,False,False,,无检测数值,空值或占位符,无检测数值,空值或占位符,True,AFB1相关但浓度无法解析；AFB1相关但法规限量无法解析
147,广东,2024,12,2024-12,生产,花生油/油脂,花生油,黄曲霉毒素B1（AFB1）,True,检验项目命中AFB1/黄曲霉变体,,,,,,False,,,,,False,False,,无检测数值,空值或占位符,无检测数值,空值或占位符,True,AFB1相关但浓度无法解析；AFB1相关但法规限量无法解析
148,广东,2024,12,2024-12,生产,花生油/油脂,花生油,黄曲霉毒素B1（AFB1）,True,检验项目命中AFB1/黄曲霉变体,,,,,,False,,,,,False,False,,无检测数值,空值或占位符,无检测数值,空值或占位符,True,AFB1相关但浓度无法解析；AFB1相关但法规限量无法解析
149,广东,2024,12,2024-12,生产,花生油/油脂,花生油,黄曲霉毒素B1（AFB1）,True,检验项目命中AFB1/黄曲霉变体,,,,,,False,,,,,False,False,,无检测数值,空值或占位符,无检测数值,空值或占位符,True,AFB1相关但浓度无法解析；AFB1相关但法规限量无法解析
10,广东,2024,12,2024-12,生产,花生油/油脂,花生油,黄曲霉毒素B1（AFB1）,True,检验项目命中AFB1/黄曲霉变体,,,,,,False,,,,,False,False,,无检测数值,空值或占位符,无检测数值,空值或占位符,True,AFB1相关但浓度无法解析；AFB1相关但法规限量无法解析
11,广东,2024,12,2024-12,生产,花生油/油脂,花生油,黄曲霉毒素B1（AFB1）,True,检验项目命中AFB1/黄曲霉变体,,,,,,False,,,,,False,False,,无检测数值,空值或占位符,无检测数值,空值或占位符,True,AFB1相关但浓度无法解析；AFB1相关但法规限量无法解析
12,广东,2024,12,2024-12,生产,花生油/油脂,花生油,黄曲霉毒素B1（AFB1）,True,检验项目命中AFB1/黄曲霉变体,,,,,,False,,,,,False,False,,无检测数值,空值或占位符,无检测数值,空值或占位符,True,AFB1相关但浓度无法解析；AFB1相关但法规限量无法解析
13,广东,2024,12,2024-12,生产,花生油/油脂,压榨花生油,黄曲霉毒素B1（AFB1）,True,检验项目命中AFB1/黄曲霉变体,,,,,,False,,,,,False,False,,无检测数值,空值或占位符,无检测数值,空值或占位符,True,AFB1相关但浓度无法解析；AFB1相关但法规限量无法解析
14,广东,2024,12,2024-12,生产,花生油/油脂,花生油,黄曲霉毒素B1（AFB1）,True,检验项目命中AFB1/黄曲霉变体,,,,,,False,,,,,False,False,,无检测数值,空值或占位符,无检测数值,空值或占位符,True,AFB1相关但浓度无法解析；AFB1相关但法规限量无法解析
15,广东,2024,12,2024-12,生产,花生油/油脂,花生油,黄曲霉毒素B1（AFB1）,True,检验项目命中AFB1/黄曲霉变体,,,,,,False,,,,,False,False,,无检测数值,空值或占位符,无检测数值,空值或占位符,True,AFB1相关但浓度无法解析；AFB1相关但法规限量无法解析
16,广东,2024,12,2024-12,生产,花生油/油脂,花生油,黄曲霉毒素B1（AFB1）,True,检验项目命中AFB1/黄曲霉变体,,,,,,False,,,,,False,False,,无检测数值,空值或占位符,无检测数值,空值或占位符,True,AFB1相关但浓度无法解析；AFB1相关但法规限量无法解析
17,广东,2024,12,2024-12,生产,花生油/油脂,花生油,黄曲霉毒素B1（AFB1）,True,检验项目命中AFB1/黄曲霉变体,,,,,,False,,,,,False,False,,无检测数值,空值或占位符,无检测数值,空值或占位符,True,AFB1相关但浓度无法解析；AFB1相关但法规限量无法解析
18,广东,2024,12,2024-12,生产,花生油/油脂,花生油,黄曲霉毒素B1（AFB1）,True,检验项目命中AFB1/黄曲霉变体,,,,,,False,,,,,False,False,,无检测数值,空值或占位符,无检测数值,空值或占位符,True,AFB1相关但浓度无法解析；AFB1相关但法规限量无法解析
19,广东,2024,12,2024-12,生产,花生油/油脂,花生油,黄曲霉毒素B1（AFB1）,True,检验项目命中AFB1/黄曲霉变体,,,,,,False,,,,,False,False,,无检测数值,空值或占位符,无检测数值,空值或占位符,True,AFB1相关但浓度无法解析；AFB1相关但法规限量无法解析
21,广东,2024,12,2024-12,流通,花生油/油脂,花生油,黄曲霉毒素B1（AFB1）,True,检验项目命中AFB1/黄曲霉变体,,,,,,False,,,,,False,False,,无检测数值,空值或占位符,无检测数值,空值或占位符,True,AFB1相关但浓度无法解析；AFB1相关但法规限量无法解析
1,江西,2024,12,2024-12,生产,花生油/油脂,花生油,黄曲霉毒素B1（AFB1）,True,不合格项目命中AFB1/黄曲霉变体；不合格规范列命中AFB1/黄曲霉变体,32.4µg/kg,32.4,,32.4,μg/kg,False,20µg/kg,20.0,μg/kg,≤,False,True,1.6199999999999999,已解析并统一单位,,已解析并统一单位,,False,
78,广东,2024,12,2024-12,流通,花生油/油脂,胡姬花古法花生油,黄曲霉毒素B1（AFB1）,True,检验项目命中AFB1/黄曲霉变体,,,,,,False,,,,,False,False,,无检测数值,空值或占位符,无检测数值,空值或占位符,True,AFB1相关但浓度无法解析；AFB1相关但法规限量无法解析
79,广东,2024,12,2024-12,流通,花生油/油脂,金龙鱼花生油[压榨一级],黄曲霉毒素B1（AFB1）,True,检验项目命中AFB1/黄曲霉变体,,,,,,False,,,,,False,False,,无检测数值,空值或占位符,无检测数值,空值或占位符,True,AFB1相关但浓度无法解析；AFB1相关但法规限量无法解析
80,广东,2024,12,2024-12,生产,花生油/油脂,花生油,黄曲霉毒素B1（AFB1）,True,检验项目命中AFB1/黄曲霉变体,,,,,,False,,,,,False,False,,无检测数值,空值或占位符,无检测数值,空值或占位符,True,AFB1相关但浓度无法解析；AFB1相关但法规限量无法解析
87,山东,2024,12,2024-12,生产,花生油/油脂,花生油,黄曲霉毒素B1（AFB1）,True,不合格项目命中AFB1/黄曲霉变体；不合格规范列命中AFB1/黄曲霉变体,,,,,,False,,,,,False,True,,无检测数值,空值或占位符,无检测数值,空值或占位符,True,AFB1相关但浓度无法解析；AFB1相关但法规限量无法解析
111,广西,2024,12,2024-12,生产,花生油/油脂,花生油,黄曲霉毒素B1（AFB1）,True,不合格项目命中AFB1/黄曲霉变体；不合格规范列命中AFB1/黄曲霉变体,42.6µg/kg,42.6,,42.6,μg/kg,False,≤20µg/kg,20.0,μg/kg,≤,False,True,2.13,已解析并统一单位,,已解析并统一单位,,False,
112,广西,2024,12,2024-12,生产,花生油/油脂,花生油,黄曲霉毒素B1（AFB1）,True,不合格项目命中AFB1/黄曲霉变体；不合格规范列命中AFB1/黄曲霉变体,64.0µg/kg,64.0,,64.0,μg/kg,False,≤20µg/kg,20.0,μg/kg,≤,False,True,3.2,已解析并统一单位,,已解析并统一单位,,False,
113,广西,2024,12,2024-12,生产,花生油/油脂,花生油,黄曲霉毒素B1（AFB1）,True,不合格项目命中AFB1/黄曲霉变体；不合格规范列命中AFB1/黄曲霉变体,28.6µg/kg,28.6,,28.6,μg/kg,False,≤20µg/kg,20.0,μg/kg,≤,False,True,1.4300000000000002,已解析并统一单位,,已解析并统一单位,,False,
10,广东,2024,12,2024-12,流通,花生油/油脂,胡姬花古法花生油,黄曲霉毒素B1（AFB1）,True,检验项目命中AFB1/黄曲霉变体,,,,,,False,,,,,False,False,,无检测数值,空值或占位符,无检测数值,空值或占位符,True,AFB1相关但浓度无法解析；AFB1相关但法规限量无法解析
11,广东,2024,12,2024-12,流通,花生油/油脂,金龙鱼花生油[压榨一级],黄曲霉毒素B1（AFB1）,True,检验项目命中AFB1/黄曲霉变体,,,,,,False,,,,,False,False,,无检测数值,空值或占位符,无检测数值,空值或占位符,True,AFB1相关但浓度无法解析；AFB1相关但法规限量无法解析
14,云南,2024,12,2024-12,流通,花生油/油脂,压榨一级小炸花生油,黄曲霉毒素B1（AFB1）,True,检验项目命中AFB1/黄曲霉变体,,,,,,False,,,,,False,False,,无检测数值,空值或占位符,无检测数值,空值或占位符,True,AFB1相关但浓度无法解析；AFB1相关但法规限量无法解析
15,广东,2024,12,2024-12,餐饮,花生油/油脂,浓香花生油压榨一级,黄曲霉毒素B1（AFB1）,True,检验项目命中AFB1/黄曲霉变体,,,,,,False,,,,,False,False,,无检测数值,空值或占位符,无检测数值,空值或占位符,True,AFB1相关但浓度无法解析；AFB1相关但法规限量无法解析
17,广东,2024,12,2024-12,流通,花生油/油脂,浓香压榨一级花生油,黄曲霉毒素B1（AFB1）,True,检验项目命中AFB1/黄曲霉变体,,,,,,False,,,,,False,False,,无检测数值,空值或占位符,无检测数值,空值或占位符,True,AFB1相关但浓度无法解析；AFB1相关但法规限量无法解析
18,广东,2024,12,2024-12,流通,花生油/油脂,鹰唛花生油,黄曲霉毒素B1（AFB1）,True,检验项目命中AFB1/黄曲霉变体,,,,,,False,,,,,False,False,,无检测数值,空值或占位符,无检测数值,空值或占位符,True,AFB1相关但浓度无法解析；AFB1相关但法规限量无法解析
19,广东,2024,12,2024-12,流通,花生油/油脂,鹰唛花生油,黄曲霉毒素B1（AFB1）,True,检验项目命中AFB1/黄曲霉变体,,,,,,False,,,,,False,False,,无检测数值,空值或占位符,无检测数值,空值或占位符,True,AFB1相关但浓度无法解析；AFB1相关但法规限量无法解析
20,广东,2024,12,2024-12,流通,花生油/油脂,压榨一级浓香花生油,黄曲霉毒素B1（AFB1）,True,检验项目命中AFB1/黄曲霉变体,,,,,,False,,,,,False,False,,无检测数值,空值或占位符,无检测数值,空值或占位符,True,AFB1相关但浓度无法解析；AFB1相关但法规限量无法解析
21,广东,2024,12,2024-12,餐饮,花生油/油脂,5S压榨一级花生油,黄曲霉毒素B1（AFB1）,True,检验项目命中AFB1/黄曲霉变体,,,,,,False,,,,,False,False,,无检测数值,空值或占位符,无检测数值,空值或占位符,True,AFB1相关但浓度无法解析；AFB1相关但法规限量无法解析
32,广东,2024,12,2024-12,生产,花生油/油脂,花生油,黄曲霉毒素B1（AFB1）,True,检验项目命中AFB1/黄曲霉变体,,,,,,False,,,,,False,False,,无检测数值,空值或占位符,无检测数值,空值或占位符,True,AFB1相关但浓度无法解析；AFB1相关但法规限量无法解析
33,广东,2024,12,2024-12,生产,花生油/油脂,花生油,黄曲霉毒素B1（AFB1）,True,检验项目命中AFB1/黄曲霉变体,,,,,,False,,,,,False,False,,无检测数值,空值或占位符,无检测数值,空值或占位符,True,AFB1相关但浓度无法解析；AFB1相关但法规限量无法解析
34,广东,2024,12,2024-12,生产,花生油/油脂,花生油,黄曲霉毒素B1（AFB1）,True,检验项目命中AFB1/黄曲霉变体,,,,,,False,,,,,False,False,,无检测数值,空值或占位符,无检测数值,空值或占位符,True,AFB1相关但浓度无法解析；AFB1相关但法规限量无法解析
35,广东,2024,12,2024-12,生产,花生油/油脂,花生油,黄曲霉毒素B1（AFB1）,True,检验项目命中AFB1/黄曲霉变体,,,,,,False,,,,,False,False,,无检测数值,空值或占位符,无检测数值,空值或占位符,True,AFB1相关但浓度无法解析；AFB1相关但法规限量无法解析
36,广东,2024,12,2024-12,流通,花生油/油脂,胡姬花古法花生油,黄曲霉毒素B1（AFB1）,True,检验项目命中AFB1/黄曲霉变体,,,,,,False,,,,,False,False,,无检测数值,空值或占位符,无检测数值,空值或占位符,True,AFB1相关但浓度无法解析；AFB1相关但法规限量无法解析
37,广东,2024,12,2024-12,流通,花生油/油脂,5S压榨一级花生油,黄曲霉毒素B1（AFB1）,True,检验项目命中AFB1/黄曲霉变体,,,,,,False,,,,,False,False,,无检测数值,空值或占位符,无检测数值,空值或占位符,True,AFB1相关但浓度无法解析；AFB1相关但法规限量无法解析
38,广东,2024,12,2024-12,流通,花生油/油脂,特香花生油,黄曲霉毒素B1（AFB1）,True,检验项目命中AFB1/黄曲霉变体,,,,,,False,,,,,False,False,,无检测数值,空值或占位符,无检测数值,空值或占位符,True,AFB1相关但浓度无法解析；AFB1相关但法规限量无法解析
39,广东,2024,12,2024-12,生产,花生油/油脂,花生油,黄曲霉毒素B1（AFB1）,True,检验项目命中AFB1/黄曲霉变体,,,,,,False,,,,,False,False,,无检测数值,空值或占位符,无检测数值,空值或占位符,True,AFB1相关但浓度无法解析；AFB1相关但法规限量无法解析
40,广东,2024,12,2024-12,生产,花生油/油脂,花生油,黄曲霉毒素B1（AFB1）,True,检验项目命中AFB1/黄曲霉变体,,,,,,False,,,,,False,False,,无检测数值,空值或占位符,无检测数值,空值或占位符,True,AFB1相关但浓度无法解析；AFB1相关但法规限量无法解析
41,广东,2024,12,2024-12,生产,花生油/油脂,花生油,黄曲霉毒素B1（AFB1）,True,检验项目命中AFB1/黄曲霉变体,,,,,,False,,,,,False,False,,无检测数值,空值或占位符,无检测数值,空值或占位符,True,AFB1相关但浓度无法解析；AFB1相关但法规限量无法解析
42,广东,2024,12,2024-12,生产,花生油/油脂,花生油,黄曲霉毒素B1（AFB1）,True,检验项目命中AFB1/黄曲霉变体,,,,,,False,,,,,False,False,,无检测数值,空值或占位符,无检测数值,空值或占位符,True,AFB1相关但浓度无法解析；AFB1相关但法规限量无法解析
43,广东,2024,12,2024-12,生产,花生油/油脂,花生油,黄曲霉毒素B1（AFB1）,True,检验项目命中AFB1/黄曲霉变体,,,,,,False,,,,,False,False,,无检测数值,空值或占位符,无检测数值,空值或占位符,True,AFB1相关但浓度无法解析；AFB1相关但法规限量无法解析
44,广东,2024,12,2024-12,生产,花生油/油脂,花生油,黄曲霉毒素B1（AFB1）,True,检验项目命中AFB1/黄曲霉变体,,,,,,False,,,,,False,False,,无检测数值,空值或占位符,无检测数值,空值或占位符,True,AFB1相关但浓度无法解析；AFB1相关但法规限量无法解析
45,广东,2024,12,2024-12,生产,花生油/油脂,花生油,黄曲霉毒素B1（AFB1）,True,检验项目命中AFB1/黄曲霉变体,,,,,,False,,,,,False,False,,无检测数值,空值或占位符,无检测数值,空值或占位符,True,AFB1相关但浓度无法解析；AFB1相关但法规限量无法解析
46,广东,2024,12,2024-12,生产,花生油/油脂,花生油,黄曲霉毒素B1（AFB1）,True,检验项目命中AFB1/黄曲霉变体,,,,,,False,,,,,False,False,,无检测数值,空值或占位符,无检测数值,空值或占位符,True,AFB1相关但浓度无法解析；AFB1相关但法规限量无法解析
73,广东,2024,12,2024-12,生产,花生油/油脂,花生油,黄曲霉毒素B1（AFB1）,True,不合格项目命中AFB1/黄曲霉变体；不合格规范列命中AFB1/黄曲霉变体,44.0μg/kg,44.0,,44.0,μg/kg,False,≤20μg/kg,20.0,μg/kg,≤,False,True,2.2,已解析并统一单位,,已解析并统一单位,,False,
16,广东,2024,12,2024-12,餐饮,花生油/油脂,特香纯花生油,黄曲霉毒素B1（AFB1）,True,检验项目命中AFB1/黄曲霉变体,,,,,,False,,,,,False,False,,无检测数值,空值或占位符,无检测数值,空值或占位符,True,AFB1相关但浓度无法解析；AFB1相关但法规限量无法解析
17,广东,2024,12,2024-12,流通,花生油/油脂,鹰唛花生油,黄曲霉毒素B1（AFB1）,True,检验项目命中AFB1/黄曲霉变体,,,,,,False,,,,,False,False,,无检测数值,空值或占位符,无检测数值,空值或占位符,True,AFB1相关但浓度无法解析；AFB1相关但法规限量无法解析
18,广东,2024,12,2024-12,流通,花生油/油脂,花生油,黄曲霉毒素B1（AFB1）,True,检验项目命中AFB1/黄曲霉变体,,,,,,False,,,,,False,False,,无检测数值,空值或占位符,无检测数值,空值或占位符,True,AFB1相关但浓度无法解析；AFB1相关但法规限量无法解析
