序号,省份,年份,月份,年月,供应链环节,产品分类,产品名称,AFB1浓度_μg_kg_food,消费量_g_day,消费量_kg_day,消费量匹配方式,消费量匹配置信度,是否建议人工复核_消费量,消费量复核原因,体重_kg_bw,EDI_μg_kg_bw_day,MOE_low_bmdl,MOE_sensitive_bmdl,MOE_default_bmdl,MOE_high_bmdl,MOE_upper_bmdl,MOE_cutoff,是否低于MOE阈值,MOE风险等级,MOE风险惩罚项
9,不详,2023,2,2023-02,流通,花生仁/炒货坚果,生干籽类(大花生米),88.98,2.13,0.00213,全国中位数默认值,低,True,省份无法匹配消费量，使用全国中位数默认值。,60.0,0.0031587900000000003,15.82884585553329,20.89407652930394,33.240576296619906,50.01915290348519,59.83303733391583,3160.0,True,低于阈值/需关注,0.9894808302858797
32,不详,2023,2,2023-02,流通,花生仁/炒货坚果,生花生米（生干坚果及其籽类食品）,65.7,2.13,0.00213,全国中位数默认值,低,True,省份无法匹配消费量，使用全国中位数默认值。,60.0,0.00233235,21.437605848178876,28.297639719596116,45.018972281175635,67.74283448024525,81.03415010611614,3160.0,True,低于阈值/需关注,0.9857534897844381
33,不详,2023,2,2023-02,流通,花生仁/炒货坚果,白沙花生米,41.5,2.13,0.00213,全国中位数默认值,低,True,省份无法匹配消费量，使用全国中位数默认值。,60.0,0.00147325,33.93857118615307,44.79891396572204,71.27099949092143,107.24588494824368,128.28779908365857,3160.0,True,低于阈值/需关注,0.9774458862370502
37,不详,2023,2,2023-02,流通,花生仁/炒货坚果,生花生米（生干坚果与籽类食品）,102.0,2.13,0.00213,全国中位数默认值,低,True,省份无法匹配消费量，使用全国中位数默认值。,60.0,0.003621,13.808340237503453,18.227009113504558,28.997514498757248,43.634355150510906,52.19552609776305,3160.0,True,低于阈值/需关注,0.9908235713611528
15,不详,2023,2,2023-02,流通,花生仁/炒货坚果,生花生米（生干坚果与籽类食品）,41.5,2.13,0.00213,全国中位数默认值,低,True,省份无法匹配消费量，使用全国中位数默认值。,60.0,0.00147325,33.93857118615307,44.79891396572204,71.27099949092143,107.24588494824368,128.28779908365857,3160.0,True,低于阈值/需关注,0.9774458862370502
11,不详,2023,2,2023-02,流通,花生仁/炒货坚果,生花生米,51.8,2.13,0.00213,全国中位数默认值,低,True,省份无法匹配消费量，使用全国中位数默认值。,60.0,0.0018388999999999999,27.19016803523846,35.89102180651477,57.099352874000765,85.92093099135353,102.77883517320137,3160.0,True,低于阈值/需关注,0.981930584533544
23,不详,2023,3,2023-03,流通,花生仁/炒货坚果,生花生米（生干坚果与籽类食品）,91.2,2.13,0.00213,全国中位数默认值,低,True,省份无法匹配消费量，使用全国中位数默认值。,60.0,0.0032376,15.443538423523597,20.38547071905115,32.431430689399555,48.801581418334564,58.376575240919195,3160.0,True,低于阈值/需关注,0.989736889022342
24,不详,2023,3,2023-03,流通,花生仁/炒货坚果,生花生米,125.0,2.13,0.00213,全国中位数默认值,低,True,省份无法匹配消费量，使用全国中位数默认值。,60.0,0.0044375,11.267605633802818,14.87323943661972,23.661971830985916,35.605633802816904,42.591549295774655,3160.0,True,低于阈值/需关注,0.9925120342307007
8,不详,2023,3,2023-03,流通,花生仁/炒货坚果,生花生仁（花生米）,81.4,2.13,0.00213,全国中位数默认值,低,True,省份无法匹配消费量，使用全国中位数默认值。,60.0,0.0028897000000000003,17.302834204242654,22.839741149600304,36.33595182890957,54.676956085406786,65.40471329203723,3160.0,True,低于阈值/需关注,0.9885012810668008
9,不详,2023,3,2023-03,流通,花生仁/炒货坚果,生花生米,50.9,2.13,0.00213,全国中位数默认值,低,True,省份无法匹配消费量，使用全国中位数默认值。,60.0,0.00180695,27.67093721464346,36.52563712332937,58.10896815075126,87.44016159827333,104.59614267135227,3160.0,True,低于阈值/需关注,0.9816110860282432
20,不详,2023,4,2023-04,流通,花生仁/炒货坚果,生花生米,228.0,2.13,0.00213,全国中位数默认值,低,True,省份无法匹配消费量，使用全国中位数默认值。,60.0,0.008093999999999999,6.177415369409441,8.154188287620462,12.972572275759823,19.52063256733383,23.350630096367684,3160.0,True,低于阈值/需关注,0.9958947556089368
21,不详,2023,4,2023-04,流通,花生仁/炒货坚果,花生米,27.4,2.13,0.00213,全国中位数默认值,低,True,省份无法匹配消费量，使用全国中位数默认值。,60.0,0.0009727,51.40331037318804,67.8523696926082,107.94695178369487,162.4344607792742,194.30451321065078,3160.0,True,低于阈值/需关注,0.9658395722203498
16,不详,2023,4,2023-04,流通,花生仁/炒货坚果,生花生米,39.8,2.13,0.00213,全国中位数默认值,低,True,省份无法匹配消费量，使用全国中位数默认值。,60.0,0.0014128999999999997,35.388208648878205,46.71243541651923,74.31523816264422,111.82673933045511,133.7674286927596,3160.0,True,低于阈值/需关注,0.9764825195687835
13,不详,2023,1,2023-01,流通,花生仁/炒货坚果,花生,352.0,2.13,0.00213,全国中位数默认值,低,True,省份无法匹配消费量，使用全国中位数默认值。,60.0,0.012496,4.001280409731114,5.281690140845071,8.402688860435338,12.64404609475032,15.124839948783611,3160.0,True,低于阈值/需关注,0.9973409212466977
6,不详,2023,5,2023-05,流通,花生仁/炒货坚果,生花生米,136.0,2.13,0.00213,全国中位数默认值,低,True,省份无法匹配消费量，使用全国中位数默认值。,60.0,0.004828,10.35625517812759,13.670256835128418,21.748135874067938,32.725766362883185,39.14664457332229,3160.0,True,低于阈值/需关注,0.9931176785208646
16,不详,2023,5,2023-05,流通,花生仁/炒货坚果,大个花生米,110.0,2.13,0.00213,全国中位数默认值,低,True,省份无法匹配消费量，使用全国中位数默认值。,60.0,0.003905,12.804097311139564,16.901408450704228,26.888604353393085,40.46094750320103,48.399487836107554,3160.0,True,低于阈值/需关注,0.9914909479894326
23,不详,2023,5,2023-05,流通,花生仁/炒货坚果,生花生米,33.7,2.13,0.00213,全国中位数默认值,低,True,省份无法匹配消费量，使用全国中位数默认值。,60.0,0.0011963499999999999,41.793789442888794,55.167802064613205,87.76695783006646,132.06837463952857,157.98052409411963,3160.0,True,低于阈值/需关注,0.972225646256308
13,不详,2023,5,2023-05,流通,花生仁/炒货坚果,花生米（中旺）,100.0,2.13,0.00213,全国中位数默认值,低,True,省份无法匹配消费量，使用全国中位数默认值。,60.0,0.0035499999999999998,14.084507042253524,18.59154929577465,29.577464788732396,44.50704225352113,53.23943661971831,3160.0,True,低于阈值/需关注,0.9906400427883758
31,不详,2023,6,2023-06,流通,花生仁/炒货坚果,花生米,150.0,2.13,0.00213,全国中位数默认值,低,True,省份无法匹配消费量，使用全国中位数默认值。,60.0,0.005325,9.389671361502348,12.3943661971831,19.718309859154928,29.67136150234742,35.49295774647887,3160.0,True,低于阈值/需关注,0.9937600285255839
112,不详,2023,6,2023-06,流通,花生仁/炒货坚果,白皮花生,55.5,2.13,0.00213,全国中位数默认值,低,True,省份无法匹配消费量，使用全国中位数默认值。,60.0,0.00197025,25.37749016622256,33.49828701941378,53.29272934906737,80.19286892526328,95.92691282832126,3160.0,True,低于阈值/需关注,0.9831352122313077
25,不详,2023,6,2023-06,流通,花生仁/炒货坚果,生花生米,90.7,2.13,0.00213,全国中位数默认值,低,True,省份无法匹配消费量，使用全国中位数默认值。,60.0,0.0032198500000000002,15.528673695979625,20.497849278693106,32.61021476155721,49.07060887929562,58.69838657080298,3160.0,True,低于阈值/需关注,0.9896803117843174
120,不详,2023,6,2023-06,流通,花生仁/炒货坚果,散花生米,72.1,2.13,0.00213,全国中位数默认值,低,True,省份无法匹配消费量，使用全国中位数默认值。,60.0,0.00255955,19.534683831142196,25.7857826571077,41.022836045398606,61.72960090640933,73.8411048817175,3160.0,True,低于阈值/需关注,0.9870180898590512
35,不详,2023,7,2023-07,流通,花生仁/炒货坚果,花生米,89.2,2.13,0.00213,全国中位数默认值,低,True,省份无法匹配消费量，使用全国中位数默认值。,60.0,0.0031666,15.789806101181078,20.842544053559024,33.158592812480265,49.895787279732204,59.685467062464475,3160.0,True,低于阈值/需关注,0.9895067744264302
17,不详,2023,7,2023-07,流通,花生仁/炒货坚果,花生米,62.4,2.13,0.00213,全国中位数默认值,低,True,省份无法匹配消费量，使用全国中位数默认值。,60.0,0.0022152,22.571325388226796,29.794149512459374,47.39978331527627,71.32538822679668,85.31960996749729,3160.0,True,低于阈值/需关注,0.9850000685711151
19,不详,2023,7,2023-07,流通,花生仁/炒货坚果,红皮花生,399.0,2.13,0.00213,全国中位数默认值,低,True,省份无法匹配消费量，使用全国中位数默认值。,60.0,0.0141645,3.5299516396625368,4.659536164354549,7.4128984432913265,11.154647181333615,13.343217197924389,3160.0,True,低于阈值/需关注,0.9976541460622496
58,不详,2023,7,2023-07,流通,花生仁/炒货坚果,白皮花生,55.5,2.13,0.00213,全国中位数默认值,低,True,省份无法匹配消费量，使用全国中位数默认值。,60.0,0.00197025,25.37749016622256,33.49828701941378,53.29272934906737,80.19286892526328,95.92691282832126,3160.0,True,低于阈值/需关注,0.9831352122313077
82,不详,2023,7,2023-07,流通,花生仁/炒货坚果,红皮花生,75.1,2.13,0.00213,全国中位数默认值,低,True,省份无法匹配消费量，使用全国中位数默认值。,60.0,0.00266605,18.75433694041747,24.75572476135106,39.38410757487669,59.26370473171921,70.89139363477804,3160.0,True,低于阈值/需关注,0.9875366748180769
83,不详,2023,7,2023-07,流通,花生仁/炒货坚果,红皮花生米,245.0,2.13,0.00213,全国中位数默认值,低,True,省份无法匹配消费量，使用全国中位数默认值。,60.0,0.0086975,5.748778384593274,7.5883874676631216,12.072434607645874,18.166139695314744,21.730382293762574,3160.0,True,低于阈值/需关注,0.9961796093013779
3,不详,2023,7,2023-07,流通,花生仁/炒货坚果,生花生米,186.0,2.13,0.00213,全国中位数默认值,低,True,省份无法匹配消费量，使用全国中位数默认值。,60.0,0.0066029999999999995,7.572315614114797,9.995456610631532,15.901862789641072,23.92851734060276,28.623353021353932,3160.0,True,低于阈值/需关注,0.994967764939987
4,不详,2023,7,2023-07,流通,花生仁/炒货坚果,生花生米,186.0,2.13,0.00213,全国中位数默认值,低,True,省份无法匹配消费量，使用全国中位数默认值。,60.0,0.0066029999999999995,7.572315614114797,9.995456610631532,15.901862789641072,23.92851734060276,28.623353021353932,3160.0,True,低于阈值/需关注,0.994967764939987
38,不详,2023,7,2023-07,餐饮,花生仁/炒货坚果,花生米,96.0,2.13,0.00213,全国中位数默认值,低,True,省份无法匹配消费量，使用全国中位数默认值。,60.0,0.003408,14.671361502347418,19.366197183098592,30.809859154929576,46.36150234741784,55.45774647887324,3160.0,True,低于阈值/需关注,0.9902500445712248
62,不详,2023,7,2023-07,流通,花生仁/炒货坚果,红皮花生,55.4,2.13,0.00213,全国中位数默认值,低,True,省份无法匹配消费量，使用全国中位数默认值。,60.0,0.0019667,25.423297910204912,33.558753241470484,53.38892561143031,80.33762139624751,96.10006610057457,3160.0,True,低于阈值/需关注,0.9831047703761296
83,不详,2023,8,2023-08,流通,花生仁/炒货坚果,生花生米,186.0,2.13,0.00213,全国中位数默认值,低,True,省份无法匹配消费量，使用全国中位数默认值。,60.0,0.0066029999999999995,7.572315614114797,9.995456610631532,15.901862789641072,23.92851734060276,28.623353021353932,3160.0,True,低于阈值/需关注,0.994967764939987
99,不详,2023,8,2023-08,流通,花生仁/炒货坚果,白花生米,96.2,2.13,0.00213,全国中位数默认值,低,True,省份无法匹配消费量，使用全国中位数默认值。,60.0,0.0034151,14.640859711282248,19.325934818892566,30.745805393692716,46.2651166876519,55.342449708646896,3160.0,True,低于阈值/需关注,0.9902703147488314
119,不详,2023,8,2023-08,流通,花生仁/炒货坚果,白皮花生,145.0,2.13,0.00213,全国中位数默认值,低,True,省份无法匹配消费量，使用全国中位数默认值。,60.0,0.0051475,9.713453132588635,12.821758135017,20.39825157843613,30.694511898980085,36.71685284118504,3160.0,True,低于阈值/需关注,0.9935448570954316
15,不详,2023,8,2023-08,流通,花生仁/炒货坚果,花生米,62.3,2.13,0.00213,全国中位数默认值,低,True,省份无法匹配消费量，使用全国中位数默认值。,60.0,0.00221165,22.607555445029732,29.841973187439244,47.475866434562434,71.43987520629395,85.45655958221238,3160.0,True,低于阈值/需关注,0.9849759916346322
54,不详,2023,8,2023-08,流通,花生仁/炒货坚果,花生米,43.8,2.13,0.00213,全国中位数默认值,低,True,省份无法匹配消费量，使用全国中位数默认值。,60.0,0.0015549,32.156408772268314,42.44645957939418,67.52845842176346,101.61425172036788,121.55122515917424,3160.0,True,低于阈值/需关注,0.9786302346766571
63,不详,2023,8,2023-08,流通,花生仁/炒货坚果,白花生米,122.0,2.13,0.00213,全国中位数默认值,低,True,省份无法匹配消费量，使用全国中位数默认值。,60.0,0.004331,11.544677903486495,15.238974832602171,24.243823597321636,36.48118217501732,43.638882475178946,3160.0,True,低于阈值/需关注,0.9923279039248981
37,不详,2023,9,2023-09,流通,花生仁/炒货坚果,花生米,50.4,2.13,0.00213,全国中位数默认值,低,True,省份无法匹配消费量，使用全国中位数默认值。,60.0,0.0017892,27.94545048066175,36.887994634473515,58.68544600938967,88.30762351889113,105.63380281690141,3160.0,True,低于阈值/需关注,0.9814286563261425
28,不详,2023,9,2023-09,流通,花生仁/炒货坚果,红花生米,76.3,2.13,0.00213,全国中位数默认值,低,True,省份无法匹配消费量，使用全国中位数默认值。,60.0,0.00270865,18.459380134015102,24.36638177689993,38.764698281431706,58.331641223487715,69.77645690657708,3160.0,True,低于阈值/需关注,0.9877326904172684
96,不详,2023,9,2023-09,流通,花生仁/炒货坚果,红花生仁,111.0,2.13,0.00213,全国中位数默认值,低,True,省份无法匹配消费量，使用全国中位数默认值。,60.0,0.0039405,12.68874508311128,16.74914350970689,26.646364674533686,40.09643446263164,47.96345641416063,3160.0,True,低于阈值/需关注,0.9915676061156539
117,不详,2023,9,2023-09,流通,花生仁/炒货坚果,花生,126.0,2.13,0.00213,全国中位数默认值,低,True,省份无法匹配消费量，使用全国中位数默认值。,60.0,0.004473,11.1781801922647,14.755197853789403,23.474178403755865,35.32304940755645,42.25352112676056,3160.0,True,低于阈值/需关注,0.9925714625304569
100,不详,2023,9,2023-09,流通,花生仁/炒货坚果,花生米,61.7,2.13,0.00213,全国中位数默认值,低,True,省份无法匹配消费量，使用全国中位数默认值。,60.0,0.00219035,22.827402013376858,30.13217065765745,47.9375442280914,72.13459036227087,86.28757961056452,3160.0,True,低于阈值/需关注,0.9848298910670596
59,不详,2023,10,2023-10,流通,花生仁/炒货坚果,红花生米,458.0,2.13,0.00213,全国中位数默认值,低,True,省份无法匹配消费量，使用全国中位数默认值。,60.0,0.016259,3.075219878221293,4.059290239252107,6.457961744264715,9.717694815179286,11.624331139676487,3160.0,True,低于阈值/需关注,0.9979563412201694
76,不详,2023,10,2023-10,流通,花生仁/炒货坚果,白花生米,44.8,2.13,0.00213,全国中位数默认值,低,True,省份无法匹配消费量，使用全国中位数默认值。,60.0,0.0015903999999999998,31.43863179074447,41.4989939637827,66.02112676056339,99.34607645875252,118.8380281690141,3160.0,True,低于阈值/需关注,0.9791072383669104
13,不详,2023,10,2023-10,流通,花生仁/炒货坚果,四粒红生花生米,121.0,2.13,0.00213,全国中位数默认值,低,True,省份无法匹配消费量，使用全国中位数默认值。,60.0,0.0042955,11.640088464672333,15.36491677336748,24.444185775811896,36.78267954836457,43.999534396461414,3160.0,True,低于阈值/需关注,0.9922644981722114
6,不详,2023,10,2023-10,生产,花生仁/炒货坚果,花生米（小红）,43.5,2.13,0.00213,全国中位数默认值,低,True,省份无法匹配消费量，使用全国中位数默认值。,60.0,0.00154425,32.37817710862878,42.73919378338999,67.99417192812044,102.31503966326696,122.3895094706168,3160.0,True,低于阈值/需关注,0.978482856984772
13,不详,2023,10,2023-10,流通,花生仁/炒货坚果,生花生米,89.3,2.13,0.00213,全国中位数默认值,低,True,省份无法匹配消费量，使用全国中位数默认值。,60.0,0.0031701499999999996,15.772124347428358,20.819204138605432,33.121461129599545,49.839912937873606,59.61863003327919,3160.0,True,低于阈值/需关注,0.9895185249589875
14,不详,2023,10,2023-10,流通,花生仁/炒货坚果,红花生米,265.0,2.13,0.00213,全国中位数默认值,低,True,省份无法匹配消费量，使用全国中位数默认值。,60.0,0.009407500000000001,5.3149083178315175,7.0156789795376024,11.161307467446186,16.795110284347594,20.090353441403135,3160.0,True,低于阈值/需关注,0.9964679406748589
74,不详,2023,10,2023-10,流通,花生仁/炒货坚果,花生米,30.2,2.13,0.00213,全国中位数默认值,低,True,省份无法匹配消费量，使用全国中位数默认值。,60.0,0.0010720999999999999,46.63744053726332,61.56142150918759,97.93862512825297,147.3743120977521,176.28952523085536,3160.0,True,低于阈值/需关注,0.9690067641999199
88,不详,2023,10,2023-10,餐饮,花生仁/炒货坚果,生花生,286.0,2.13,0.00213,全国中位数默认值,低,True,省份无法匹配消费量，使用全国中位数默认值。,60.0,0.010152999999999999,4.924652811976756,6.500541711809318,10.341770905151188,15.56190288584655,18.61518762927214,3160.0,True,低于阈值/需关注,0.9967272876882433
92,不详,2023,10,2023-10,流通,花生仁/炒货坚果,花生米,102.0,2.13,0.00213,全国中位数默认值,低,True,省份无法匹配消费量，使用全国中位数默认值。,60.0,0.003621,13.808340237503453,18.227009113504558,28.997514498757248,43.634355150510906,52.19552609776305,3160.0,True,低于阈值/需关注,0.9908235713611528
136,不详,2023,10,2023-10,流通,花生仁/炒货坚果,大花生米,78.5,2.13,0.00213,全国中位数默认值,低,True,省份无法匹配消费量，使用全国中位数默认值。,60.0,0.0027867499999999997,17.942047187584105,23.68350228761102,37.67829909392662,56.696869112765775,67.82093836906792,3160.0,True,低于阈值/需关注,0.9880764876285043
137,不详,2023,10,2023-10,流通,花生仁/炒货坚果,红皮花生,110.0,2.13,0.00213,全国中位数默认值,低,True,省份无法匹配消费量，使用全国中位数默认值。,60.0,0.003905,12.804097311139564,16.901408450704228,26.888604353393085,40.46094750320103,48.399487836107554,3160.0,True,低于阈值/需关注,0.9914909479894326
138,不详,2023,10,2023-10,流通,花生仁/炒货坚果,红皮花生米,21.2,2.13,0.00213,全国中位数默认值,低,True,省份无法匹配消费量，使用全国中位数默认值。,60.0,0.0007525999999999999,66.43635397289398,87.69598724422006,139.51634334307735,209.93887855434497,251.12941801753925,3160.0,True,低于阈值/需关注,0.955849258435735
139,不详,2023,10,2023-10,流通,花生仁/炒货坚果,大花生,453.0,2.13,0.00213,全国中位数默认值,低,True,省份无法匹配消费量，使用全国中位数默认值。,60.0,0.016081500000000002,3.109162702484221,4.104094767279172,6.529241675216863,9.824954139850137,11.752635015390354,3160.0,True,低于阈值/需关注,0.9979337842799947
140,不详,2023,10,2023-10,流通,花生仁/炒货坚果,小花生,375.0,2.13,0.00213,全国中位数默认值,低,True,省份无法匹配消费量，使用全国中位数默认值。,60.0,0.0133125,3.7558685446009394,4.95774647887324,7.887323943661972,11.868544600938968,14.19718309859155,3160.0,True,低于阈值/需关注,0.9975040114102335
141,不详,2023,10,2023-10,流通,花生仁/炒货坚果,白皮小花生,144.0,2.13,0.00213,全国中位数默认值,低,True,省份无法匹配消费量，使用全国中位数默认值。,60.0,0.005112,9.780907668231611,12.910798122065728,20.539906103286384,30.907668231611893,36.97183098591549,3160.0,True,低于阈值/需关注,0.9935000297141499
142,不详,2023,10,2023-10,流通,花生仁/炒货坚果,小花生,200.0,2.13,0.00213,全国中位数默认值,低,True,省份无法匹配消费量，使用全国中位数默认值。,60.0,0.0070999999999999995,7.042253521126762,9.295774647887326,14.788732394366198,22.253521126760564,26.619718309859156,3160.0,True,低于阈值/需关注,0.995320021394188
143,不详,2023,10,2023-10,流通,花生仁/炒货坚果,小花生米,338.0,2.13,0.00213,全国中位数默认值,低,True,省份无法匹配消费量，使用全国中位数默认值。,60.0,0.011999000000000001,4.167013917826486,5.500458371530961,8.750729227435619,13.167763980331694,15.751312609384113,3160.0,True,低于阈值/需关注,0.997230781890052
27,不详,2023,11,2023-11,流通,花生仁/炒货坚果,花生米,79.1,2.13,0.00213,全国中位数默认值,低,True,省份无法匹配消费量，使用全国中位数默认值。,60.0,0.00280805,17.80595074874023,23.503854988337103,37.39249657235448,56.26680436601913,67.30649383023807,3160.0,True,低于阈值/需关注,0.9881669314644448
29,不详,2023,11,2023-11,流通,花生仁/炒货坚果,花生米,20.0,2.13,0.00213,全国中位数默认值,低,True,省份无法匹配消费量，使用全国中位数默认值。,60.0,0.00071,70.4225352112676,92.95774647887325,147.88732394366195,222.53521126760563,266.19718309859155,3160.0,True,低于阈值/需关注,0.953200213941879
108,不详,2023,11,2023-11,流通,花生仁/炒货坚果,新大花生,63.9,2.13,0.00213,全国中位数默认值,低,True,省份无法匹配消费量，使用全国中位数默认值。,60.0,0.00226845,22.04148206925434,29.094756331415727,46.2871123454341,69.6510833388437,83.31680222178139,3160.0,True,低于阈值/需关注,0.9853521796375208
109,不详,2023,11,2023-11,流通,花生仁/炒货坚果,生花生,46.1,2.13,0.00213,全国中位数默认值,低,True,省份无法匹配消费量，使用全国中位数默认值。,60.0,0.00163655,30.552076013565124,40.32874033790596,64.15935962848675,96.54456020286578,115.48684733127615,3160.0,True,低于阈值/需关注,0.9796964051808587
56,不详,2023,11,2023-11,餐饮,花生仁/炒货坚果,生花生米,76.0,2.13,0.00213,全国中位数默认值,低,True,省份无法匹配消费量，使用全国中位数默认值。,60.0,0.002698,18.532246108228318,24.46256486286138,38.91771682727946,58.56189770200149,70.05189028910304,3160.0,True,低于阈值/需关注,0.9876842668268103
63,不详,2023,11,2023-11,餐饮,花生仁/炒货坚果,花生,5.7,2.13,0.00213,全国中位数默认值,低,True,省份无法匹配消费量，使用全国中位数默认值。,60.0,0.00020235,247.09661477637755,326.1675315048184,518.9028910303929,780.825302693353,934.0252038547071,3160.0,True,低于阈值/需关注,0.8357902243574706
64,不详,2023,11,2023-11,流通,花生仁/炒货坚果,生花生米,114.0,2.13,0.00213,全国中位数默认值,低,True,省份无法匹配消费量，使用全国中位数默认值。,60.0,0.004046999999999999,12.354830738818881,16.308376575240924,25.945144551519647,39.04126513466766,46.70126019273537,3160.0,True,低于阈值/需关注,0.9917895112178735
65,不详,2023,11,2023-11,流通,花生仁/炒货坚果,花生米,98.8,2.13,0.00213,全国中位数默认值,低,True,省份无法匹配消费量，使用全国中位数默认值。,60.0,0.0035074,14.255573929406399,18.817357586816446,29.936705251753434,45.04761361692422,53.88606945315619,3160.0,True,低于阈值/需关注,0.9905263590975465
87,不详,2023,11,2023-11,流通,花生仁/炒货坚果,花生米,184.0,2.13,0.00213,全国中位数默认值,低,True,省份无法匹配消费量，使用全国中位数默认值。,60.0,0.006532,7.654623392529088,10.104102878138397,16.074709124311084,24.18860992039192,28.934476423759953,3160.0,True,低于阈值/需关注,0.994913066732813
21,不详,2023,11,2023-11,餐饮,花生仁/炒货坚果,生干花生,106.0,2.13,0.00213,全国中位数默认值,低,True,省份无法匹配消费量，使用全国中位数默认值。,60.0,0.003763,13.287270794578795,17.53919744884401,27.903268668615468,41.98777571086899,50.22588360350784,3160.0,True,低于阈值/需关注,0.991169851687147
52,不详,2023,11,2023-11,流通,花生仁/炒货坚果,花生米,106.0,2.13,0.00213,全国中位数默认值,低,True,省份无法匹配消费量，使用全国中位数默认值。,60.0,0.003763,13.287270794578795,17.53919744884401,27.903268668615468,41.98777571086899,50.22588360350784,3160.0,True,低于阈值/需关注,0.991169851687147
41,不详,2023,11,2023-11,流通,花生仁/炒货坚果,生花生米,701.0,2.13,0.00213,全国中位数默认值,低,True,省份无法匹配消费量，使用全国中位数默认值。,60.0,0.0248855,2.0092021458278917,2.652146832492817,4.219324506238572,6.3490787808161375,7.594784111229431,3160.0,True,低于阈值/需关注,0.9986647707258739
40,不详,2023,11,2023-11,流通,花生仁/炒货坚果,花生,190.0,2.13,0.00213,全国中位数默认值,低,True,省份无法匹配消费量，使用全国中位数默认值。,60.0,0.006745,7.412898443291327,9.785025945144552,15.567086730911786,23.424759080800595,28.020756115641216,3160.0,True,低于阈值/需关注,0.9950737067307242
41,不详,2023,11,2023-11,流通,花生仁/炒货坚果,花生米,28.2,2.13,0.00213,全国中位数默认值,低,True,省份无法匹配消费量，使用全国中位数默认值。,60.0,0.0010011,49.945060433523125,65.92747977225052,104.88462691039855,157.82639096993307,188.79232843871742,3160.0,True,低于阈值/需关注,0.966808662370127
1,不详,2023,11,2023-11,生产,花生仁/炒货坚果,花生米（小红）,43.5,2.13,0.00213,全国中位数默认值,低,True,省份无法匹配消费量，使用全国中位数默认值。,60.0,0.00154425,32.37817710862878,42.73919378338999,67.99417192812044,102.31503966326696,122.3895094706168,3160.0,True,低于阈值/需关注,0.978482856984772
8,不详,2023,11,2023-11,流通,花生仁/炒货坚果,花生米,269.0,2.13,0.00213,全国中位数默认值,低,True,省份无法匹配消费量，使用全国中位数默认值。,60.0,0.009549499999999999,5.235876223886068,6.91135661552961,10.995340070160742,16.545368867479976,19.791612126289337,3160.0,True,低于阈值/需关注,0.9965204620031137
71,不详,2023,11,2023-11,流通,花生仁/炒货坚果,红皮花生,54.3,2.13,0.00213,全国中位数默认值,低,True,省份无法匹配消费量，使用全国中位数默认值。,60.0,0.00192765,25.938318678183283,34.238580655201936,54.47046922418489,81.96508702305917,98.0468446035328,3160.0,True,低于阈值/需关注,0.982762509739182
74,不详,2023,11,2023-11,流通,花生仁/炒货坚果,花生,26.6,2.13,0.00213,全国中位数默认值,低,True,省份无法匹配消费量，使用全国中位数默认值。,60.0,0.0009443,52.94927459493805,69.89304246531823,111.1934766493699,167.31970772000423,200.14825796886583,3160.0,True,低于阈值/需关注,0.9648121909337437
75,不详,2023,11,2023-11,餐饮,花生仁/炒货坚果,花生,76.4,2.13,0.00213,全国中位数默认值,低,True,省份无法匹配消费量，使用全国中位数默认值。,60.0,0.0027122,18.43521864169309,24.334488607034878,38.713959147555485,58.255290907750165,69.68512646559988,3160.0,True,低于阈值/需关注,0.9877487471052039
76,不详,2023,11,2023-11,餐饮,花生仁/炒货坚果,生花生米,175.0,2.13,0.00213,全国中位数默认值,低,True,省份无法匹配消费量，使用全国中位数默认值。,60.0,0.006212499999999999,8.048289738430585,10.623742454728372,16.901408450704228,25.432595573440647,30.422535211267608,3160.0,True,低于阈值/需关注,0.994651453021929
53,不详,2023,11,2023-11,流通,花生仁/炒货坚果,白皮花生米,34.2,2.13,0.00213,全国中位数默认值,低,True,省份无法匹配消费量，使用全国中位数默认值。,60.0,0.0012141,41.18276912939626,54.36125525080306,86.48381517173213,130.13755044889217,155.67086730911785,3160.0,True,低于阈值/需关注,0.9726317040595784
5,不详,2023,11,2023-11,流通,花生仁/炒货坚果,红花生（生干籽类）,80.8,2.13,0.00213,全国中位数默认值,低,True,省份无法匹配消费量，使用全国中位数默认值。,60.0,0.0028683999999999997,17.43132059684842,23.009343187839914,36.60577325338168,55.08297308604101,65.89039185608702,3160.0,True,低于阈值/需关注,0.9884158945400691
55,不详,2023,11,2023-11,流通,花生仁/炒货坚果,花生,30.2,2.13,0.00213,全国中位数默认值,低,True,省份无法匹配消费量，使用全国中位数默认值。,60.0,0.0010720999999999999,46.63744053726332,61.56142150918759,97.93862512825297,147.3743120977521,176.28952523085536,3160.0,True,低于阈值/需关注,0.9690067641999199
56,不详,2023,11,2023-11,流通,花生仁/炒货坚果,花生,98.2,2.13,0.00213,全国中位数默认值,低,True,省份无法匹配消费量，使用全国中位数默认值。,60.0,0.0034861,14.342675195777518,18.932331258426323,30.119617911132785,45.32285361865696,54.21531224003902,3160.0,True,低于阈值/需关注,0.9904684753445782
28,不详,2023,11,2023-11,流通,花生仁/炒货坚果,新白花米(花生米),84.8,2.13,0.00213,全国中位数默认值,低,True,省份无法匹配消费量，使用全国中位数默认值。,60.0,0.0030103999999999994,16.609088493223496,21.923996811055016,34.87908583576934,52.48471963858624,62.78235450438481,3160.0,True,低于阈值/需关注,0.9889623146089338
30,不详,2023,11,2023-11,流通,花生仁/炒货坚果,散花生米,63.4,2.13,0.00213,全国中位数默认值,低,True,省份无法匹配消费量，使用全国中位数默认值。,60.0,0.0022507,22.215310792197982,29.324210245701337,46.65215266361576,70.20038210334563,83.97387479450838,3160.0,True,低于阈值/需关注,0.9852366605494887
67,不详,2023,11,2023-11,流通,花生仁/炒货坚果,花生米,98.6,2.13,0.00213,全国中位数默认值,低,True,省份无法匹配消费量，使用全国中位数默认值。,60.0,0.0035002999999999996,14.284489900865642,18.855526669142648,29.997428791817846,45.13898808673543,53.99537182527212,3160.0,True,低于阈值/需关注,0.9905071427873994
59,不详,2023,12,2023-12,餐饮,花生仁/炒货坚果,生花生米,34.0,2.13,0.00213,全国中位数默认值,低,True,省份无法匹配消费量，使用全国中位数默认值。,60.0,0.001207,41.42502071251036,54.68102734051367,86.99254349627175,130.90306545153274,156.58657829328916,3160.0,True,低于阈值/需关注,0.9724707140834584
60,不详,2023,12,2023-12,流通,花生仁/炒货坚果,花生米,962.0,2.13,0.00213,全国中位数默认值,低,True,省份无法匹配消费量，使用全国中位数默认值。,60.0,0.034151,1.4640859711282248,1.9325934818892565,3.0745805393692716,4.62651166876519,5.534244970864689,3160.0,True,低于阈值/需关注,0.9990270314748831
52,不详,2023,12,2023-12,流通,花生仁/炒货坚果,白花生米,199.0,2.13,0.00213,全国中位数默认值,低,True,省份无法匹配消费量，使用全国中位数默认值。,60.0,0.0070645,7.07764172977564,9.342487083303844,14.863047632528842,22.36534786609102,26.753485738551916,3160.0,True,低于阈值/需关注,0.9952965039137567
37,不详,2023,12,2023-12,流通,花生仁/炒货坚果,"散称
白皮
花生
米",32.7,2.13,0.00213,全国中位数默认值,低,True,省份无法匹配消费量，使用全国中位数默认值。,60.0,0.0011608500000000002,43.071886979368564,56.8548908127665,90.45096265667398,136.10716285480464,162.81173278201317,3160.0,True,低于阈值/需关注,0.971376277640293
89,不详,2023,12,2023-12,餐饮,花生仁/炒货坚果,生花生米,37.0,2.13,0.00213,全国中位数默认值,低,True,省份无法匹配消费量，使用全国中位数默认值。,60.0,0.0013134999999999998,38.06623524933385,50.24743052912068,79.93909402360107,120.28930338789496,143.89036924248194,3160.0,True,低于阈值/需关注,0.9747028183469616
5,不详,2023,12,2023-12,流通,花生仁/炒货坚果,生花生米,48.8,2.13,0.00213,全国中位数默认值,低,True,省份无法匹配消费量，使用全国中位数默认值。,60.0,0.0017323999999999998,28.861694758716236,38.09743708150543,60.60955899330409,91.20295543754331,109.09720618794736,3160.0,True,低于阈值/需关注,0.9808197598122455
37,不详,2023,12,2023-12,流通,花生仁/炒货坚果,花生米（生干籽类）,111.0,2.13,0.00213,全国中位数默认值,低,True,省份无法匹配消费量，使用全国中位数默认值。,60.0,0.0039405,12.68874508311128,16.74914350970689,26.646364674533686,40.09643446263164,47.96345641416063,3160.0,True,低于阈值/需关注,0.9915676061156539
90,不详,2023,12,2023-12,流通,花生仁/炒货坚果,白花生米,8.5,2.13,0.00213,全国中位数默认值,低,True,省份无法匹配消费量，使用全国中位数默认值。,60.0,0.00030175,165.70008285004144,218.7241093620547,347.970173985087,523.612261806131,626.3463131731567,3160.0,True,低于阈值/需关注,0.8898828563338332
80,不详,2023,12,2023-12,流通,花生仁/炒货坚果,生花生米,41.0,2.13,0.00213,全国中位数默认值,低,True,省份无法匹配消费量，使用全国中位数默认值。,60.0,0.0014554999999999998,34.35245620061835,45.34524218481622,72.14015802129853,108.553761593954,129.85228443833736,3160.0,True,低于阈值/需关注,0.9771708360692093
90,不详,2023,12,2023-12,流通,花生仁/炒货坚果,生干籽类(生花生米),598.0,2.13,0.00213,全国中位数默认值,低,True,省份无法匹配消费量，使用全国中位数默认值。,60.0,0.021228999999999998,2.3552687361627966,3.1089547317348916,4.946064345941872,7.442649206274437,8.90291582269537,3160.0,True,低于阈值/需关注,0.9984347897639424
29,不详,2023,12,2023-12,流通,花生仁/炒货坚果,花生仁,90.6,2.13,0.00213,全国中位数默认值,低,True,省份无法匹配消费量，使用全国中位数默认值。,60.0,0.0032162999999999996,15.545813512421107,20.520473836395862,32.646208376084324,49.124770699250696,58.76317507695178,3160.0,True,低于阈值/需关注,0.9896689213999733
45,不详,2023,12,2023-12,流通,花生仁/炒货坚果,散花生米,179.0,2.13,0.00213,全国中位数默认值,低,True,省份无法匹配消费量，使用全国中位数默认值。,60.0,0.0063545,7.868439688409789,10.386340388700921,16.523723345660557,24.86426941537493,29.742702022189,3160.0,True,低于阈值/需关注,0.9947709736247909
56,不详,2023,12,2023-12,流通,花生仁/炒货坚果,Y3散花生米R+,112.0,2.13,0.00213,全国中位数默认值,低,True,省份无法匹配消费量，使用全国中位数默认值。,60.0,0.0039759999999999995,12.57545271629779,16.59959758551308,26.408450704225356,39.738430583501014,47.53521126760564,3160.0,True,低于阈值/需关注,0.9916428953467642
57,不详,2023,12,2023-12,流通,花生仁/炒货坚果,花生米,23.4,2.13,0.00213,全国中位数默认值,低,True,省份无法匹配消费量，使用全国中位数默认值。,60.0,0.0008307,60.190201035271464,79.45106536655832,126.39942217407007,190.2010352714578,227.5189599133261,3160.0,True,低于阈值/需关注,0.960000182856307
59,不详,2023,12,2023-12,流通,花生仁/炒货坚果,四粒红花生米（生）,26.4,2.13,0.00213,全国中位数默认值,低,True,省份无法匹配消费量，使用全国中位数默认值。,60.0,0.0009371999999999999,53.35040546308153,70.42253521126761,112.0358514724712,168.58728126333762,201.66453265044817,3160.0,True,低于阈值/需关注,0.9645456166226357
3,不详,2023,12,2023-12,流通,花生仁/炒货坚果,白花生（生干籽类）,44.1,2.13,0.00213,全国中位数默认值,低,True,省份无法匹配消费量，使用全国中位数默认值。,60.0,0.00156555,31.937657692184857,42.15770815368401,67.0690811535882,100.92299830730414,120.72434607645876,3160.0,True,低于阈值/需关注,0.9787756072298771
45,不详,2023,12,2023-12,流通,花生仁/炒货坚果,花生米,97.6,2.13,0.00213,全国中位数默认值,低,True,省份无法匹配消费量，使用全国中位数默认值。,60.0,0.0034647999999999997,14.430847379358118,19.048718540752716,30.304779496652046,45.601477718771655,54.54860309397368,3160.0,True,低于阈值/需关注,0.9904098799061228
34,不详,2023,12,2023-12,流通,花生仁/炒货坚果,白皮花生,41.1,2.13,0.00213,全国中位数默认值,低,True,省份无法匹配消费量，使用全国中位数默认值。,60.0,0.00145905,34.26887358212536,45.23491312840547,71.96463452246324,108.28964051951613,129.53634214043385,3160.0,True,低于阈值/需关注,0.9772263814802331
35,不详,2023,12,2023-12,流通,花生仁/炒货坚果,生花生米,26.6,2.13,0.00213,全国中位数默认值,低,True,省份无法匹配消费量，使用全国中位数默认值。,60.0,0.0009443,52.94927459493805,69.89304246531823,111.1934766493699,167.31970772000423,200.14825796886583,3160.0,True,低于阈值/需关注,0.9648121909337437
36,不详,2023,12,2023-12,流通,花生仁/炒货坚果,生花生米,190.0,2.13,0.00213,全国中位数默认值,低,True,省份无法匹配消费量，使用全国中位数默认值。,60.0,0.006745,7.412898443291327,9.785025945144552,15.567086730911786,23.424759080800595,28.020756115641216,3160.0,True,低于阈值/需关注,0.9950737067307242
87,不详,2023,12,2023-12,流通,花生仁/炒货坚果,花生（大花生）,221.0,2.13,0.00213,全国中位数默认值,低,True,省份无法匹配消费量，使用全国中位数默认值。,60.0,0.0078455,6.3730801096169785,8.412465744694412,13.383468230195653,20.13893314638965,24.090242814352177,3160.0,True,低于阈值/需关注,0.9957647252436089
88,不详,2023,12,2023-12,流通,花生仁/炒货坚果,花生（小花生）,377.0,2.13,0.00213,全国中位数默认值,低,True,省份无法匹配消费量，使用全国中位数默认值。,60.0,0.0133835,3.735943512534091,4.931445436545,7.84548137632159,11.805581499607726,14.121866477378862,3160.0,True,低于阈值/需关注,0.9975172527290121
89,不详,2023,12,2023-12,流通,花生仁/炒货坚果,生花生米,145.0,2.13,0.00213,全国中位数默认值,低,True,省份无法匹配消费量，使用全国中位数默认值。,60.0,0.0051475,9.713453132588635,12.821758135017,20.39825157843613,30.694511898980085,36.71685284118504,3160.0,True,低于阈值/需关注,0.9935448570954316
90,不详,2023,12,2023-12,流通,花生仁/炒货坚果,红花生,241.0,2.13,0.00213,全国中位数默认值,低,True,省份无法匹配消费量，使用全国中位数默认值。,60.0,0.008555499999999999,5.844193793466192,7.714335807375374,12.272806966279003,18.467652387353166,22.091052539302208,3160.0,True,低于阈值/需关注,0.9961162003271269
91,不详,2023,12,2023-12,流通,花生仁/炒货坚果,小花生米,48.5,2.13,0.00213,全国中位数默认值,低,True,省份无法匹配消费量，使用全国中位数默认值。,60.0,0.00172175,29.040220705677367,38.333091331494124,60.98446348192246,91.76709742994046,109.77203426746044,3160.0,True,低于阈值/需关注,0.9807011191512904
55,不详,2023,12,2023-12,流通,花生仁/炒货坚果,花生米（生干籽类）,96.5,2.13,0.00213,全国中位数默认值,低,True,省份无法匹配消费量，使用全国中位数默认值。,60.0,0.00342575,14.59534408523681,19.265854192512588,30.650222578997298,46.12128730934832,55.17040064219514,3160.0,True,低于阈值/需关注,0.9903005624750009
44,不详,2023,12,2023-12,流通,花生仁/炒货坚果,散装花生米,348.0,2.13,0.00213,全国中位数默认值,低,True,省份无法匹配消费量，使用全国中位数默认值。,60.0,0.012354,4.047272138578598,5.342399222923749,8.499271491015055,12.78937995790837,15.2986886838271,3160.0,True,低于阈值/需关注,0.9973103571230966
96,不详,2023,12,2023-12,流通,花生仁/炒货坚果,花生籽,41.0,2.13,0.00213,全国中位数默认值,低,True,省份无法匹配消费量，使用全国中位数默认值。,60.0,0.0014554999999999998,34.35245620061835,45.34524218481622,72.14015802129853,108.553761593954,129.85228443833736,3160.0,True,低于阈值/需关注,0.9771708360692093
74,不详,2023,12,2023-12,流通,花生仁/炒货坚果,花生米,125.0,2.13,0.00213,全国中位数默认值,低,True,省份无法匹配消费量，使用全国中位数默认值。,60.0,0.0044375,11.267605633802818,14.87323943661972,23.661971830985916,35.605633802816904,42.591549295774655,3160.0,True,低于阈值/需关注,0.9925120342307007
75,不详,2023,12,2023-12,流通,花生仁/炒货坚果,花生米,113.0,2.13,0.00213,全国中位数默认值,低,True,省份无法匹配消费量，使用全国中位数默认值。,60.0,0.0040114999999999994,12.464165524118163,16.452698491835974,26.17474760064814,39.38676305621339,47.11454568116665,3160.0,True,低于阈值/需关注,0.9917168520251114
26,不详,2023,12,2023-12,流通,花生仁/炒货坚果,花生米,237.0,2.13,0.00213,全国中位数默认值,低,True,省份无法匹配消费量，使用全国中位数默认值。,60.0,0.008413499999999999,5.942829975634398,7.844535567837405,12.479942948832235,18.779342723004696,22.463897307898023,3160.0,True,低于阈值/需关注,0.9960506509655594
106,不详,2023,12,2023-12,流通,花生仁/炒货坚果,生花生仁,38.8,2.13,0.00213,全国中位数默认值,低,True,省份无法匹配消费量，使用全国中位数默认值。,60.0,0.0013774,36.300275882096706,47.91636416436765,76.23057935240308,114.7088717874256,137.21504283432554,3160.0,True,低于阈值/需关注,0.975876398939113
26,不详,2024,1,2024-01,流通,花生仁/炒货坚果,庄选花生米,392.0,2.13,0.00213,全国中位数默认值,低,True,省份无法匹配消费量，使用全国中位数默认值。,60.0,0.013916,3.5929864903707966,4.742742167289451,7.545271629778672,11.353837309571716,13.58148893360161,3160.0,True,低于阈值/需关注,0.9976122558133612
45,不详,2024,1,2024-01,流通,花生仁/炒货坚果,白花生米,334.0,2.13,0.00213,全国中位数默认值,低,True,省份无法匹配消费量，使用全国中位数默认值。,60.0,0.011857,4.216918276123809,5.566332124483428,8.855528379859999,13.325461752551236,15.939951083747998,3160.0,True,低于阈值/需关注,0.9971976176013101
29,不详,2024,1,2024-01,流通,花生仁/炒货坚果,生花生仁,38.9,2.13,0.00213,全国中位数默认值,低,True,省份无法匹配消费量，使用全国中位数默认值。,60.0,0.00138095,36.206958977515484,47.793185850320434,76.0346138527825,114.41399036894892,136.86230493500852,3160.0,True,低于阈值/需关注,0.975938413337727
7,河南,2024,1,2024-01,流通,花生仁/炒货坚果,花生仁,32.0,4.29,0.00429,同省最近年份(2022),中,True,消费量数据年份未覆盖当前面板年份，使用同省最近年份。,60.0,0.002288,21.853146853146853,28.846153846153847,45.891608391608386,69.05594405594405,82.6048951048951,3160.0,True,低于阈值/需关注,0.9854773391165796
15,不详,2024,1,2024-01,流通,花生仁/炒货坚果,生花生米,70.8,2.13,0.00213,全国中位数默认值,低,True,省份无法匹配消费量，使用全国中位数默认值。,60.0,0.0025134,19.89337152860667,26.259250417760803,41.77608021007401,62.86305403039707,75.19694437813321,3160.0,True,低于阈值/需关注,0.9867797214525083
7,不详,2024,1,2024-01,流通,花生仁/炒货坚果,花生（生干籽类）,108.0,2.13,0.00213,全国中位数默认值,低,True,省份无法匹配消费量，使用全国中位数默认值。,60.0,0.0038339999999999997,13.041210224308818,17.21439749608764,27.386541471048513,41.21022430881586,49.29577464788733,3160.0,True,低于阈值/需关注,0.9913333729521998
16,不详,2024,1,2024-01,流通,花生仁/炒货坚果,花生,24.0,2.13,0.00213,全国中位数默认值,低,True,省份无法匹配消费量，使用全国中位数默认值。,60.0,0.000852,58.68544600938967,77.46478873239437,123.2394366197183,185.44600938967136,221.83098591549296,3160.0,True,低于阈值/需关注,0.9610001782848994
17,不详,2024,1,2024-01,流通,花生仁/炒货坚果,花生米,216.0,2.13,0.00213,全国中位数默认值,低,True,省份无法匹配消费量，使用全国中位数默认值。,60.0,0.0076679999999999995,6.520605112154409,8.60719874804382,13.693270735524257,20.60511215440793,24.647887323943664,3160.0,True,低于阈值/需关注,0.9956666864761
9,不详,2024,1,2024-01,餐饮,花生仁/炒货坚果,花生,234.0,2.13,0.00213,全国中位数默认值,低,True,省份无法匹配消费量，使用全国中位数默认值。,60.0,0.008307,6.019020103527146,7.945106536655833,12.639942217407006,19.020103527145782,22.75189599133261,3160.0,True,低于阈值/需关注,0.9960000182856307
31,不详,2024,1,2024-01,流通,花生仁/炒货坚果,花生米,125.0,2.13,0.00213,全国中位数默认值,低,True,省份无法匹配消费量，使用全国中位数默认值。,60.0,0.0044375,11.267605633802818,14.87323943661972,23.661971830985916,35.605633802816904,42.591549295774655,3160.0,True,低于阈值/需关注,0.9925120342307007
32,不详,2024,1,2024-01,流通,花生仁/炒货坚果,红皮花生米,148.0,2.13,0.00213,全国中位数默认值,低,True,省份无法匹配消费量，使用全国中位数默认值。,60.0,0.005253999999999999,9.516558812333463,12.56185763228017,19.984773505900268,30.07232584697374,35.972592310620485,3160.0,True,低于阈值/需关注,0.9936757045867405
33,不详,2024,1,2024-01,流通,花生仁/炒货坚果,散装红皮花生,201.0,2.13,0.00213,全国中位数默认值,低,True,省份无法匹配消费量，使用全国中位数默认值。,60.0,0.0071355,7.007217433956976,9.249527012823208,14.715156611309647,22.142807091304043,26.487281900357367,3160.0,True,低于阈值/需关注,0.9953433048698387
34,不详,2024,1,2024-01,流通,花生仁/炒货坚果,小花生米,247.0,2.13,0.00213,全国中位数默认值,低,True,省份无法匹配消费量，使用全国中位数默认值。,60.0,0.0087685,5.702229571762559,7.526943034726578,11.974682100701374,18.019045446769688,21.554427781262472,3160.0,True,低于阈值/需关注,0.9962105436390185
21,不详,2024,2,2024-02,流通,花生仁/炒货坚果,花生米,48.7,2.13,0.00213,全国中位数默认值,低,True,省份无法匹配消费量，使用全国中位数默认值。,60.0,0.00172885,28.92095901900107,38.17566590508141,60.73401393990224,91.39023050004337,109.32122509182403,3160.0,True,低于阈值/需关注,0.980780375335474
7,不详,2024,2,2024-02,流通,花生仁/炒货坚果,生花生米,79.3,2.13,0.00213,全国中位数默认值,低,True,省份无法匹配消费量，使用全国中位数默认值。,60.0,0.00281515,17.76104292844076,23.4445766655418,37.298190149725585,56.12489565387279,67.13674226950606,3160.0,True,低于阈值/需关注,0.9881967752690742
10,不详,2024,2,2024-02,餐饮,花生仁/炒货坚果,生花生米,737.0,2.13,0.00213,全国中位数默认值,低,True,省份无法匹配消费量，使用全国中位数默认值。,60.0,0.0261635,1.9110593001700844,2.5225982762245116,4.013224530357177,6.0389473885374665,7.223804154642919,3160.0,True,低于阈值/需关注,0.9987299922372288
3,不详,2024,2,2024-02,流通,花生仁/炒货坚果,生干花生米,227.0,2.13,0.00213,全国中位数默认值,低,True,省份无法匹配消费量，使用全国中位数默认值。,60.0,0.0080585,6.20462865297512,8.190109821927159,13.029720171247751,19.60662654340138,23.453496308245953,3160.0,True,低于阈值/需关注,0.9958766708318836
4,不详,2024,2,2024-02,流通,花生仁/炒货坚果,生花生米,500.0,2.13,0.00213,全国中位数默认值,低,True,省份无法匹配消费量，使用全国中位数默认值。,60.0,0.01775,2.8169014084507045,3.71830985915493,5.915492957746479,8.901408450704226,10.647887323943664,3160.0,True,低于阈值/需关注,0.9981280085576751
1,不详,2024,2,2024-02,流通,花生仁/炒货坚果,红皮花生,91.3,2.13,0.00213,全国中位数默认值,低,True,省份无法匹配消费量，使用全国中位数默认值。,60.0,0.00324115,15.42662326643321,20.36314271169184,32.39590885950974,48.748129521928945,58.312635947117535,3160.0,True,低于阈值/需关注,0.9897481301077501
2,不详,2024,2,2024-02,流通,花生仁/炒货坚果,红皮花生,470.0,2.13,0.00213,全国中位数默认值,低,True,省份无法匹配消费量，使用全国中位数默认值。,60.0,0.016685,2.9967036260113877,3.955648786335032,6.293077614623914,9.469583458195986,11.327539706323046,3160.0,True,低于阈值/需关注,0.9980085197422076
3,不详,2024,2,2024-02,流通,花生仁/炒货坚果,红皮花生,166.0,2.13,0.00213,全国中位数默认值,低,True,省份无法匹配消费量，使用全国中位数默认值。,60.0,0.005893,8.484642796538267,11.19972849143051,17.817749872730356,26.81147123706092,32.07194977091464,3160.0,True,低于阈值/需关注,0.9943614715592625
4,不详,2024,2,2024-02,流通,花生仁/炒货坚果,红皮花生,92.5,2.13,0.00213,全国中位数默认值,低,True,省份无法匹配消费量，使用全国中位数默认值。,60.0,0.00328375,15.226494099733536,20.098972211648267,31.975637609440422,48.11572135515797,57.55614769699277,3160.0,True,低于阈值/需关注,0.9898811273387846
5,不详,2024,2,2024-02,流通,花生仁/炒货坚果,红皮花生,53.8,2.13,0.00213,全国中位数默认值,低,True,省份无法匹配消费量，使用全国中位数默认值。,60.0,0.0019098999999999997,26.179381119430342,34.55678307764805,54.97670035080371,82.72684433739988,98.95806063144668,3160.0,True,低于阈值/需关注,0.9826023100155684
6,不详,2024,2,2024-02,流通,花生仁/炒货坚果,红皮花生,66.2,2.13,0.00213,全国中位数默认值,低,True,省份无法匹配消费量，使用全国中位数默认值。,60.0,0.0023501,21.275690396153358,28.083911322922432,44.67894983192205,67.23118165184461,80.42210969745969,3160.0,True,低于阈值/需关注,0.9858610918253411
22,不详,2024,2,2024-02,流通,花生仁/炒货坚果,花生米,245.0,2.13,0.00213,全国中位数默认值,低,True,省份无法匹配消费量，使用全国中位数默认值。,60.0,0.0086975,5.748778384593274,7.5883874676631216,12.072434607645874,18.166139695314744,21.730382293762574,3160.0,True,低于阈值/需关注,0.9961796093013779
6,不详,2024,3,2024-03,其他,花生仁/炒货坚果,花生米,198.0,2.13,0.00213,全国中位数默认值,低,True,省份无法匹配消费量，使用全国中位数默认值。,60.0,0.007029,7.113387395077536,9.389671361502348,14.938113529662825,22.478304168445014,26.888604353393088,3160.0,True,低于阈值/需关注,0.995272748883018
7,不详,2024,3,2024-03,其他,花生仁/炒货坚果,散称红花生米,53.5,2.13,0.00213,全国中位数默认值,低,True,省份无法匹配消费量，使用全国中位数默认值。,60.0,0.0018992500000000001,26.32618138738976,34.75055943135448,55.28498091351849,83.19073318415164,99.51296564433328,3160.0,True,低于阈值/需关注,0.9825047528754688
22,不详,2024,3,2024-03,流通,花生仁/炒货坚果,红皮花生米,532000.0,2.13,0.00213,全国中位数默认值,低,True,省份无法匹配消费量，使用全国中位数默认值。,60.0,18.886000000000003,0.0026474637297469023,0.003494652123265911,0.0055596738324684945,0.00836598538600021,0.01000741289844329,3160.0,True,低于阈值/需关注,0.9999982406095467
23,不详,2024,3,2024-03,流通,花生仁/炒货坚果,铜仁花生米,331000.0,2.13,0.00213,全国中位数默认值,低,True,省份无法匹配消费量，使用全国中位数默认值。,60.0,11.750499999999999,0.004255138079230672,0.005616782264584487,0.00893578996638441,0.013446236330368922,0.016084421939491937,3160.0,True,低于阈值/需关注,0.999997172218365
24,不详,2024,3,2024-03,流通,花生仁/炒货坚果,小花生米,23500.0,2.13,0.00213,全国中位数默认值,低,True,省份无法匹配消费量，使用全国中位数默认值。,60.0,0.83425,0.05993407252022775,0.07911297572670063,0.12586155229247825,0.18939166916391967,0.22655079412646087,3160.0,True,低于阈值/需关注,0.9999601703948442
25,不详,2024,3,2024-03,流通,花生仁/炒货坚果,红皮花生米,34600.0,2.13,0.00213,全国中位数默认值,低,True,省份无法匹配消费量，使用全国中位数默认值。,60.0,1.2283,0.04070666775217781,0.05373280143287471,0.0854840022795734,0.12863307009688188,0.15387120410323213,3160.0,True,低于阈值/需关注,0.9999729481005445
6,不详,2024,3,2024-03,流通,花生仁/炒货坚果,花生米,8.1,2.13,0.00213,全国中位数默认值,低,True,省份无法匹配消费量，使用全国中位数默认值。,60.0,0.00028754999999999997,173.88280299078423,229.5252999478352,365.1538862806469,549.4696574508781,657.2769953051644,3160.0,True,低于阈值/需关注,0.8844449726959978
11,不详,2024,3,2024-03,流通,花生仁/炒货坚果,生花生米,130.0,2.13,0.00213,全国中位数默认值,低,True,省份无法匹配消费量，使用全国中位数默认值。,60.0,0.004614999999999999,10.834236186348864,14.301191765980501,22.751895991332614,34.23618634886241,40.95341278439871,3160.0,True,低于阈值/需关注,0.9928000329141352
12,不详,2024,3,2024-03,流通,花生仁/炒货坚果,生花生米,97.6,2.13,0.00213,全国中位数默认值,低,True,省份无法匹配消费量，使用全国中位数默认值。,60.0,0.0034647999999999997,14.430847379358118,19.048718540752716,30.304779496652046,45.601477718771655,54.54860309397368,3160.0,True,低于阈值/需关注,0.9904098799061228
13,不详,2024,3,2024-03,流通,花生仁/炒货坚果,生花生米,323.0,2.13,0.00213,全国中位数默认值,低,True,省份无法匹配消费量，使用全国中位数默认值。,60.0,0.0114665,4.360528496053722,5.755897614790913,9.157109841712815,13.779270047529762,16.48279771508307,3160.0,True,低于阈值/需关注,0.9971021804298377
70,河北,2024,3,2024-03,流通,花生仁/炒货坚果,花生仁,416.0,2.2,0.0022,同省最近年份(2022),中,True,消费量数据年份未覆盖当前面板年份，使用同省最近年份。,60.0,0.015253333333333334,3.277972027972028,4.326923076923077,6.883741258741258,10.358391608391608,12.390734265734265,3160.0,True,低于阈值/需关注,0.997821600867487
71,不详,2024,3,2024-03,流通,花生仁/炒货坚果,生花生米,923.0,2.13,0.00213,全国中位数默认值,低,True,省份无法匹配消费量，使用全国中位数默认值。,60.0,0.0327665,1.525948758640685,2.0142523614057044,3.2044923931454385,4.821998077304564,5.76808630766179,3160.0,True,低于阈值/需关注,0.9989859201287515
48,不详,2024,3,2024-03,流通,花生仁/炒货坚果,花生米（生干籽类）,391.0,2.13,0.00213,全国中位数默认值,低,True,省份无法匹配消费量，使用全国中位数默认值。,60.0,0.013880499999999999,3.6021757141313357,4.754871942653363,7.564568999675805,11.382875256655021,13.616224199416449,3160.0,True,低于阈值/需关注,0.9976061490507355
10,不详,2024,4,2024-04,流通,花生仁/炒货坚果,生花生米,279.0,2.13,0.00213,全国中位数默认值,低,True,省份无法匹配消费量，使用全国中位数默认值。,60.0,0.0099045,5.048210409409864,6.663637740421021,10.601241859760714,15.952344893735171,19.082235347569288,3160.0,True,低于阈值/需关注,0.996645176626658
1,不详,2024,4,2024-04,流通,花生仁/炒货坚果,花生,198.0,2.13,0.00213,全国中位数默认值,低,True,省份无法匹配消费量，使用全国中位数默认值。,60.0,0.007029,7.113387395077536,9.389671361502348,14.938113529662825,22.478304168445014,26.888604353393088,3160.0,True,低于阈值/需关注,0.995272748883018
7,不详,2024,4,2024-04,流通,花生仁/炒货坚果,花生米,70.9,2.13,0.00213,全国中位数默认值,低,True,省份无法匹配消费量，使用全国中位数默认值。,60.0,0.00251695,19.86531317666223,26.222213393194146,41.71715767099068,62.77438963825265,75.09088380778323,3160.0,True,低于阈值/需关注,0.9867983678256359
54,不详,2024,4,2024-04,流通,花生仁/炒货坚果,花生米,79.3,2.13,0.00213,全国中位数默认值,低,True,省份无法匹配消费量，使用全国中位数默认值。,60.0,0.00281515,17.76104292844076,23.4445766655418,37.298190149725585,56.12489565387279,67.13674226950606,3160.0,True,低于阈值/需关注,0.9881967752690742
3,不详,2024,4,2024-04,流通,花生仁/炒货坚果,花生米,24.1,2.13,0.00213,全国中位数默认值,低,True,省份无法匹配消费量，使用全国中位数默认值。,60.0,0.0008555500000000001,58.441937934661915,77.14335807375372,122.72806966279,184.67652387353164,220.91052539302203,3160.0,True,低于阈值/需关注,0.961162003271269
6,不详,2024,4,2024-04,流通,花生仁/炒货坚果,生花生米（生干籽类）,208.0,2.13,0.00213,全国中位数默认值,低,True,省份无法匹配消费量，使用全国中位数默认值。,60.0,0.007384,6.77139761646804,8.938244853737812,14.219934994582882,21.397616468039004,25.595882990249187,3160.0,True,低于阈值/需关注,0.9955000205713346
1,不详,2024,4,2024-04,流通,花生仁/炒货坚果,花生米,32.1,2.13,0.00213,全国中位数默认值,低,True,省份无法匹配消费量，使用全国中位数默认值。,60.0,0.00113955,43.87696897898293,57.91759905225747,92.14163485586415,138.65122197358608,165.8549427405555,3160.0,True,低于阈值/需关注,0.9708412547924481
2,不详,2024,4,2024-04,餐饮,花生仁/炒货坚果,花生米,152.0,2.13,0.00213,全国中位数默认值,低,True,省份无法匹配消费量，使用全国中位数默认值。,60.0,0.005396,9.266123054114159,12.23128243143069,19.45885841363973,29.280948851000744,35.02594514455152,3160.0,True,低于阈值/需关注,0.9938421334134052
3,不详,2024,4,2024-04,流通,花生仁/炒货坚果,生花生米,39.2,2.13,0.00213,全国中位数默认值,低,True,省份无法匹配消费量，使用全国中位数默认值。,60.0,0.0013916,35.929864903707966,47.42742167289451,75.45271629778672,113.53837309571716,135.8148893360161,3160.0,True,低于阈值/需关注,0.9761225581336118
4,不详,2024,4,2024-04,流通,花生仁/炒货坚果,生花生米,69.0,2.13,0.00213,全国中位数默认值,低,True,省份无法匹配消费量，使用全国中位数默认值。,60.0,0.0024495,20.412329046744237,26.944274341702393,42.86589099816289,64.50295978771179,77.15860379669321,3160.0,True,低于阈值/需关注,0.9864348446208345
34,不详,2024,4,2024-04,流通,花生仁/炒货坚果,花生米,32.1,2.13,0.00213,全国中位数默认值,低,True,省份无法匹配消费量，使用全国中位数默认值。,60.0,0.00113955,43.87696897898293,57.91759905225747,92.14163485586415,138.65122197358608,165.8549427405555,3160.0,True,低于阈值/需关注,0.9708412547924481
35,不详,2024,4,2024-04,餐饮,花生仁/炒货坚果,花生米,152.0,2.13,0.00213,全国中位数默认值,低,True,省份无法匹配消费量，使用全国中位数默认值。,60.0,0.005396,9.266123054114159,12.23128243143069,19.45885841363973,29.280948851000744,35.02594514455152,3160.0,True,低于阈值/需关注,0.9938421334134052
36,不详,2024,4,2024-04,流通,花生仁/炒货坚果,生花生米,39.2,2.13,0.00213,全国中位数默认值,低,True,省份无法匹配消费量，使用全国中位数默认值。,60.0,0.0013916,35.929864903707966,47.42742167289451,75.45271629778672,113.53837309571716,135.8148893360161,3160.0,True,低于阈值/需关注,0.9761225581336118
37,不详,2024,4,2024-04,流通,花生仁/炒货坚果,生花生米,69.0,2.13,0.00213,全国中位数默认值,低,True,省份无法匹配消费量，使用全国中位数默认值。,60.0,0.0024495,20.412329046744237,26.944274341702393,42.86589099816289,64.50295978771179,77.15860379669321,3160.0,True,低于阈值/需关注,0.9864348446208345
43,不详,2024,4,2024-04,流通,花生仁/炒货坚果,红皮花生,302.0,2.13,0.00213,全国中位数默认值,低,True,省份无法匹配消费量，使用全国中位数默认值。,60.0,0.010721,4.663744053726332,6.156142150918758,9.793862512825296,14.737431209775208,17.628952523085534,3160.0,True,低于阈值/需关注,0.9969006764199919
44,不详,2024,4,2024-04,流通,花生仁/炒货坚果,红皮花生,47.3,2.13,0.00213,全国中位数默认值,低,True,省份无法匹配消费量，使用全国中位数默认值。,60.0,0.00167915,29.776970491022247,39.30560104814936,62.53163803114671,94.09522675163029,112.55694845606409,3160.0,True,低于阈值/需关注,0.9802115069521687
5,不详,2024,4,2024-04,流通,花生仁/炒货坚果,花生米,78.2,2.13,0.00213,全国中位数默认值,低,True,省份无法匹配消费量，使用全国中位数默认值。,60.0,0.0027760999999999997,18.01087857065668,23.77435971326682,37.822844998379026,56.914376283275104,68.08112099708225,3160.0,True,低于阈值/需关注,0.9880307452536775
19,不详,2024,4,2024-04,流通,花生仁/炒货坚果,花生米,42.0,2.13,0.00213,全国中位数默认值,低,True,省份无法匹配消费量，使用全国中位数默认值。,60.0,0.001491,33.5345405767941,44.26559356136821,70.4225352112676,105.96914822266936,126.7605633802817,3160.0,True,低于阈值/需关注,0.977714387591371
20,不详,2024,4,2024-04,流通,花生仁/炒货坚果,红花生,128.0,2.13,0.00213,全国中位数默认值,低,True,省份无法匹配消费量，使用全国中位数默认值。,60.0,0.004544,11.003521126760564,14.524647887323944,23.10739436619718,34.77112676056338,41.59330985915493,3160.0,True,低于阈值/需关注,0.9926875334284186
36,不详,2024,5,2024-05,流通,花生仁/炒货坚果,生花生米,120.0,2.13,0.00213,全国中位数默认值,低,True,省份无法匹配消费量，使用全国中位数默认值。,60.0,0.00426,11.737089201877936,15.492957746478874,24.64788732394366,37.08920187793427,44.36619718309859,3160.0,True,低于阈值/需关注,0.9922000356569799
33,不详,2024,5,2024-05,流通,花生仁/炒货坚果,散花生米,72.1,2.13,0.00213,全国中位数默认值,低,True,省份无法匹配消费量，使用全国中位数默认值。,60.0,0.00255955,19.534683831142196,25.7857826571077,41.022836045398606,61.72960090640933,73.8411048817175,3160.0,True,低于阈值/需关注,0.9870180898590512
98,不详,2024,5,2024-05,流通,花生仁/炒货坚果,大花生米,1.7,2.13,0.00213,全国中位数默认值,低,True,省份无法匹配消费量，使用全国中位数默认值。,60.0,6.0349999999999996e-05,828.5004142502072,1093.6205468102735,1739.850869925435,2618.0613090306547,3131.731565865783,3160.0,True,低于阈值/需关注,0.44941428166916614
16,不详,2024,5,2024-05,流通,花生仁/炒货坚果,花生米（生干籽类）,350.0,2.13,0.00213,全国中位数默认值,低,True,省份无法匹配消费量，使用全国中位数默认值。,60.0,0.012424999999999999,4.024144869215292,5.311871227364186,8.450704225352114,12.716297786720324,15.211267605633804,3160.0,True,低于阈值/需关注,0.9973257265109645
36,不详,2024,5,2024-05,流通,花生仁/炒货坚果,"花生米
（生）",49.7,2.13,0.00213,全国中位数默认值,低,True,省份无法匹配消费量，使用全国中位数默认值。,60.0,0.00176435,28.339048374755578,37.407543854677364,59.512001586986706,89.55139286422762,107.12160285657608,3160.0,True,低于阈值/需关注,0.981167088105384
2,不详,2024,5,2024-05,餐饮,花生仁/炒货坚果,花生米(生),65.1,2.13,0.00213,全国中位数默认值,低,True,省份无法匹配消费量，使用全国中位数默认值。,60.0,0.00231105,21.63518746889942,28.558447458947235,45.433893684688776,68.36719240172216,81.78100863243981,3160.0,True,低于阈值/需关注,0.98562218554282
19,不详,2024,5,2024-05,流通,花生仁/炒货坚果,生花生米,116.0,2.13,0.00213,全国中位数默认值,低,True,省份无法匹配消费量，使用全国中位数默认值。,60.0,0.004118,12.141816415735795,16.027197668771247,25.497814473045167,38.368139873725106,45.8960660514813,3160.0,True,低于阈值/需关注,0.9919310713692895
20,不详,2024,5,2024-05,流通,花生仁/炒货坚果,生花生米,42.6,2.13,0.00213,全国中位数默认值,低,True,省份无法匹配消费量，使用全国中位数默认值。,60.0,0.0015123,33.06222310388151,43.642134497123585,69.43066851815115,104.47662500826556,124.97520333267208,3160.0,True,低于阈值/需关注,0.9780282694562814
23,不详,2024,5,2024-05,餐饮,花生仁/炒货坚果,花生米,183.0,2.13,0.00213,全国中位数默认值,低,True,省份无法匹配消费量，使用全国中位数默认值。,60.0,0.0064965,7.696451935657663,10.159316555068115,16.16254906488109,24.320788116678212,29.092588316785964,3160.0,True,低于阈值/需关注,0.9948852692832655
7,不详,2024,5,2024-05,餐饮,花生仁/炒货坚果,花生米,131.0,2.13,0.00213,全国中位数默认值,低,True,省份无法匹配消费量，使用全国中位数默认值。,60.0,0.0046505,10.751532093323299,14.192022363186755,22.578217395978925,33.974841414901626,40.64079131276207,3160.0,True,低于阈值/需关注,0.9928549944949434
20,不详,2024,5,2024-05,流通,花生仁/炒货坚果,红彩花生米,72.6,2.13,0.00213,全国中位数默认值,低,True,省份无法匹配消费量，使用全国中位数默认值。,60.0,0.0025773,19.400147441120556,25.608194622279132,40.74030962635316,61.30446591394095,73.3325573274357,3160.0,True,低于阈值/需关注,0.9871074969536856
21,不详,2024,5,2024-05,流通,花生仁/炒货坚果,红花生米,201.0,2.13,0.00213,全国中位数默认值,低,True,省份无法匹配消费量，使用全国中位数默认值。,60.0,0.0071355,7.007217433956976,9.249527012823208,14.715156611309647,22.142807091304043,26.487281900357367,3160.0,True,低于阈值/需关注,0.9953433048698387
30,不详,2024,5,2024-05,餐饮,花生仁/炒货坚果,生花生米,30.3,2.13,0.00213,全国中位数默认值,低,True,省份无法匹配消费量，使用全国中位数默认值。,60.0,0.00107565,46.48352159159578,61.35824850090643,97.61539534235114,146.88792822944265,175.70771161623205,3160.0,True,低于阈值/需关注,0.9691090521068508
9,不详,2024,5,2024-05,流通,花生仁/炒货坚果,生花生米,155.0,2.13,0.00213,全国中位数默认值,低,True,省份无法匹配消费量，使用全国中位数默认值。,60.0,0.0055025,9.086778736937756,11.99454793275784,19.082235347569288,28.71422080872331,34.34802362562472,3160.0,True,低于阈值/需关注,0.9939613179279845
12,不详,2024,5,2024-05,流通,花生仁/炒货坚果,生花生米,67.6,2.13,0.00213,全国中位数默认值,低,True,省份无法匹配消费量，使用全国中位数默认值。,60.0,0.0023997999999999997,20.83506958913243,27.50229185765481,43.7536461371781,65.83881990165848,78.75656304692059,3160.0,True,低于阈值/需关注,0.98615390945026
28,不详,2024,5,2024-05,流通,花生仁/炒货坚果,生花生米,67.6,2.13,0.00213,全国中位数默认值,低,True,省份无法匹配消费量，使用全国中位数默认值。,60.0,0.0023997999999999997,20.83506958913243,27.50229185765481,43.7536461371781,65.83881990165848,78.75656304692059,3160.0,True,低于阈值/需关注,0.98615390945026
34,不详,2024,5,2024-05,流通,花生仁/炒货坚果,白花生米（生干籽类）,750.0,2.13,0.00213,全国中位数默认值,低,True,省份无法匹配消费量，使用全国中位数默认值。,60.0,0.026625,1.8779342723004697,2.47887323943662,3.943661971830986,5.934272300469484,7.098591549295775,3160.0,True,低于阈值/需关注,0.9987520057051168
15,不详,2024,6,2024-06,流通,花生仁/炒货坚果,生花生仁,73.5,2.13,0.00213,全国中位数默认值,低,True,省份无法匹配消费量，使用全国中位数默认值。,60.0,0.00260925,19.162594615310915,25.294624892210408,40.241448692152915,60.55379898438249,72.43460764587525,3160.0,True,低于阈值/需关注,0.9872653643379262
24,不详,2024,6,2024-06,流通,花生仁/炒货坚果,生花生仁,51.3,2.13,0.00213,全国中位数默认值,低,True,省份无法匹配消费量，使用全国中位数默认值。,60.0,0.00182115,27.45517941959751,36.24083683386871,57.65587678115477,86.75836696592813,103.78057820607859,3160.0,True,低于阈值/需关注,0.9817544693730523
25,不详,2024,6,2024-06,流通,花生仁/炒货坚果,生花生仁,372.0,2.13,0.00213,全国中位数默认值,低,True,省份无法匹配消费量，使用全国中位数默认值。,60.0,0.013205999999999999,3.7861578070573985,4.997728305315766,7.950931394820536,11.96425867030138,14.311676510676966,3160.0,True,低于阈值/需关注,0.9974838824699935
55,不详,2024,6,2024-06,流通,花生仁/炒货坚果,生花生米,67.5,2.13,0.00213,全国中位数默认值,低,True,省份无法匹配消费量，使用全国中位数默认值。,60.0,0.00239625,20.865936358894107,27.543035993740222,43.81846635367762,65.93635889410538,78.87323943661973,3160.0,True,低于阈值/需关注,0.9861333967235197
23,不详,2024,6,2024-06,流通,花生仁/炒货坚果,生花生米,54.7,2.13,0.00213,全国中位数默认值,低,True,省份无法匹配消费量，使用全国中位数默认值。,60.0,0.00194185,25.74864175914721,33.988207122074314,54.07214769420913,81.36570795890518,97.32986584957644,3160.0,True,低于阈值/需关注,0.982888560856263
24,不详,2024,6,2024-06,流通,花生仁/炒货坚果,花生米,61.3,2.13,0.00213,全国中位数默认值,低,True,省份无法匹配消费量，使用全国中位数默认值。,60.0,0.00217615,22.97635732830917,30.328791673368105,48.25035038944925,72.60528915745698,86.85063070100867,3160.0,True,低于阈值/需关注,0.9847309017754908
25,不详,2024,6,2024-06,流通,花生仁/炒货坚果,花生米,758.0,2.13,0.00213,全国中位数默认值,低,True,省份无法匹配消费量，使用全国中位数默认值。,60.0,0.026909,1.858114385521573,2.452710988888476,3.902040209595303,5.87164145824817,7.023672377271545,3160.0,True,低于阈值/需关注,0.9987651771488623
2,不详,2024,6,2024-06,流通,花生仁/炒货坚果,红皮小花生,238.0,2.13,0.00213,全国中位数默认值,低,True,省份无法匹配消费量，使用全国中位数默认值。,60.0,0.008449,5.917860101787194,7.811575334359096,12.427506213753107,18.700437921647534,22.36951118475559,3160.0,True,低于阈值/需关注,0.9960672448690655
64,不详,2024,6,2024-06,流通,花生仁/炒货坚果,红皮小花生,238.0,2.13,0.00213,全国中位数默认值,低,True,省份无法匹配消费量，使用全国中位数默认值。,60.0,0.008449,5.917860101787194,7.811575334359096,12.427506213753107,18.700437921647534,22.36951118475559,3160.0,True,低于阈值/需关注,0.9960672448690655
7,不详,2024,6,2024-06,流通,花生仁/炒货坚果,生花生米,34.5,2.13,0.00213,全国中位数默认值,低,True,省份无法匹配消费量，使用全国中位数默认值。,60.0,0.00122475,40.82465809348847,53.888548683404785,85.73178199632578,129.00591957542358,154.31720759338643,3160.0,True,低于阈值/需关注,0.9728696892416691
8,不详,2024,6,2024-06,流通,花生仁/炒货坚果,生花生米,162.0,2.13,0.00213,全国中位数默认值,低,True,省份无法匹配消费量，使用全国中位数默认值。,60.0,0.005751,8.69414014953921,11.476264997391759,18.257694314032342,27.473482872543904,32.863849765258216,3160.0,True,低于阈值/需关注,0.9942222486347998
9,不详,2024,6,2024-06,流通,花生仁/炒货坚果,生花生米,216.0,2.13,0.00213,全国中位数默认值,低,True,省份无法匹配消费量，使用全国中位数默认值。,60.0,0.0076679999999999995,6.520605112154409,8.60719874804382,13.693270735524257,20.60511215440793,24.647887323943664,3160.0,True,低于阈值/需关注,0.9956666864761
10,不详,2024,6,2024-06,流通,花生仁/炒货坚果,生花生米,273.0,2.13,0.00213,全国中位数默认值,低,True,省份无法匹配消费量，使用全国中位数默认值。,60.0,0.009691499999999999,5.159160088737554,6.810091317133572,10.834236186348864,16.30294588041067,19.501625135427954,3160.0,True,低于阈值/需关注,0.9965714442448264
110,不详,2024,6,2024-06,流通,花生仁/炒货坚果,白皮花生仁,263.0,2.13,0.00213,全国中位数默认值,低,True,省份无法匹配消费量，使用全国中位数默认值。,60.0,0.0093365,5.355325871579287,7.069030150484658,11.2461843303165,16.922829754190545,20.243131794569702,3160.0,True,低于阈值/需关注,0.9964410809081278
15,不详,2024,6,2024-06,餐饮,花生仁/炒货坚果,花生米,106.0,2.13,0.00213,全国中位数默认值,低,True,省份无法匹配消费量，使用全国中位数默认值。,60.0,0.003763,13.287270794578795,17.53919744884401,27.903268668615468,41.98777571086899,50.22588360350784,3160.0,True,低于阈值/需关注,0.991169851687147
28,不详,2024,6,2024-06,流通,花生仁/炒货坚果,（新）花生米,289.0,2.13,0.00213,全国中位数默认值,低,True,省份无法匹配消费量，使用全国中位数默认值。,60.0,0.0102595,4.8735318485306305,6.433062040060433,10.234416881914324,15.400360641356793,18.421950387445783,3160.0,True,低于阈值/需关注,0.9967612604804068
183,不详,2024,6,2024-06,流通,花生仁/炒货坚果,红皮花生,210.0,2.13,0.00213,全国中位数默认值,低,True,省份无法匹配消费量，使用全国中位数默认值。,60.0,0.007455,6.70690811535882,8.853118712273643,14.08450704225352,21.19382964453387,25.35211267605634,3160.0,True,低于阈值/需关注,0.9955428775182743
184,不详,2024,6,2024-06,餐饮,花生仁/炒货坚果,花生米,362.0,2.13,0.00213,全国中位数默认值,低,True,省份无法匹配消费量，使用全国中位数默认值。,60.0,0.012851,3.8907478017274926,5.13578709828029,8.170570383627734,12.294763053458876,14.70702669052992,3160.0,True,低于阈值/需关注,0.9974143764608773
185,不详,2024,6,2024-06,餐饮,花生仁/炒货坚果,花生米,149.0,2.13,0.00213,全国中位数默认值,低,True,省份无法匹配消费量，使用全国中位数默认值。,60.0,0.0052895,9.452689290103034,12.477549862936007,19.850647509216373,29.87049815672559,35.73116551658947,3160.0,True,低于阈值/需关注,0.9937181495223999
186,不详,2024,6,2024-06,流通,花生仁/炒货坚果,花生米,37.2,2.13,0.00213,全国中位数默认值,低,True,省份无法匹配消费量，使用全国中位数默认值。,60.0,0.0013206000000000001,37.861578070573984,49.977283053157656,79.50931394820535,119.64258670301378,143.11676510676963,3160.0,True,低于阈值/需关注,0.974838824699935
7,不详,2024,7,2024-07,流通,花生仁/炒货坚果,白皮花生米,261.0,2.13,0.00213,全国中位数默认值,低,True,省份无法匹配消费量，使用全国中位数默认值。,60.0,0.009265500000000001,5.3963628514381305,7.123198963898332,11.332361988020073,17.05250661054449,20.39825157843613,3160.0,True,低于阈值/需关注,0.9964138094974619
20,不详,2024,7,2024-07,流通,花生仁/炒货坚果,散称花生米,137.0,2.13,0.00213,全国中位数默认值,低,True,省份无法匹配消费量，使用全国中位数默认值。,60.0,0.004863500000000001,10.280662074637606,13.570473938521639,21.58939035673897,32.48689215585483,38.86090264213015,3160.0,True,低于阈值/需关注,0.9931679144440699
5,不详,2024,7,2024-07,流通,花生仁/炒货坚果,生花生米,270.0,2.13,0.00213,全国中位数默认值,低,True,省份无法匹配消费量，使用全国中位数默认值。,60.0,0.009585,5.216484089723527,6.885758998435056,10.954616588419405,16.484089723526345,19.71830985915493,3160.0,True,低于阈值/需关注,0.9965333491808799
6,不详,2024,7,2024-07,流通,花生仁/炒货坚果,生花生米,270.0,2.13,0.00213,全国中位数默认值,低,True,省份无法匹配消费量，使用全国中位数默认值。,60.0,0.009585,5.216484089723527,6.885758998435056,10.954616588419405,16.484089723526345,19.71830985915493,3160.0,True,低于阈值/需关注,0.9965333491808799
4,不详,2024,7,2024-07,餐饮,花生仁/炒货坚果,花生米,37.3,2.13,0.00213,全国中位数默认值,低,True,省份无法匹配消费量，使用全国中位数默认值。,60.0,0.0013241499999999998,37.7600724993392,49.84329569912775,79.29615224861233,119.32182909791189,142.73307404750219,3160.0,True,低于阈值/需关注,0.9749062809339833
29,不详,2024,7,2024-07,流通,花生仁/炒货坚果,花生,927.0,2.13,0.00213,全国中位数默认值,低,True,省份无法匹配消费量，使用全国中位数默认值。,60.0,0.0329085,1.5193642979777262,2.0055608733305985,3.1906650257532245,4.801191181609615,5.743197046355805,3160.0,True,低于阈值/需关注,0.9989902958779262
30,不详,2024,7,2024-07,流通,花生仁/炒货坚果,花生米,462.0,2.13,0.00213,全国中位数默认值,低,True,省份无法匹配消费量，使用全国中位数默认值。,60.0,0.016401,3.048594597890373,4.024144869215292,6.402048655569782,9.633558929333578,11.523687580025609,3160.0,True,低于阈值/需关注,0.9979740352355793
31,不详,2024,7,2024-07,流通,花生仁/炒货坚果,花生米,522.0,2.13,0.00213,全国中位数默认值,低,True,省份无法匹配消费量，使用全国中位数默认值。,60.0,0.018531000000000002,2.6981814257190653,3.561599481949166,5.666180994010037,8.526253305272245,10.199125789218066,3160.0,True,低于阈值/需关注,0.998206904748731
32,不详,2024,7,2024-07,流通,花生仁/炒货坚果,生花生米,38.0,2.13,0.00213,全国中位数默认值,低,True,省份无法匹配消费量，使用全国中位数默认值。,60.0,0.001349,37.064492216456635,48.92512972572276,77.83543365455893,117.12379540400298,140.10378057820608,3160.0,True,低于阈值/需关注,0.9753685336536205
7,不详,2024,7,2024-07,流通,花生仁/炒货坚果,生花生米,86.5,2.13,0.00213,全国中位数默认值,低,True,省份无法匹配消费量，使用全国中位数默认值。,60.0,0.0030707499999999997,16.282667100871127,21.493120573149884,34.19360091182936,51.453228038752755,61.54848164129285,3160.0,True,低于阈值/需关注,0.9891792402177755
49,不详,2024,7,2024-07,餐饮,花生仁/炒货坚果,生花生米,35.6,2.13,0.00213,全国中位数默认值,低,True,省份无法匹配消费量，使用全国中位数默认值。,60.0,0.0012638,39.56322202880202,52.22345307801867,83.08276626048425,125.0197816110144,149.54897926887165,3160.0,True,低于阈值/需关注,0.9737079853606062
9,不详,2024,7,2024-07,流通,花生仁/炒货坚果,生花生米,181.0,2.13,0.00213,全国中位数默认值,低,True,省份无法匹配消费量，使用全国中位数默认值。,60.0,0.0064255,7.781495603454985,10.27157419656058,16.341140767255467,24.589526106917752,29.41405338105984,3160.0,True,低于阈值/需关注,0.9948287529217545
41,不详,2024,7,2024-07,流通,花生仁/炒货坚果,散装小花生米（生干籽类）,487.0,2.13,0.00213,全国中位数默认值,低,True,省份无法匹配消费量，使用全国中位数默认值。,60.0,0.0172885,2.8920959019001073,3.8175665905081417,6.073401393990225,9.139023050004338,10.932122509182406,3160.0,True,低于阈值/需关注,0.9980780375335475
28,不详,2024,7,2024-07,流通,花生仁/炒货坚果,小花生米,61.6,2.13,0.00213,全国中位数默认值,低,True,省份无法匹配消费量，使用全国中位数默认值。,60.0,0.0021868,22.864459484177797,30.18108651911469,48.015364916773365,72.25169197000183,86.42765685019207,3160.0,True,低于阈值/需关注,0.9848052642668439
29,不详,2024,7,2024-07,流通,花生仁/炒货坚果,生花生米,54.6,2.13,0.00213,全国中位数默认值,低,True,省份无法匹配消费量，使用全国中位数默认值。,60.0,0.0019383,25.795800443687767,34.05045658566785,54.17118093174431,81.51472940205335,97.50812567713976,3160.0,True,低于阈值/需关注,0.9828572212241315
34,不详,2024,7,2024-07,流通,花生仁/炒货坚果,小花生米,61.6,2.13,0.00213,全国中位数默认值,低,True,省份无法匹配消费量，使用全国中位数默认值。,60.0,0.0021868,22.864459484177797,30.18108651911469,48.015364916773365,72.25169197000183,86.42765685019207,3160.0,True,低于阈值/需关注,0.9848052642668439
35,不详,2024,7,2024-07,流通,花生仁/炒货坚果,生花生米,54.6,2.13,0.00213,全国中位数默认值,低,True,省份无法匹配消费量，使用全国中位数默认值。,60.0,0.0019383,25.795800443687767,34.05045658566785,54.17118093174431,81.51472940205335,97.50812567713976,3160.0,True,低于阈值/需关注,0.9828572212241315
20,不详,2024,7,2024-07,流通,花生仁/炒货坚果,（新）花生米,492.0,2.13,0.00213,全国中位数默认值,低,True,省份无法匹配消费量，使用全国中位数默认值。,60.0,0.017466,2.8627046833848624,3.778770182068018,6.01167983510821,9.046146799496166,10.82102370319478,3160.0,True,低于阈值/需关注,0.9980975696724341
28,不详,2024,7,2024-07,流通,花生仁/炒货坚果,（新）花生米,492.0,2.13,0.00213,全国中位数默认值,低,True,省份无法匹配消费量，使用全国中位数默认值。,60.0,0.017466,2.8627046833848624,3.778770182068018,6.01167983510821,9.046146799496166,10.82102370319478,3160.0,True,低于阈值/需关注,0.9980975696724341
77,不详,2024,7,2024-07,流通,花生仁/炒货坚果,鲁花花生米,59.2,2.13,0.00213,全国中位数默认值,低,True,省份无法匹配消费量，使用全国中位数默认值。,60.0,0.0021016000000000003,23.791397030833647,31.404644080700415,49.961933764750654,75.18081461743432,89.93148077655118,3160.0,True,低于阈值/需关注,0.9841892614668512
52,不详,2024,8,2024-08,流通,花生仁/炒货坚果,红皮花生,156.0,2.13,0.00213,全国中位数默认值,低,True,省份无法匹配消费量，使用全国中位数默认值。,60.0,0.005538,9.028530155290719,11.917659804983748,18.959913326110506,28.530155290718668,34.12784398699891,3160.0,True,低于阈值/需关注,0.9940000274284461
53,不详,2024,8,2024-08,流通,花生仁/炒货坚果,花生米,37.4,2.13,0.00213,全国中位数默认值,低,True,省份无法匹配消费量，使用全国中位数默认值。,60.0,0.0013277,37.65910973864578,49.71002485501243,79.08413045115613,119.00278677412066,142.35143481208104,3160.0,True,低于阈值/需关注,0.9749733764395077
54,不详,2024,8,2024-08,流通,花生仁/炒货坚果,红皮花生,156.0,2.13,0.00213,全国中位数默认值,低,True,省份无法匹配消费量，使用全国中位数默认值。,60.0,0.005538,9.028530155290719,11.917659804983748,18.959913326110506,28.530155290718668,34.12784398699891,3160.0,True,低于阈值/需关注,0.9940000274284461
55,不详,2024,8,2024-08,流通,花生仁/炒货坚果,红皮花生,130.0,2.13,0.00213,全国中位数默认值,低,True,省份无法匹配消费量，使用全国中位数默认值。,60.0,0.004614999999999999,10.834236186348864,14.301191765980501,22.751895991332614,34.23618634886241,40.95341278439871,3160.0,True,低于阈值/需关注,0.9928000329141352
56,不详,2024,8,2024-08,流通,花生仁/炒货坚果,花生米,37.4,2.13,0.00213,全国中位数默认值,低,True,省份无法匹配消费量，使用全国中位数默认值。,60.0,0.0013277,37.65910973864578,49.71002485501243,79.08413045115613,119.00278677412066,142.35143481208104,3160.0,True,低于阈值/需关注,0.9749733764395077
63,不详,2024,8,2024-08,流通,花生仁/炒货坚果,花生米（生干籽类）,91.0,2.13,0.00213,全国中位数默认值,低,True,省份无法匹配消费量，使用全国中位数默认值。,60.0,0.0032305,15.477480266212662,20.430273951400714,32.50270855904659,48.90883764123201,58.50487540628386,3160.0,True,低于阈值/需关注,0.989714332734479
6,不详,2024,8,2024-08,流通,花生仁/炒货坚果,花生米,53.7,2.13,0.00213,全国中位数默认值,低,True,省份无法匹配消费量，使用全国中位数默认值。,60.0,0.00190635,26.228132294699297,34.62113462900307,55.07907781886851,82.88089805124977,99.14234007396334,3160.0,True,低于阈值/需关注,0.9825699120826366
27,不详,2024,8,2024-08,流通,花生仁/炒货坚果,花生米,53.7,2.13,0.00213,全国中位数默认值,低,True,省份无法匹配消费量，使用全国中位数默认值。,60.0,0.00190635,26.228132294699297,34.62113462900307,55.07907781886851,82.88089805124977,99.14234007396334,3160.0,True,低于阈值/需关注,0.9825699120826366
2,不详,2024,8,2024-08,餐饮,花生仁/炒货坚果,生花生米,27.0,2.13,0.00213,全国中位数默认值,低,True,省份无法匹配消费量，使用全国中位数默认值。,60.0,0.0009584999999999999,52.16484089723527,68.85758998435055,109.54616588419405,164.84089723526344,197.1830985915493,3160.0,True,低于阈值/需关注,0.9653334918087993
23,不详,2024,8,2024-08,流通,花生仁/炒货坚果,花生米,252.0,2.13,0.00213,全国中位数默认值,低,True,省份无法匹配消费量，使用全国中位数默认值。,60.0,0.008946,5.58909009613235,7.377598926894701,11.737089201877932,17.661524703778223,21.12676056338028,3160.0,True,低于阈值/需关注,0.9962857312652285
3,不详,2024,8,2024-08,餐饮,花生仁/炒货坚果,花生籽,252.0,2.13,0.00213,全国中位数默认值,低,True,省份无法匹配消费量，使用全国中位数默认值。,60.0,0.008946,5.58909009613235,7.377598926894701,11.737089201877932,17.661524703778223,21.12676056338028,3160.0,True,低于阈值/需关注,0.9962857312652285
1,不详,2024,8,2024-08,流通,花生仁/炒货坚果,白花生米,36.2,2.13,0.00213,全国中位数默认值,低,True,省份无法匹配消费量，使用全国中位数默认值。,60.0,0.0012851000000000002,38.90747801727492,51.35787098280289,81.70570383627732,122.94763053458873,147.07026690529918,3160.0,True,低于阈值/需关注,0.974143764608773
33,不详,2024,8,2024-08,流通,花生仁/炒货坚果,生花生米,341.0,2.13,0.00213,全国中位数默认值,低,True,省份无法匹配消费量，使用全国中位数默认值。,60.0,0.0121055,4.130353971335344,5.452067242162654,8.67374333980422,13.051918549419685,15.612738011647599,3160.0,True,低于阈值/需关注,0.9972551445127201
34,不详,2024,8,2024-08,流通,花生仁/炒货坚果,生花生米,83.6,2.13,0.00213,全国中位数默认值,低,True,省份无法匹配消费量，使用全国中位数默认值。,60.0,0.0029677999999999996,16.847496462025745,22.238695329873984,35.379742570254066,53.23808882000136,63.68353662645732,3160.0,True,低于阈值/需关注,0.9888038789334639
19,不详,2024,8,2024-08,流通,花生仁/炒货坚果,散白沙花生米DJ,49.7,2.13,0.00213,全国中位数默认值,低,True,省份无法匹配消费量，使用全国中位数默认值。,60.0,0.00176435,28.339048374755578,37.407543854677364,59.512001586986706,89.55139286422762,107.12160285657608,3160.0,True,低于阈值/需关注,0.981167088105384
31,不详,2024,8,2024-08,流通,花生仁/炒货坚果,花生米,140.0,2.13,0.00213,全国中位数默认值,低,True,省份无法匹配消费量，使用全国中位数默认值。,60.0,0.0049700000000000005,10.060362173038229,13.279678068410462,21.12676056338028,31.790744466800803,38.028169014084504,3160.0,True,低于阈值/需关注,0.9933143162774113
42,不详,2024,8,2024-08,流通,花生仁/炒货坚果,生花生米,270.0,2.13,0.00213,全国中位数默认值,低,True,省份无法匹配消费量，使用全国中位数默认值。,60.0,0.009585,5.216484089723527,6.885758998435056,10.954616588419405,16.484089723526345,19.71830985915493,3160.0,True,低于阈值/需关注,0.9965333491808799
43,不详,2024,8,2024-08,流通,花生仁/炒货坚果,红皮花生,307.0,2.13,0.00213,全国中位数默认值,低,True,省份无法匹配消费量，使用全国中位数默认值。,60.0,0.0108985,4.587787310180301,6.0558792494379965,9.63435335137863,14.497407900169748,17.341836032481535,3160.0,True,低于阈值/需关注,0.9969511540027283
37,不详,2024,8,2024-08,流通,花生仁/炒货坚果,生花生米,40.6,2.13,0.00213,全国中位数默认值,低,True,省份无法匹配消费量，使用全国中位数默认值。,60.0,0.0014413,34.69090404495942,45.791993339346426,72.85089849441476,109.62325678207175,131.13161728994658,3160.0,True,低于阈值/需关注,0.97694591819797
38,山东,2024,8,2024-08,流通,花生仁/炒货坚果,花生米,113.0,4.67,0.00467,同省最近年份(2022),中,True,消费量数据年份未覆盖当前面板年份，使用同省最近年份。,60.0,0.008795166666666666,5.68494059237081,7.5041215819294695,11.938375243978701,17.96441227189176,21.489075439161663,3160.0,True,低于阈值/需关注,0.9962220331506397
16,不详,2024,8,2024-08,流通,花生仁/炒货坚果,白花生米,51.7,2.13,0.00213,全国中位数默认值,低,True,省份无法匹配消费量，使用全国中位数默认值。,60.0,0.00183535,27.242760236467163,35.960443512136656,57.209796496581035,86.08712234723623,102.97763369384586,3160.0,True,低于阈值/需关注,0.9818956340200693
72,不详,2024,9,2024-09,流通,花生仁/炒货坚果,生花生米,102.0,2.13,0.00213,全国中位数默认值,低,True,省份无法匹配消费量，使用全国中位数默认值。,60.0,0.003621,13.808340237503453,18.227009113504558,28.997514498757248,43.634355150510906,52.19552609776305,3160.0,True,低于阈值/需关注,0.9908235713611528
73,不详,2024,9,2024-09,流通,花生仁/炒货坚果,生花生米,138.0,2.13,0.00213,全国中位数默认值,低,True,省份无法匹配消费量，使用全国中位数默认值。,60.0,0.004899,10.206164523372118,13.472137170851196,21.432945499081445,32.251479893855894,38.57930189834661,3160.0,True,低于阈值/需关注,0.9932174223104172
74,不详,2024,9,2024-09,流通,花生仁/炒货坚果,大粒生花生米,308.0,2.13,0.00213,全国中位数默认值,低,True,省份无法匹配消费量，使用全国中位数默认值。,60.0,0.010934,4.572891896835559,6.036217303822938,9.603072983354673,14.450338394000367,17.285531370038413,3160.0,True,低于阈值/需关注,0.9969610528533688
1,不详,2024,9,2024-09,流通,花生仁/炒货坚果,红花生米,33.9,2.13,0.00213,全国中位数默认值,低,True,省份无法匹配消费量，使用全国中位数默认值。,60.0,0.0012034499999999998,41.54721841372721,54.84232830611992,87.24915866882714,131.289210187378,157.04848560388885,3160.0,True,低于阈值/需关注,0.9723895067503712
46,不详,2024,9,2024-09,流通,花生仁/炒货坚果,白皮花生米,35.2,2.13,0.00213,全国中位数默认值,低,True,省份无法匹配消费量，使用全国中位数默认值。,60.0,0.0012496,40.01280409731114,52.816901408450704,84.02688860435339,126.4404609475032,151.2483994878361,3160.0,True,低于阈值/需关注,0.9734092124669769
35,不详,2024,9,2024-09,流通,花生仁/炒货坚果,花生米,252.0,2.13,0.00213,全国中位数默认值,低,True,省份无法匹配消费量，使用全国中位数默认值。,60.0,0.008946,5.58909009613235,7.377598926894701,11.737089201877932,17.661524703778223,21.12676056338028,3160.0,True,低于阈值/需关注,0.9962857312652285
51,不详,2024,9,2024-09,流通,花生仁/炒货坚果,花生米(生),340.0,2.13,0.00213,全国中位数默认值,低,True,省份无法匹配消费量，使用全国中位数默认值。,60.0,0.012069999999999999,4.1425020712510365,5.468102734051367,8.699254349627175,13.090306545153274,15.658657829328916,3160.0,True,低于阈值/需关注,0.9972470714083458
23,不详,2024,9,2024-09,流通,花生仁/炒货坚果,大花生米,37.0,2.13,0.00213,全国中位数默认值,低,True,省份无法匹配消费量，使用全国中位数默认值。,60.0,0.0013134999999999998,38.06623524933385,50.24743052912068,79.93909402360107,120.28930338789496,143.89036924248194,3160.0,True,低于阈值/需关注,0.9747028183469616
30,不详,2024,9,2024-09,流通,花生仁/炒货坚果,小花生米,190.0,2.13,0.00213,全国中位数默认值,低,True,省份无法匹配消费量，使用全国中位数默认值。,60.0,0.006745,7.412898443291327,9.785025945144552,15.567086730911786,23.424759080800595,28.020756115641216,3160.0,True,低于阈值/需关注,0.9950737067307242
31,不详,2024,9,2024-09,流通,花生仁/炒货坚果,花生米,330.0,2.13,0.00213,全国中位数默认值,低,True,省份无法匹配消费量，使用全国中位数默认值。,60.0,0.011715,4.2680324370465215,5.633802816901409,8.962868117797695,13.486982501067008,16.133162612035854,3160.0,True,低于阈值/需关注,0.9971636493298108
8,不详,2024,9,2024-09,餐饮,花生仁/炒货坚果,花生米,106.0,2.13,0.00213,全国中位数默认值,低,True,省份无法匹配消费量，使用全国中位数默认值。,60.0,0.003763,13.287270794578795,17.53919744884401,27.903268668615468,41.98777571086899,50.22588360350784,3160.0,True,低于阈值/需关注,0.991169851687147
1,不详,2024,9,2024-09,流通,花生仁/炒货坚果,红花生米,205.0,2.13,0.00213,全国中位数默认值,低,True,省份无法匹配消费量，使用全国中位数默认值。,60.0,0.0072775,6.870491240123669,9.069048436963243,14.428031604259704,21.710752318790792,25.970456887667467,3160.0,True,低于阈值/需关注,0.9954341672138419
45,不详,2024,9,2024-09,餐饮,花生仁/炒货坚果,花生米,61.0,2.13,0.00213,全国中位数默认值,低,True,省份无法匹配消费量，使用全国中位数默认值。,60.0,0.0021655,23.08935580697299,30.477949665204342,48.48764719464327,72.96236435003463,87.27776495035789,3160.0,True,低于阈值/需关注,0.9846558078497964
12,不详,2024,9,2024-09,流通,花生仁/炒货坚果,红皮花生,59.8,2.13,0.00213,全国中位数默认值,低,True,省份无法匹配消费量，使用全国中位数默认值。,60.0,0.0021228999999999996,23.552687361627967,31.089547317348917,49.460643459418726,74.42649206274437,89.02915822695371,3160.0,True,低于阈值/需关注,0.9843478976394244
13,不详,2024,9,2024-09,流通,花生仁/炒货坚果,花生(生干籽类),44.3,2.13,0.00213,全国中位数默认值,低,True,省份无法匹配消费量，使用全国中位数默认值。,60.0,0.0015726499999999999,31.79346962133978,41.96737990016851,66.76628620481354,100.4673640034337,120.17931516866437,3160.0,True,低于阈值/需关注,0.9788714284161982
95,不详,2024,9,2024-09,餐饮,花生仁/炒货坚果,花生米,106.0,2.13,0.00213,全国中位数默认值,低,True,省份无法匹配消费量，使用全国中位数默认值。,60.0,0.003763,13.287270794578795,17.53919744884401,27.903268668615468,41.98777571086899,50.22588360350784,3160.0,True,低于阈值/需关注,0.991169851687147
60,不详,2024,10,2024-10,流通,花生仁/炒货坚果,白皮花生,50.3,2.13,0.00213,全国中位数默认值,低,True,省份无法匹配消费量，使用全国中位数默认值。,60.0,0.00178565,28.00100803628931,36.961330607901886,58.80211687620754,88.48318539467421,105.84381037717358,3160.0,True,低于阈值/需关注,0.9813917351657572
61,山东,2024,10,2024-10,流通,花生仁/炒货坚果,东北白沙花生米（W）,53.7,4.67,0.00467,同省最近年份(2022),中,True,消费量数据年份未覆盖当前面板年份，使用同省最近年份。,60.0,0.004179649999999999,11.962724151543792,15.790795880037805,25.121720718241964,37.802208318878385,45.219097292835535,3160.0,True,低于阈值/需关注,0.9920500883803031
73,不详,2024,10,2024-10,流通,花生仁/炒货坚果,花生米（生干籽类）,883.0,2.13,0.00213,全国中位数默认值,低,True,省份无法匹配消费量，使用全国中位数默认值。,60.0,0.0313465,1.5950744102212369,2.1054982214920326,3.349656261464597,5.040435136299108,6.029381270636275,3160.0,True,低于阈值/需关注,0.9989399821957391
74,不详,2024,10,2024-10,流通,花生仁/炒货坚果,白花生米（生干籽类）,38.1,2.13,0.00213,全国中位数默认值,低,True,省份无法匹配消费量，使用全国中位数默认值。,60.0,0.00135255,36.96721008465491,48.79671731174448,77.6311411777753,116.81638386750951,139.73605411999554,3160.0,True,低于阈值/需关注,0.9754331831715901
41,不详,2024,10,2024-10,流通,花生仁/炒货坚果,花生米,34.9,2.13,0.00213,全国中位数默认值,低,True,省份无法匹配消费量，使用全国中位数默认值。,60.0,0.00123895,40.356753702732156,53.270914887606445,84.74918277573752,127.52734170063361,152.54852899632755,3160.0,True,低于阈值/需关注,0.9731806383621083
1,不详,2024,10,2024-10,流通,花生仁/炒货坚果,花生米,66.9,2.13,0.00213,全国中位数默认值,低,True,省份无法匹配消费量，使用全国中位数默认值。,60.0,0.0023749500000000002,21.05307480157477,27.790058738078695,44.21145708330701,66.52771637297627,79.58062274995262,3160.0,True,低于阈值/需关注,0.9860090325685738
44,不详,2024,10,2024-10,流通,花生仁/炒货坚果,花生米,53.7,2.13,0.00213,全国中位数默认值,低,True,省份无法匹配消费量，使用全国中位数默认值。,60.0,0.00190635,26.228132294699297,34.62113462900307,55.07907781886851,82.88089805124977,99.14234007396334,3160.0,True,低于阈值/需关注,0.9825699120826366
36,不详,2024,10,2024-10,流通,花生仁/炒货坚果,生红皮花生,65.5,2.13,0.00213,全国中位数默认值,低,True,省份无法匹配消费量，使用全国中位数默认值。,60.0,0.00232525,21.503064186646597,28.38404472637351,45.15643479195785,67.94968282980325,81.28158262552414,3160.0,True,低于阈值/需关注,0.9857099889898867
37,不详,2024,10,2024-10,餐饮,花生仁/炒货坚果,生花生米,260.0,2.13,0.00213,全国中位数默认值,低,True,省份无法匹配消费量，使用全国中位数默认值。,60.0,0.009229999999999999,5.417118093174432,7.150595882990251,11.375947995666307,17.118093174431205,20.476706392199354,3160.0,True,低于阈值/需关注,0.9964000164570677
51,不详,2024,10,2024-10,流通,花生仁/炒货坚果,花生米,45.6,2.13,0.00213,全国中位数默认值,低,True,省份无法匹配消费量，使用全国中位数默认值。,60.0,0.0016188,30.887076847047194,40.7709414381023,64.86286137879911,97.60316283666913,116.75315048183839,3160.0,True,低于阈值/需关注,0.9794737780446838
6,不详,2024,10,2024-10,流通,花生仁/炒货坚果,红皮花生,155.0,2.13,0.00213,全国中位数默认值,低,True,省份无法匹配消费量，使用全国中位数默认值。,60.0,0.0055025,9.086778736937756,11.99454793275784,19.082235347569288,28.71422080872331,34.34802362562472,3160.0,True,低于阈值/需关注,0.9939613179279845
29,不详,2024,10,2024-10,流通,花生仁/炒货坚果,花生米,72.2,2.13,0.00213,全国中位数默认值,低,True,省份无法匹配消费量，使用全国中位数默认值。,60.0,0.0025631,19.507627482345598,25.75006827669619,40.966017712925755,61.644102844212085,73.73883188326636,3160.0,True,低于阈值/需关注,0.9870360703440109
86,不详,2024,10,2024-10,流通,花生仁/炒货坚果,大白沙花生米,36.3,2.13,0.00213,全国中位数默认值,低,True,省份无法匹配消费量，使用全国中位数默认值。,60.0,0.00128865,38.80029488224111,51.216389244558265,81.48061925270632,122.6089318278819,146.6651146548714,3160.0,True,低于阈值/需关注,0.9742149939073714
87,不详,2024,10,2024-10,流通,花生仁/炒货坚果,白花生米,44.8,2.13,0.00213,全国中位数默认值,低,True,省份无法匹配消费量，使用全国中位数默认值。,60.0,0.0015903999999999998,31.43863179074447,41.4989939637827,66.02112676056339,99.34607645875252,118.8380281690141,3160.0,True,低于阈值/需关注,0.9791072383669104
23,不详,2024,10,2024-10,餐饮,花生仁/炒货坚果,花生米,49.8,2.13,0.00213,全国中位数默认值,低,True,省份无法匹配消费量，使用全国中位数默认值。,60.0,0.0017678999999999998,28.282142655127558,37.33242830476838,59.392499575767864,89.37157079020308,106.90649923638216,3160.0,True,低于阈值/需关注,0.9812049051975418
26,不详,2024,10,2024-10,流通,花生仁/炒货坚果,白花生米,153.0,2.13,0.00213,全国中位数默认值,低,True,省份无法匹配消费量，使用全国中位数默认值。,60.0,0.0054315000000000006,9.205560158335635,12.151339409003038,19.33167633250483,29.0895701003406,34.79701739850869,3160.0,True,低于阈值/需关注,0.9938823809074352
27,不详,2024,10,2024-10,流通,花生仁/炒货坚果,红花生,44.0,2.13,0.00213,全国中位数默认值,低,True,省份无法匹配消费量，使用全国中位数默认值。,60.0,0.001562,32.010243277848915,42.25352112676057,67.22151088348271,101.15236875800257,120.99871959026889,3160.0,True,低于阈值/需关注,0.9787273699735815
140,不详,2024,11,2024-11,流通,花生仁/炒货坚果,红花生米,49.6,2.13,0.00213,全国中位数默认值,低,True,省份无法匹配消费量，使用全国中位数默认值。,60.0,0.0017608,28.396183552930488,37.48296228986824,59.63198546115402,89.73194002726034,107.33757383007723,3160.0,True,低于阈值/需关注,0.9811291185249513
141,不详,2024,11,2024-11,餐饮,花生仁/炒货坚果,花生米（生）,115.0,2.13,0.00213,全国中位数默认值,低,True,省份无法匹配消费量，使用全国中位数默认值。,60.0,0.0040825,12.24739742804654,16.16656460502143,25.71953459889773,38.70177587262707,46.29516227801592,3160.0,True,低于阈值/需关注,0.9918609067725008
62,不详,2024,11,2024-11,流通,花生仁/炒货坚果,生花生米,58.9,2.13,0.00213,全国中位数默认值,低,True,省份无法匹配消费量，使用全国中位数默认值。,60.0,0.00209095,23.91257562352041,31.564599823046944,50.21640880939286,75.5637389703245,90.38953585690716,3160.0,True,低于阈值/需关注,0.9841087313894327
1,不详,2024,11,2024-11,流通,花生仁/炒货坚果,红皮花生,24.6,2.13,0.00213,全国中位数默认值,低,True,省份无法匹配消费量，使用全国中位数默认值。,60.0,0.0008733,57.25409366769724,75.57540364136035,120.23359670216419,180.92293598992327,216.42047406389557,3160.0,True,低于阈值/需关注,0.9619513934486823
40,不详,2024,11,2024-11,流通,花生仁/炒货坚果,生花生米,59.6,2.13,0.00213,全国中位数默认值,低,True,省份无法匹配消费量，使用全国中位数默认值。,60.0,0.0021158,23.631723225257584,31.19387465734001,49.626618773040924,74.67624539181396,89.32791379147366,3160.0,True,低于阈值/需关注,0.9842953738059997
77,不详,2024,11,2024-11,流通,花生仁/炒货坚果,花生米,91.4,2.13,0.00213,全国中位数默认值,低,True,省份无法匹配消费量，使用全国中位数默认值。,60.0,0.0032447,15.40974512281567,20.340863562116684,32.3604647579129,48.69479458809751,58.24883656424323,3160.0,True,低于阈值/需关注,0.9897593465955973
78,不详,2024,11,2024-11,流通,花生仁/炒货坚果,花生米（生）,73.8,2.13,0.00213,全国中位数默认值,低,True,省份无法匹配消费量，使用全国中位数默认值。,60.0,0.0026199,19.084697889232412,25.191801213786785,40.077865567388066,60.30764532997443,72.14015802129852,3160.0,True,低于阈值/需关注,0.9873171311495608
68,不详,2024,11,2024-11,流通,花生仁/炒货坚果,生花生米,37.0,2.13,0.00213,全国中位数默认值,低,True,省份无法匹配消费量，使用全国中位数默认值。,60.0,0.0013134999999999998,38.06623524933385,50.24743052912068,79.93909402360107,120.28930338789496,143.89036924248194,3160.0,True,低于阈值/需关注,0.9747028183469616
164,不详,2024,11,2024-11,餐饮,花生仁/炒货坚果,花生米,250.0,2.13,0.00213,全国中位数默认值,低,True,省份无法匹配消费量，使用全国中位数默认值。,60.0,0.008875,5.633802816901409,7.43661971830986,11.830985915492958,17.802816901408452,21.295774647887328,3160.0,True,低于阈值/需关注,0.9962560171153504
165,不详,2024,11,2024-11,流通,花生仁/炒货坚果,生花生米,859.0,2.13,0.00213,全国中位数默认值,低,True,省份无法匹配消费量，使用全国中位数默认值。,60.0,0.030494499999999997,1.6396399350702588,2.1643247142927415,3.443243863647543,5.181262194822017,6.197838954565578,3160.0,True,低于阈值/需关注,0.9989103658659343
166,山东,2024,11,2024-11,流通,花生仁/炒货坚果,荣成大花生仁(生干籽类),225.0,4.67,0.00467,同省最近年份(2022),中,True,消费量数据年份未覆盖当前面板年份，使用同省最近年份。,60.0,0.017512499999999997,2.8551034975017853,3.7687366167023564,5.995717344753748,9.02212705210564,10.792291220556747,3160.0,True,低于阈值/需关注,0.9981026210934324
45,不详,2024,11,2024-11,流通,花生仁/炒货坚果,红皮花生,590.0,2.13,0.00213,全国中位数默认值,低,True,省份无法匹配消费量，使用全国中位数默认值。,60.0,0.020945,2.3872045834328004,3.1511100501312965,5.01312962520888,7.543566483647649,9.023633325375986,3160.0,True,低于阈值/需关注,0.998413566574301
156,不详,2024,11,2024-11,流通,花生仁/炒货坚果,生花生仁,119.0,2.13,0.00213,全国中位数默认值,低,True,省份无法匹配消费量，使用全国中位数默认值。,60.0,0.0042245,11.835720203574388,15.623150668718193,24.855012427506214,37.40087584329507,44.73902236951118,3160.0,True,低于阈值/需关注,0.992134489738131
157,不详,2024,11,2024-11,流通,花生仁/炒货坚果,生花生米,38.5,2.13,0.00213,全国中位数默认值,低,True,省份无法匹配消费量，使用全国中位数默认值。,60.0,0.00136675,36.58313517468447,48.289738430583505,76.82458386683739,115.60270715200294,138.2842509603073,3160.0,True,低于阈值/需关注,0.9756884228269502
158,不详,2024,11,2024-11,流通,花生仁/炒货坚果,红皮花生米（生干籽类）,63.7,2.13,0.00213,全国中位数默认值,低,True,省份无法匹配消费量，使用全国中位数默认值。,60.0,0.00226135,22.110686094589514,29.18610564485816,46.43244079863798,69.86976805890286,83.57839343754837,3160.0,True,低于阈值/需关注,0.9853061896206843
58,不详,2024,11,2024-11,流通,花生仁/炒货坚果,小红花生米,90.4,2.13,0.00213,全国中位数默认值,低,True,省份无法匹配消费量，使用全国中位数默认值。,60.0,0.0032092,15.580206905147701,20.565873114794964,32.71843450081017,49.23345382026673,58.89318210145831,3160.0,True,低于阈值/需关注,0.9896460650313893
59,不详,2024,11,2024-11,流通,花生仁/炒货坚果,白花生米,57.2,2.13,0.00213,全国中位数默认值,低,True,省份无法匹配消费量，使用全国中位数默认值。,60.0,0.0020306,24.62326405988378,32.50270855904659,51.70885452575593,77.80951442923273,93.07593814636068,3160.0,True,低于阈值/需关注,0.9836364384412164
44,不详,2024,11,2024-11,流通,花生仁/炒货坚果,生花生米,41.9,2.13,0.00213,全国中位数默认值,低,True,省份无法匹配消费量，使用全国中位数默认值。,60.0,0.00148745,33.61457527984134,44.37123936939057,70.59060808766681,106.22205788429864,127.06309455780027,3160.0,True,低于阈值/需关注,0.9776611999722574
29,不详,2024,11,2024-11,餐饮,花生仁/炒货坚果,生花生米,160.0,2.13,0.00213,全国中位数默认值,低,True,省份无法匹配消费量，使用全国中位数默认值。,60.0,0.00568,8.80281690140845,11.619718309859156,18.485915492957744,27.816901408450704,33.274647887323944,3160.0,True,低于阈值/需关注,0.9941500267427349
71,不详,2024,12,2024-12,流通,花生仁/炒货坚果,花生米,31.0,2.13,0.00213,全国中位数默认值,低,True,省份无法匹配消费量，使用全国中位数默认值。,60.0,0.0011005000000000001,45.433893684688776,59.972739663789184,95.41117673784642,143.57110404361651,171.74011812812356,3160.0,True,低于阈值/需关注,0.9698065896399221
72,不详,2024,12,2024-12,流通,花生仁/炒货坚果,散装中颗花生,41.7,2.13,0.00213,全国中位数默认值,低,True,省份无法匹配消费量，使用全国中位数默认值。,60.0,0.0014803499999999999,33.77579626439694,44.584051069003955,70.92917215523356,106.73151619549432,127.67250987942042,3160.0,True,低于阈值/需关注,0.9775540594445463
73,不详,2024,12,2024-12,流通,花生仁/炒货坚果,红皮花生米,44.9,2.13,0.00213,全国中位数默认值,低,True,省份无法匹配消费量，使用全国中位数默认值。,60.0,0.00159395,31.368612566266197,41.40656858747138,65.874086389159,99.12481570940118,118.57335550048622,3160.0,True,低于阈值/需关注,0.979153770130013
74,不详,2024,12,2024-12,流通,花生仁/炒货坚果,生花生米,49.7,2.13,0.00213,全国中位数默认值,低,True,省份无法匹配消费量，使用全国中位数默认值。,60.0,0.00176435,28.339048374755578,37.407543854677364,59.512001586986706,89.55139286422762,107.12160285657608,3160.0,True,低于阈值/需关注,0.981167088105384
21,不详,2024,12,2024-12,流通,花生仁/炒货坚果,白花生米,292.0,2.13,0.00213,全国中位数默认值,低,True,省份无法匹配消费量，使用全国中位数默认值。,60.0,0.010365999999999998,4.823461315840248,6.366968936909127,10.12926876326452,15.242137758055183,18.232683773876136,3160.0,True,低于阈值/需关注,0.9967945352014986
22,不详,2024,12,2024-12,流通,花生仁/炒货坚果,白皮花生,158.0,2.13,0.00213,全国中位数默认值,低,True,省份无法匹配消费量，使用全国中位数默认值。,60.0,0.005609,8.914244963451596,11.766803351756106,18.719914423248348,28.16901408450704,33.69584596184703,3160.0,True,低于阈值/需关注,0.9940759764483392
71,不详,2024,12,2024-12,流通,花生仁/炒货坚果,生花生米,616.0,2.13,0.00213,全国中位数默认值,低,True,省份无法匹配消费量，使用全国中位数默认值。,60.0,0.021868,2.2864459484177795,3.018108651911469,4.801536491677337,7.2251691970001835,8.642765685019207,3160.0,True,低于阈值/需关注,0.9984805264266844
72,不详,2024,12,2024-12,流通,花生仁/炒货坚果,花生仁,148.0,2.13,0.00213,全国中位数默认值,低,True,省份无法匹配消费量，使用全国中位数默认值。,60.0,0.005253999999999999,9.516558812333463,12.56185763228017,19.984773505900268,30.07232584697374,35.972592310620485,3160.0,True,低于阈值/需关注,0.9936757045867405
92,不详,2024,12,2024-12,流通,花生仁/炒货坚果,散花生米,72.1,2.13,0.00213,全国中位数默认值,低,True,省份无法匹配消费量，使用全国中位数默认值。,60.0,0.00255955,19.534683831142196,25.7857826571077,41.022836045398606,61.72960090640933,73.8411048817175,3160.0,True,低于阈值/需关注,0.9870180898590512
58,不详,2024,12,2024-12,流通,花生仁/炒货坚果,散花生米,72.1,2.13,0.00213,全国中位数默认值,低,True,省份无法匹配消费量，使用全国中位数默认值。,60.0,0.00255955,19.534683831142196,25.7857826571077,41.022836045398606,61.72960090640933,73.8411048817175,3160.0,True,低于阈值/需关注,0.9870180898590512
59,不详,2024,12,2024-12,流通,花生仁/炒货坚果,白皮花生米,114.0,2.13,0.00213,全国中位数默认值,低,True,省份无法匹配消费量，使用全国中位数默认值。,60.0,0.004046999999999999,12.354830738818881,16.308376575240924,25.945144551519647,39.04126513466766,46.70126019273537,3160.0,True,低于阈值/需关注,0.9917895112178735
51,不详,2024,12,2024-12,流通,花生仁/炒货坚果,花生米（生干籽类）,73.5,2.13,0.00213,全国中位数默认值,低,True,省份无法匹配消费量，使用全国中位数默认值。,60.0,0.00260925,19.162594615310915,25.294624892210408,40.241448692152915,60.55379898438249,72.43460764587525,3160.0,True,低于阈值/需关注,0.9872653643379262
141,不详,2024,12,2024-12,流通,花生仁/炒货坚果,生花生米,60.3,2.13,0.00213,全国中位数默认值,低,True,省份无法匹配消费量，使用全国中位数默认值。,60.0,0.00214065,23.357391446523252,30.831756709410694,49.050522037698826,73.80935697101347,88.2909396678579,3160.0,True,低于阈值/需关注,0.9844776828994624
142,不详,2024,12,2024-12,流通,花生仁/炒货坚果,生花生米,91.3,2.13,0.00213,全国中位数默认值,低,True,省份无法匹配消费量，使用全国中位数默认值。,60.0,0.00324115,15.42662326643321,20.36314271169184,32.39590885950974,48.748129521928945,58.312635947117535,3160.0,True,低于阈值/需关注,0.9897481301077501
143,不详,2024,12,2024-12,流通,花生仁/炒货坚果,生花生米,64.7,2.13,0.00213,全国中位数默认值,低,True,省份无法匹配消费量，使用全国中位数默认值。,60.0,0.00229685,21.768944423884886,28.735006639528052,45.71478329015826,68.78986437947624,82.28660992228487,3160.0,True,低于阈值/需关注,0.9855332964271651
144,不详,2024,12,2024-12,餐饮,花生仁/炒货坚果,生花生米,29.8,2.13,0.00213,全国中位数默认值,低,True,省份无法匹配消费量，使用全国中位数默认值。,60.0,0.0010579,47.26344645051517,62.38774931468002,99.25323754608185,149.35249078362793,178.65582758294732,3160.0,True,低于阈值/需关注,0.9685907476119994
145,不详,2024,12,2024-12,流通,花生仁/炒货坚果,花生米,94.6,2.13,0.00213,全国中位数默认值,低,True,省份无法匹配消费量，使用全国中位数默认值。,60.0,0.0033583,14.888485245511124,19.65280052407468,31.265819015573356,47.047613375815146,56.278474228032046,3160.0,True,低于阈值/需关注,0.9901057534760843
14,不详,2024,12,2024-12,餐饮,花生仁/炒货坚果,花生米,85.8,2.13,0.00213,全国中位数默认值,低,True,省份无法匹配消费量，使用全国中位数默认值。,60.0,0.0030459,16.415509373255855,21.668472372697728,34.47256968383729,51.8730096194885,62.050625430907125,3160.0,True,低于阈值/需关注,0.989090958960811
43,河南,2024,12,2024-12,流通,花生仁/炒货坚果,花生米,199.0,4.29,0.00429,同省最近年份(2022),中,True,消费量数据年份未覆盖当前面板年份，使用同省最近年份。,60.0,0.014228500000000002,3.5140738658326596,4.6385775028991105,7.379555118248584,11.104473416031205,13.283199212847453,3160.0,True,低于阈值/需关注,0.9976646977473898
46,不详,2024,12,2024-12,餐饮,花生仁/炒货坚果,花生籽,405.0,2.13,0.00213,全国中位数默认值,低,True,省份无法匹配消费量，使用全国中位数默认值。,60.0,0.0143775,3.4776560598156845,4.590505998956703,7.303077725612937,10.989393149017562,13.145539906103286,3160.0,True,低于阈值/需关注,0.9976888994539199
25,不详,2024,12,2024-12,流通,花生仁/炒货坚果,花生米,24.5,2.13,0.00213,全国中位数默认值,低,True,省份无法匹配消费量，使用全国中位数默认值。,60.0,0.00086975,57.487783845932746,75.88387467663122,120.72434607645876,181.66139695314746,217.30382293762577,3160.0,True,低于阈值/需关注,0.9617960930137788
96,不详,2024,12,2024-12,流通,花生仁/炒货坚果,生花生米,50.6,2.13,0.00213,全国中位数默认值,低,True,省份无法匹配消费量，使用全国中位数默认值。,60.0,0.0017963,27.834994154651227,36.74219228413962,58.45348772476758,87.95858152869788,105.21627790458164,3160.0,True,低于阈值/需关注,0.9815020608465925
97,不详,2024,12,2024-12,流通,花生仁/炒货坚果,散花生米,72.1,2.13,0.00213,全国中位数默认值,低,True,省份无法匹配消费量，使用全国中位数默认值。,60.0,0.00255955,19.534683831142196,25.7857826571077,41.022836045398606,61.72960090640933,73.8411048817175,3160.0,True,低于阈值/需关注,0.9870180898590512
53,不详,2024,12,2024-12,流通,花生仁/炒货坚果,散花生米,72.1,2.13,0.00213,全国中位数默认值,低,True,省份无法匹配消费量，使用全国中位数默认值。,60.0,0.00255955,19.534683831142196,25.7857826571077,41.022836045398606,61.72960090640933,73.8411048817175,3160.0,True,低于阈值/需关注,0.9870180898590512
9,河南,2023,1,2023-01,流通,花生仁/炒货坚果,脱油花生(五香味),33.0,4.29,0.00429,同省最近年份(2022),中,True,消费量数据年份未覆盖当前面板年份，使用同省最近年份。,60.0,0.0023595,21.190930281839375,27.972027972027973,44.50095359186268,66.96333969061241,80.10171646535282,3160.0,True,低于阈值/需关注,0.9859174197494106
91,不详,2023,2,2023-02,流通,花生仁/炒货坚果,炸花生,504.0,2.13,0.00213,全国中位数默认值,低,True,省份无法匹配消费量，使用全国中位数默认值。,60.0,0.017892,2.794545048066175,3.6887994634473507,5.868544600938966,8.830762351889112,10.56338028169014,3160.0,True,低于阈值/需关注,0.9981428656326142
2,安徽,2023,3,2023-03,流通,花生仁/炒货坚果,无蔗糖花生糖,64.6,1.56,0.00156,同省最近年份(2022),中,True,消费量数据年份未覆盖当前面板年份，使用同省最近年份。,60.0,0.0016795999999999998,29.768992617289836,39.29507025482258,62.514884496308646,94.07001667063588,112.52679209335557,3160.0,True,低于阈值/需关注,0.9802168087036998
89,河南,2023,4,2023-04,流通,花生仁/炒货坚果,花生米（五香味）,308.0,4.29,0.00429,同省最近年份(2022),中,True,消费量数据年份未覆盖当前面板年份，使用同省最近年份。,60.0,0.022022,2.2704568159113614,2.997002997002997,4.767959313413859,7.174643538279902,8.582326764144947,3160.0,True,低于阈值/需关注,0.9984911521160083
39,安徽,2023,4,2023-04,流通,花生仁/炒货坚果,花生米（炒货食品及坚果制品）,40.0,1.56,0.00156,同省最近年份(2022),中,True,消费量数据年份未覆盖当前面板年份，使用同省最近年份。,60.0,0.00104,48.07692307692309,63.46153846153847,100.96153846153847,151.92307692307693,181.73076923076925,3160.0,True,低于阈值/需关注,0.9680501460564751
40,山东,2023,4,2023-04,流通,花生仁/炒货坚果,五香味花生米,31.5,4.67,0.00467,同省最近年份(2022),中,True,消费量数据年份未覆盖当前面板年份，使用同省最近年份。,60.0,0.00245175,20.393596410727035,26.919547262159682,42.82655246252676,64.44376465789742,77.08779443254818,3160.0,True,低于阈值/需关注,0.9864472935245169
56,山东,2023,6,2023-06,流通,花生仁/炒货坚果,五香多味花生,0.7,4.67,0.00467,同省最近年份(2022),中,True,消费量数据年份未覆盖当前面板年份，使用同省最近年份。,60.0,5.448333333333333e-05,917.7118384827165,1211.379626797186,1927.1948608137047,2899.969409605384,3468.9507494646687,3160.0,True,低于阈值/需关注,0.390128208603258
24,不详,2023,7,2023-07,流通,花生仁/炒货坚果,酒鬼花生,0.91,2.13,0.00213,全国中位数默认值,低,True,省份无法匹配消费量，使用全国中位数默认值。,60.0,3.2305e-05,1547.748026621266,2043.0273951400711,3250.270855904658,4890.8837641232,5850.487540628385,3160.0,False,接近阈值/观察,0.0
108,江苏,2023,7,2023-07,流通,花生仁/炒货坚果,五香花生,30.7,5.3,0.0053,同省最近年份(2022),中,True,消费量数据年份未覆盖当前面板年份，使用同省最近年份。,60.0,0.002711833333333333,18.437711265441585,24.337778870382895,38.719193657427326,58.26316759879541,69.6945485833692,3160.0,True,低于阈值/需关注,0.9877470906147382
166,广东,2023,8,2023-08,生产,花生仁/炒货坚果,竹蔗花生,0.0275,2.55,0.0025499999999999997,同省最近年份(2022),中,True,消费量数据年份未覆盖当前面板年份，使用同省最近年份。,60.0,1.16875e-06,42780.74866310161,56470.58823529412,89839.57219251337,135187.16577540108,161711.22994652405,3160.0,False,高于阈值/低关注,0.0
61,不详,2023,9,2023-09,流通,花生仁/炒货坚果,花生米,114.0,2.13,0.00213,全国中位数默认值,低,True,省份无法匹配消费量，使用全国中位数默认值。,60.0,0.004046999999999999,12.354830738818881,16.308376575240924,25.945144551519647,39.04126513466766,46.70126019273537,3160.0,True,低于阈值/需关注,0.9917895112178735
43,不详,2023,10,2023-10,流通,花生仁/炒货坚果,香酥花生（干货）,30.0,2.13,0.00213,全国中位数默认值,低,True,省份无法匹配消费量，使用全国中位数默认值。,60.0,0.001065,46.94835680751174,61.971830985915496,98.59154929577464,148.3568075117371,177.46478873239437,3160.0,True,低于阈值/需关注,0.9688001426279194
88,安徽,2023,11,2023-11,流通,花生仁/炒货坚果,手工花生米（藤椒味）,42.9,1.56,0.00156,同省最近年份(2022),中,True,消费量数据年份未覆盖当前面板年份，使用同省最近年份。,60.0,0.0011154,44.82696790389099,59.1715976331361,94.13663259817106,141.6532185762955,169.44593867670793,3160.0,True,低于阈值/需关注,0.9702099263929838
83,不详,2023,11,2023-11,流通,花生仁/炒货坚果,油炸花生,142.0,2.13,0.00213,全国中位数默认值,低,True,省份无法匹配消费量，使用全国中位数默认值。,60.0,0.005041,9.918666931164452,13.092640349137076,20.829200555445347,31.342987502479666,37.492560999801626,3160.0,True,低于阈值/需关注,0.9934084808368844
193,安徽,2023,11,2023-11,流通,花生仁/炒货坚果,藤椒味花生米,42.2,1.56,0.00156,同省最近年份(2022),中,True,消费量数据年份未覆盖当前面板年份，使用同省最近年份。,60.0,0.0010972,45.57054320087496,60.15311702515494,95.6981407218374,144.00291651476485,172.25665329930732,3160.0,True,低于阈值/需关注,0.9697157782525831
194,河南,2023,11,2023-11,流通,花生仁/炒货坚果,麻辣花生,127.0,4.29,0.00429,同省最近年份(2022),中,True,消费量数据年份未覆盖当前面板年份，使用同省最近年份。,60.0,0.0090805,5.506304718903144,7.268322228952151,11.563239909696602,17.399922911733935,20.813831837453886,3160.0,True,低于阈值/需关注,0.9963407468640201
94,不详,2023,12,2023-12,流通,花生仁/炒货坚果,花生米,62.7,2.13,0.00213,全国中位数默认值,低,True,省份无法匹配消费量，使用全国中位数默认值。,60.0,0.00222585,22.463328616034325,29.651593773165306,47.17299009367208,70.98411842666846,84.91138216860973,3160.0,True,低于阈值/需关注,0.9850718385779519
19,山东,2023,12,2023-12,流通,花生仁/炒货坚果,奶香味花生米,35.7,4.67,0.00467,同省最近年份(2022),中,True,消费量数据年份未覆盖当前面板年份，使用同省最近年份。,60.0,0.00277865,17.99434977417091,23.752541701905603,37.788134525758906,56.86214528638008,68.01864214636603,3160.0,True,低于阈值/需关注,0.9880417295804561
5,云南,2023,12,2023-12,生产,花生仁/炒货坚果,香酥花生米,75.8,3.5,0.0035,同省最近年份(2022),中,True,消费量数据年份未覆盖当前面板年份，使用同省最近年份。,60.0,0.004421666666666667,11.307953260459858,14.926498303807012,23.7467018469657,35.73313230305315,42.74406332453826,3160.0,True,低于阈值/需关注,0.9924852209345045
209,安徽,2023,12,2023-12,流通,花生仁/炒货坚果,花生米,38.4,1.56,0.00156,同省最近年份(2022),中,True,消费量数据年份未覆盖当前面板年份，使用同省最近年份。,60.0,0.0009984,50.08012820512821,66.10576923076924,105.16826923076923,158.25320512820514,189.3028846153846,3160.0,True,低于阈值/需关注,0.9667189021421617
40,江苏,2023,12,2023-12,流通,花生仁/炒货坚果,柴火花生（原味）,0.8,5.3,0.0053,同省最近年份(2022),中,True,消费量数据年份未覆盖当前面板年份，使用同省最近年份。,60.0,7.066666666666666e-05,707.5471698113208,933.9622641509435,1485.8490566037738,2235.849056603774,2674.5283018867926,3160.0,True,低于阈值/需关注,0.529794602340578
197,福建,2024,1,2024-01,流通,花生仁/炒货坚果,香酱花生,176.0,3.43,0.0034300000000000003,同省最近年份(2022),中,True,消费量数据年份未覆盖当前面板年份，使用同省最近年份。,60.0,0.010061333333333335,4.969520275642724,6.559766763848396,10.435992578849719,15.703684071031008,18.784786641929497,3160.0,True,低于阈值/需关注,0.9966974707028956
198,福建,2024,1,2024-01,流通,花生仁/炒货坚果,佰优蒜蓉味花生,112.0,3.43,0.0034300000000000003,同省最近年份(2022),中,True,消费量数据年份未覆盖当前面板年份，使用同省最近年份。,60.0,0.006402666666666668,7.809246147438566,10.308204914618909,16.39941690962099,24.67721782590587,29.51895043731778,3160.0,True,低于阈值/需关注,0.9948103111045503
153,安徽,2024,1,2024-01,其他,花生仁/炒货坚果,蜂蜜香酥花生,271.0,1.56,0.00156,同省最近年份(2022),中,True,消费量数据年份未覆盖当前面板年份，使用同省最近年份。,60.0,0.007045999999999999,7.0962248084019315,9.367016747090549,14.902072097644055,22.424070394550103,26.8237297757593,3160.0,True,低于阈值/需关注,0.9952841543994797
139,福建,2024,1,2024-01,流通,花生仁/炒货坚果,香酱花生,251.0,3.43,0.0034300000000000003,同省最近年份(2022),中,True,消费量数据年份未覆盖当前面板年份，使用同省最近年份。,60.0,0.014348833333333335,3.484603858618006,4.599677093375767,7.3176681030978115,11.011348193232898,13.171802585576062,3160.0,True,低于阈值/需关注,0.9976842822458551
79,内蒙古,2024,2,2024-02,流通,花生仁/炒货坚果,五香花生米,329.0,1.8,0.0018,同省最近年份(2022),中,True,消费量数据年份未覆盖当前面板年份，使用同省最近年份。,60.0,0.009869999999999999,5.065856129685918,6.6869300911854115,10.638297872340427,16.0081053698075,19.148936170212767,3160.0,True,低于阈值/需关注,0.9966334500403986
42,山东,2024,4,2024-04,流通,花生仁/炒货坚果,五香花生米,96.4,4.67,0.00467,同省最近年份(2022),中,True,消费量数据年份未覆盖当前面板年份，使用同省最近年份。,60.0,0.007503133333333333,6.663882644584041,8.796325090850935,13.994153553626486,21.05786915688557,25.189476396527674,3160.0,True,低于阈值/需关注,0.9955714703944221
16,浙江,2024,4,2024-04,生产,花生仁/炒货坚果,油炸花生米（椒盐花生米）,38.7,5.48,0.0054800000000000005,同省最近年份(2022),中,True,消费量数据年份未覆盖当前面板年份，使用同省最近年份。,60.0,0.0035346000000000006,14.145872234481976,18.67255134951621,29.70633169241215,44.700956260963046,53.47139704634187,3160.0,True,低于阈值/需关注,0.9905992621226544
79,不详,2024,5,2024-05,流通,花生仁/炒货坚果,蛋清花生(油炸类)(炒货),130.0,2.13,0.00213,全国中位数默认值,低,True,省份无法匹配消费量，使用全国中位数默认值。,60.0,0.004614999999999999,10.834236186348864,14.301191765980501,22.751895991332614,34.23618634886241,40.95341278439871,3160.0,True,低于阈值/需关注,0.9928000329141352
167,安徽,2024,5,2024-05,流通,花生仁/炒货坚果,麻酥花生,176.0,1.56,0.00156,同省最近年份(2022),中,True,消费量数据年份未覆盖当前面板年份，使用同省最近年份。,60.0,0.004575999999999999,10.926573426573428,14.423076923076925,22.945804195804197,34.527972027972034,41.30244755244756,3160.0,True,低于阈值/需关注,0.9927386695582898
33,浙江,2024,6,2024-06,流通,花生仁/炒货坚果,油炸花生米,39.3,5.48,0.0054800000000000005,同省最近年份(2022),中,True,消费量数据年份未覆盖当前面板年份，使用同省最近年份。,60.0,0.0035894,13.92990471945172,18.38747422967627,29.25279991084861,44.01849891346743,52.6550398395275,3160.0,True,低于阈值/需关注,0.990742784838339
34,浙江,2024,6,2024-06,流通,花生仁/炒货坚果,佐酒花生仁,42.8,5.48,0.0054800000000000005,同省最近年份(2022),中,True,消费量数据年份未覆盖当前面板年份，使用同省最近年份。,60.0,0.003909066666666666,12.79077699706665,16.883825636127977,26.860631693839963,40.41885531073061,48.349137048911935,3160.0,True,低于阈值/需关注,0.9914998000968861
207,四川,2024,6,2024-06,生产,花生仁/炒货坚果,蛋酥花生,51.9,2.21,0.00221,同省最近年份(2022),中,True,消费量数据年份未覆盖当前面板年份，使用同省最近年份。,60.0,0.0019116500000000002,26.15541547877488,34.52514843198284,54.92637250542724,82.65111291292861,98.86747050976903,3160.0,True,低于阈值/需关注,0.9826182365489154
119,不详,2024,7,2024-07,流通,花生仁/炒货坚果,麻辣酒鬼花生,495.0,2.13,0.00213,全国中位数默认值,低,True,省份无法匹配消费量，使用全国中位数默认值。,60.0,0.017572499999999998,2.845354958031015,3.7558685446009394,5.975245411865131,8.991321667378006,10.755441741357236,3160.0,True,低于阈值/需关注,0.9981090995532073
48,浙江,2024,7,2024-07,流通,花生仁/炒货坚果,红糖石头花生（分装）,77.0,5.48,0.0054800000000000005,同省最近年份(2022),中,True,消费量数据年份未覆盖当前面板年份，使用同省最近年份。,60.0,0.007032666666666668,7.109678642525357,9.38477580813347,14.930325149303249,22.466584510380127,26.874585268745847,3160.0,True,低于阈值/需关注,0.995275213560347
21,安徽,2024,7,2024-07,流通,花生仁/炒货坚果,花生米,203.0,1.56,0.00156,同省最近年份(2022),中,True,消费量数据年份未覆盖当前面板年份，使用同省最近年份。,60.0,0.005278000000000001,9.4732853353543,12.504736642667677,19.89389920424403,29.93558165971959,35.80901856763926,3160.0,True,低于阈值/需关注,0.9937044622771379
32,江西,2024,8,2024-08,流通,花生仁/炒货坚果,椒盐味花生,51.4,4.52,0.00452,同省最近年份(2022),中,True,消费量数据年份未覆盖当前面板年份，使用同省最近年份。,60.0,0.003872133333333333,12.91277848558934,17.04486760097793,27.116834819737615,40.80438001446232,48.81030267552771,3160.0,True,低于阈值/需关注,0.9914187231583109
159,不详,2024,8,2024-08,流通,花生仁/炒货坚果,花生米,61.2,2.13,0.00213,全国中位数默认值,低,True,省份无法匹配消费量，使用全国中位数默认值。,60.0,0.0021726,23.01390039583909,30.3783485225076,48.32919083126208,72.72392525085152,86.99254349627175,3160.0,True,低于阈值/需关注,0.9847059522685879
73,河北,2024,8,2024-08,流通,花生仁/炒货坚果,多味花生,98.4,2.2,0.0022,同省最近年份(2022),中,True,消费量数据年份未覆盖当前面板年份，使用同省最近年份。,60.0,0.0036080000000000005,13.858093126385809,18.292682926829265,29.101995565410196,43.79157427937915,52.38359201773835,3160.0,True,低于阈值/需关注,0.9907905077324651
172,河北,2024,8,2024-08,流通,花生仁/炒货坚果,五香花生（烘炒类）,60.7,2.2,0.0022,同省最近年份(2022),中,True,消费量数据年份未覆盖当前面板年份，使用同省最近年份。,60.0,0.002225666666666667,22.46517897259248,29.654036243822073,47.176875842444204,70.98996555339222,84.91837651639956,3160.0,True,低于阈值/需关注,0.9850706089106189
106,山东,2024,8,2024-08,流通,花生仁/炒货坚果,香酥花生,30.9,4.67,0.00467,同省最近年份(2022),中,True,消费量数据年份未覆盖当前面板年份，使用同省最近年份。,60.0,0.0024050499999999997,20.789588574042124,27.4422569177356,43.65813600548845,65.69509989397311,78.58464480987922,3160.0,True,低于阈值/需关注,0.9861841341754783
27,不详,2024,9,2024-09,流通,花生仁/炒货坚果,麻辣花生,36.8,2.13,0.00213,全国中位数默认值,低,True,省份无法匹配消费量，使用全国中位数默认值。,60.0,0.0013063999999999999,38.273116962645446,50.520514390691986,80.37354562155542,120.9430496019596,144.67238211879976,3160.0,True,低于阈值/需关注,0.9745653336640647
83,福建,2024,9,2024-09,生产,花生仁/炒货坚果,浓香奶油花生（奶油味）,56.7,3.43,0.0034300000000000003,同省最近年份(2022),中,True,消费量数据年份未覆盖当前面板年份，使用同省最近年份。,60.0,0.00324135,15.425671402347788,20.36188625109908,32.39390994493035,48.74512163141901,58.309037900874635,3160.0,True,低于阈值/需关注,0.9897487626756549
53,不详,2024,9,2024-09,流通,花生仁/炒货坚果,卤花生,244.0,2.13,0.00213,全国中位数默认值,低,True,省份无法匹配消费量，使用全国中位数默认值。,60.0,0.008662,5.772338951743247,7.6194874163010855,12.121911798660818,18.24059108750866,21.819441237589473,3160.0,True,低于阈值/需关注,0.9961639519624491
54,不详,2024,9,2024-09,流通,花生仁/炒货坚果,卤花生,51.0,2.13,0.00213,全国中位数默认值,低,True,省份无法匹配消费量，使用全国中位数默认值。,60.0,0.0018105,27.616680475006905,36.454018227009115,57.995028997514495,87.26871030102181,104.3910521955261,3160.0,True,低于阈值/需关注,0.9816471427223056
284,山东,2024,9,2024-09,流通,花生仁/炒货坚果,香叶花生,59.1,4.67,0.00467,同省最近年份(2022),中,True,消费量数据年份未覆盖当前面板年份，使用同省最近年份。,60.0,0.00459995,10.869683366123544,14.347982043283078,22.826335068859443,34.3481994369504,41.087403123947,3160.0,True,低于阈值/需关注,0.9927764762440319
87,不详,2024,10,2024-10,流通,花生仁/炒货坚果,油炸花生米,252.0,2.13,0.00213,全国中位数默认值,低,True,省份无法匹配消费量，使用全国中位数默认值。,60.0,0.008946,5.58909009613235,7.377598926894701,11.737089201877932,17.661524703778223,21.12676056338028,3160.0,True,低于阈值/需关注,0.9962857312652285
67,贵州,2024,11,2024-11,流通,花生仁/炒货坚果,花生米（山椒味）（其他炒货食品及坚果制品）,43.5,1.21,0.00121,同省最近年份(2022),中,True,消费量数据年份未覆盖当前面板年份，使用同省最近年份。,60.0,0.0008772499999999999,56.99629524080936,75.23510971786835,119.69222000569964,180.10829296095756,215.44599601025936,3160.0,True,低于阈值/需关注,0.9621227151880697
30,不详,2024,11,2024-11,流通,花生仁/炒货坚果,油炸花生米,388.0,2.13,0.00213,全国中位数默认值,低,True,省份无法匹配消费量，使用全国中位数默认值。,60.0,0.013774,3.630027588209671,4.7916364164367655,7.623057935240308,11.470887178742558,13.721504283432555,3160.0,True,低于阈值/需关注,0.9975876398939112
112,浙江,2024,11,2024-11,生产,花生仁/炒货坚果,咸味花生米,50.3,5.48,0.0054800000000000005,同省最近年份(2022),中,True,消费量数据年份未覆盖当前面板年份，使用同省最近年份。,60.0,0.004594066666666666,10.883603488557707,14.366356604896172,22.855567325971183,34.392187023842354,41.14002118674813,3160.0,True,低于阈值/需关注,0.9927672255297559
79,江西,2024,12,2024-12,流通,花生仁/炒货坚果,椒盐味花生,45.9,4.52,0.00452,同省最近年份(2022),中,True,消费量数据年份未覆盖当前面板年份，使用同省最近年份。,60.0,0.0034577999999999996,14.46006131065996,19.087280930071145,30.36612875238591,45.69379374168547,54.659031754294645,3160.0,True,低于阈值/需关注,0.990390465584688
1,河南,2023,4,2023-04,餐饮,餐饮-->蔬菜,醋泡花生,44.4,4.29,0.00429,同省最近年份(2022),中,True,消费量数据年份未覆盖当前面板年份，使用同省最近年份。,60.0,0.0031746,15.75001575001575,20.79002079002079,33.075033075033076,49.770049770049766,59.53505953505953,3160.0,True,低于阈值/需关注,0.9895332173813187
1,河南,2023,4,2023-04,餐饮,餐饮-->蔬菜,醋泡花生,44.4,4.29,0.00429,同省最近年份(2022),中,True,消费量数据年份未覆盖当前面板年份，使用同省最近年份。,60.0,0.0031746,15.75001575001575,20.79002079002079,33.075033075033076,49.770049770049766,59.53505953505953,3160.0,True,低于阈值/需关注,0.9895332173813187
1,不详,2023,12,2023-12,餐饮,花生油/油脂,花生油,25.3,2.13,0.00213,全国中位数默认值,低,True,省份无法匹配消费量，使用全国中位数默认值。,60.0,0.00089815,55.669988309302454,73.48438456827924,116.90697544953515,175.91716305739575,210.4325558091633,3160.0,True,低于阈值/需关注,0.9630041216931851
2,不详,2023,12,2023-12,餐饮,花生油/油脂,花生油,26.1,2.13,0.00213,全国中位数默认值,低,True,省份无法匹配消费量，使用全国中位数默认值。,60.0,0.00092655,53.963628514381305,71.23198963898332,113.32361988020074,170.52506610544492,203.98251578436134,3160.0,True,低于阈值/需关注,0.9641380949746201
86,河南,2023,1,2023-01,餐饮,花生仁/炒货坚果,油炸花生米,53.6,4.29,0.00429,同省最近年份(2022),中,True,消费量数据年份未覆盖当前面板年份，使用同省最近年份。,60.0,0.0038324000000000006,13.046654837699613,17.22158438576349,27.397975159169185,41.227429287130775,49.31635528650453,3160.0,True,低于阈值/需关注,0.9913297546964654
87,河南,2023,1,2023-01,餐饮,餐饮-->其他餐饮环节产品,水煮花生米,39.5,4.29,0.00429,同省最近年份(2022),中,True,消费量数据年份未覆盖当前面板年份，使用同省最近年份。,60.0,0.0028242500000000004,17.7038151721696,23.369036027263874,37.17801186155616,55.94405594405594,66.92042135080109,3160.0,True,低于阈值/需关注,0.9882348063729253
88,河南,2023,1,2023-01,餐饮,花生仁/炒货坚果,油炸花生米,304.0,4.29,0.00429,同省最近年份(2022),中,True,消费量数据年份未覆盖当前面板年份，使用同省最近年份。,60.0,0.021736000000000002,2.3003312476996687,3.0364372469635628,4.830695620169304,7.269046742730953,8.695252116304747,3160.0,True,低于阈值/需关注,0.9984712988543769
89,河南,2023,1,2023-01,餐饮,餐饮-->其他餐饮环节产品,水煮花生,122.0,4.29,0.00429,同省最近年份(2022),中,True,消费量数据年份未覆盖当前面板年份，使用同省最近年份。,60.0,0.008723000000000002,5.731972945087699,7.566204287515762,12.037143184684165,18.113034506477128,21.6668577324315,3160.0,True,低于阈值/需关注,0.9961907774732012
71,河南,2023,2,2023-02,餐饮,餐饮-->其他餐饮环节产品,水煮花生,45.7,4.29,0.00429,同省最近年份(2022),中,True,消费量数据年份未覆盖当前面板年份，使用同省最近年份。,60.0,0.0032675500000000006,15.30198466741136,20.198619760982996,32.134167801563855,48.3542715490199,57.841502042814945,3160.0,True,低于阈值/需关注,0.9898309595564672
72,河南,2023,2,2023-02,餐饮,花生仁/炒货坚果,油炸花生米,46.4,4.29,0.00429,同省最近年份(2022),中,True,消费量数据年份未覆盖当前面板年份，使用同省最近年份。,60.0,0.0033176,15.071135760790934,19.893899204244033,31.649385097660957,47.62478900409935,56.96889317578973,3160.0,True,低于阈值/需关注,0.9899843718045377
73,河南,2023,2,2023-02,餐饮,花生仁/炒货坚果,油炸花生米,45.6,4.29,0.00429,同省最近年份(2022),中,True,消费量数据年份未覆盖当前面板年份，使用同省最近年份。,60.0,0.0032604000000000005,15.335541651331123,20.24291497975708,32.20463746779536,48.46031161820635,57.96834744203164,3160.0,True,低于阈值/需关注,0.9898086590291787
74,河南,2023,2,2023-02,餐饮,餐饮-->其他餐饮环节产品,水煮花生米,44.7,4.29,0.00429,同省最近年份(2022),中,True,消费量数据年份未覆盖当前面板年份，使用同省最近年份。,60.0,0.00319605,15.644310946324369,20.650490449148165,32.853052987281174,49.436022590385,59.13549537710611,3160.0,True,低于阈值/需关注,0.9896034642445314
23,河南,2023,3,2023-03,餐饮,花生仁/炒货坚果,油炸花生,31.9,4.29,0.00429,同省最近年份(2022),中,True,消费量数据年份未覆盖当前面板年份，使用同省最近年份。,60.0,0.00228085,21.921652015695905,28.936580660718594,46.03546923296139,69.27242036959905,82.86384461933051,3160.0,True,低于阈值/需关注,0.9854318135338729
24,河南,2023,3,2023-03,餐饮,花生仁/炒货坚果,油炸花生米,33.6,4.29,0.00429,同省最近年份(2022),中,True,消费量数据年份未覆盖当前面板年份，使用同省最近年份。,60.0,0.0024024000000000003,20.812520812520813,27.47252747252747,43.7062937062937,65.76756576756576,78.67132867132867,3160.0,True,低于阈值/需关注,0.9861688943967425
25,河南,2023,3,2023-03,餐饮,餐饮-->其他餐饮环节产品,水煮花生米,55.0,4.29,0.00429,同省最近年份(2022),中,True,消费量数据年份未覆盖当前面板年份，使用同省最近年份。,60.0,0.0039325,12.714558169103624,16.783216783216783,26.70057215511761,40.17800381436745,48.061029879211695,3160.0,True,低于阈值/需关注,0.9915504518496463
26,河南,2023,3,2023-03,餐饮,花生仁/炒货坚果,油炸花生米,47.6,4.29,0.00429,同省最近年份(2022),中,True,消费量数据年份未覆盖当前面板年份，使用同省最近年份。,60.0,0.0034034000000000004,14.691191161779397,19.392372333548803,30.85150143973673,46.42416407122289,55.53270259152612,3160.0,True,低于阈值/需关注,0.9902368666329947
27,河南,2023,3,2023-03,餐饮,餐饮-->其他餐饮环节产品,水煮花生米,103.0,4.29,0.00429,同省最近年份(2022),中,True,消费量数据年份未覆盖当前面板年份，使用同省最近年份。,60.0,0.0073645,6.789327177676692,8.961911874533234,14.257587073121053,21.454273881458345,25.663656731617895,3160.0,True,低于阈值/需关注,0.9954881053566073
16,河南,2023,4,2023-04,餐饮,餐饮-->其他餐饮环节产品,水煮花生米,43.2,4.29,0.00429,同省最近年份(2022),中,True,消费量数据年份未覆盖当前面板年份，使用同省最近年份。,60.0,0.0030888000000000005,16.187516187516184,21.367521367521366,33.993783993783985,51.15255115255115,61.18881118881118,3160.0,True,低于阈值/需关注,0.9892424734196886
17,河南,2023,4,2023-04,餐饮,花生仁/炒货坚果,油炸花生米,83.6,4.29,0.00429,同省最近年份(2022),中,True,消费量数据年份未覆盖当前面板年份，使用同省最近年份。,60.0,0.0059774,8.364840900726069,11.04158998895841,17.566165891524744,26.432897246294377,31.61909860474454,3160.0,True,低于阈值/需关注,0.9944410867431884
18,河南,2023,4,2023-04,餐饮,餐饮-->其他餐饮环节产品,炸花生米,57.4,4.29,0.00429,同省最近年份(2022),中,True,消费量数据年份未覆盖当前面板年份，使用同省最近年份。,60.0,0.0041041,12.182939012207305,16.08147949611364,25.58417192563534,38.498087278575085,46.05150946614361,3160.0,True,低于阈值/需关注,0.9919037430615077
19,河南,2023,4,2023-04,餐饮,花生仁/炒货坚果,油炸花生米,45.8,4.29,0.00429,同省最近年份(2022),中,True,消费量数据年份未覆盖当前面板年份，使用同省最近年份。,60.0,0.0032747,15.268574220539286,20.154517971111858,32.0640058631325,48.24869453690414,57.7152105536385,3160.0,True,低于阈值/需关注,0.9898531627015403
20,河南,2023,4,2023-04,餐饮,花生仁/炒货坚果,油炸花生米,32.0,4.29,0.00429,同省最近年份(2022),中,True,消费量数据年份未覆盖当前面板年份，使用同省最近年份。,60.0,0.002288,21.853146853146853,28.846153846153847,45.891608391608386,69.05594405594405,82.6048951048951,3160.0,True,低于阈值/需关注,0.9854773391165796
21,河南,2023,4,2023-04,餐饮,花生仁/炒货坚果,油炸花生米,67.4,4.29,0.00429,同省最近年份(2022),中,True,消费量数据年份未覆盖当前面板年份，使用同省最近年份。,60.0,0.0048191000000000015,10.375381295262597,13.695503309746629,21.788300720051453,32.78620489302981,39.218941296092616,3160.0,True,低于阈值/需关注,0.9931049681265659
22,河南,2023,4,2023-04,餐饮,花生仁/炒货坚果,油炸花生米,39.9,4.29,0.00429,同省最近年份(2022),中,True,消费量数据年份未覆盖当前面板年份，使用同省最近年份。,60.0,0.00285285,17.526333315807,23.13475997686524,36.8052999631947,55.38321327795012,66.24953993375046,3160.0,True,低于阈值/需关注,0.9883527531762043
23,河南,2023,4,2023-04,餐饮,花生仁/炒货坚果,油炸花生米,37.2,4.29,0.00429,同省最近年份(2022),中,True,消费量数据年份未覆盖当前面板年份，使用同省最近年份。,60.0,0.002659800000000001,18.798405895180085,24.81389578163771,39.476652379878175,59.40296262876906,71.05797428378071,3160.0,True,低于阈值/需关注,0.9875073884873804
24,河南,2023,4,2023-04,餐饮,花生仁/炒货坚果,油炸花生米,56.7,4.29,0.00429,同省最近年份(2022),中,True,消费量数据年份未覆盖当前面板年份，使用同省最近年份。,60.0,0.004054050000000001,12.333345666678998,16.280016280016277,25.900025900025895,38.973372306705635,46.62004662004661,3160.0,True,低于阈值/需关注,0.9918037892721437
25,河南,2023,4,2023-04,餐饮,花生仁/炒货坚果,油炸花生,40.2,4.29,0.00429,同省最近年份(2022),中,True,消费量数据年份未覆盖当前面板年份，使用同省最近年份。,60.0,0.0028743000000000006,17.39553978359948,22.962112514351315,36.530633545558906,54.96990571617436,65.75514038200603,3160.0,True,低于阈值/需关注,0.9884396729286206
26,河南,2023,4,2023-04,餐饮,餐饮-->其他餐饮环节产品,水煮花生米,57.4,4.29,0.00429,同省最近年份(2022),中,True,消费量数据年份未覆盖当前面板年份，使用同省最近年份。,60.0,0.0041041,12.182939012207305,16.08147949611364,25.58417192563534,38.498087278575085,46.05150946614361,3160.0,True,低于阈值/需关注,0.9919037430615077
27,河南,2023,4,2023-04,餐饮,花生仁/炒货坚果,油炸花生米,55.8,4.29,0.00429,同省最近年份(2022),中,True,消费量数据年份未覆盖当前面板年份，使用同省最近年份。,60.0,0.0039897000000000005,12.532270596786725,16.542597187758478,26.31776825325212,39.60197508584605,47.371982855853815,3160.0,True,低于阈值/需关注,0.9916715923249202
28,河南,2023,4,2023-04,餐饮,餐饮-->其他餐饮环节产品,凉拌花生米,85.3,4.29,0.00429,同省最近年份(2022),中,True,消费量数据年份未覆盖当前面板年份，使用同省最近年份。,60.0,0.0060989500000000006,8.198132465424376,10.821534854360177,17.21607817739119,25.906098590741028,30.98894071930414,3160.0,True,低于阈值/需关注,0.9945518739944964
29,河南,2023,4,2023-04,餐饮,餐饮-->其他餐饮环节产品,炸花生米,85.0,4.29,0.00429,同省最近年份(2022),中,True,消费量数据年份未覆盖当前面板年份，使用同省最近年份。,60.0,0.0060775000000000004,8.227067050596462,10.85972850678733,17.27684080625257,25.997531879884818,31.098313451254626,3160.0,True,低于阈值/需关注,0.994532645314477
16,河南,2023,4,2023-04,餐饮,餐饮-->其他餐饮环节产品,水煮花生米,43.2,4.29,0.00429,同省最近年份(2022),中,True,消费量数据年份未覆盖当前面板年份，使用同省最近年份。,60.0,0.0030888000000000005,16.187516187516184,21.367521367521366,33.993783993783985,51.15255115255115,61.18881118881118,3160.0,True,低于阈值/需关注,0.9892424734196886
17,河南,2023,4,2023-04,餐饮,花生仁/炒货坚果,油炸花生米,83.6,4.29,0.00429,同省最近年份(2022),中,True,消费量数据年份未覆盖当前面板年份，使用同省最近年份。,60.0,0.0059774,8.364840900726069,11.04158998895841,17.566165891524744,26.432897246294377,31.61909860474454,3160.0,True,低于阈值/需关注,0.9944410867431884
18,河南,2023,4,2023-04,餐饮,餐饮-->其他餐饮环节产品,炸花生米,57.4,4.29,0.00429,同省最近年份(2022),中,True,消费量数据年份未覆盖当前面板年份，使用同省最近年份。,60.0,0.0041041,12.182939012207305,16.08147949611364,25.58417192563534,38.498087278575085,46.05150946614361,3160.0,True,低于阈值/需关注,0.9919037430615077
19,河南,2023,4,2023-04,餐饮,花生仁/炒货坚果,油炸花生米,45.8,4.29,0.00429,同省最近年份(2022),中,True,消费量数据年份未覆盖当前面板年份，使用同省最近年份。,60.0,0.0032747,15.268574220539286,20.154517971111858,32.0640058631325,48.24869453690414,57.7152105536385,3160.0,True,低于阈值/需关注,0.9898531627015403
20,河南,2023,4,2023-04,餐饮,花生仁/炒货坚果,油炸花生米,32.0,4.29,0.00429,同省最近年份(2022),中,True,消费量数据年份未覆盖当前面板年份，使用同省最近年份。,60.0,0.002288,21.853146853146853,28.846153846153847,45.891608391608386,69.05594405594405,82.6048951048951,3160.0,True,低于阈值/需关注,0.9854773391165796
21,河南,2023,4,2023-04,餐饮,花生仁/炒货坚果,油炸花生米,67.4,4.29,0.00429,同省最近年份(2022),中,True,消费量数据年份未覆盖当前面板年份，使用同省最近年份。,60.0,0.0048191000000000015,10.375381295262597,13.695503309746629,21.788300720051453,32.78620489302981,39.218941296092616,3160.0,True,低于阈值/需关注,0.9931049681265659
22,河南,2023,4,2023-04,餐饮,花生仁/炒货坚果,油炸花生米,39.9,4.29,0.00429,同省最近年份(2022),中,True,消费量数据年份未覆盖当前面板年份，使用同省最近年份。,60.0,0.00285285,17.526333315807,23.13475997686524,36.8052999631947,55.38321327795012,66.24953993375046,3160.0,True,低于阈值/需关注,0.9883527531762043
23,河南,2023,4,2023-04,餐饮,花生仁/炒货坚果,油炸花生米,37.2,4.29,0.00429,同省最近年份(2022),中,True,消费量数据年份未覆盖当前面板年份，使用同省最近年份。,60.0,0.002659800000000001,18.798405895180085,24.81389578163771,39.476652379878175,59.40296262876906,71.05797428378071,3160.0,True,低于阈值/需关注,0.9875073884873804
24,河南,2023,4,2023-04,餐饮,花生仁/炒货坚果,油炸花生米,56.7,4.29,0.00429,同省最近年份(2022),中,True,消费量数据年份未覆盖当前面板年份，使用同省最近年份。,60.0,0.004054050000000001,12.333345666678998,16.280016280016277,25.900025900025895,38.973372306705635,46.62004662004661,3160.0,True,低于阈值/需关注,0.9918037892721437
25,河南,2023,4,2023-04,餐饮,花生仁/炒货坚果,油炸花生,40.2,4.29,0.00429,同省最近年份(2022),中,True,消费量数据年份未覆盖当前面板年份，使用同省最近年份。,60.0,0.0028743000000000006,17.39553978359948,22.962112514351315,36.530633545558906,54.96990571617436,65.75514038200603,3160.0,True,低于阈值/需关注,0.9884396729286206
26,河南,2023,4,2023-04,餐饮,餐饮-->其他餐饮环节产品,水煮花生米,57.4,4.29,0.00429,同省最近年份(2022),中,True,消费量数据年份未覆盖当前面板年份，使用同省最近年份。,60.0,0.0041041,12.182939012207305,16.08147949611364,25.58417192563534,38.498087278575085,46.05150946614361,3160.0,True,低于阈值/需关注,0.9919037430615077
27,河南,2023,4,2023-04,餐饮,花生仁/炒货坚果,油炸花生米,55.8,4.29,0.00429,同省最近年份(2022),中,True,消费量数据年份未覆盖当前面板年份，使用同省最近年份。,60.0,0.0039897000000000005,12.532270596786725,16.542597187758478,26.31776825325212,39.60197508584605,47.371982855853815,3160.0,True,低于阈值/需关注,0.9916715923249202
28,河南,2023,4,2023-04,餐饮,餐饮-->其他餐饮环节产品,凉拌花生米,85.3,4.29,0.00429,同省最近年份(2022),中,True,消费量数据年份未覆盖当前面板年份，使用同省最近年份。,60.0,0.0060989500000000006,8.198132465424376,10.821534854360177,17.21607817739119,25.906098590741028,30.98894071930414,3160.0,True,低于阈值/需关注,0.9945518739944964
29,河南,2023,4,2023-04,餐饮,餐饮-->其他餐饮环节产品,炸花生米,85.0,4.29,0.00429,同省最近年份(2022),中,True,消费量数据年份未覆盖当前面板年份，使用同省最近年份。,60.0,0.0060775000000000004,8.227067050596462,10.85972850678733,17.27684080625257,25.997531879884818,31.098313451254626,3160.0,True,低于阈值/需关注,0.994532645314477
3,四川,2023,4,2023-04,餐饮,餐饮-->其他餐饮环节产品,油酥花生米,86.6,2.21,0.00221,同省最近年份(2022),中,True,消费量数据年份未覆盖当前面板年份，使用同省最近年份。,60.0,0.003189766666666667,15.67512775229118,20.691168633024358,32.917768279811476,49.53340369724013,59.25198290366066,3160.0,True,低于阈值/需关注,0.9895829847215787
8,安徽,2023,5,2023-05,餐饮,花生仁/炒货坚果,油炸花生米（自制）,112.0,1.56,0.00156,同省最近年份(2022),中,True,消费量数据年份未覆盖当前面板年份，使用同省最近年份。,60.0,0.0029119999999999997,17.170329670329675,22.664835164835168,36.057692307692314,54.258241758241766,64.90384615384616,3160.0,True,低于阈值/需关注,0.9885893378773125
11,浙江,2023,6,2023-06,餐饮,花生仁/炒货坚果,油炸花生米,158.0,5.48,0.0054800000000000005,同省最近年份(2022),中,True,消费量数据年份未覆盖当前面板年份，使用同省最近年份。,60.0,0.014430666666666668,3.4648433890788133,4.5735932735840334,7.276171117065508,10.94890510948905,13.097108010717914,3160.0,True,低于阈值/需关注,0.9976974142034603
52,河南,2023,7,2023-07,餐饮,餐饮-->其他餐饮环节产品,水煮花生,48.9,4.29,0.00429,同省最近年份(2022),中,True,消费量数据年份未覆盖当前面板年份，使用同省最近年份。,60.0,0.0034963500000000005,14.300627797560312,18.87682869277961,30.03131837487665,45.18998384029058,54.05637307477797,3160.0,True,低于阈值/需关注,0.9904964182357985
33,山西,2023,8,2023-08,餐饮,花生仁/炒货坚果,餐饮食品（油炸花生米）,99.0,1.0,0.001,同省最近年份(2022),中,True,消费量数据年份未覆盖当前面板年份，使用同省最近年份。,60.0,0.00165,30.303030303030305,40.0,63.63636363636363,95.75757575757576,114.54545454545455,3160.0,True,低于阈值/需关注,0.9798619102416571
7,浙江,2023,8,2023-08,餐饮,餐饮-->其他餐饮环节产品,生花生米,27.5,5.48,0.0054800000000000005,同省最近年份(2022),中,True,消费量数据年份未覆盖当前面板年份，使用同省最近年份。,60.0,0.002511666666666667,19.907100199071003,26.27737226277372,41.8049104180491,62.906436629064366,75.24883875248838,3160.0,True,低于阈值/需关注,0.9867705979689718
71,山西,2023,8,2023-08,餐饮,餐饮-->其他餐饮环节产品,五香花生米（自制）,57.0,1.0,0.001,同省最近年份(2022),中,True,消费量数据年份未覆盖当前面板年份，使用同省最近年份。,60.0,0.00095,52.631578947368425,69.47368421052632,110.52631578947368,166.31578947368422,198.94736842105263,3160.0,True,低于阈值/需关注,0.9650233177881412
16,河南,2023,9,2023-09,餐饮,花生仁/炒货坚果,油炸花生籽,31.1,4.29,0.00429,同省最近年份(2022),中,True,消费量数据年份未覆盖当前面板年份，使用同省最近年份。,60.0,0.00222365,22.485553032176824,29.68093000247341,47.21966136757133,71.05434758167877,84.9953904616284,3160.0,True,低于阈值/需关注,0.9850570691874774
2,河南,2023,10,2023-10,餐饮,花生仁/炒货坚果,油炸花生米,180.0,4.29,0.00429,同省最近年份(2022),中,True,消费量数据年份未覆盖当前面板年份，使用同省最近年份。,60.0,0.012870000000000001,3.885003885003885,5.128205128205128,8.158508158508157,12.276612276612276,14.685314685314683,3160.0,True,低于阈值/需关注,0.9974181936207253
3,河南,2023,10,2023-10,餐饮,花生仁/炒货坚果,油炸花生米,173.0,4.29,0.00429,同省最近年份(2022),中,True,消费量数据年份未覆盖当前面板年份，使用同省最近年份。,60.0,0.012369500000000002,4.042200573992481,5.335704757670075,8.48862120538421,12.77335381381624,15.279518169691578,3160.0,True,低于阈值/需关注,0.9973137274666505
4,河南,2023,10,2023-10,餐饮,花生仁/炒货坚果,油炸花生米,287.0,4.29,0.00429,同省最近年份(2022),中,True,消费量数据年份未覆盖当前面板年份，使用同省最近年份。,60.0,0.0205205,2.436587802441461,3.2162958992227284,5.116834385127068,7.699617455715017,9.210301893228722,3160.0,True,低于阈值/需关注,0.9983807486123015
91,贵州,2023,10,2023-10,餐饮,花生仁/炒货坚果,自制油炸花生米,352.0,1.21,0.00121,同省最近年份(2022),中,True,消费量数据年份未覆盖当前面板年份，使用同省最近年份。,60.0,0.007098666666666666,7.043576258452292,9.297520661157026,14.791510142749813,22.25770097670924,26.624718256949663,3160.0,True,低于阈值/需关注,0.9953191423598893
92,贵州,2023,10,2023-10,餐饮,花生仁/炒货坚果,自制油炸花生米,92.8,1.21,0.00121,同省最近年份(2022),中,True,消费量数据年份未覆盖当前面板年份，使用同省最近年份。,60.0,0.0018714666666666663,26.71701339412939,35.266457680250795,56.10572812767171,84.42576232544886,100.99031062980909,3160.0,True,低于阈值/需关注,0.9822450227444077
93,贵州,2023,10,2023-10,餐饮,花生仁/炒货坚果,油炸花生（自制）,159.0,1.21,0.00121,同省最近年份(2022),中,True,消费量数据年份未覆盖当前面板年份，使用同省最近年份。,60.0,0.0032064999999999997,15.593326056447843,20.583190394511153,32.74598471854047,49.27491033837518,58.94277249337284,3160.0,True,低于阈值/需关注,0.9896373466080568
94,贵州,2023,10,2023-10,餐饮,花生仁/炒货坚果,自制油炸花生,129.0,1.21,0.00121,同省最近年份(2022),中,True,消费量数据年份未覆盖当前面板年份，使用同省最近年份。,60.0,0.0026014999999999996,19.21968095329618,25.369978858350954,40.36133000192197,60.73419181241592,72.65039400345955,3160.0,True,低于阈值/需关注,0.9872274272145817
40,山东,2023,11,2023-11,餐饮,餐饮-->其他餐饮环节产品,炸花生米,106.0,4.67,0.00467,同省最近年份(2022),中,True,消费量数据年份未覆盖当前面板年份，使用同省最近年份。,60.0,0.008250333333333333,6.060361197527373,7.999676780736132,12.726758514807482,19.150741384186496,22.908165326653467,3160.0,True,低于阈值/需关注,0.9959725447737952
46,河南,2023,11,2023-11,餐饮,花生仁/炒货坚果,油炸花生米,52.4,4.29,0.00429,同省最近年份(2022),中,True,消费量数据年份未覆盖当前面板年份，使用同省最近年份。,60.0,0.0037466000000000005,13.345433192761435,17.615971814445096,28.025409704799014,42.171568889126135,50.44573746863823,3160.0,True,低于阈值/需关注,0.9911311994605067
36,河南,2023,11,2023-11,餐饮,餐饮-->其他餐饮环节产品,水煮花生米,51.2,4.29,0.00429,同省最近年份(2022),中,True,消费量数据年份未覆盖当前面板年份，使用同省最近年份。,60.0,0.0036608000000000005,13.658216783216782,18.028846153846153,28.68225524475524,43.159965034965026,51.62805944055943,3160.0,True,低于阈值/需关注,0.9909233369478623
3,河南,2023,11,2023-11,餐饮,餐饮-->其他餐饮环节产品,水煮花生米,55.0,4.29,0.00429,同省最近年份(2022),中,True,消费量数据年份未覆盖当前面板年份，使用同省最近年份。,60.0,0.0039325,12.714558169103624,16.783216783216783,26.70057215511761,40.17800381436745,48.061029879211695,3160.0,True,低于阈值/需关注,0.9915504518496463
35,江苏,2023,12,2023-12,餐饮,含花生复合食品,酒鬼花生（餐饮食品）,53.0,5.3,0.0053,同省最近年份(2022),中,True,消费量数据年份未覆盖当前面板年份，使用同省最近年份。,60.0,0.0046816666666666664,10.67995728017088,14.097543609825562,22.427910288358845,33.74866500533998,40.37023851904593,3160.0,True,低于阈值/需关注,0.9929025600353295
36,河南,2023,12,2023-12,餐饮,餐饮-->其他餐饮环节产品,水煮花生,65.8,4.29,0.00429,同省最近年份(2022),中,True,消费量数据年份未覆盖当前面板年份，使用同省最近年份。,60.0,0.004704700000000001,10.627670202138285,14.028524666822538,22.3181074244904,33.58343783875698,40.172593364082715,3160.0,True,低于阈值/需关注,0.99293730777706
32,山西,2023,12,2023-12,餐饮,花生仁/炒货坚果,油炸花生米,84.9,1.0,0.001,同省最近年份(2022),中,True,消费量数据年份未覆盖当前面板年份，使用同省最近年份。,60.0,0.001415,35.3356890459364,46.64310954063605,74.20494699646643,111.66077738515901,133.5689045936396,3160.0,True,低于阈值/需关注,0.9765174218365613
25,山东,2023,12,2023-12,餐饮,花生仁/炒货坚果,油炸花生米,192.0,4.67,0.00467,同省最近年份(2022),中,True,消费量数据年份未覆盖当前面板年份，使用同省最近年份。,60.0,0.014943999999999997,3.3458244111349043,4.4164882226980735,7.026231263383298,10.572805139186297,12.647216274089939,3160.0,True,低于阈值/需关注,0.9977765090938661
26,山东,2023,12,2023-12,餐饮,餐饮-->其他餐饮环节产品,水煮花生米,70.8,4.67,0.00467,同省最近年份(2022),中,True,消费量数据年份未覆盖当前面板年份，使用同省最近年份。,60.0,0.0055106,9.073422131891265,11.976917214096469,19.054186476971655,28.672013936776395,34.29753565854898,3160.0,True,低于阈值/需关注,0.993970194152857
28,山西,2023,12,2023-12,餐饮,花生仁/炒货坚果,油炸花生米,66.0,1.0,0.001,同省最近年份(2022),中,True,消费量数据年份未覆盖当前面板年份，使用同省最近年份。,60.0,0.0011,45.45454545454545,60.0,95.45454545454544,143.63636363636363,171.8181818181818,3160.0,True,低于阈值/需关注,0.9697928653624857
12,湖北,2023,12,2023-12,餐饮,花生仁/炒货坚果,油炸花生米（自制）,25.6,3.91,0.00391,同省最近年份(2022),中,True,消费量数据年份未覆盖当前面板年份，使用同省最近年份。,60.0,0.001668266666666667,29.971227621483372,39.56202046035805,62.939578005115074,94.70907928388745,113.29124040920713,3160.0,True,低于阈值/需关注,0.9800824120236978
5,广西,2023,12,2023-12,餐饮,花生仁/炒货坚果,油炸花生（自制）,177.0,1.38,0.00138,同省最近年份(2022),中,True,消费量数据年份未覆盖当前面板年份，使用同省最近年份。,60.0,0.004071,12.281994595922379,16.21223286661754,25.79218865143699,38.81110292311472,46.425939572586586,3160.0,True,低于阈值/需关注,0.9918379149837225
54,贵州,2023,12,2023-12,餐饮,花生仁/炒货坚果,自制油炸花生米,95.1,1.21,0.00121,同省最近年份(2022),中,True,消费量数据年份未覆盖当前面板年份，使用同省最近年份。,60.0,0.0019178499999999996,26.070860599108382,34.413535990823064,54.7488072581276,82.38391949318249,98.54785306462969,3160.0,True,低于阈值/需关注,0.982674428082871
55,云南,2023,12,2023-12,餐饮,餐饮-->其他餐饮环节产品,炸花生（自制）,146.0,3.5,0.0035,同省最近年份(2022),中,True,消费量数据年份未覆盖当前面板年份，使用同省最近年份。,60.0,0.008516666666666667,5.870841487279844,7.749510763209393,12.32876712328767,18.551859099804304,22.191780821917806,3160.0,True,低于阈值/需关注,0.996098491416681
39,江苏,2023,12,2023-12,流通,餐饮-->其他餐饮环节产品,花生米,29.1,5.3,0.0053,同省最近年份(2022),中,True,消费量数据年份未覆盖当前面板年份，使用同省最近年份。,60.0,0.0025705000000000003,19.45146858587823,25.67593853335927,40.84808403034428,61.466640731375215,73.52655125461972,3160.0,True,低于阈值/需关注,0.987073391129638
74,四川,2023,12,2023-12,餐饮,花生仁/炒货坚果,自制油炸花生,150.0,2.21,0.00221,同省最近年份(2022),中,True,消费量数据年份未覆盖当前面板年份，使用同省最近年份。,60.0,0.005525,9.049773755656108,11.945701357466064,19.004524886877824,28.5972850678733,34.20814479638009,3160.0,True,低于阈值/需关注,0.9939859098459247
4,云南,2023,12,2023-12,餐饮,餐饮-->其他餐饮环节产品,炸花生（自制）,63.2,3.5,0.0035,同省最近年份(2022),中,True,消费量数据年份未覆盖当前面板年份，使用同省最近年份。,60.0,0.0036866666666666667,13.5623869801085,17.90235081374322,28.481012658227847,42.85714285714286,51.265822784810126,3160.0,True,低于阈值/需关注,0.9909870213106874
34,浙江,2023,12,2023-12,餐饮,餐饮-->其他餐饮环节产品,花生米,518.0,5.48,0.0054800000000000005,同省最近年份(2022),中,True,消费量数据年份未覆盖当前面板年份，使用同省最近年份。,60.0,0.047310666666666674,1.056844122537553,1.39503424174957,2.2193726573288615,3.3396274272186677,3.9948707831919505,3160.0,True,低于阈值/需关注,0.9992976668805922
35,河南,2023,12,2023-12,餐饮,餐饮-->其他餐饮环节产品,水煮花生米,107.0,4.29,0.00429,同省最近年份(2022),中,True,消费量数据年份未覆盖当前面板年份，使用同省最近年份。,60.0,0.007650500000000001,6.535520554212143,8.626887131560029,13.724593163845498,20.65224495131037,24.704267694921896,3160.0,True,低于阈值/需关注,0.9956567743152388
26,河南,2023,12,2023-12,餐饮,花生仁/炒货坚果,油炸花生米,441.0,4.29,0.00429,同省最近年份(2022),中,True,消费量数据年份未覆盖当前面板年份，使用同省最近年份。,60.0,0.031531500000000004,1.5857158714301571,2.0931449502878072,3.3300033300033296,5.010862153719296,5.9940059940059935,3160.0,True,低于阈值/需关注,0.9989462014778471
36,湖北,2024,1,2024-01,餐饮,花生仁/炒货坚果,油炸花生米（自制）,51.8,3.91,0.00391,同省最近年份(2022),中,True,消费量数据年份未覆盖当前面板年份，使用同省最近年份。,60.0,0.0033756333333333334,14.812035272393329,19.551886559559193,31.10527407202599,46.80603146076292,55.989493329646784,3160.0,True,低于阈值/需关注,0.9901565588379664
12,不详,2024,1,2024-01,餐饮,花生仁/炒货坚果,油炸花生米（自制）,122.0,2.13,0.00213,全国中位数默认值,低,True,省份无法匹配消费量，使用全国中位数默认值。,60.0,0.004331,11.544677903486495,15.238974832602171,24.243823597321636,36.48118217501732,43.638882475178946,3160.0,True,低于阈值/需关注,0.9923279039248981
16,四川,2024,1,2024-01,餐饮,花生仁/炒货坚果,油炸花生米,185.0,2.21,0.00221,同省最近年份(2022),中,True,消费量数据年份未覆盖当前面板年份，使用同省最近年份。,60.0,0.006814166666666667,7.337654396477926,9.685703803350862,15.409074232603643,23.186987892870246,27.736333618686558,3160.0,True,低于阈值/需关注,0.995123710685885
13,安徽,2024,1,2024-01,餐饮,花生仁/炒货坚果,油炸花生米,46.2,1.56,0.00156,同省最近年份(2022),中,True,消费量数据年份未覆盖当前面板年份，使用同省最近年份。,60.0,0.0012012,41.62504162504163,54.94505494505495,87.41258741258741,131.53513153513154,157.34265734265736,3160.0,True,低于阈值/需关注,0.972337788793485
1,河南,2024,3,2024-03,餐饮,餐饮-->其他餐饮环节产品,香酥花生,35.3,4.29,0.00429,同省最近年份(2022),中,True,消费量数据年份未覆盖当前面板年份，使用同省最近年份。,60.0,0.00252395,19.810218110501395,26.149487905861843,41.60145803205293,62.60028922918441,74.88262445769527,3160.0,True,低于阈值/需关注,0.9868349816354263
3,贵州,2024,3,2024-03,流通,花生仁/炒货坚果,油炸花生米,91.0,1.21,0.00121,同省最近年份(2022),中,True,消费量数据年份未覆盖当前面板年份，使用同省最近年份。,60.0,0.0018351666666666666,27.24548179093634,35.964035964035965,57.21551176096631,86.09572245935883,102.98792116973935,3160.0,True,低于阈值/需关注,0.9818938253920992
2,河南,2024,3,2024-03,餐饮,餐饮-->其他餐饮环节产品,香酥花生,66.5,4.29,0.00429,同省最近年份(2022),中,True,消费量数据年份未覆盖当前面板年份，使用同省最近年份。,60.0,0.00475475,10.5157999894842,13.880855986119144,22.083179977916817,33.22992796677007,39.74972396025027,3160.0,True,低于阈值/需关注,0.9930116519057226
3,甘肃,2024,3,2024-03,餐饮,花生仁/炒货坚果,油炸花生米,36.2,0.02,2e-05,同省最近年份(2022),中,True,消费量数据年份未覆盖当前面板年份，使用同省最近年份。,60.0,1.206666666666667e-05,4143.646408839779,5469.613259668507,8701.657458563534,13093.922651933699,15662.98342541436,3160.0,False,接近阈值/观察,0.0
4,甘肃,2024,3,2024-03,餐饮,花生仁/炒货坚果,油炸花生米（自制）,76.2,0.02,2e-05,同省最近年份(2022),中,True,消费量数据年份未覆盖当前面板年份，使用同省最近年份。,60.0,2.5400000000000004e-05,1968.503937007874,2598.4251968503936,4133.858267716535,6220.472440944881,7440.944881889763,3160.0,False,接近阈值/观察,0.0
24,四川,2024,3,2024-03,餐饮,餐饮-->其他餐饮环节产品,油酥花生米,102.0,2.21,0.00221,同省最近年份(2022),中,True,消费量数据年份未覆盖当前面板年份，使用同省最近年份。,60.0,0.0037570000000000004,13.308490817141335,17.56720787862656,27.9478307159968,42.05483098216662,50.306095288794246,3160.0,True,低于阈值/需关注,0.9911557497734188
29,云南,2024,4,2024-04,餐饮,花生仁/炒货坚果,油炸花生（自制）,27.4,3.5,0.0035,同省最近年份(2022),中,True,消费量数据年份未覆盖当前面板年份，使用同省最近年份。,60.0,0.0015983333333333333,31.282586027111577,41.29301355578728,65.69343065693431,98.85297184567257,118.24817518248176,3160.0,True,低于阈值/需关注,0.9792109396655272
19,海南,2024,4,2024-04,餐饮,花生仁/炒货坚果,油炸花生,281.0,1.83,0.00183,同省最近年份(2022),中,True,消费量数据年份未覆盖当前面板年份，使用同省最近年份。,60.0,0.0085705,5.833965346245844,7.700834257044513,12.25132722711627,18.435330494136863,22.05238900880929,3160.0,True,低于阈值/需关注,0.9961229977129379
12,山东,2024,5,2024-05,餐饮,花生仁/炒货坚果,油炸花生米,307.0,4.67,0.00467,同省最近年份(2022),中,True,消费量数据年份未覆盖当前面板年份，使用同省最近年份。,60.0,0.02389483333333333,2.0925025633156404,2.7621033835766453,4.394255382962845,6.612308100077423,7.909659689333121,3160.0,True,低于阈值/需关注,0.9986094128534927
13,山东,2024,5,2024-05,餐饮,餐饮-->其他餐饮环节产品,生花生米,155.0,4.67,0.00467,同省最近年份(2022),中,True,消费量数据年份未覆盖当前面板年份，使用同省最近年份。,60.0,0.012064166666666666,4.14450507701872,5.47074670166471,8.70346066173931,13.096636043379155,15.66622919113076,3160.0,True,低于阈值/需关注,0.9972457402969179
13,山东,2024,5,2024-05,餐饮,花生仁/炒货坚果,油炸花生米,110.0,4.67,0.00467,同省最近年份(2022),中,True,消费量数据年份未覆盖当前面板年份，使用同省最近年份。,60.0,0.008561666666666665,5.839984426708197,7.708779443254819,12.263967296087213,18.4543507883979,22.075141132956983,3160.0,True,低于阈值/需关注,0.9961189976911117
19,河北,2024,5,2024-05,餐饮,餐饮-->其他餐饮环节产品,水煮花生米,171.0,2.2,0.0022,同省最近年份(2022),中,True,消费量数据年份未覆盖当前面板年份，使用同省最近年份。,60.0,0.00627,7.974481658692185,10.526315789473683,16.74641148325359,25.199362041467303,30.143540669856456,3160.0,True,低于阈值/需关注,0.9947005026951729
20,河北,2024,5,2024-05,餐饮,餐饮-->其他餐饮环节产品,水煮花生米,31.8,2.2,0.0022,同省最近年份(2022),中,True,消费量数据年份未覆盖当前面板年份，使用同省最近年份。,60.0,0.0011660000000000002,42.881646655231556,56.60377358490565,90.05145797598627,135.5060034305317,162.09262435677527,3160.0,True,低于阈值/需关注,0.9715027031721563
2,甘肃,2024,5,2024-05,餐饮,花生仁/炒货坚果,油炸花生米,64.4,0.02,2e-05,同省最近年份(2022),中,True,消费量数据年份未覆盖当前面板年份，使用同省最近年份。,60.0,2.1466666666666672e-05,2329.1925465838503,3074.5341614906824,4891.304347826085,7360.248447204967,8804.347826086954,3160.0,False,接近阈值/观察,0.0
20,广东,2024,5,2024-05,餐饮,餐饮-->其他餐饮环节产品,淮盐红衣花生米,75.9,2.55,0.0025499999999999997,同省最近年份(2022),中,True,消费量数据年份未覆盖当前面板年份，使用同省最近年份。,60.0,0.00322575,15.50027125474696,20.460358056265985,32.55056963496861,48.98085716500039,58.5910253429435,3160.0,True,低于阈值/需关注,0.989699186824377
7,浙江,2024,5,2024-05,餐饮,花生仁/炒货坚果,油炸花生米,46.2,5.48,0.0054800000000000005,同省最近年份(2022),中,True,消费量数据年份未覆盖当前面板年份，使用同省最近年份。,60.0,0.0042196000000000004,11.849464404208929,15.641293013555787,24.88387524883875,37.44430751730022,44.79097544790975,3160.0,True,低于阈值/需关注,0.9921253559339118
17,广东,2024,6,2024-06,餐饮,花生仁/炒货坚果,油炸花生米（自制）,50.8,2.55,0.0025499999999999997,同省最近年份(2022),中,True,消费量数据年份未覆盖当前面板年份，使用同省最近年份。,60.0,0.002159,23.15886984715146,30.56970819823993,48.633626679018064,73.18202871699862,87.54052802223252,3160.0,True,低于阈值/需关注,0.9846096118104373
23,河南,2024,6,2024-06,餐饮,餐饮-->其他餐饮环节产品,水煮花生,43.8,4.29,0.00429,同省最近年份(2022),中,True,消费量数据年份未覆盖当前面板年份，使用同省最近年份。,60.0,0.0031317000000000003,15.965769390426924,21.07481559536354,33.52811571989654,50.45183127374908,60.35060829581377,3160.0,True,低于阈值/需关注,0.9893898367975011
24,河南,2024,6,2024-06,餐饮,餐饮-->其他餐饮环节产品,水煮花生,217.0,4.29,0.00429,同省最近年份(2022),中,True,消费量数据年份未覆盖当前面板年份，使用同省最近年份。,60.0,0.0155155,3.222583867745158,4.253810705423609,6.7674261222648315,10.1833650220747,12.181367020076697,3160.0,True,低于阈值/需关注,0.9978584094549795
25,河南,2024,6,2024-06,餐饮,餐饮-->其他餐饮环节产品,水煮花生,43.8,4.29,0.00429,同省最近年份(2022),中,True,消费量数据年份未覆盖当前面板年份，使用同省最近年份。,60.0,0.0031317000000000003,15.965769390426924,21.07481559536354,33.52811571989654,50.45183127374908,60.35060829581377,3160.0,True,低于阈值/需关注,0.9893898367975011
26,河南,2024,6,2024-06,餐饮,餐饮-->其他餐饮环节产品,水煮花生,217.0,4.29,0.00429,同省最近年份(2022),中,True,消费量数据年份未覆盖当前面板年份，使用同省最近年份。,60.0,0.0155155,3.222583867745158,4.253810705423609,6.7674261222648315,10.1833650220747,12.181367020076697,3160.0,True,低于阈值/需关注,0.9978584094549795
45,江苏,2024,6,2024-06,餐饮,花生仁/炒货坚果,油炸花生米,194.0,5.3,0.0053,同省最近年份(2022),中,True,消费量数据年份未覆盖当前面板年份，使用同省最近年份。,60.0,0.017136666666666668,2.917720287881735,3.8513907800038902,6.127212604551643,9.219996109706281,11.028982688192958,3160.0,True,低于阈值/需关注,0.9980610086694457
46,江苏,2024,6,2024-06,餐饮,花生仁/炒货坚果,油炸花生米,91.1,5.3,0.0053,同省最近年份(2022),中,True,消费量数据年份未覆盖当前面板年份，使用同省最近年份。,60.0,0.008047166666666666,6.213367023590084,8.201644471138911,13.048070749539177,19.634239794544666,23.48652734917052,3160.0,True,低于阈值/需关注,0.9958708636868547
11,不详,2024,6,2024-06,餐饮,餐饮-->其他餐饮环节产品,水煮花生米,122.0,2.13,0.00213,全国中位数默认值,低,True,省份无法匹配消费量，使用全国中位数默认值。,60.0,0.004331,11.544677903486495,15.238974832602171,24.243823597321636,36.48118217501732,43.638882475178946,3160.0,True,低于阈值/需关注,0.9923279039248981
12,河南,2024,6,2024-06,餐饮,餐饮-->其他餐饮环节产品,水煮花生米,122.0,4.29,0.00429,同省最近年份(2022),中,True,消费量数据年份未覆盖当前面板年份，使用同省最近年份。,60.0,0.008723000000000002,5.731972945087699,7.566204287515762,12.037143184684165,18.113034506477128,21.6668577324315,3160.0,True,低于阈值/需关注,0.9961907774732012
39,海南,2024,7,2024-07,餐饮,餐饮-->其他餐饮环节产品,炸花生,38.2,1.83,0.00183,同省最近年份(2022),中,True,消费量数据年份未覆盖当前面板年份，使用同省最近年份。,60.0,0.0011651,42.91477126426916,56.64749806883529,90.12101965496522,135.61067719509055,162.21783537893742,3160.0,True,低于阈值/需关注,0.971480689982606
59,江苏,2024,7,2024-07,餐饮,花生仁/炒货坚果,油炸花生,38.0,5.3,0.0053,同省最近年份(2022),中,True,消费量数据年份未覆盖当前面板年份，使用同省最近年份。,60.0,0.0033566666666666667,14.895729890764649,19.662363455809334,31.28103277060576,47.07050645481629,56.30585898709037,3160.0,True,低于阈值/需关注,0.9901009389966438
2,山东,2024,7,2024-07,餐饮,花生仁/炒货坚果,自制油炸花生米,96.6,4.67,0.00467,同省最近年份(2022),中,True,消费量数据年份未覆盖当前面板年份，使用同省最近年份。,60.0,0.0075187,6.650085786106642,8.778113237660767,13.965180150823945,21.014271084096986,25.137324271483102,3160.0,True,低于阈值/需关注,0.9955806391927773
4,河南,2024,7,2024-07,餐饮,花生仁/炒货坚果,油炸花生米,66.6,4.29,0.00429,同省最近年份(2022),中,True,消费量数据年份未覆盖当前面板年份，使用同省最近年份。,60.0,0.0047619,10.5000105000105,13.86001386001386,22.050022050022047,33.18003318003318,39.69003969003969,3160.0,True,低于阈值/需关注,0.993022144920879
5,河南,2024,7,2024-07,餐饮,花生仁/炒货坚果,油炸花生米,94.5,4.29,0.00429,同省最近年份(2022),中,True,消费量数据年份未覆盖当前面板年份，使用同省最近年份。,60.0,0.006756750000000001,7.4000074000074,9.768009768009767,15.540015540015538,23.384023384023383,27.97202797202797,3160.0,True,低于阈值/需关注,0.9950822735632862
23,山西,2024,7,2024-07,餐饮,含花生复合食品,餐饮食品（花生米）,30.2,1.0,0.001,同省最近年份(2022),中,True,消费量数据年份未覆盖当前面板年份，使用同省最近年份。,60.0,0.0005033333333333334,99.33774834437085,131.12582781456953,208.6092715231788,313.90728476821187,375.4966887417218,3160.0,True,低于阈值/需关注,0.9339844077458295
29,山东,2024,7,2024-07,餐饮,花生仁/炒货坚果,油炸花生米（自制）,366.0,4.67,0.00467,同省最近年份(2022),中,True,消费量数据年份未覆盖当前面板年份，使用同省最近年份。,60.0,0.028487,1.7551865763330643,2.316846280759645,3.685891810299435,5.546389581212483,6.634605258538983,3160.0,True,低于阈值/需关注,0.9988335785410445
4,河南,2024,8,2024-08,餐饮,餐饮-->其他餐饮环节产品,水煮花生,452.0,4.29,0.00429,同省最近年份(2022),中,True,消费量数据年份未覆盖当前面板年份，使用同省最近年份。,60.0,0.032318,1.5471254409307509,2.042205582028591,3.2489634259545763,4.888916393341172,5.848134166718237,3160.0,True,低于阈值/需关注,0.998971847017103
13,陕西,2024,8,2024-08,餐饮,花生仁/炒货坚果,油炸花生米（花生制品）,37.1,0.74,0.00074,同省最近年份(2022),中,True,消费量数据年份未覆盖当前面板年份，使用同省最近年份。,60.0,0.00045756666666666666,109.27369417935456,144.241276316748,229.47475777664457,345.3048736067604,413.05456399796026,3160.0,True,低于阈值/需关注,0.9273814057668845
43,江苏,2024,8,2024-08,餐饮,花生仁/炒货坚果,油炸花生米（餐饮食品）,960.0,5.3,0.0053,同省最近年份(2022),中,True,消费量数据年份未覆盖当前面板年份，使用同省最近年份。,60.0,0.0848,0.589622641509434,0.7783018867924528,1.2382075471698113,1.8632075471698113,2.2287735849056602,3160.0,True,低于阈值/需关注,0.9996081621686173
8,山东,2024,8,2024-08,餐饮,餐饮-->其他餐饮环节产品,花生米,341.0,4.67,0.00467,同省最近年份(2022),中,True,消费量数据年份未覆盖当前面板年份，使用同省最近年份。,60.0,0.026541166666666664,1.883865944099418,2.486703046211232,3.956118482608778,5.953016383354161,7.1210132686958,3160.0,True,低于阈值/需关注,0.9987480637713263
74,江苏,2024,8,2024-08,餐饮,花生仁/炒货坚果,油炸花生米（餐饮食品）,960.0,5.3,0.0053,同省最近年份(2022),中,True,消费量数据年份未覆盖当前面板年份，使用同省最近年份。,60.0,0.0848,0.589622641509434,0.7783018867924528,1.2382075471698113,1.8632075471698113,2.2287735849056602,3160.0,True,低于阈值/需关注,0.9996081621686173
19,北京,2024,8,2024-08,餐饮,餐饮-->其他餐饮环节产品,炸花生米(自制),106.0,5.6,0.0056,同省最近年份(2022),中,True,消费量数据年份未覆盖当前面板年份，使用同省最近年份。,60.0,0.009893333333333334,5.053908355795148,6.671159029649596,10.61320754716981,15.970350404312669,19.10377358490566,3160.0,True,低于阈值/需关注,0.9966413900167185
1,河南,2024,9,2024-09,餐饮,花生仁/炒货坚果,油炸花生米,44.2,4.29,0.00429,同省最近年份(2022),中,True,消费量数据年份未覆盖当前面板年份，使用同省最近年份。,60.0,0.0031603000000000004,15.82128278960858,20.884093282283327,33.224693858178014,49.99525361516311,59.80444894472043,3160.0,True,低于阈值/需关注,0.9894858563739943
14,山西,2024,9,2024-09,餐饮,含花生复合食品,餐饮食品（杭椒七彩花生）,70.4,1.0,0.001,同省最近年份(2022),中,True,消费量数据年份未覆盖当前面板年份，使用同省最近年份。,60.0,0.0011733333333333333,42.61363636363637,56.25000000000001,89.48863636363636,134.6590909090909,161.07954545454547,3160.0,True,低于阈值/需关注,0.9716808112773302
19,不详,2024,9,2024-09,餐饮,餐饮-->其他餐饮环节产品,卤花生,25.0,2.13,0.00213,全国中位数默认值,低,True,省份无法匹配消费量，使用全国中位数默认值。,60.0,0.0008874999999999999,56.338028169014095,74.3661971830986,118.30985915492958,178.0281690140845,212.95774647887325,3160.0,True,低于阈值/需关注,0.9625601711535032
4,河南,2024,9,2024-09,餐饮,餐饮-->其他餐饮环节产品,水煮花生米,32.3,4.29,0.00429,同省最近年份(2022),中,True,消费量数据年份未覆盖当前面板年份，使用同省最近年份。,60.0,0.00230945,21.650176448938062,28.578232912598242,45.465370542769925,68.41455757864428,81.83766697698587,3160.0,True,低于阈值/需关注,0.9856122245117817
6,贵州,2024,10,2024-10,餐饮,花生仁/炒货坚果,自制油炸花生,102.0,1.21,0.00121,同省最近年份(2022),中,True,消费量数据年份未覆盖当前面板年份，使用同省最近年份。,60.0,0.002057,24.30724355858046,32.08556149732621,51.04521147301896,76.81088964511426,91.88138065143414,3160.0,True,低于阈值/需关注,0.9838464520655004
1,山东,2024,10,2024-10,餐饮,花生仁/炒货坚果,油炸花生米（自制）,123.0,4.67,0.00467,同省最近年份(2022),中,True,消费量数据年份未覆盖当前面板年份，使用同省最近年份。,60.0,0.0095735,5.222750300308142,6.894030396406748,10.967775630647099,16.50389094897373,19.741996135164776,3160.0,True,低于阈值/需关注,0.9965291849270105
15,江苏,2024,10,2024-10,餐饮,花生仁/炒货坚果,油炸花生米,264.0,5.3,0.0053,同省最近年份(2022),中,True,消费量数据年份未覆盖当前面板年份，使用同省最近年份。,60.0,0.02332,2.1440823327615783,2.8301886792452833,4.502572898799314,6.775300171526586,8.104631217838765,3160.0,True,低于阈值/需关注,0.9985751351586077
16,不详,2024,10,2024-10,餐饮,花生仁/炒货坚果,油炸花生（自制）,58.8,2.13,0.00213,全国中位数默认值,低,True,省份无法匹配消费量，使用全国中位数默认值。,60.0,0.0020874,23.953243269138643,31.618281115263006,50.30181086519114,75.6922487304781,90.54325955734406,3160.0,True,低于阈值/需关注,0.9840817054224078
31,不详,2024,10,2024-10,餐饮,餐饮-->其他餐饮环节产品,水煮花生,50.3,2.13,0.00213,全国中位数默认值,低,True,省份无法匹配消费量，使用全国中位数默认值。,60.0,0.00178565,28.00100803628931,36.961330607901886,58.80211687620754,88.48318539467421,105.84381037717358,3160.0,True,低于阈值/需关注,0.9813917351657572
32,贵州,2024,10,2024-10,餐饮,花生仁/炒货坚果,油炸花生米,34.1,1.21,0.00121,同省最近年份(2022),中,True,消费量数据年份未覆盖当前面板年份，使用同省最近年份。,60.0,0.0006876833333333333,72.70788395821721,95.97440682484672,152.68655631225613,229.75691330796639,274.83580136206103,3160.0,True,低于阈值/需关注,0.951681469521438
106,湖北,2024,11,2024-11,餐饮,花生仁/炒货坚果,油炸花生米（自制）,59.9,3.91,0.00391,同省最近年份(2022),中,True,消费量数据年份未覆盖当前面板年份，使用同省最近年份。,60.0,0.0039034833333333333,12.809072238897738,16.907975355345013,26.899051701685245,40.47666827491685,48.418293063033445,3160.0,True,低于阈值/需关注,0.9914876418665554
107,湖北,2024,11,2024-11,餐饮,花生仁/炒货坚果,油炸花生米（自制）,70.3,3.91,0.00391,同省最近年份(2022),中,True,消费量数据年份未覆盖当前面板年份，使用同省最近年份。,60.0,0.004581216666666667,10.914131253342452,14.406653254412037,22.919675632019146,34.48865476056215,41.25541613763447,3160.0,True,低于阈值/需关注,0.9927469380911331
77,河南,2024,11,2024-11,餐饮,花生仁/炒货坚果,油炸花生米,34.5,4.29,0.00429,同省最近年份(2022),中,True,消费量数据年份未覆盖当前面板年份，使用同省最近年份。,60.0,0.0024667500000000006,20.269585486976787,26.755852842809357,42.56612952265125,64.05189013884664,76.61903314077225,3160.0,True,低于阈值/需关注,0.9865297058472622
30,山东,2024,11,2024-11,餐饮,餐饮-->其他餐饮环节产品,水煮花生米,76.8,4.67,0.00467,同省最近年份(2022),中,True,消费量数据年份未覆盖当前面板年份，使用同省最近年份。,60.0,0.0059776,8.36456102783726,11.041220556745182,17.565578158458244,26.43201284796574,31.61804068522484,3160.0,True,低于阈值/需关注,0.9944412727346651
17,山东,2024,11,2024-11,餐饮,餐饮-->其他餐饮环节产品,水煮花生米（自制）,103.0,4.67,0.00467,同省最近年份(2022),中,True,消费量数据年份未覆盖当前面板年份，使用同省最近年份。,60.0,0.008016833333333332,6.236876572212637,8.23267707532068,13.097440801646536,19.708529968191932,23.575393442963765,3160.0,True,低于阈值/需关注,0.9958552402526436
138,不详,2024,11,2024-11,餐饮,餐饮-->其他餐饮环节产品,炸花生米,33.7,2.13,0.00213,全国中位数默认值,低,True,省份无法匹配消费量，使用全国中位数默认值。,60.0,0.0011963499999999999,41.793789442888794,55.167802064613205,87.76695783006646,132.06837463952857,157.98052409411963,3160.0,True,低于阈值/需关注,0.972225646256308
47,山东,2024,11,2024-11,餐饮,花生仁/炒货坚果,油炸花生米（花生制品自制）,29.9,4.67,0.00467,同省最近年份(2022),中,True,消费量数据年份未覆盖当前面板年份，使用同省最近年份。,60.0,0.0023272166666666663,21.484892539729152,28.36005815244248,45.118274333431216,67.89226042554411,81.21289380017619,3160.0,True,低于阈值/需关注,0.9857220650843572
48,山东,2024,11,2024-11,餐饮,花生仁/炒货坚果,油炸花生米（自制）,38.4,4.67,0.00467,同省最近年份(2022),中,True,消费量数据年份未覆盖当前面板年份，使用同省最近年份。,60.0,0.0029888,16.72912205567452,22.082441113490365,35.13115631691649,52.86402569593148,63.23608137044968,3160.0,True,低于阈值/需关注,0.9888825454693302
69,山西,2024,11,2024-11,餐饮,花生仁/炒货坚果,餐饮食品(油炸花生米),30.3,1.0,0.001,同省最近年份(2022),中,True,消费量数据年份未覆盖当前面板年份，使用同省最近年份。,60.0,0.000505,99.00990099009901,130.69306930693068,207.9207920792079,312.8712871287129,374.25742574257424,3160.0,True,低于阈值/需关注,0.9342022809875925
30,贵州,2024,12,2024-12,餐饮,花生仁/炒货坚果,自制油炸花生米,144.0,1.21,0.00121,同省最近年份(2022),中,True,消费量数据年份未覆盖当前面板年份，使用同省最近年份。,60.0,0.0029039999999999995,17.217630853994496,22.727272727272734,36.15702479338844,54.4077134986226,65.08264462809919,3160.0,True,低于阈值/需关注,0.9885579035463962
31,贵州,2024,12,2024-12,餐饮,花生仁/炒货坚果,自制油炸花生,78.8,1.21,0.00121,同省最近年份(2022),中,True,消费量数据年份未覆盖当前面板年份，使用同省最近年份。,60.0,0.0015891333333333331,31.4636909007006,41.53207198892479,66.07375089147125,99.42526324621389,118.93275160464826,3160.0,True,低于阈值/需关注,0.9790905851609268
32,贵州,2024,12,2024-12,餐饮,花生仁/炒货坚果,油炸花生米,36.5,1.21,0.00121,同省最近年份(2022),中,True,消费量数据年份未覆盖当前面板年份，使用同省最近年份。,60.0,0.0007360833333333333,67.92709158836183,89.66376089663763,142.64689233555984,214.6496094192234,256.76440620400774,3160.0,True,低于阈值/需关注,0.9548585783748229
67,新疆,2024,12,2024-12,餐饮,花生仁/炒货坚果,油炸花生米（花生制品自制）,29.5,0.94,0.00094,同省最近年份(2022),中,True,消费量数据年份未覆盖当前面板年份，使用同省最近年份。,60.0,0.0004621666666666666,108.18608005769926,142.80562567616303,227.19076812116842,341.8680129823297,408.9433826181032,3160.0,True,低于阈值/需关注,0.9281041873034278
38,安徽,2024,12,2024-12,餐饮,花生仁/炒货坚果,油炸花生米（自制）,212.0,1.56,0.00156,同省最近年份(2022),中,True,消费量数据年份未覆盖当前面板年份，使用同省最近年份。,60.0,0.005512,9.071117561683598,11.97387518142235,19.049346879535555,28.664731494920172,34.288824383164005,3160.0,True,低于阈值/需关注,0.993971725671033
12,陕西,2024,12,2024-12,餐饮,花生仁/炒货坚果,油炸花生（油炸花生米）,48.6,0.74,0.00074,同省最近年份(2022),中,True,消费量数据年份未覆盖当前面板年份，使用同省最近年份。,60.0,0.0005994,83.41675008341674,110.11011011011011,175.17517517517516,263.5969302635969,315.3153153153153,3160.0,True,低于阈值/需关注,0.9445648179825394
32,山西,2024,12,2024-12,餐饮,含花生复合食品,餐饮食品(炸花生米),91.3,1.0,0.001,同省最近年份(2022),中,True,消费量数据年份未覆盖当前面板年份，使用同省最近年份。,60.0,0.0015216666666666666,32.85870755750274,43.37349397590362,69.00328587075575,103.83351588170866,124.20591456736035,3160.0,True,低于阈值/需关注,0.9781635171295077
34,山东,2024,12,2024-12,餐饮,花生仁/炒货坚果,油炸花生米（自制）,26.9,4.67,0.00467,同省最近年份(2022),中,True,消费量数据年份未覆盖当前面板年份，使用同省最近年份。,60.0,0.0020937166666666666,23.880977209587417,31.522889916655394,50.150052140133575,75.46388798229624,90.27009385224044,3160.0,True,低于阈值/需关注,0.9841297303354007
81,湖北,2024,12,2024-12,餐饮,花生仁/炒货坚果,油炸花生米（自制）,293.0,3.91,0.00391,同省最近年份(2022),中,True,消费量数据年份未覆盖当前面板年份，使用同省最近年份。,60.0,0.019093833333333334,2.6186465089077626,3.4566133917582467,5.499157668706301,8.274922968148529,9.898483803671342,3160.0,True,低于阈值/需关注,0.998259760231422
82,湖北,2024,12,2024-12,餐饮,花生仁/炒货坚果,油炸花生米（自制）,224.0,3.91,0.00391,同省最近年份(2022),中,True,消费量数据年份未覆盖当前面板年份，使用同省最近年份。,60.0,0.014597333333333334,3.4252831567409574,4.521373766898064,7.193094629156009,10.823894775301424,12.947570332480819,3160.0,True,低于阈值/需关注,0.9977237042312798
20,贵州,2024,12,2024-12,餐饮,花生仁/炒货坚果,自制油炸花生米,144.0,1.21,0.00121,同省最近年份(2022),中,True,消费量数据年份未覆盖当前面板年份，使用同省最近年份。,60.0,0.0029039999999999995,17.217630853994496,22.727272727272734,36.15702479338844,54.4077134986226,65.08264462809919,3160.0,True,低于阈值/需关注,0.9885579035463962
46,河南,2024,12,2024-12,餐饮,餐饮-->其他餐饮环节产品,水煮花生米,32.3,4.29,0.00429,同省最近年份(2022),中,True,消费量数据年份未覆盖当前面板年份，使用同省最近年份。,60.0,0.00230945,21.650176448938062,28.578232912598242,45.465370542769925,68.41455757864428,81.83766697698587,3160.0,True,低于阈值/需关注,0.9856122245117817
76,陕西,2024,12,2024-12,餐饮,餐饮-->其他餐饮环节产品,伍香花生米,24.3,0.74,0.00074,同省最近年份(2022),中,True,消费量数据年份未覆盖当前面板年份，使用同省最近年份。,60.0,0.0002997,166.8335001668335,220.22022022022023,350.3503503503503,527.1938605271938,630.6306306306305,3160.0,True,低于阈值/需关注,0.889129635965079
89,陕西,2024,12,2024-12,餐饮,花生仁/炒货坚果,油炸花生米,23.0,0.74,0.00074,同省最近年份(2022),中,True,消费量数据年份未覆盖当前面板年份，使用同省最近年份。,60.0,0.00028366666666666666,176.2632197414806,232.6674500587544,370.1527614571093,556.9917743830788,666.2749706227968,3160.0,True,低于阈值/需关注,0.8828630501718009
94,贵州,2024,12,2024-12,餐饮,餐饮-->其他餐饮环节产品,花生米,46.2,1.21,0.00121,同省最近年份(2022),中,True,消费量数据年份未覆盖当前面板年份，使用同省最近年份。,60.0,0.0009317,53.66534292154127,70.83825265643448,112.69722013523665,169.5824836320704,202.854996243426,3160.0,True,低于阈值/需关注,0.9643363227420138
96,甘肃,2024,12,2024-12,餐饮,花生仁/炒货坚果,油炸花生米,261.0,0.02,2e-05,同省最近年份(2022),中,True,消费量数据年份未覆盖当前面板年份，使用同省最近年份。,60.0,8.700000000000001e-05,574.7126436781608,758.6206896551723,1206.8965517241377,1816.0919540229881,2172.413793103448,3160.0,True,低于阈值/需关注,0.6180707114797033
62,不详,2023,1,2023-01,流通,花生油/油脂,花生油,112.0,2.13,0.00213,全国中位数默认值,低,True,省份无法匹配消费量，使用全国中位数默认值。,60.0,0.0039759999999999995,12.57545271629779,16.59959758551308,26.408450704225356,39.738430583501014,47.53521126760564,3160.0,True,低于阈值/需关注,0.9916428953467642
37,山东,2023,2,2023-02,生产,花生油/油脂,花生油,35.0,4.67,0.00467,同省最近年份(2022),中,True,消费量数据年份未覆盖当前面板年份，使用同省最近年份。,60.0,0.0027241666666666664,18.35423676965433,24.227592535943717,38.54389721627409,57.99938819210769,69.37901498929337,3160.0,True,低于阈值/需关注,0.9878025641720651
15,不详,2023,2,2023-02,流通,花生油/油脂,花生油,49.8,2.13,0.00213,全国中位数默认值,低,True,省份无法匹配消费量，使用全国中位数默认值。,60.0,0.0017678999999999998,28.282142655127558,37.33242830476838,59.392499575767864,89.37157079020308,106.90649923638216,3160.0,True,低于阈值/需关注,0.9812049051975418
16,不详,2023,2,2023-02,流通,花生油/油脂,花生油,61.6,2.13,0.00213,全国中位数默认值,低,True,省份无法匹配消费量，使用全国中位数默认值。,60.0,0.0021868,22.864459484177797,30.18108651911469,48.015364916773365,72.25169197000183,86.42765685019207,3160.0,True,低于阈值/需关注,0.9848052642668439
12,不详,2023,2,2023-02,流通,花生油/油脂,花生油,64.1,2.13,0.00213,全国中位数默认值,低,True,省份无法匹配消费量，使用全国中位数默认值。,60.0,0.00227555,21.97270989431127,29.00397706049087,46.142690778053655,69.4337632660236,83.05684340049659,3160.0,True,低于阈值/需关注,0.9853978826651729
10,不详,2023,2,2023-02,流通,花生油/油脂,散装花生油,153.0,2.13,0.00213,全国中位数默认值,低,True,省份无法匹配消费量，使用全国中位数默认值。,60.0,0.0054315000000000006,9.205560158335635,12.151339409003038,19.33167633250483,29.0895701003406,34.79701739850869,3160.0,True,低于阈值/需关注,0.9938823809074352
11,不详,2023,2,2023-02,流通,花生油/油脂,花生油,55.4,2.13,0.00213,全国中位数默认值,低,True,省份无法匹配消费量，使用全国中位数默认值。,60.0,0.0019667,25.423297910204912,33.558753241470484,53.38892561143031,80.33762139624751,96.10006610057457,3160.0,True,低于阈值/需关注,0.9831047703761296
9,广东,2023,3,2023-03,生产,花生油/油脂,花生油,51.0,2.55,0.0025499999999999997,同省最近年份(2022),中,True,消费量数据年份未覆盖当前面板年份，使用同省最近年份。,60.0,0.0021675,23.06805074971165,30.449826989619375,48.442906574394456,72.8950403690888,87.19723183391002,3160.0,True,低于阈值/需关注,0.9846699662739259
48,广西,2023,3,2023-03,生产,花生油/油脂,花生油,181.0,1.38,0.00138,同省最近年份(2022),中,True,消费量数据年份未覆盖当前面板年份，使用同省最近年份。,60.0,0.004162999999999999,12.01056930098487,15.853951477300027,25.222195532068223,37.95339899111219,45.399951957722806,3160.0,True,低于阈值/需关注,0.9920182925531429
49,广西,2023,3,2023-03,生产,花生油/油脂,花生油,79.6,1.38,0.00138,同省最近年份(2022),中,True,消费量数据年份未覆盖当前面板年份，使用同省最近年份。,60.0,0.0018307999999999998,27.310465370329915,36.049814288835485,57.35197727769282,86.30107057024253,103.23355909984707,3160.0,True,低于阈值/需关注,0.981850640101996
50,广西,2023,3,2023-03,生产,花生油/油脂,花生油,21.1,1.38,0.00138,同省最近年份(2022),中,True,消费量数据年份未覆盖当前面板年份，使用同省最近年份。,60.0,0.00048530000000000003,103.0290541932825,135.9983515351329,216.36101380589324,325.5718112507727,389.44982485060785,3160.0,True,低于阈值/需关注,0.9315313247449705
51,广西,2023,3,2023-03,生产,花生油/油脂,花生油,4.9,1.38,0.00138,同省最近年份(2022),中,True,消费量数据年份未覆盖当前面板年份，使用同省最近年份。,60.0,0.0001127,443.6557231588288,585.625554569654,931.6770186335403,1401.9520851818988,1677.0186335403725,3160.0,True,低于阈值/需关注,0.705165500432424
52,广西,2023,3,2023-03,生产,花生油/油脂,花生油,28.8,1.38,0.00138,同省最近年份(2022),中,True,消费量数据年份未覆盖当前面板年份，使用同省最近年份。,60.0,0.0006624000000000001,75.4830917874396,99.63768115942028,158.51449275362316,238.52657004830917,285.3260869565217,3160.0,True,低于阈值/需关注,0.949837185837461
4,广东,2023,3,2023-03,流通,花生油/油脂,纯正花生油,45.9,2.55,0.0025499999999999997,同省最近年份(2022),中,True,消费量数据年份未覆盖当前面板年份，使用同省最近年份。,60.0,0.0019507499999999998,25.631167499679613,33.83314109957709,53.825451749327186,80.99448929898757,96.88581314878894,3160.0,True,低于阈值/需关注,0.9829666291932508
63,广西,2023,4,2023-04,生产,花生油/油脂,花生油,46.0,1.38,0.00138,同省最近年份(2022),中,True,消费量数据年份未覆盖当前面板年份，使用同省最近年份。,60.0,0.001058,47.258979206049155,62.381852551984885,99.24385633270322,149.33837429111531,178.6389413988658,3160.0,True,低于阈值/需关注,0.9685937163504104
10,广西,2023,4,2023-04,生产,花生油/油脂,花生油,68.2,1.38,0.00138,同省最近年份(2022),中,True,消费量数据年份未覆盖当前面板年份，使用同省最近年份。,60.0,0.0015686,31.87555782226189,42.07573632538569,66.93867142674996,100.72676271834757,120.48960856814993,3160.0,True,低于阈值/需关注,0.9788168761307754
11,广西,2023,4,2023-04,生产,花生油/油脂,花生油,34.2,1.38,0.00138,同省最近年份(2022),中,True,消费量数据年份未覆盖当前面板年份，使用同省最近年份。,60.0,0.0007866,63.56470887363336,83.90541571319604,133.48588863463004,200.8644800406814,240.27459954233407,3160.0,True,低于阈值/需关注,0.9577576301789146
12,广西,2023,4,2023-04,生产,花生油/油脂,花生油,33.9,1.38,0.00138,同省最近年份(2022),中,True,消费量数据年份未覆盖当前面板年份，使用同省最近年份。,60.0,0.0007796999999999999,64.12722842118765,84.64794151596769,134.66717968449404,202.64204181095295,242.4009234320893,3160.0,True,低于阈值/需关注,0.957383803897312
13,广西,2023,4,2023-04,生产,花生油/油脂,花生油,30.0,1.38,0.00138,同省最近年份(2022),中,True,消费量数据年份未覆盖当前面板年份，使用同省最近年份。,60.0,0.00069,72.46376811594203,95.65217391304348,152.17391304347825,228.9855072463768,273.9130434782609,3160.0,True,低于阈值/需关注,0.9518436984039627
91,广西,2023,5,2023-05,生产,花生油/油脂,花生油,29.4,1.38,0.00138,同省最近年份(2022),中,True,消费量数据年份未覆盖当前面板年份，使用同省最近年份。,60.0,0.0006762,73.94262052647147,97.60425909494234,155.27950310559007,233.65868086364983,279.50310559006215,3160.0,True,低于阈值/需关注,0.9508609167387373
23,广西,2023,5,2023-05,生产,花生油/油脂,花生油,31.9,1.38,0.00138,同省最近年份(2022),中,True,消费量数据年份未覆盖当前面板年份，使用同省最近年份。,60.0,0.0007337,68.14774430966335,89.95502248875563,143.11026305029304,215.3468720185362,257.59847349052745,3160.0,True,低于阈值/需关注,0.9547119420726922
35,广西,2023,5,2023-05,生产,花生油/油脂,花生油,58.19,1.38,0.00138,同省最近年份(2022),中,True,消费量数据年份未覆盖当前面板年份，使用同省最近年份。,60.0,0.0013383699999999998,37.35887684272661,49.31371743239912,78.45364136972587,118.05405082301608,141.2165544655066,3160.0,True,低于阈值/需关注,0.9751728983007196
6,广西,2023,6,2023-06,生产,花生油/油脂,花生油,27.3,1.38,0.00138,同省最近年份(2022),中,True,消费量数据年份未覆盖当前面板年份，使用同省最近年份。,60.0,0.0006279,79.63051441312311,105.11227902532251,167.22408026755852,251.632425545469,301.0033444816053,3160.0,True,低于阈值/需关注,0.9470809872571017
48,广西,2023,7,2023-07,生产,花生油/油脂,花生油,29.0,1.38,0.00138,同省最近年份(2022),中,True,消费量数据年份未覆盖当前面板年份，使用同省最近年份。,60.0,0.000667,74.96251874062969,98.9505247376312,157.42128935532236,236.88155922038982,283.35832083958024,3160.0,True,低于阈值/需关注,0.9501831362799613
107,广西,2023,7,2023-07,生产,花生油/油脂,花生油,35.7,1.38,0.00138,同省最近年份(2022),中,True,消费量数据年份未覆盖当前面板年份，使用同省最近年份。,60.0,0.0008211000000000001,60.893922786505904,80.37997807818779,127.87723785166239,192.42479600535864,230.1790281329923,3160.0,True,低于阈值/需关注,0.9595325196671954
14,广东,2023,7,2023-07,生产,花生油/油脂,花生油,3.8,2.55,0.0025499999999999997,同省最近年份(2022),中,True,消费量数据年份未覆盖当前面板年份，使用同省最近年份。,60.0,0.0001615,309.59752321981426,408.6687306501548,650.1547987616099,978.328173374613,1170.2786377708978,3160.0,True,低于阈值/需关注,0.7942548105184779
45,广西,2023,7,2023-07,生产,花生油/油脂,花生油,33.0,1.38,0.00138,同省最近年份(2022),中,True,消费量数据年份未覆盖当前面板年份，使用同省最近年份。,60.0,0.0007589999999999999,65.87615283267458,86.95652173913045,138.33992094861662,208.16864295125168,249.0118577075099,3160.0,True,低于阈值/需关注,0.9562215440036024
88,广东,2023,7,2023-07,生产,花生油/油脂,花生油,36.5,2.55,0.0025499999999999997,同省最近年份(2022),中,True,消费量数据年份未覆盖当前面板年份，使用同省最近年份。,60.0,0.00155125,32.232070910556004,42.54633360193393,67.68734891216761,101.85334407735698,121.8372280419017,3160.0,True,低于阈值/需关注,0.9785799528758963
85,广东,2023,7,2023-07,生产,花生油/油脂,花生油,31.8,2.55,0.0025499999999999997,同省最近年份(2022),中,True,消费量数据年份未覆盖当前面板年份，使用同省最近年份。,60.0,0.0013514999999999998,36.995930447650764,48.83462819089901,77.6914539400666,116.90714021457642,139.84461709211988,3160.0,True,低于阈值/需关注,0.9754140968544093
31,广西,2023,8,2023-08,生产,花生油/油脂,花生油,26.2,1.38,0.00138,同省最近年份(2022),中,True,消费量数据年份未覆盖当前面板年份，使用同省最近年份。,60.0,0.0006026,82.97378028542981,109.52538997676734,174.2449385994026,262.19714570195816,313.64088947892463,3160.0,True,低于阈值/需关注,0.9448591966457586
301,广西,2023,8,2023-08,生产,花生油/油脂,花生油,25.6,1.38,0.00138,同省最近年份(2022),中,True,消费量数据年份未覆盖当前面板年份，使用同省最近年份。,60.0,0.0005888,84.91847826086958,112.09239130434783,178.3288043478261,268.3423913043478,320.99184782608694,3160.0,True,低于阈值/需关注,0.9435668340671437
304,广西,2023,8,2023-08,流通,花生油/油脂,花生油,27.3,1.38,0.00138,同省最近年份(2022),中,True,消费量数据年份未覆盖当前面板年份，使用同省最近年份。,60.0,0.0006279,79.63051441312311,105.11227902532251,167.22408026755852,251.632425545469,301.0033444816053,3160.0,True,低于阈值/需关注,0.9470809872571017
305,广西,2023,8,2023-08,生产,花生油/油脂,花生油,27.2,1.38,0.00138,同省最近年份(2022),中,True,消费量数据年份未覆盖当前面板年份，使用同省最近年份。,60.0,0.0006256,79.923273657289,105.49872122762149,167.8388746803069,252.55754475703324,302.10997442455243,3160.0,True,低于阈值/需关注,0.946886432063194
306,广西,2023,8,2023-08,生产,花生油/油脂,花生油,25.4,1.38,0.00138,同省最近年份(2022),中,True,消费量数据年份未覆盖当前面板年份，使用同省最近年份。,60.0,0.0005841999999999999,85.58712769599454,112.9750085587128,179.73296816158853,270.45532351934276,323.51934269085933,3160.0,True,低于阈值/需关注,0.9431224784298771
90,广东,2023,8,2023-08,流通,花生油/油脂,花生油,38.9,2.55,0.0025499999999999997,同省最近年份(2022),中,True,消费量数据年份未覆盖当前面板年份，使用同省最近年份。,60.0,0.0016532499999999998,30.243459851807053,39.92136700438531,63.51126568879481,95.56933313171028,114.32027823983066,3160.0,True,低于阈值/需关注,0.9799014981997484
161,广西,2023,9,2023-09,流通,花生油/油脂,花生油,56.7,1.38,0.00138,同省最近年份(2022),中,True,消费量数据年份未覆盖当前面板年份，使用同省最近年份。,60.0,0.0013040999999999999,38.340618050762984,50.60961582700714,80.51529790660226,121.15635304041102,144.92753623188406,3160.0,True,低于阈值/需关注,0.9745204753460119
162,广西,2023,9,2023-09,流通,花生油/油脂,花生油,40.5,1.38,0.00138,同省最近年份(2022),中,True,消费量数据年份未覆盖当前面板年份，使用同省最近年份。,60.0,0.0009314999999999999,53.67686527106817,70.85346215780999,112.72141706924316,169.61889425657543,202.8985507246377,3160.0,True,低于阈值/需关注,0.9643286654844168
291,广西,2023,9,2023-09,生产,花生油/油脂,花生油,46.0,1.38,0.00138,同省最近年份(2022),中,True,消费量数据年份未覆盖当前面板年份，使用同省最近年份。,60.0,0.001058,47.258979206049155,62.381852551984885,99.24385633270322,149.33837429111531,178.6389413988658,3160.0,True,低于阈值/需关注,0.9685937163504104
67,山东,2023,9,2023-09,生产,花生油/油脂,花生油,40.4,4.67,0.00467,同省最近年份(2022),中,True,消费量数据年份未覆盖当前面板年份，使用同省最近年份。,60.0,0.003144466666666666,15.900947696482714,20.989250959357182,33.391990162613695,50.246994720885375,60.10558229270465,3160.0,True,低于阈值/需关注,0.989432914505502
68,山东,2023,9,2023-09,生产,花生油/油脂,花生油,22.1,4.67,0.00467,同省最近年份(2022),中,True,消费量数据年份未覆盖当前面板年份，使用同省最近年份。,60.0,0.0017201166666666666,29.06779578904532,38.369490441539824,61.042371156995166,91.8542346933832,109.87626808259131,3160.0,True,低于阈值/需关注,0.9806827939376598
69,山东,2023,9,2023-09,生产,花生油/油脂,花生油（自制）,3.4,4.67,0.00467,同省最近年份(2022),中,True,消费量数据年份未覆盖当前面板年份，使用同省最近年份。,60.0,0.00026463333333333333,188.94067262879457,249.40168787000883,396.77541252046854,597.0525255069908,714.1957425368435,3160.0,True,低于阈值/需关注,0.8744381605947885
168,广西,2023,9,2023-09,流通,花生油/油脂,花生油,78.6,1.38,0.00138,同省最近年份(2022),中,True,消费量数据年份未覆盖当前面板年份，使用同省最近年份。,60.0,0.0018077999999999996,27.657926761809943,36.508463325589126,58.08164619980087,87.39904856731941,104.54696315964158,3160.0,True,低于阈值/需关注,0.9816197322152528
169,广西,2023,9,2023-09,流通,花生油/油脂,花生油,27.4,1.38,0.00138,同省最近年份(2022),中,True,消费量数据年份未覆盖当前面板年份，使用同省最近年份。,60.0,0.0006301999999999999,79.33989209774676,104.72865756902573,166.61377340526818,250.71405902887975,299.90479212948276,3160.0,True,低于阈值/需关注,0.947274122340105
170,广西,2023,9,2023-09,流通,花生油/油脂,花生油,33.9,1.38,0.00138,同省最近年份(2022),中,True,消费量数据年份未覆盖当前面板年份，使用同省最近年份。,60.0,0.0007796999999999999,64.12722842118765,84.64794151596769,134.66717968449404,202.64204181095295,242.4009234320893,3160.0,True,低于阈值/需关注,0.957383803897312
156,河北,2023,9,2023-09,流通,花生油/油脂,黑花生油,30.4,2.2,0.0022,同省最近年份(2022),中,True,消费量数据年份未覆盖当前面板年份，使用同省最近年份。,60.0,0.0011146666666666666,44.856459330143544,59.21052631578948,94.19856459330144,141.7464114832536,169.55741626794259,3160.0,True,低于阈值/需关注,0.9701903276603476
229,广西,2023,10,2023-10,生产,花生油/油脂,花生油,52.6,1.38,0.00138,同省最近年份(2022),中,True,消费量数据年份未覆盖当前面板年份，使用同省最近年份。,60.0,0.0012098,41.32914531327492,54.554471813522895,86.79120515787733,130.60009918994876,156.2241692841792,3160.0,True,低于阈值/需关注,0.9725344287475072
230,广西,2023,10,2023-10,生产,花生油/油脂,花生油,30.1,1.38,0.00138,同省最近年份(2022),中,True,消费量数据年份未覆盖当前面板年份，使用同省最近年份。,60.0,0.0006923,72.22302470027445,95.33439260436228,151.66835187057634,228.22475805286726,273.0030333670374,3160.0,True,低于阈值/需关注,0.9520036861169062
325,广西,2023,10,2023-10,流通,花生油/油脂,花生油,32.0,1.38,0.00138,同省最近年份(2022),中,True,消费量数据年份未覆盖当前面板年份，使用同省最近年份。,60.0,0.000736,67.93478260869566,89.67391304347827,142.66304347826087,214.67391304347825,256.79347826086956,3160.0,True,低于阈值/需关注,0.9548534672537149
327,广西,2023,10,2023-10,流通,花生油/油脂,花生油,26.2,1.38,0.00138,同省最近年份(2022),中,True,消费量数据年份未覆盖当前面板年份，使用同省最近年份。,60.0,0.0006026,82.97378028542981,109.52538997676734,174.2449385994026,262.19714570195816,313.64088947892463,3160.0,True,低于阈值/需关注,0.9448591966457586
329,广西,2023,10,2023-10,流通,花生油/油脂,花生油,37.5,1.38,0.00138,同省最近年份(2022),中,True,消费量数据年份未覆盖当前面板年份，使用同省最近年份。,60.0,0.0008625,57.971014492753625,76.52173913043478,121.73913043478261,183.18840579710147,219.1304347826087,3160.0,True,低于阈值/需关注,0.9614749587231701
330,广西,2023,10,2023-10,流通,花生油/油脂,监花生油,27.6,1.38,0.00138,同省最近年份(2022),中,True,消费量数据年份未覆盖当前面板年份，使用同省最近年份。,60.0,0.0006347999999999999,78.76496534341526,103.96975425330814,165.40642722117204,248.89729048519223,297.73156899810965,3160.0,True,低于阈值/需关注,0.9476561939173506
331,广西,2023,10,2023-10,流通,花生油/油脂,督花生油,41.5,1.38,0.00138,同省最近年份(2022),中,True,消费量数据年份未覆盖当前面板年份，使用同省最近年份。,60.0,0.0009544999999999999,52.383446830801475,69.14614981665794,110.00523834468308,165.53169198533266,198.00942902042956,3160.0,True,低于阈值/需关注,0.9651882157137078
53,不详,2023,10,2023-10,餐饮,花生油/油脂,花生油,6.3,2.13,0.00213,全国中位数默认值,低,True,省份无法匹配消费量，使用全国中位数默认值。,60.0,0.00022365,223.563603845294,295.1039570757881,469.4835680751174,706.4609881511291,845.0704225352113,3160.0,True,低于阈值/需关注,0.85142925060914
6,广西,2023,10,2023-10,生产,花生油/油脂,花生油,32.0,1.38,0.00138,同省最近年份(2022),中,True,消费量数据年份未覆盖当前面板年份，使用同省最近年份。,60.0,0.000736,67.93478260869566,89.67391304347827,142.66304347826087,214.67391304347825,256.79347826086956,3160.0,True,低于阈值/需关注,0.9548534672537149
7,广西,2023,10,2023-10,生产,花生油/油脂,花生油,30.0,1.38,0.00138,同省最近年份(2022),中,True,消费量数据年份未覆盖当前面板年份，使用同省最近年份。,60.0,0.00069,72.46376811594203,95.65217391304348,152.17391304347825,228.9855072463768,273.9130434782609,3160.0,True,低于阈值/需关注,0.9518436984039627
103,广西,2023,11,2023-11,生产,花生油/油脂,花生油,109.0,1.38,0.00138,同省最近年份(2022),中,True,消费量数据年份未覆盖当前面板年份，使用同省最近年份。,60.0,0.002507,19.94415636218588,26.32628639808536,41.88272836059034,63.02353410450738,75.38891104906263,3160.0,True,低于阈值/需关注,0.9867459720377879
104,广西,2023,11,2023-11,生产,花生油/油脂,花生油,201.0,1.38,0.00138,同省最近年份(2022),中,True,消费量数据年份未覆盖当前面板年份，使用同省最近年份。,60.0,0.0046229999999999995,10.815487778498811,14.276443867618433,22.712524334847505,34.17694138005624,40.88254380272551,3160.0,True,低于阈值/需关注,0.992812492299099
52,江西,2023,11,2023-11,生产,花生油/油脂,花生油,24.9,4.52,0.00452,同省最近年份(2022),中,True,消费量数据年份未覆盖当前面板年份，使用同省最近年份。,60.0,0.0018757999999999997,26.655293741337037,35.184987738564885,55.97611685680777,84.23072822262503,100.75701034225399,3160.0,True,低于阈值/需关注,0.9822860389693646
52,山东,2023,11,2023-11,生产,花生油/油脂,花生油,156.0,4.67,0.00467,同省最近年份(2022),中,True,消费量数据年份未覆盖当前面板年份，使用同省最近年份。,60.0,0.012141999999999998,4.11793773678142,5.435677812551475,8.647669247240982,13.012683248229289,15.565804645033769,3160.0,True,低于阈值/需关注,0.9972633958078351
53,山东,2023,11,2023-11,生产,花生油/油脂,花生油,74.5,4.67,0.00467,同省最近年份(2022),中,True,消费量数据年份未覆盖当前面板年份，使用同省最近年份。,60.0,0.005798583333333333,8.622795797824182,11.38209045312792,18.10787117543078,27.248034721124416,32.59416811577541,3160.0,True,低于阈值/需关注,0.9942696610204333
70,广西,2023,11,2023-11,生产,花生油/油脂,花生油,85.6,1.38,0.00138,同省最近年份(2022),中,True,消费量数据年份未覆盖当前面板年份，使用同省最近年份。,60.0,0.0019687999999999997,25.396180414465668,33.522958147094684,53.3319788703779,80.25193010971151,95.99756196668022,3160.0,True,低于阈值/需关注,0.9831227914967159
81,山东,2023,11,2023-11,生产,花生油/油脂,花生油,79.5,4.67,0.00467,同省最近年份(2022),中,True,消费量数据年份未覆盖当前面板年份，使用同省最近年份。,60.0,0.00618775,8.080481596703164,10.666235707648177,16.969011353076645,25.534321845582,30.54422043553796,3160.0,True,低于阈值/需关注,0.9946300596983936
82,山东,2023,11,2023-11,生产,花生油/油脂,花生油,70.7,4.67,0.00467,同省最近年份(2022),中,True,消费量数据年份未覆盖当前面板年份，使用同省最近年份。,60.0,0.005502816666666666,9.08625582656155,11.993857691061246,19.081137235779252,28.712568411934498,34.34604702440266,3160.0,True,低于阈值/需关注,0.9939616654317154
79,云南,2023,11,2023-11,生产,花生油/油脂,花生油,85.6,3.5,0.0035,同省最近年份(2022),中,True,消费量数据年份未覆盖当前面板年份，使用同省最近年份。,60.0,0.004993333333333333,10.013351134846463,13.21762349799733,21.02803738317757,31.64218958611482,37.85046728971963,3160.0,True,低于阈值/需关注,0.9933455577901337
48,广西,2023,11,2023-11,生产,花生油/油脂,花生油,45.6,1.38,0.00138,同省最近年份(2022),中,True,消费量数据年份未覆盖当前面板年份，使用同省最近年份。,60.0,0.0010488,47.67353165522503,62.92906178489704,100.11441647597255,150.64836003051107,180.2059496567506,3160.0,True,低于阈值/需关注,0.9683182226341859
27,山东,2023,11,2023-11,生产,花生油/油脂,花生油,27.3,4.67,0.00467,同省最近年份(2022),中,True,消费量数据年份未覆盖当前面板年份，使用同省最近年份。,60.0,0.0021248499999999997,23.531072781608117,31.061016071722715,49.41525284137704,74.35818998988165,88.94745511447869,3160.0,True,低于阈值/需关注,0.9843622617590579
55,广东,2023,11,2023-11,生产,花生油/油脂,花生油,33.6,2.55,0.0025499999999999997,同省最近年份(2022),中,True,消费量数据年份未覆盖当前面板年份，使用同省最近年份。,60.0,0.0014279999999999998,35.0140056022409,46.21848739495799,73.52941176470588,110.64425770308125,132.3529411764706,3160.0,True,低于阈值/需关注,0.9767311988086373
56,广东,2023,11,2023-11,流通,花生油/油脂,压榨花生油,31.1,2.55,0.0025499999999999997,同省最近年份(2022),中,True,消费量数据年份未覆盖当前面板年份，使用同省最近年份。,60.0,0.00132175,37.82863627766219,49.933799886514095,79.4401361830906,119.53849063741252,142.9922451295631,3160.0,True,低于阈值/需关注,0.9748607163977562
35,广西,2023,12,2023-12,生产,花生油/油脂,花生油,41.3,1.38,0.00138,同省最近年份(2022),中,True,消费量数据年份未覆盖当前面板年份，使用同省最近年份。,60.0,0.0009498999999999999,52.637119696810196,69.48099799978947,110.5379513633014,166.3332982419202,198.96831245394253,3160.0,True,低于阈值/需关注,0.9650196356445249
36,广西,2023,12,2023-12,生产,花生油/油脂,花生油,58.0,1.38,0.00138,同省最近年份(2022),中,True,消费量数据年份未覆盖当前面板年份，使用同省最近年份。,60.0,0.001334,37.481259370314845,49.4752623688156,78.71064467766118,118.44077961019491,141.67916041979012,3160.0,True,低于阈值/需关注,0.9750915681399807
37,广西,2023,12,2023-12,生产,花生油/油脂,花生油,135.0,1.38,0.00138,同省最近年份(2022),中,True,消费量数据年份未覆盖当前面板年份，使用同省最近年份。,60.0,0.0031049999999999997,16.103059581320455,21.256038647342997,33.81642512077295,50.88566827697263,60.86956521739131,3160.0,True,低于阈值/需关注,0.989298599645325
38,广西,2023,12,2023-12,生产,花生油/油脂,花生油,44.1,1.38,0.00138,同省最近年份(2022),中,True,消费量数据年份未覆盖当前面板年份，使用同省最近年份。,60.0,0.0010143,49.29508035098097,65.06950606329488,103.51966873706003,155.77245390909985,186.33540372670805,3160.0,True,低于阈值/需关注,0.9672406111591583
39,广西,2023,12,2023-12,生产,花生油/油脂,花生油,60.0,1.38,0.00138,同省最近年份(2022),中,True,消费量数据年份未覆盖当前面板年份，使用同省最近年份。,60.0,0.00138,36.231884057971016,47.82608695652174,76.08695652173913,114.4927536231884,136.95652173913044,3160.0,True,低于阈值/需关注,0.9759218492019813
113,广西,2023,12,2023-12,生产,花生油/油脂,花生油,47.2,1.38,0.00138,同省最近年份(2022),中,True,消费量数据年份未覆盖当前面板年份，使用同省最近年份。,60.0,0.0010856,46.05747973470892,60.79587324981578,96.72070744288872,145.54163596168019,174.09727339719973,3160.0,True,低于阈值/需关注,0.9693921811889592
150,广西,2023,12,2023-12,流通,花生油/油脂,花生油,37.1,1.38,0.00138,同省最近年份(2022),中,True,消费量数据年份未覆盖当前面板年份，使用同省最近年份。,60.0,0.0008533,58.59603890776984,77.34677135825619,123.05168170631666,185.16348294855268,221.49302707137,3160.0,True,低于阈值/需关注,0.9610595943967353
124,广西,2023,12,2023-12,流通,花生油/油脂,花生油,53.8,1.38,0.00138,同省最近年份(2022),中,True,消费量数据年份未覆盖当前面板年份，使用同省最近年份。,60.0,0.0012373999999999998,40.407305640859875,53.337643445935036,84.85534184580573,127.6870858251172,152.73961532245033,3160.0,True,低于阈值/需关注,0.9731470437196816
125,广西,2023,12,2023-12,流通,花生油/油脂,花生油,48.1,1.38,0.00138,同省最近年份(2022),中,True,消费量数据年份未覆盖当前面板年份，使用同省最近年份。,60.0,0.0011063,45.195697369610414,59.65832052788575,94.91096447618187,142.81840368796892,170.83973605712737,3160.0,True,低于阈值/需关注,0.9699648846594361
126,广西,2023,12,2023-12,流通,花生油/油脂,花生油,230.0,1.38,0.00138,同省最近年份(2022),中,True,消费量数据年份未覆盖当前面板年份，使用同省最近年份。,60.0,0.0052899999999999996,9.451795841209831,12.476370510396977,19.848771266540645,29.867674858223065,35.72778827977316,3160.0,True,低于阈值/需关注,0.9937187432700821
127,广西,2023,12,2023-12,流通,花生油/油脂,花生油,65.7,1.38,0.00138,同省最近年份(2022),中,True,消费量数据年份未覆盖当前面板年份，使用同省最近年份。,60.0,0.0015111,33.08847859175435,43.67679174111574,69.48580504268413,104.55959234994374,125.07444907683144,3160.0,True,低于阈值/需关注,0.9780108211890239
128,广西,2023,12,2023-12,流通,花生油/油脂,花生油,181.0,1.38,0.00138,同省最近年份(2022),中,True,消费量数据年份未覆盖当前面板年份，使用同省最近年份。,60.0,0.004162999999999999,12.01056930098487,15.853951477300027,25.222195532068223,37.95339899111219,45.399951957722806,3160.0,True,低于阈值/需关注,0.9920182925531429
129,广西,2023,12,2023-12,流通,花生油/油脂,花生油,46.8,1.38,0.00138,同省最近年份(2022),中,True,消费量数据年份未覆盖当前面板年份，使用同省最近年份。,60.0,0.0010763999999999997,46.45113340765516,61.315496098104816,97.54738015607583,146.7855815681903,175.5852842809365,3160.0,True,低于阈值/需关注,0.9691305758999761
334,广西,2023,12,2023-12,生产,花生油/油脂,花生油,29.6,1.38,0.00138,同省最近年份(2022),中,True,消费量数据年份未覆盖当前面板年份，使用同省最近年份。,60.0,0.0006808000000000001,73.44300822561692,96.94477085781433,154.23031727379552,232.07990599294945,277.6145710928319,3160.0,True,低于阈值/需关注,0.9511929375715836
336,广西,2023,12,2023-12,生产,花生油/油脂,花生油,41.3,1.38,0.00138,同省最近年份(2022),中,True,消费量数据年份未覆盖当前面板年份，使用同省最近年份。,60.0,0.0009498999999999999,52.637119696810196,69.48099799978947,110.5379513633014,166.3332982419202,198.96831245394253,3160.0,True,低于阈值/需关注,0.9650196356445249
338,广西,2023,12,2023-12,生产,花生油/油脂,花生油,70.6,1.38,0.00138,同省最近年份(2022),中,True,消费量数据年份未覆盖当前面板年份，使用同省最近年份。,60.0,0.0016237999999999997,30.79196945436631,40.64539967976353,64.66313585416924,97.30262347579753,116.39364453750464,3160.0,True,低于阈值/需关注,0.97953698232463
340,广西,2023,12,2023-12,生产,花生油/油脂,花生油,47.7,1.38,0.00138,同省最近年份(2022),中,True,消费量数据年份未覆盖当前面板年份，使用同省最近年份。,60.0,0.0010971,45.57469692826543,60.15859994531037,95.7068635493574,144.01604229331875,172.27235438884333,3160.0,True,低于阈值/需关注,0.9697130178641274
344,广西,2023,12,2023-12,生产,花生油/油脂,花生油,74.9,1.38,0.00138,同省最近年份(2022),中,True,消费量数据年份未覆盖当前面板年份，使用同省最近年份。,60.0,0.0017227000000000002,29.024206187960758,38.3119521681082,60.95083299471759,91.71649155395599,109.71149939049165,3160.0,True,低于阈值/需关注,0.9807117617105324
13,广西,2023,12,2023-12,生产,花生油/油脂,纯花生油,108.0,1.38,0.00138,同省最近年份(2022),中,True,消费量数据年份未覆盖当前面板年份，使用同省最近年份。,60.0,0.002484,20.128824476650564,26.570048309178745,42.27053140096618,63.607085346215776,76.08695652173913,3160.0,True,低于阈值/需关注,0.9866232495566563
14,广西,2023,12,2023-12,生产,花生油/油脂,花生油,86.8,1.38,0.00138,同省最近年份(2022),中,True,消费量数据年份未覆盖当前面板年份，使用同省最近年份。,60.0,0.0019963999999999997,25.04508114606292,33.059507112803054,52.59467040673212,79.14245642155882,94.67040673211783,3160.0,True,低于阈值/需关注,0.983356116959895
15,广西,2023,12,2023-12,生产,花生油/油脂,散装花生油,120.0,1.38,0.00138,同省最近年份(2022),中,True,消费量数据年份未覆盖当前面板年份，使用同省最近年份。,60.0,0.00276,18.115942028985508,23.91304347826087,38.04347826086956,57.2463768115942,68.47826086956522,3160.0,True,低于阈值/需关注,0.9879609246009906
16,广西,2023,12,2023-12,生产,花生油/油脂,花生油,119.0,1.38,0.00138,同省最近年份(2022),中,True,消费量数据年份未覆盖当前面板年份，使用同省最近年份。,60.0,0.0027370000000000003,18.26817683595177,24.11399342345634,38.363171355498714,57.7274388016076,69.05370843989769,3160.0,True,低于阈值/需关注,0.9878597559001586
17,广西,2023,12,2023-12,生产,花生油/油脂,花生油,94.1,1.38,0.00138,同省最近年份(2022),中,True,消费量数据年份未覆盖当前面板年份，使用同省最近年份。,60.0,0.0021642999999999996,23.102157741533063,30.494848218823645,48.51453125721943,73.00281846324448,87.32615626299499,3160.0,True,低于阈值/需关注,0.9846473002350571
18,广西,2023,12,2023-12,生产,花生油/油脂,自榨花生油,60.1,1.38,0.00138,同省最近年份(2022),中,True,消费量数据年份未覆盖当前面板年份，使用同省最近年份。,60.0,0.0013823,36.171598061202346,47.7465094407871,75.96035592852492,114.30224987339942,136.72864067134486,3160.0,True,低于阈值/需关注,0.9759619126808464
19,广西,2023,12,2023-12,生产,花生油/油脂,花生油,84.8,1.38,0.00138,同省最近年份(2022),中,True,消费量数据年份未覆盖当前面板年份，使用同省最近年份。,60.0,0.0019504,25.635767022149306,33.83921246923708,53.835110746513536,81.0090237899918,96.90319934372437,3160.0,True,低于阈值/需关注,0.9829635725485716
232,不详,2023,12,2023-12,流通,花生油/油脂,花生油,30.9,2.13,0.00213,全国中位数默认值,低,True,省份无法匹配消费量，使用全国中位数默认值。,60.0,0.00109695,45.580928939331784,60.166826199917956,95.71995077259675,144.03573544828845,172.29591139067415,3160.0,True,低于阈值/需关注,0.9697088763377858
233,不详,2023,12,2023-12,流通,花生油/油脂,花生油,38.6,2.13,0.00213,全国中位数默认值,低,True,省份无法匹配消费量，使用全国中位数默认值。,60.0,0.0013703,36.48836021309202,48.16463548128147,76.62555644749324,115.30321827337079,137.92600160548784,3160.0,True,低于阈值/需关注,0.9757514061875021
220,广东,2023,12,2023-12,流通,花生油/油脂,花生油,33.8,2.55,0.0025499999999999997,同省最近年份(2022),中,True,消费量数据年份未覆盖当前面板年份，使用同省最近年份。,60.0,0.0014364999999999998,34.80682213713889,45.94500522102333,73.09432648799165,109.98955795335887,131.56978767838498,3160.0,True,低于阈值/需关注,0.9768688840227875
28,广东,2023,12,2023-12,流通,花生油/油脂,花生油,49.1,2.55,0.0025499999999999997,同省最近年份(2022),中,True,消费量数据年份未覆盖当前面板年份，使用同省最近年份。,60.0,0.0020867499999999996,23.96070444471068,31.628129867018096,50.31747933389242,75.71582604528575,90.57146280100636,3160.0,True,低于阈值/需关注,0.9840767470462365
61,贵州,2023,12,2023-12,流通,花生油/油脂,鹦鹉森林牌花生油,4.6,1.21,0.00121,同省最近年份(2022),中,True,消费量数据年份未覆盖当前面板年份，使用同省最近年份。,60.0,9.276666666666665e-05,538.9867049946102,711.4624505928855,1131.8720804886814,1703.1979877829683,2037.3697448796265,3160.0,True,低于阈值/需关注,0.6418126327567464
56,不详,2023,12,2023-12,生产,花生油/油脂,花生油,72.7,2.13,0.00213,全国中位数默认值,低,True,省份无法匹配消费量，使用全国中位数默认值。,60.0,0.00258085,19.37346223143538,25.572970145494704,40.684270686014294,61.220140651335804,73.23168723482574,3160.0,True,低于阈值/需关注,0.9871252307955651
58,不详,2023,12,2023-12,生产,花生油/油脂,花生油,29.2,2.13,0.00213,全国中位数默认值,低,True,省份无法匹配消费量，使用全国中位数默认值。,60.0,0.0010366,48.234613158402475,63.669689369091266,101.29268763264518,152.42137758055182,182.32683773876136,3160.0,True,低于阈值/需关注,0.9679453520149858
60,不详,2023,12,2023-12,生产,花生油/油脂,花生油,37.8,2.13,0.00213,全国中位数默认值,低,True,省份无法匹配消费量，使用全国中位数默认值。,60.0,0.0013418999999999998,37.26060064088234,49.18399284596469,78.2472613458529,117.74349802518819,140.84507042253523,3160.0,True,低于阈值/需关注,0.9752382084348566
253,广东,2023,12,2023-12,流通,花生油/油脂,花生油,40.7,2.55,0.0025499999999999997,同省最近年份(2022),中,True,消费量数据年份未覆盖当前面板年份，使用同省最近年份。,60.0,0.00172975,28.905911258852438,38.15580286168522,60.70241364359011,91.3426795779737,109.26434455846221,3160.0,True,低于阈值/需关注,0.9807903754292436
44,山东,2024,1,2024-01,流通,花生油/油脂,压榨花生油,23.4,4.67,0.00467,同省最近年份(2022),中,True,消费量数据年份未覆盖当前面板年份，使用同省最近年份。,60.0,0.0018212999999999999,27.45291824520947,36.2378520836765,57.65112831493988,86.75122165486192,103.77203096689179,3160.0,True,低于阈值/需关注,0.9817559720522342
59,广东,2024,1,2024-01,生产,花生油/油脂,花生油,70.3,2.55,0.0025499999999999997,同省最近年份(2022),中,True,消费量数据年份未覆盖当前面板年份，使用同省最近年份。,60.0,0.0029877499999999995,16.7350012551251,22.090201656765128,35.1435026357627,52.882603966195305,63.258304744372865,3160.0,True,低于阈值/需关注,0.9888786384064042
164,广东,2024,1,2024-01,餐饮,花生油/油脂,花生油,37.8,2.55,0.0025499999999999997,同省最近年份(2022),中,True,消费量数据年份未覆盖当前面板年份，使用同省最近年份。,60.0,0.0016064999999999999,31.123560535325247,41.08309990662932,65.35947712418302,98.35045129162778,117.64705882352942,3160.0,True,低于阈值/需关注,0.9793166211632333
129,广东,2024,2,2024-02,生产,花生油/油脂,花生油,57.1,2.55,0.0025499999999999997,同省最近年份(2022),中,True,消费量数据年份未覆盖当前面板年份，使用同省最近年份。,60.0,0.0024267499999999997,20.603688060162774,27.19686823941486,43.26774492634182,65.10765427011437,77.88194086741528,3160.0,True,低于阈值/需关注,0.9863076756562209
64,广东,2024,2,2024-02,生产,花生油/油脂,花生油,47.9,2.55,0.0025499999999999997,同省最近年份(2022),中,True,消费量数据年份未覆盖当前面板年份，使用同省最近年份。,60.0,0.00203575,24.56097261451554,32.42048385116051,51.57804249048262,77.6126734618691,92.84047648286874,3160.0,True,低于阈值/需关注,0.9836778346549107
11,广西,2024,2,2024-02,生产,花生油/油脂,散装花生油,26.2,1.38,0.00138,同省最近年份(2022),中,True,消费量数据年份未覆盖当前面板年份，使用同省最近年份。,60.0,0.0006026,82.97378028542981,109.52538997676734,174.2449385994026,262.19714570195816,313.64088947892463,3160.0,True,低于阈值/需关注,0.9448591966457586
12,广西,2024,2,2024-02,生产,花生油/油脂,散装花生油,41.6,1.38,0.00138,同省最近年份(2022),中,True,消费量数据年份未覆盖当前面板年份，使用同省最近年份。,60.0,0.0009568000000000001,52.25752508361204,68.9799331103679,109.74080267558527,165.13377926421404,197.5334448160535,3160.0,True,低于阈值/需关注,0.965271897887473
41,广西,2024,3,2024-03,生产,花生油/油脂,花生油,28.6,1.38,0.00138,同省最近年份(2022),中,True,消费量数据年份未覆盖当前面板年份，使用同省最近年份。,60.0,0.0006578,76.01094557616297,100.33444816053512,159.6229857099422,240.19458802067496,287.321374277896,3160.0,True,低于阈值/需关注,0.9494863969272334
28,广西,2024,3,2024-03,生产,花生油/油脂,花生油,38.9,1.38,0.00138,同省最近年份(2022),中,True,消费量数据年份未覆盖当前面板年份，使用同省最近年份。,60.0,0.0008946999999999999,55.88465407399129,73.76774337766851,117.3577735553817,176.59550687381247,211.24399239968707,3160.0,True,低于阈值/需关注,0.9628614640647526
90,广西,2024,4,2024-04,生产,花生油/油脂,花生油,46.1,1.38,0.00138,同省最近年份(2022),中,True,消费量数据年份未覆盖当前面板年份，使用同省最近年份。,60.0,0.0010603,47.15646515137226,62.24653399981138,99.02857681788174,149.01442987833633,178.25143827218713,3160.0,True,低于阈值/需关注,0.9686618427791512
91,湖南,2024,4,2024-04,生产,花生油/油脂,花生油,27.7,2.13,0.00213,同省最近年份(2022),中,True,消费量数据年份未覆盖当前面板年份，使用同省最近年份。,60.0,0.00098335,50.846595820409824,67.11750648294097,106.77785122286062,160.67524279249503,192.20013220114913,3160.0,True,低于阈值/需关注,0.9662095407522593
51,广西,2024,4,2024-04,其他,花生油/油脂,花生油,54.8,1.38,0.00138,同省最近年份(2022),中,True,消费量数据年份未覆盖当前面板年份，使用同省最近年份。,60.0,0.0012603999999999998,39.66994604887338,52.364328784512864,83.30688670263409,125.35702951443987,149.95239606474138,3160.0,True,低于阈值/需关注,0.9736370611700526
52,广东,2024,4,2024-04,生产,花生油/油脂,花生油,32.1,2.55,0.0025499999999999997,同省最近年份(2022),中,True,消费量数据年份未覆盖当前面板年份，使用同省最近年份。,60.0,0.00136425,36.65017408832692,48.37822979659153,76.96536558548652,115.81455011911306,138.53765805387576,3160.0,True,低于阈值/需关注,0.9756438716501625
7,不详,2024,5,2024-05,餐饮,花生油/油脂,花生油,64.7,2.13,0.00213,全国中位数默认值,低,True,省份无法匹配消费量，使用全国中位数默认值。,60.0,0.00229685,21.768944423884886,28.735006639528052,45.71478329015826,68.78986437947624,82.28660992228487,3160.0,True,低于阈值/需关注,0.9855332964271651
36,广西,2024,5,2024-05,生产,花生油/油脂,花生油,34.2,1.38,0.00138,同省最近年份(2022),中,True,消费量数据年份未覆盖当前面板年份，使用同省最近年份。,60.0,0.0007866,63.56470887363336,83.90541571319604,133.48588863463004,200.8644800406814,240.27459954233407,3160.0,True,低于阈值/需关注,0.9577576301789146
37,广西,2024,5,2024-05,生产,花生油/油脂,花生油,50.6,1.38,0.00138,同省最近年份(2022),中,True,消费量数据年份未覆盖当前面板年份，使用同省最近年份。,60.0,0.0011638,42.96270836913559,56.710775047258984,90.22168757518473,135.76215844646848,162.39903763533255,3160.0,True,低于阈值/需关注,0.9714488330458276
119,广西,2024,5,2024-05,生产,花生油/油脂,花生油,27.5,1.38,0.00138,同省最近年份(2022),中,True,消费量数据年份未覆盖当前面板年份，使用同省最近年份。,60.0,0.0006324999999999999,79.0513833992095,104.34782608695654,166.00790513833994,249.802371541502,298.8142292490119,3160.0,True,低于阈值/需关注,0.9474658528043228
120,广西,2024,5,2024-05,生产,花生油/油脂,花生油,66.0,1.38,0.00138,同省最近年份(2022),中,True,消费量数据年份未覆盖当前面板年份，使用同省最近年份。,60.0,0.0015179999999999998,32.93807641633729,43.478260869565226,69.16996047430831,104.08432147562584,124.50592885375495,3160.0,True,低于阈值/需关注,0.9781107720018011
112,广西,2024,5,2024-05,生产,花生油/油脂,花生油,81.4,1.38,0.00138,同省最近年份(2022),中,True,消费量数据年份未覆盖当前面板年份，使用同省最近年份。,60.0,0.0018722,26.70654844567888,35.252643948296125,56.083751735925645,84.39269308834525,100.95075312466616,3160.0,True,低于阈值/需关注,0.9822519772987578
8,海南,2024,5,2024-05,生产,花生油/油脂,噜吽花生油小磨浓香型,59.0,1.83,0.00183,同省最近年份(2022),中,True,消费量数据年份未覆盖当前面板年份，使用同省最近年份。,60.0,0.0017994999999999999,27.78549597110309,36.67685468185608,58.349541539316476,87.80216726868575,105.02917477076967,3160.0,True,低于阈值/需关注,0.9815349552090771
61,不详,2024,5,2024-05,流通,花生油/油脂,花生油,27.8,2.13,0.00213,全国中位数默认值,低,True,省份无法匹配消费量，使用全国中位数默认值。,60.0,0.0009869,50.6636943965954,66.87607660350594,106.39375823285035,160.09727429324147,191.50876481913062,3160.0,True,低于阈值/需关注,0.9663310891668195
48,广西,2024,5,2024-05,生产,花生油/油脂,花生油,29.6,1.38,0.00138,同省最近年份(2022),中,True,消费量数据年份未覆盖当前面板年份，使用同省最近年份。,60.0,0.0006808000000000001,73.44300822561692,96.94477085781433,154.23031727379552,232.07990599294945,277.6145710928319,3160.0,True,低于阈值/需关注,0.9511929375715836
22,四川,2024,5,2024-05,流通,花生油/油脂,花生油,122.0,2.21,0.00221,同省最近年份(2022),中,True,消费量数据年份未覆盖当前面板年份，使用同省最近年份。,60.0,0.0044936666666666675,11.126771011052591,14.68733773458942,23.36621912321044,35.16059639492619,42.05919442177879,3160.0,True,低于阈值/需关注,0.9926056268597435
11,广西,2024,5,2024-05,流通,花生油/油脂,花生油,31.4,1.38,0.00138,同省最近年份(2022),中,True,消费量数据年份未覆盖当前面板年份，使用同省最近年份。,60.0,0.0007221999999999999,69.23289947382997,91.38742730545557,145.38908889504293,218.77596233730273,261.7003600110773,3160.0,True,低于阈值/需关注,0.9539907946534675
37,广西,2024,5,2024-05,生产,花生油/油脂,花生油,61.6,1.38,0.00138,同省最近年份(2022),中,True,消费量数据年份未覆盖当前面板年份，使用同省最近年份。,60.0,0.0014168,35.29079616036138,46.58385093167702,74.11067193675889,111.51891586674196,133.399209486166,3160.0,True,低于阈值/需关注,0.9765472557162155
38,广西,2024,5,2024-05,生产,花生油/油脂,花生油,445.0,1.38,0.00138,同省最近年份(2022),中,True,消费量数据年份未覆盖当前面板年份，使用同省最近年份。,60.0,0.010235,4.885197850512946,6.44846116267709,10.258915486077186,15.43722520762091,18.466047874938937,3160.0,True,低于阈值/需关注,0.9967535077575705
6,广西,2024,5,2024-05,生产,花生油/油脂,花生油,83.4,1.38,0.00138,同省最近年份(2022),中,True,消费量数据年份未覆盖当前面板年份，使用同省最近年份。,60.0,0.0019182,26.06610363882807,34.407256803253055,54.738817641538944,82.3688874986967,98.5298717547701,3160.0,True,低于阈值/需关注,0.9826775893539434
22,广西,2024,6,2024-06,生产,花生油/油脂,花生油,41.1,1.38,0.00138,同省最近年份(2022),中,True,消费量数据年份未覆盖当前面板年份，使用同省最近年份。,60.0,0.0009452999999999999,52.893261398497835,69.81910504601714,111.07584893684545,167.14270601925315,199.93652808632183,3160.0,True,低于阈值/需关注,0.9648494148934034
1,江苏,2024,6,2024-06,流通,花生油/油脂,花生油,53.9,5.3,0.0053,同省最近年份(2022),中,True,消费量数据年份未覆盖当前面板年份，使用同省最近年份。,60.0,0.004761166666666666,10.501627752301609,13.862148633038123,22.053418279833377,33.185143697273084,39.69615290370008,3160.0,True,低于阈值/需关注,0.9930210701646097
14,河北,2024,6,2024-06,生产,花生油/油脂,花生油,40.3,2.2,0.0022,同省最近年份(2022),中,True,消费量数据年份未覆盖当前面板年份，使用同省最近年份。,60.0,0.0014776666666666666,33.83713061132416,44.665012406947895,71.05797428378074,106.92533273178435,127.90435371080532,3160.0,True,低于阈值/需关注,0.9775132992772846
2,江苏,2024,6,2024-06,流通,花生油/油脂,花生油,53.7,5.3,0.0053,同省最近年份(2022),中,True,消费量数据年份未覆盖当前面板年份，使用同省最近年份。,60.0,0.0047435,10.540739959945189,13.913776747127647,22.13555391588489,33.30873827342679,39.84399704859281,3160.0,True,低于阈值/需关注,0.99299507787472
82,广西,2024,6,2024-06,生产,花生油/油脂,花生油,64.7,1.38,0.00138,同省最近年份(2022),中,True,消费量数据年份未覆盖当前面板年份，使用同省最近年份。,60.0,0.0014881,33.59989248034407,44.351858074054164,70.55977420872253,106.17566023788724,127.00759357570055,3160.0,True,低于阈值/需关注,0.9776709575288853
293,广西,2024,6,2024-06,流通,花生油/油脂,花生油,26.5,1.38,0.00138,同省最近年份(2022),中,True,消费量数据年份未覆盖当前面板年份，使用同省最近年份。,60.0,0.0006095,82.03445447087778,108.28547990155866,172.2723543888433,259.22887612797376,310.09023789991795,3160.0,True,低于阈值/需关注,0.9454834321554293
294,广西,2024,6,2024-06,流通,花生油/油脂,花生油,33.2,1.38,0.00138,同省最近年份(2022),中,True,消费量数据年份未覆盖当前面板年份，使用同省最近年份。,60.0,0.0007636,65.47930853850184,86.43268727082243,137.50654793085383,206.91461498166578,247.51178627553693,3160.0,True,低于阈值/需关注,0.9564852696421349
295,广西,2024,6,2024-06,流通,花生油/油脂,花生油,80.9,1.38,0.00138,同省最近年份(2022),中,True,消费量数据年份未覆盖当前面板年份，使用同省最近年份。,60.0,0.0018607,26.87160745955823,35.47052184661686,56.43037566507228,84.91427957220401,101.5746761971301,3160.0,True,低于阈值/需关注,0.9821422861819391
296,广西,2024,6,2024-06,流通,花生油/油脂,花生油,42.1,1.38,0.00138,同省最近年份(2022),中,True,消费量数据年份未覆盖当前面板年份，使用同省最近年份。,60.0,0.0009683,51.63688939378292,68.16069399979345,108.43746772694413,163.17257048435403,195.18744190849944,3160.0,True,低于阈值/需关注,0.9656843456560302
297,广西,2024,6,2024-06,流通,花生油/油脂,花生油,25.9,1.38,0.00138,同省最近年份(2022),中,True,消费量数据年份未覆盖当前面板年份，使用同省最近年份。,60.0,0.0005956999999999999,83.93486654356221,110.79402383750212,176.26321974148064,265.2341782776566,317.27379553466517,3160.0,True,低于阈值/需关注,0.94422050008181
299,广西,2024,6,2024-06,流通,花生油/油脂,花生油,69.0,1.38,0.00138,同省最近年份(2022),中,True,消费量数据年份未覆盖当前面板年份，使用同省最近年份。,60.0,0.001587,31.5059861373661,41.587901701323254,66.1625708884688,99.55891619407687,119.09262759924385,3160.0,True,低于阈值/需关注,0.9790624775669402
300,广西,2024,6,2024-06,流通,花生油/油脂,散装花生油,32.0,1.38,0.00138,同省最近年份(2022),中,True,消费量数据年份未覆盖当前面板年份，使用同省最近年份。,60.0,0.000736,67.93478260869566,89.67391304347827,142.66304347826087,214.67391304347825,256.79347826086956,3160.0,True,低于阈值/需关注,0.9548534672537149
302,广西,2024,6,2024-06,流通,花生油/油脂,散装花生油,6.1,1.38,0.00138,同省最近年份(2022),中,True,消费量数据年份未覆盖当前面板年份，使用同省最近年份。,60.0,0.00014029999999999997,356.3791874554527,470.4205274411976,748.3962936564506,1126.1582323592304,1347.113328581611,3160.0,True,低于阈值/需关注,0.7631657298555536
303,广西,2024,6,2024-06,流通,花生油/油脂,花生油,32.0,1.38,0.00138,同省最近年份(2022),中,True,消费量数据年份未覆盖当前面板年份，使用同省最近年份。,60.0,0.000736,67.93478260869566,89.67391304347827,142.66304347826087,214.67391304347825,256.79347826086956,3160.0,True,低于阈值/需关注,0.9548534672537149
305,广西,2024,6,2024-06,生产,花生油/油脂,花生油,95.6,1.38,0.00138,同省最近年份(2022),中,True,消费量数据年份未覆盖当前面板年份，使用同省最近年份。,60.0,0.0021988,22.7396761870111,30.016372566854653,47.753319992723306,71.85737675095507,85.95597598690195,3160.0,True,低于阈值/需关注,0.9848881898757205
23,山东,2024,6,2024-06,生产,花生油/油脂,花生油,60.2,4.67,0.00467,同省最近年份(2022),中,True,消费量数据年份未覆盖当前面板年份，使用同省最近年份。,60.0,0.004685566666666667,10.671067889333912,14.085809613920764,22.409242567601215,33.72057453029516,40.33663662168219,3160.0,True,低于阈值/需关注,0.9929084675418983
81,广西,2024,6,2024-06,生产,花生油/油脂,花生油,34.5,1.38,0.00138,同省最近年份(2022),中,True,消费量数据年份未覆盖当前面板年份，使用同省最近年份。,60.0,0.0007935,63.0119722747322,83.17580340264651,132.3251417769376,199.11783238815374,238.1852551984877,3160.0,True,低于阈值/需关注,0.9581249551338805
82,广西,2024,6,2024-06,生产,花生油/油脂,花生油,44.7,1.38,0.00138,同省最近年份(2022),中,True,消费量数据年份未覆盖当前面板年份，使用同省最近年份。,60.0,0.0010280999999999999,48.63340142009533,64.19608987452584,102.13014298220018,153.68154848750123,183.83425736796033,3160.0,True,低于阈值/需关注,0.9676803344993038
83,广西,2024,6,2024-06,生产,花生油/油脂,花生油,27.5,1.38,0.00138,同省最近年份(2022),中,True,消费量数据年份未覆盖当前面板年份，使用同省最近年份。,60.0,0.0006324999999999999,79.0513833992095,104.34782608695654,166.00790513833994,249.802371541502,298.8142292490119,3160.0,True,低于阈值/需关注,0.9474658528043228
126,广东,2024,7,2024-07,生产,花生油/油脂,花生油,61.4,2.55,0.0025499999999999997,同省最近年份(2022),中,True,消费量数据年份未覆盖当前面板年份，使用同省最近年份。,60.0,0.0026095,19.160758766047138,25.292201571182222,40.237593408698984,60.547997700708954,72.42766813565818,3160.0,True,低于阈值/需关注,0.9872665843643358
75,广西,2024,7,2024-07,生产,花生油/油脂,花生油,60.1,1.38,0.00138,同省最近年份(2022),中,True,消费量数据年份未覆盖当前面板年份，使用同省最近年份。,60.0,0.0013823,36.171598061202346,47.7465094407871,75.96035592852492,114.30224987339942,136.72864067134486,3160.0,True,低于阈值/需关注,0.9759619126808464
76,广西,2024,7,2024-07,生产,花生油/油脂,花生油,84.0,1.38,0.00138,同省最近年份(2022),中,True,消费量数据年份未覆盖当前面板年份，使用同省最近年份。,60.0,0.001932,25.879917184265015,34.161490683229815,54.34782608695652,81.78053830227744,97.82608695652175,3160.0,True,低于阈值/需关注,0.9828013208585581
44,广西,2024,8,2024-08,生产,花生油/油脂,花生油,37.5,1.38,0.00138,同省最近年份(2022),中,True,消费量数据年份未覆盖当前面板年份，使用同省最近年份。,60.0,0.0008625,57.971014492753625,76.52173913043478,121.73913043478261,183.18840579710147,219.1304347826087,3160.0,True,低于阈值/需关注,0.9614749587231701
228,广西,2024,8,2024-08,生产,花生油/油脂,花生油,29.5,1.38,0.00138,同省最近年份(2022),中,True,消费量数据年份未覆盖当前面板年份，使用同省最近年份。,60.0,0.0006785,73.69196757553428,97.27339719970524,154.75313190862195,232.8666175386883,278.55563743551954,3160.0,True,低于阈值/需关注,0.9510274899023348
129,广东,2024,8,2024-08,生产,花生油/油脂,花生油,36.4,2.55,0.0025499999999999997,同省最近年份(2022),中,True,消费量数据年份未覆盖当前面板年份，使用同省最近年份。,60.0,0.0015469999999999998,32.32062055591468,42.66321913380738,67.87330316742083,102.13316095669039,122.17194570135749,3160.0,True,低于阈值/需关注,0.9785211065925883
130,广东,2024,8,2024-08,生产,花生油/油脂,花生油,56.4,2.55,0.0025499999999999997,同省最近年份(2022),中,True,消费量数据年份未覆盖当前面板年份，使用同省最近年份。,60.0,0.0023969999999999994,20.859407592824372,27.53441802252817,43.80475594493117,65.915727993325,78.84856070087612,3160.0,True,低于阈值/需关注,0.9861377354604649
131,广东,2024,8,2024-08,生产,花生油/油脂,花生油,62.7,2.55,0.0025499999999999997,同省最近年份(2022),中,True,消费量数据年份未覆盖当前面板年份，使用同省最近年份。,60.0,0.00266475,18.76348625574632,24.76780185758514,39.403321137067266,59.292616568158365,70.92597804672108,3160.0,True,低于阈值/需关注,0.9875305945768774
132,广东,2024,8,2024-08,生产,花生油/油脂,花生油,43.9,2.55,0.0025499999999999997,同省最近年份(2022),中,True,消费量数据年份未覆盖当前面板年份，使用同省最近年份。,60.0,0.0018657499999999998,26.79887444727322,35.374514270400645,56.277636339273755,84.68444325338336,101.29974541069276,3160.0,True,低于阈值/需关注,0.9821906214116223
1,黑龙江,2024,8,2024-08,流通,花生油/油脂,花生油,44.9,1.33,0.00133,同省最近年份(2022),中,True,消费量数据年份未覆盖当前面板年份，使用同省最近年份。,60.0,0.0009952833333333334,50.236950951990224,66.31277525662709,105.49759699917945,158.7487650082891,189.89567459852302,3160.0,True,低于阈值/需关注,0.9666146844939306
177,广西,2024,8,2024-08,生产,花生油/油脂,花生油,31.3,1.38,0.00138,同省最近年份(2022),中,True,消费量数据年份未覆盖当前面板年份，使用同省最近年份。,60.0,0.0007199,69.45409084595083,91.6793999166551,145.85359077649673,219.4749270732046,262.53646339769415,3160.0,True,低于阈值/需关注,0.9538438003871845
178,广西,2024,8,2024-08,生产,花生油/油脂,花生油,47.0,1.38,0.00138,同省最近年份(2022),中,True,消费量数据年份未覆盖当前面板年份，使用同省最近年份。,60.0,0.001081,46.25346901017577,61.05457909343201,97.1322849213691,146.16096207215543,174.8381128584644,3160.0,True,低于阈值/需关注,0.9692619351514654
152,广东,2024,9,2024-09,生产,花生油/油脂,花生油,36.7,2.55,0.0025499999999999997,同省最近年份(2022),中,True,消费量数据年份未覆盖当前面板年份，使用同省最近年份。,60.0,0.00155975,32.05641929796442,42.314473473313036,67.31848052572528,101.29828498156756,121.17326494630551,3160.0,True,低于阈值/需关注,0.978696683377935
154,广西,2024,9,2024-09,生产,花生油/油脂,散装花生油,41.7,1.38,0.00138,同省最近年份(2022),中,True,消费量数据年份未覆盖当前面板年份，使用同省最近年份。,60.0,0.0009591,52.13220727765614,68.81451360650611,109.47763528307789,164.7377749973934,197.0597435095402,3160.0,True,低于阈值/需关注,0.9653551787078868
155,广西,2024,9,2024-09,生产,花生油/油脂,散装花生油,25.6,1.38,0.00138,同省最近年份(2022),中,True,消费量数据年份未覆盖当前面板年份，使用同省最近年份。,60.0,0.0005888,84.91847826086958,112.09239130434783,178.3288043478261,268.3423913043478,320.99184782608694,3160.0,True,低于阈值/需关注,0.9435668340671437
156,广西,2024,9,2024-09,生产,花生油/油脂,散装花生油,68.6,1.38,0.00138,同省最近年份(2022),中,True,消费量数据年份未覆盖当前面板年份，使用同省最近年份。,60.0,0.0015777999999999999,31.689694511344914,41.83039675497529,66.54835847382432,100.13943465584993,119.78704525288377,3160.0,True,低于阈值/需关注,0.9789403928880303
155,广西,2024,9,2024-09,生产,花生油/油脂,花生油,30.9,1.38,0.00138,同省最近年份(2022),中,True,消费量数据年份未覆盖当前面板年份，使用同省最近年份。,60.0,0.0007107,70.35317292809906,92.86618826509076,147.74166314900802,222.31602645279304,265.9349936682144,3160.0,True,低于阈值/需关注,0.9532463091300607
156,广西,2024,9,2024-09,生产,花生油/油脂,花生油,68.1,1.38,0.00138,同省最近年份(2022),中,True,消费量数据年份未覆盖当前面板年份，使用同省最近年份。,60.0,0.0015662999999999999,31.92236480878504,42.13752154759625,67.03696609844857,100.87467279576072,120.66653897720744,3160.0,True,低于阈值/需关注,0.97878577022201
157,广西,2024,9,2024-09,生产,花生油/油脂,花生油,34.1,1.38,0.00138,同省最近年份(2022),中,True,消费量数据年份未覆盖当前面板年份，使用同省最近年份。,60.0,0.0007843,63.75111564452378,84.15147265077138,133.87734285349993,201.45352543669514,240.97921713629987,3160.0,True,低于阈值/需关注,0.9576337522615506
163,广西,2024,9,2024-09,生产,花生油/油脂,花生油,27.9,1.38,0.00138,同省最近年份(2022),中,True,消费量数据年份未覆盖当前面板年份，使用同省最近年份。,60.0,0.0006416999999999999,77.91803023219575,102.85179990649839,163.62786348761105,246.22097553373854,294.5301542776999,3160.0,True,低于阈值/需关注,0.9482190305418952
256,广西,2024,9,2024-09,生产,花生油/油脂,花生油,81.0,1.38,0.00138,同省最近年份(2022),中,True,消费量数据年份未覆盖当前面板年份，使用同省最近年份。,60.0,0.0018629999999999999,26.838432635534087,35.42673107890499,56.36070853462158,84.80944712828772,101.44927536231884,3160.0,True,低于阈值/需关注,0.9821643327422084
107,广西,2024,9,2024-09,生产,花生油/油脂,散装花生油,36.7,1.38,0.00138,同省最近年份(2022),中,True,消费量数据年份未覆盖当前面板年份，使用同省最近年份。,60.0,0.0008441000000000001,59.23468783319512,78.18978793981755,124.39284444970973,187.18161355289655,223.90712000947752,3160.0,True,低于阈值/需关注,0.9606351758070539
109,广西,2024,9,2024-09,生产,花生油/油脂,花生油,35.5,1.38,0.00138,同省最近年份(2022),中,True,消费量数据年份未覆盖当前面板年份，使用同省最近年份。,60.0,0.0008165,61.236987140232706,80.83282302510717,128.59767299448868,193.50887936313535,231.47581139007963,3160.0,True,低于阈值/需关注,0.9593045338625036
436,广西,2024,9,2024-09,生产,花生油/油脂,散装花生油,35.0,1.38,0.00138,同省最近年份(2022),中,True,消费量数据年份未覆盖当前面板年份，使用同省最近年份。,60.0,0.0008049999999999999,62.111801242236034,81.98757763975156,130.43478260869566,196.27329192546586,234.7826086956522,3160.0,True,低于阈值/需关注,0.9587231700605394
437,广西,2024,9,2024-09,生产,花生油/油脂,花生油,53.9,1.38,0.00138,同省最近年份(2022),中,True,消费量数据年份未覆盖当前面板年份，使用同省最近年份。,60.0,0.0012396999999999998,40.33233846898444,53.23868677905946,84.69791078486732,127.45018956199083,152.45623941276116,3160.0,True,低于阈值/需关注,0.9731968636756748
440,广西,2024,9,2024-09,生产,花生油/油脂,花生油,32.8,1.38,0.00138,同省最近年份(2022),中,True,消费量数据年份未覆盖当前面板年份，使用同省最近年份。,60.0,0.0007543999999999999,66.2778366914104,87.48674443266174,139.18345705196182,209.43796394485688,250.53022269353133,3160.0,True,低于阈值/需关注,0.9559546021987463
443,广西,2024,9,2024-09,生产,花生油/油脂,花生油,49.4,1.38,0.00138,同省最近年份(2022),中,True,消费量数据年份未覆盖当前面板年份，使用同省最近年份。,60.0,0.0011362,44.00633691251541,58.08836472452033,92.41330751628234,139.06002464354867,166.34395352930824,3160.0,True,低于阈值/需关注,0.9707552824315563
444,广西,2024,9,2024-09,生产,花生油/油脂,散装花生油,37.2,1.38,0.00138,同省最近年份(2022),中,True,消费量数据年份未覆盖当前面板年份，使用同省最近年份。,60.0,0.0008556,58.4385226741468,77.13884992987377,122.72089761570827,184.66573165030388,220.8976157082749,3160.0,True,低于阈值/需关注,0.9611642729064215
446,广西,2024,9,2024-09,生产,花生油/油脂,花生油,34.2,1.38,0.00138,同省最近年份(2022),中,True,消费量数据年份未覆盖当前面板年份，使用同省最近年份。,60.0,0.0007866,63.56470887363336,83.90541571319604,133.48588863463004,200.8644800406814,240.27459954233407,3160.0,True,低于阈值/需关注,0.9577576301789146
447,广西,2024,9,2024-09,生产,花生油/油脂,纯花生油,96.0,1.38,0.00138,同省最近年份(2022),中,True,消费量数据年份未覆盖当前面板年份，使用同省最近年份。,60.0,0.002208,22.644927536231886,29.89130434782609,47.55434782608696,71.55797101449276,85.59782608695653,3160.0,True,低于阈值/需关注,0.9849511557512383
448,广西,2024,9,2024-09,生产,花生油/油脂,花生油,41.0,1.38,0.00138,同省最近年份(2022),中,True,消费量数据年份未覆盖当前面板年份，使用同省最近年份。,60.0,0.0009429999999999999,53.02226935312832,69.98939554612939,111.34676564156946,167.55037115588547,200.42417815482503,3160.0,True,低于阈值/需关注,0.964763681758997
152,广西,2024,9,2024-09,生产,花生油/油脂,花生油,64.7,1.38,0.00138,同省最近年份(2022),中,True,消费量数据年份未覆盖当前面板年份，使用同省最近年份。,60.0,0.0014881,33.59989248034407,44.351858074054164,70.55977420872253,106.17566023788724,127.00759357570055,3160.0,True,低于阈值/需关注,0.9776709575288853
153,广西,2024,9,2024-09,生产,花生油/油脂,花生油,31.8,1.38,0.00138,同省最近年份(2022),中,True,消费量数据年份未覆盖当前面板年份，使用同省最近年份。,60.0,0.0007314,68.36204539239814,90.23789991796555,143.5602953240361,216.02406343997814,258.40853158326496,3160.0,True,低于阈值/需关注,0.9545695267961911
320,广西,2024,9,2024-09,流通,花生油/油脂,花生油,38.8,1.38,0.00138,同省最近年份(2022),中,True,消费量数据年份未覆盖当前面板年份，使用同省最近年份。,60.0,0.0008923999999999999,56.028686687584056,73.95786642761095,117.6602420439265,177.0506499327656,211.7884356790677,3160.0,True,低于阈值/需关注,0.9627657461886308
322,广西,2024,9,2024-09,生产,花生油/油脂,花生油,56.7,1.38,0.00138,同省最近年份(2022),中,True,消费量数据年份未覆盖当前面板年份，使用同省最近年份。,60.0,0.0013040999999999999,38.340618050762984,50.60961582700714,80.51529790660226,121.15635304041102,144.92753623188406,3160.0,True,低于阈值/需关注,0.9745204753460119
148,广西,2024,10,2024-10,生产,花生油/油脂,花生油,64.7,1.38,0.00138,同省最近年份(2022),中,True,消费量数据年份未覆盖当前面板年份，使用同省最近年份。,60.0,0.0014881,33.59989248034407,44.351858074054164,70.55977420872253,106.17566023788724,127.00759357570055,3160.0,True,低于阈值/需关注,0.9776709575288853
149,广西,2024,10,2024-10,生产,花生油/油脂,花生油,31.8,1.38,0.00138,同省最近年份(2022),中,True,消费量数据年份未覆盖当前面板年份，使用同省最近年份。,60.0,0.0007314,68.36204539239814,90.23789991796555,143.5602953240361,216.02406343997814,258.40853158326496,3160.0,True,低于阈值/需关注,0.9545695267961911
218,广西,2024,10,2024-10,生产,花生油/油脂,花生油,3.5,1.38,0.00138,同省最近年份(2022),中,True,消费量数据年份未覆盖当前面板年份，使用同省最近年份。,60.0,8.05e-05,621.1180124223603,819.8757763975156,1304.3478260869565,1962.7329192546583,2347.8260869565215,3160.0,True,低于阈值/需关注,0.5872317006053935
28,山东,2024,10,2024-10,生产,花生油/油脂,花生油,48.0,4.67,0.00467,同省最近年份(2022),中,True,消费量数据年份未覆盖当前面板年份，使用同省最近年份。,60.0,0.0037359999999999993,13.383297644539617,17.665952890792294,28.104925053533194,42.29122055674519,50.588865096359754,3160.0,True,低于阈值/需关注,0.9911060363754641
59,广西,2024,10,2024-10,生产,花生油/油脂,散装花生油,36.7,1.38,0.00138,同省最近年份(2022),中,True,消费量数据年份未覆盖当前面板年份，使用同省最近年份。,60.0,0.0008441000000000001,59.23468783319512,78.18978793981755,124.39284444970973,187.18161355289655,223.90712000947752,3160.0,True,低于阈值/需关注,0.9606351758070539
26,广西,2024,10,2024-10,生产,花生油/油脂,散装花生油,35.0,1.38,0.00138,同省最近年份(2022),中,True,消费量数据年份未覆盖当前面板年份，使用同省最近年份。,60.0,0.0008049999999999999,62.111801242236034,81.98757763975156,130.43478260869566,196.27329192546586,234.7826086956522,3160.0,True,低于阈值/需关注,0.9587231700605394
16,广西,2024,10,2024-10,生产,花生油/油脂,花生油,24.6,1.38,0.00138,同省最近年份(2022),中,True,消费量数据年份未覆盖当前面板年份，使用同省最近年份。,60.0,0.0005658,88.37044892188052,116.64899257688229,185.5779427359491,279.25061859314246,334.0402969247084,3160.0,True,低于阈值/需关注,0.9412728029316617
24,广西,2024,10,2024-10,流通,花生油/油脂,花生油,50.2,1.38,0.00138,同省最近年份(2022),中,True,消费量数据年份未覆盖当前面板年份，使用同省最近年份。,60.0,0.0011546,43.30504070673827,57.16265373289451,90.94058548415035,136.8439286332929,163.69305387147065,3160.0,True,低于阈值/需关注,0.9712213337075474
19,广西,2024,10,2024-10,生产,花生油/油脂,花生油,32.8,1.38,0.00138,同省最近年份(2022),中,True,消费量数据年份未覆盖当前面板年份，使用同省最近年份。,60.0,0.0007543999999999999,66.2778366914104,87.48674443266174,139.18345705196182,209.43796394485688,250.53022269353133,3160.0,True,低于阈值/需关注,0.9559546021987463
21,广西,2024,10,2024-10,生产,花生油/油脂,花生油,25.2,1.38,0.00138,同省最近年份(2022),中,True,消费量数据年份未覆盖当前面板年份，使用同省最近年份。,60.0,0.0005795999999999999,86.26639061421672,113.87163561076608,181.1594202898551,272.6017943409248,326.0869565217392,3160.0,True,低于阈值/需关注,0.9426710695285269
175,广西,2024,10,2024-10,生产,花生油/油脂,花生油,22.9,1.38,0.00138,同省最近年份(2022),中,True,消费量数据年份未覆盖当前面板年份，使用同省最近年份。,60.0,0.0005267,94.93070058857036,125.30852477691288,199.35447123599772,299.9810138598823,358.83804822479595,3160.0,True,低于阈值/需关注,0.9369131420139248
176,广西,2024,10,2024-10,生产,花生油/油脂,花生油,23.7,1.38,0.00138,同省最近年份(2022),中,True,消费量数据年份未覆盖当前面板年份，使用同省最近年份。,60.0,0.0005451,91.72628875435701,121.07870115575125,192.6252063841497,289.8550724637681,346.7253714914695,3160.0,True,低于阈值/需关注,0.9390426562075476
177,广西,2024,10,2024-10,生产,花生油/油脂,花生油,44.8,1.38,0.00138,同省最近年份(2022),中,True,消费量数据年份未覆盖当前面板年份，使用同省最近年份。,60.0,0.0010304,48.5248447204969,64.05279503105591,101.90217391304348,153.3385093167702,183.42391304347828,3160.0,True,低于阈值/需关注,0.9677524766097964
226,广西,2024,10,2024-10,生产,花生油/油脂,花生油,36.2,1.38,0.00138,同省最近年份(2022),中,True,消费量数据年份未覆盖当前面板年份，使用同省最近年份。,60.0,0.0008326,60.05284650492434,79.26975738650013,126.1109776603411,189.7669949555609,226.999759788614,3160.0,True,低于阈值/需关注,0.9600914627657148
40,广西,2024,10,2024-10,生产,花生油/油脂,花生油,36.6,1.38,0.00138,同省最近年份(2022),中,True,消费量数据年份未覆盖当前面板年份，使用同省最近年份。,60.0,0.0008418,59.39653124257544,78.40342124019958,124.73271560940842,187.6930387265384,224.51888809693514,3160.0,True,低于阈值/需关注,0.9605276216425923
47,广东,2024,10,2024-10,餐饮,花生油/油脂,花生油,30.5,2.55,0.0025499999999999997,同省最近年份(2022),中,True,消费量数据年份未覆盖当前面板年份，使用同省最近年份。,60.0,0.0012962499999999999,38.57280617164899,50.91610414657667,81.00289296046287,121.89006750241082,145.80520732883318,3160.0,True,低于阈值/需关注,0.9743661731137776
60,广东,2024,10,2024-10,生产,花生油/油脂,花生油,109.0,2.55,0.0025499999999999997,同省最近年份(2022),中,True,消费量数据年份未覆盖当前面板年份，使用同省最近年份。,60.0,0.0046324999999999995,10.793308148947654,14.247166756610904,22.66594711279007,34.10685375067459,40.79870480302213,3160.0,True,低于阈值/需关注,0.9928272319263323
309,广西,2024,10,2024-10,生产,花生油/油脂,花生油,25.5,1.38,0.00138,同省最近年份(2022),中,True,消费量数据年份未覆盖当前面板年份，使用同省最近年份。,60.0,0.0005865,85.25149190110828,112.53196930946292,179.02813299232736,269.39471440750214,322.2506393861893,3160.0,True,低于阈值/需关注,0.9433455275340736
312,湖南,2024,10,2024-10,生产,花生油/油脂,花生油,60.8,2.13,0.00213,同省最近年份(2022),中,True,消费量数据年份未覆盖当前面板年份，使用同省最近年份。,60.0,0.0021583999999999996,23.1653076352854,30.57820607857673,48.64714603409934,73.20237212750187,87.56486286137881,3160.0,True,低于阈值/需关注,0.9846053335335129
313,广西,2024,10,2024-10,生产,花生油/油脂,花生油,31.9,1.38,0.00138,同省最近年份(2022),中,True,消费量数据年份未覆盖当前面板年份，使用同省最近年份。,60.0,0.0007337,68.14774430966335,89.95502248875563,143.11026305029304,215.3468720185362,257.59847349052745,3160.0,True,低于阈值/需关注,0.9547119420726922
315,湖南,2024,10,2024-10,生产,花生油/油脂,花生油,46.0,2.13,0.00213,同省最近年份(2022),中,True,消费量数据年份未覆盖当前面板年份，使用同省最近年份。,60.0,0.001633,30.618493570116353,40.41641151255359,64.29883649724434,96.75443968156767,115.73790569503981,3160.0,True,低于阈值/需关注,0.9796522669312518
317,广西,2024,10,2024-10,生产,花生油/油脂,花生油,48.2,1.38,0.00138,同省最近年份(2022),中,True,消费量数据年份未覆盖当前面板年份，使用同省最近年份。,60.0,0.0011086000000000002,45.10193036261951,59.534548078657764,94.71405376150098,142.52209994587767,170.48529677070175,3160.0,True,低于阈值/需关注,0.9700271981767402
318,广西,2024,10,2024-10,生产,花生油/油脂,花生油,26.1,1.38,0.00138,同省最近年份(2022),中,True,消费量数据年份未覆盖当前面板年份，使用同省最近年份。,60.0,0.0006003,83.29168748958854,109.94502748625688,174.91254372813592,263.20173246709976,314.84257871064466,3160.0,True,低于阈值/需关注,0.944647929199957
322,广西,2024,10,2024-10,生产,花生油/油脂,花生油,26.1,1.38,0.00138,同省最近年份(2022),中,True,消费量数据年份未覆盖当前面板年份，使用同省最近年份。,60.0,0.0006003,83.29168748958854,109.94502748625688,174.91254372813592,263.20173246709976,314.84257871064466,3160.0,True,低于阈值/需关注,0.944647929199957
327,广西,2024,10,2024-10,生产,花生油/油脂,花生油,27.4,1.38,0.00138,同省最近年份(2022),中,True,消费量数据年份未覆盖当前面板年份，使用同省最近年份。,60.0,0.0006301999999999999,79.33989209774676,104.72865756902573,166.61377340526818,250.71405902887975,299.90479212948276,3160.0,True,低于阈值/需关注,0.947274122340105
143,广西,2024,10,2024-10,生产,花生油/油脂,花生油,74.8,1.38,0.00138,同省最近年份(2022),中,True,消费量数据年份未覆盖当前面板年份，使用同省最近年份。,60.0,0.0017204,29.063008602650548,38.36317135549872,61.032318065566145,91.83910718437573,109.85817251801907,3160.0,True,低于阈值/需关注,0.980685975295707
144,广西,2024,10,2024-10,生产,花生油/油脂,花生油,30.6,1.38,0.00138,同省最近年份(2022),中,True,消费量数据年份未覆盖当前面板年份，使用同省最近年份。,60.0,0.0007038,71.04290991759024,93.7766410912191,149.19011082693947,224.49559533958512,268.54219948849106,3160.0,True,低于阈值/需关注,0.952787939611728
145,广西,2024,10,2024-10,生产,花生油/油脂,花生油,23.2,1.38,0.00138,同省最近年份(2022),中,True,消费量数据年份未覆盖当前面板年份，使用同省最近年份。,60.0,0.0005336,93.70314842578712,123.688155922039,196.77661169415293,296.1019490254873,354.1979010494753,3160.0,True,低于阈值/需关注,0.9377289203499516
19,山东,2024,11,2024-11,生产,花生油/油脂,花生油,39.2,4.67,0.00467,同省最近年份(2022),中,True,消费量数据年份未覆盖当前面板年份，使用同省最近年份。,60.0,0.0030510666666666666,16.38771140147708,21.631779049949746,34.414193943101864,51.78516802866757,61.94554909758336,3160.0,True,低于阈值/需关注,0.9891094322964867
74,广西,2024,11,2024-11,生产,花生油/油脂,花生油,37.2,1.38,0.00138,同省最近年份(2022),中,True,消费量数据年份未覆盖当前面板年份，使用同省最近年份。,60.0,0.0008556,58.4385226741468,77.13884992987377,122.72089761570827,184.66573165030388,220.8976157082749,3160.0,True,低于阈值/需关注,0.9611642729064215
75,广西,2024,11,2024-11,生产,花生油/油脂,花生油,30.3,1.38,0.00138,同省最近年份(2022),中,True,消费量数据年份未覆盖当前面板年份，使用同省最近年份。,60.0,0.0006969,71.74630506528915,94.70512268618167,150.6672406371072,226.71832400631368,271.20103314679295,3160.0,True,低于阈值/需关注,0.9523204934692698
37,山东,2024,11,2024-11,生产,花生油/油脂,花生油,26.2,4.67,0.00467,同省最近年份(2022),中,True,消费量数据年份未覆盖当前面板年份，使用同省最近年份。,60.0,0.0020392333333333333,24.51901858541609,32.365104532749235,51.48993902937379,77.48009872991484,92.68189025287282,3160.0,True,低于阈值/需关注,0.9837057154970336
2,广西,2024,11,2024-11,生产,花生油/油脂,花生油,55.9,1.38,0.00138,同省最近年份(2022),中,True,消费量数据年份未覆盖当前面板年份，使用同省最近年份。,60.0,0.0012856999999999999,38.88932099245548,51.33390371004123,81.6675740841565,122.8902543361593,147.0016333514817,3160.0,True,低于阈值/需关注,0.9741558309860264
3,广西,2024,11,2024-11,生产,花生油/油脂,花生油,81.0,1.38,0.00138,同省最近年份(2022),中,True,消费量数据年份未覆盖当前面板年份，使用同省最近年份。,60.0,0.0018629999999999999,26.838432635534087,35.42673107890499,56.36070853462158,84.80944712828772,101.44927536231884,3160.0,True,低于阈值/需关注,0.9821643327422084
4,广西,2024,11,2024-11,生产,花生油/油脂,花生油,53.9,1.38,0.00138,同省最近年份(2022),中,True,消费量数据年份未覆盖当前面板年份，使用同省最近年份。,60.0,0.0012396999999999998,40.33233846898444,53.23868677905946,84.69791078486732,127.45018956199083,152.45623941276116,3160.0,True,低于阈值/需关注,0.9731968636756748
63,山东,2024,11,2024-11,生产,花生油/油脂,花生油,40.1,4.67,0.00467,同省最近年份(2022),中,True,消费量数据年份未覆盖当前面板年份，使用同省最近年份。,60.0,0.0031211166666666665,16.0199074049352,21.146277774514466,33.64180555036392,50.622907399595235,60.55524999065506,3160.0,True,低于阈值/需关注,0.9893538590030493
28,广西,2024,11,2024-11,生产,花生油/油脂,花生油,35.5,1.38,0.00138,同省最近年份(2022),中,True,消费量数据年份未覆盖当前面板年份，使用同省最近年份。,60.0,0.0008165,61.236987140232706,80.83282302510717,128.59767299448868,193.50887936313535,231.47581139007963,3160.0,True,低于阈值/需关注,0.9593045338625036
231,广西,2024,11,2024-11,生产,花生油/油脂,花生油,156.0,1.38,0.00138,同省最近年份(2022),中,True,消费量数据年份未覆盖当前面板年份，使用同省最近年份。,60.0,0.003588,13.935340022296545,18.39464882943144,29.26421404682274,44.03567447045708,52.675585284280935,3160.0,True,低于阈值/需关注,0.9907391727699928
232,广西,2024,11,2024-11,生产,花生油/油脂,花生油,25.5,1.38,0.00138,同省最近年份(2022),中,True,消费量数据年份未覆盖当前面板年份，使用同省最近年份。,60.0,0.0005865,85.25149190110828,112.53196930946292,179.02813299232736,269.39471440750214,322.2506393861893,3160.0,True,低于阈值/需关注,0.9433455275340736
240,广西,2024,11,2024-11,生产,花生油/油脂,花生油,35.9,1.38,0.00138,同省最近年份(2022),中,True,消费量数据年份未覆盖当前面板年份，使用同省最近年份。,60.0,0.0008257,60.55468087683179,79.93217875741796,127.16482984134674,191.35279157078844,228.89669371442415,3160.0,True,低于阈值/需关注,0.9597579652400802
1,江西,2024,12,2024-12,生产,花生油/油脂,花生油,32.4,4.52,0.00452,同省最近年份(2022),中,True,消费量数据年份未覆盖当前面板年份，使用同省最近年份。,60.0,0.0024408,20.485086856768273,27.04031465093412,43.018682399213375,64.73287446738775,77.43362831858407,3160.0,True,低于阈值/需关注,0.9863864929116413
111,广西,2024,12,2024-12,生产,花生油/油脂,花生油,42.6,1.38,0.00138,同省最近年份(2022),中,True,消费量数据年份未覆盖当前面板年份，使用同省最近年份。,60.0,0.0009798,51.03082261686058,67.36068585425596,107.16472749540722,161.25739946927945,192.89650949173298,3160.0,True,低于阈值/需关注,0.9660871115520864
112,广西,2024,12,2024-12,生产,花生油/油脂,花生油,64.0,1.38,0.00138,同省最近年份(2022),中,True,消费量数据年份未覆盖当前面板年份，使用同省最近年份。,60.0,0.001472,33.96739130434783,44.83695652173913,71.33152173913044,107.33695652173913,128.39673913043478,3160.0,True,低于阈值/需关注,0.9774267336268574
113,广西,2024,12,2024-12,生产,花生油/油脂,花生油,28.6,1.38,0.00138,同省最近年份(2022),中,True,消费量数据年份未覆盖当前面板年份，使用同省最近年份。,60.0,0.0006578,76.01094557616297,100.33444816053512,159.6229857099422,240.19458802067496,287.321374277896,3160.0,True,低于阈值/需关注,0.9494863969272334
73,广东,2024,12,2024-12,生产,花生油/油脂,花生油,44.0,2.55,0.0025499999999999997,同省最近年份(2022),中,True,消费量数据年份未覆盖当前面板年份，使用同省最近年份。,60.0,0.00187,26.737967914438507,35.294117647058826,56.149732620320854,84.49197860962568,101.06951871657755,3160.0,True,低于阈值/需关注,0.9822310972720504
