省份,年份,月份,年月,供应链环节,抽检总批次数,AFB1相关记录数,浓度可用记录数,总体不合格_后验均值,AFB1条件不合格_后验均值,EDI均值,EDI_P95,MOE_default_均值,低于MOE阈值比例,人口加权风险_proxy,MOE风险惩罚_proxy,dqn_risk_proxy,dqn_uncertainty_proxy,dqn_coverage_gap_proxy,Q_action_0,Q_action_1,Q_action_2,recommended_action,recommended_action_name,recommended_inspection_units
上海,2023,1,2023-01,流通,1,0,0,0.3333333333333333,0.5,,,,,0.0,0.0,0.39557226399331663,0.991812865497076,0.3068528194400547,0.8535117258293617,1.039199005213665,1.0369628048992694,1,常规加密抽检,1
上海,2023,2,2023-02,流通,6,0,0,0.111731843575419,0.5,,,,,0.0,0.0,0.3851294903926483,0.9187134502923977,0.0,0.7680623542273225,1.0062152822666293,0.48206035636115707,1,常规加密抽检,1
上海,2023,3,2023-03,流通,14,0,0,0.0442428934852339,0.5,,,,,0.0,0.0,0.36666666666666664,0.7894736842105263,0.0,0.7560578588125585,0.9422961459496221,0.32137940806993437,1,常规加密抽检,1
上海,2023,4,2023-04,流通,6,0,0,0.0362681850946826,0.5,,,,,0.0,0.0,0.36148705096073513,0.7532163742690059,0.0,0.7507610215600422,0.8791527186783944,0.22922625941432379,1,常规加密抽检,1
上海,2023,5,2023-05,流通,15,0,0,0.0242167361560865,0.5,,,,,0.0,0.0,0.35062656641604006,0.6771929824561403,0.0,0.7259672478666884,0.8276405009612356,0.10476591801588515,1,常规加密抽检,1
上海,2023,6,2023-06,流通,8,0,0,0.021128664328573,0.5,,,,,0.0,0.0,0.34594820384294067,0.6444444444444445,0.0,0.6873823311642921,0.8014614103064182,0.04922204343932339,1,常规加密抽检,1
上海,2023,7,2023-07,流通,4,0,0,0.0203821178239588,0.5,,,,,0.0,0.0,0.34452798663324974,0.6345029239766082,0.0,0.6890751283459178,0.7921919358517439,0.025361235026356524,1,常规加密抽检,1
上海,2023,8,2023-08,流通,5,0,0,0.0386776242005523,0.5,,,,,0.0,0.0,0.35430242272347534,0.7029239766081872,0.0,0.7311662409510961,0.8351073991252563,0.10581685248691274,1,常规加密抽检,1
上海,2023,9,2023-09,流通,10,0,0,0.03292583528709,0.5,,,,,0.0,0.0,0.349874686716792,0.6719298245614035,0.0,0.7159268230274838,0.8139887343177357,0.0683736805826015,1,常规加密抽检,1
上海,2023,10,2023-10,流通,4,0,0,0.0315177509829948,0.5,,,,,0.0,0.0,0.3480367585630743,0.6590643274853801,0.0,0.7082336333764614,0.8042429592609065,0.04606427014463825,1,常规加密抽检,1
上海,2023,11,2023-11,流通,7,0,0,0.0288212357477893,0.5,,,,,0.0,0.0,0.3458646616541353,0.643859649122807,0.0,0.6957792974786393,0.7960272188264353,0.029617831357856186,1,常规加密抽检,1
上海,2023,12,2023-12,流通,10,0,0,0.0254408901529755,0.5,,,,,0.0,0.0,0.34177109440267334,0.6152046783625731,0.0,0.6842551611153359,0.7835692078641241,0.0031551813997356126,1,常规加密抽检,1
上海,2024,1,2024-01,流通,5,0,0,0.024346289896936,0.5,,,,,0.0,0.0,0.34068504594820387,0.6076023391812866,0.0,0.6752090536511016,0.7742491102975612,-0.01637370365366248,1,常规加密抽检,1
上海,2024,2,2024-02,流通,3,0,0,0.0239940251146496,0.5,,,,,0.0,0.0,0.3405179615705931,0.6064327485380117,0.0,0.6832390883457333,0.7670204646221311,-0.02041979106167202,1,常规加密抽检,1
上海,2024,3,2024-03,流通,5,0,0,0.0230133792783714,0.5,,,,,0.0,0.0,0.33959899749373434,0.6,0.0,0.6706064107266362,0.7703198863073769,-0.024903823401389878,1,常规加密抽检,1
上海,2024,4,2024-04,流通,5,0,0,0.0221176195830836,0.5,,,,,0.0,0.0,0.3385964912280702,0.5929824561403508,0.0,0.6666005081457108,0.7667469745899903,-0.03442108303665227,1,常规加密抽检,1
上海,2024,5,2024-05,流通,3,0,0,0.0218685889398846,0.5,,,,,0.0,0.0,0.3385129490392648,0.5923976608187135,0.0,0.6754081193341904,0.757327091925803,-0.03907240234346068,1,常规加密抽检,1
上海,2024,6,2024-06,流通,2,0,0,0.0219244851872184,0.5,,,,,0.0,0.0,0.3390977443609023,0.5964912280701754,0.0,0.6802869617924817,0.7403199888114592,-0.018607625021692775,1,常规加密抽检,1
上海,2024,7,2024-07,流通,5,0,0,0.0210933513346627,0.5,,,,,0.0,0.0,0.3380952380952381,0.5894736842105263,0.0,0.6640679146317722,0.7650833930969603,-0.03903606200051121,1,常规加密抽检,1
上海,2024,8,2024-08,流通,1,0,0,0.0214668047247789,0.5,,,,,0.0,0.0,0.33901420217209693,0.595906432748538,0.3068528194400547,0.6339888153450186,0.7668600150291285,0.5388969306713522,1,常规加密抽检,1
上海,2024,9,2024-09,流通,5,0,0,0.0206549773085069,0.5,,,,,0.0,0.0,0.33792815371762736,0.5883040935672514,0.0,0.6631077794454672,0.764728296960714,-0.04004246169712204,1,常规加密抽检,1
上海,2024,10,2024-10,流通,3,0,0,0.0204619979102253,0.5,,,,,0.0,0.0,0.3377610693400167,0.5871345029239766,0.0,0.6727241727127172,0.7532459243183186,-0.04488496242400075,1,常规加密抽检,1
上海,2024,11,2024-11,流通,8,0,0,0.0189621459828917,0.5,,,,,0.0,0.0,0.33517126148705095,0.5690058479532164,0.0,0.6543543706823172,0.7550131629118783,-0.06526893224772405,1,常规加密抽检,1
上海,2024,12,2024-12,流通,4,0,0,0.0186037352284411,0.5,,,,,0.0,0.0,0.3347535505430242,0.5660818713450292,0.0,0.6567080765819905,0.7521631248226038,-0.07139549104773896,1,常规加密抽检,1
上海,2023,3,2023-03,生产,7,0,0,0.1111111111111111,0.5,,,,,0.0,0.0,0.38487886382623226,0.9169590643274854,0.0,0.7747492458228359,1.002090169940908,0.4958193582680285,1,常规加密抽检,1
上海,2023,6,2023-06,生产,6,0,0,0.068259385665529,0.5,,,,,0.0,0.0,0.3765664160401002,0.8587719298245614,0.0,0.7890281802448201,1.0069225285259273,0.4182352934447399,1,常规加密抽检,1
上海,2023,8,2023-08,生产,1,0,0,0.0665889795238888,0.5,,,,,0.0,0.0,0.37610693400167083,0.8555555555555555,0.3068528194400547,0.7104697122468405,0.8780327761754801,0.8371910961464408,1,常规加密抽检,1
上海,2024,6,2024-06,生产,2,0,0,0.0610999518837879,0.5,,,,,0.0,0.0,0.3742690058479532,0.8426900584795322,0.0,0.7905821566118111,0.965054266684508,0.33830251450348137,1,常规加密抽检,1
上海,2024,7,2024-07,生产,5,0,0,0.0484301517649612,0.5,,,,,0.0,0.0,0.3682539682539682,0.8005847953216374,0.0,0.7802062782676149,0.9232586265047943,0.3176096633287706,1,常规加密抽检,1
上海,2024,9,2024-09,生产,1,0,0,0.0482721489627831,0.5,,,,,0.0,0.0,0.3680033416875522,0.7988304093567251,0.3068528194400547,0.696204694531772,0.8446227071722465,0.7679174273183197,1,常规加密抽检,1
上海,2024,11,2024-11,生产,8,0,0,0.0359970099466156,0.5,,,,,0.0,0.0,0.3611528822055138,0.7508771929824561,0.0,0.7463281114082253,0.8803005683523696,0.21597673524222472,1,常规加密抽检,1
上海,2024,12,2024-12,生产,2,0,0,0.0350987035250681,0.5,,,,,0.0,0.0,0.3603174603174603,0.7450292397660818,0.0,0.7608068714889681,0.8639954175886767,0.22309265777582077,1,常规加密抽检,1
上海,2023,4,2023-04,餐饮,1,0,0,0.3333333333333333,0.5,,,,,0.0,0.0,0.39557226399331663,0.991812865497076,0.3068528194400547,0.8535117258293617,1.039199005213665,1.0369628048992694,1,常规加密抽检,1
上海,2023,5,2023-05,餐饮,2,0,0,0.202020202020202,0.5,,,,,0.0,0.0,0.3910609857978279,0.960233918128655,0.0,0.9018254265737735,1.1181224326567833,0.6537469610921499,1,常规加密抽检,1
上海,2023,7,2023-07,餐饮,1,0,0,0.1723395088323998,0.5,,,,,0.0,0.0,0.38980785296574766,0.9514619883040936,0.3068528194400547,0.7788796338166943,0.9310532771186911,0.8617387371094988,1,常规加密抽检,1
上海,2023,8,2023-08,餐饮,1,0,0,0.1512315922796272,0.5,,,,,0.0,0.0,0.38847117794486213,0.9421052631578948,0.3068528194400547,0.7232517090778706,0.9206441109370047,0.8543263265226698,1,常规加密抽检,1
上海,2023,11,2023-11,餐饮,4,0,0,0.0963228162865025,0.5,,,,,0.0,0.0,0.3829573934837093,0.9035087719298246,0.0,0.7584626182038862,1.01040653787882,0.44392378512706254,1,常规加密抽检,1
上海,2023,12,2023-12,餐饮,1,0,0,0.0912186668511564,0.5,,,,,0.0,0.0,0.38187134502923975,0.895906432748538,0.3068528194400547,0.7121820713210062,0.8994787377170446,0.8459698549841257,1,常规加密抽检,1
上海,2024,6,2024-06,餐饮,1,0,0,0.086846754874862,0.5,,,,,0.0,0.0,0.3810359231411863,0.8900584795321638,0.3068528194400547,0.7147522311670805,0.897591562558723,0.8427284061818624,1,常规加密抽检,1
不详,2023,11,2023-11,其他,1,0,0,0.6666666666666666,0.5,,,,,,0.0,0.39557226399331663,0.991812865497076,0.3068528194400547,0.9998275003014326,1.332344308199667,1.2129444331423875,1,常规加密抽检,1
不详,2024,3,2024-03,其他,2,2,2,0.797979797979798,0.75,0.004464125,0.0067725124999999,35.111547221590655,1.0,,0.9888887508792434,0.8239766081871345,0.960233918128655,0.0,1.1804433903772664,1.3766358361657471,1.6103487733181416,2,重点专项抽检,2
不详,2024,4,2024-04,其他,7,0,0,0.3221775047659394,0.7435897435897436,,,,,,0.0,0.3885547201336675,0.9426900584795321,0.0,1.2364242942136874,1.4155745735227958,1.0739849957178949,1,常规加密抽检,1
不详,2023,1,2023-01,流通,526,3,2,0.0132575757575757,0.6,0.008236,0.0120699999999999,17.405569782330346,1.0,,0.994491908296731,0.7260651629072682,0.2152046783625731,0.0,2.0384230439721645,2.170970880203269,2.35227801454512,2,重点专项抽检,2
不详,2023,2,2023-02,流通,290,12,12,0.0248831628141972,0.884272997032641,0.0037848325,0.0110387249999999,44.91984306232212,1.0,,0.9857848597904044,0.718295739348371,0.2497076023391813,0.0,2.512738760830436,2.66658318810947,2.71716069418892,2,重点专项抽检,2
不详,2023,3,2023-03,流通,367,23,4,0.0221271158803268,0.491082273221249,0.0030929375,0.0042575149999999,37.63458062501157,1.0,,0.9880903225870216,0.7116959064327485,0.1824561403508772,0.0,1.899664628160402,2.291823365820974,2.221474515609778,1,常规加密抽检,1
不详,2023,4,2023-04,流通,554,14,3,0.0182871192257354,0.4154900894353161,0.0034931999999999,0.0074258899999999,65.07825407403298,1.0,,0.9794056157993568,0.6928989139515455,0.11286549707602339,0.0,1.9294358641104905,2.1524474210509723,2.1834498261260915,2,重点专项抽检,2
不详,2023,5,2023-05,流通,353,5,4,0.0180716319799669,0.4513892866907272,0.0033698375,0.00468955,41.49529071156497,1.0,,0.9868685788887452,0.6973266499582289,0.09473684210526316,0.0,2.0406794216953648,2.322014617115478,2.375941940955552,2,重点专项抽检,2
不详,2023,6,2023-06,流通,941,27,4,0.0147980447963775,0.3467518801750016,0.0032686625,0.0050092274999999,36.66102250379453,1.0,,0.9883984106000652,0.6918964076858813,0.04152046783625731,0.0,1.8499493372329614,2.127773867600278,1.956539869079017,1,常规加密抽检,1
不详,2023,7,2023-07,流通,938,29,10,0.0162589518714979,0.346360355877018,0.0048085105,0.0117043499999999,352.81840531980083,0.9,,0.8912052785666662,0.6416040100250626,0.03333333333333333,0.0,1.765603567804611,2.0518678302453486,2.014996908584703,1,常规加密抽检,1
不详,2023,8,2023-08,流通,1034,31,6,0.0174505216364662,0.317580649985246,0.0038771916666666,0.006239125,34.382344702569576,1.0,,0.9891195111700728,0.6912280701754386,0.02982456140350877,0.0,1.8619994582580697,2.1706561493867325,1.9885995645303929,1,常规加密抽检,1
不详,2023,9,2023-09,流通,1043,22,6,0.0176129108527555,0.3108990203258955,0.00319145,0.0043665,36.908896024787,1.0,,0.9883199696124092,0.6892230576441103,0.023976608187134502,0.0,1.9347394712584753,2.1699585679338496,2.0655096555407253,1,常规加密抽检,1
不详,2023,10,2023-10,流通,973,31,16,0.0224880379279045,0.354623805552076,0.006345625,0.016125875,39.33205699592717,1.0,,0.9875531465202764,0.6886382623224729,0.026900584795321637,0.0,1.826035059042296,2.1438635156743513,2.306279092807962,2,重点专项抽检,2
不详,2023,11,2023-11,流通,1535,48,22,0.0240961877404946,0.3881668291886362,0.0042167545454545,0.0094092749999999,49.11009743129769,1.0,,0.9844588299268046,0.6839598997493734,0.023391812865497075,0.0,1.9245962741147875,2.1009677295591747,2.3620128505551596,2,重点专项抽检,2
不详,2023,12,2023-12,流通,2084,65,33,0.0250890609933459,0.4405350582554323,0.0053742696969696,0.0165216999999999,55.00162085591913,1.0,,0.9825944237797724,0.681453634085213,0.017543859649122806,0.0,2.083054356045902,2.2875088993672463,2.772644954234117,2,重点专项抽检,2
不详,2024,1,2024-01,流通,621,11,11,0.0248098366213182,0.4641290525809091,0.0061469863636363,0.0128864999999999,33.53339335888032,1.0,,0.989388166658582,0.689390142021721,0.015789473684210527,0.0,1.9581332357316716,2.3890895239133725,2.326047351300457,1,常规加密抽检,1
不详,2024,2,2024-02,流通,309,12,11,0.0253006563764886,0.485018621571701,0.0065829909090909,0.0172174999999999,28.83526145139074,1.0,,0.990874917262218,0.6922305764411029,0.018128654970760234,0.0,1.9813593863710297,2.285827485225042,2.284214240944486,1,常规加密抽检,1
不详,2024,3,2024-03,流通,399,10,10,0.025295307719259,0.505045097197778,3.2765530850000006,15.675024999999994,43.83625740215365,1.0,,0.986127766644888,0.6856307435254804,0.01871345029239766,0.0,2.4026884542138145,2.1315197364172374,2.6431016710080177,2,重点专项抽检,2
不详,2024,4,2024-04,流通,547,17,17,0.0262094248368011,0.5372244191813675,0.0036281,0.0100678,50.94714513476213,1.0,,0.9838774857168474,0.6830409356725146,0.02046783625730994,0.0,1.950669159110472,2.3404838159773442,2.3645597999940735,2,重点专项抽检,2
不详,2024,5,2024-05,流通,665,16,15,0.026711483502045,0.5652053217918419,0.0052627566666666,0.0166849999999999,150.90313947692766,1.0,,0.9522458419376812,0.6706766917293232,0.01929824561403509,0.0,2.0134657115124965,2.397312540427467,2.4469641611607504,2,重点专项抽检,2
不详,2024,6,2024-06,流通,898,37,17,0.0264064377599601,0.5516145518496282,0.0070979117647058,0.0159465999999999,30.84339290455804,1.0,,0.99023943262514,0.6909774436090225,0.016374269005847954,0.0,2.0489891282885044,2.369551953719898,2.554093880727195,2,重点专项抽检,2
不详,2024,7,2024-07,流通,837,25,19,0.0269013603814974,0.5690180395081658,0.0101120815789473,0.0199687499999999,25.098267761496444,1.0,,0.992057510202058,0.6933166248955722,0.014035087719298246,0.0,2.0136414151078252,2.3181592955193566,2.4138510457809277,2,重点专项抽检,2
不详,2024,8,2024-08,流通,782,25,19,0.0286543185471107,0.584437567128608,0.0043874263157894,0.0110191999999999,40.97972340017295,1.0,,0.9870317331012112,0.6863826232247285,0.01695906432748538,0.0,2.0478012578761198,2.3637647282429395,2.4562354302616605,2,重点专项抽检,2
不详,2024,9,2024-09,流通,917,51,16,0.028820189889694,0.5472756322464807,0.00534053125,0.01180375,39.83502627277576,1.0,,0.9873939790276026,0.6865497076023394,0.014619883040935672,0.0,2.072913283237373,2.3156255942312924,2.651916571439533,2,重点专项抽检,2
不详,2024,10,2024-10,流通,879,15,15,0.0289756996659229,0.5670779653008218,0.00472221,0.0156661499999999,49.31214691038318,1.0,,0.9843948902182332,0.6823725981620719,0.013450292397660818,0.0,2.017859056038362,2.4186462115064016,2.4675916053618967,2,重点专项抽检,2
不详,2024,11,2024-11,流通,1291,63,16,0.0287750236437386,0.5163069523366817,0.00586326875,0.023332375,46.95596248287283,1.0,,0.9851405182016224,0.6832915622389307,0.011695906432748537,0.0,2.0375896232124857,2.2611608773571925,2.5703946581718338,2,重点专项抽检,2
不详,2024,12,2024-12,流通,1416,40,20,0.0283224472188204,0.5195955060197863,0.00398168,0.0109411,45.662236724137486,1.0,,0.9855499250872984,0.6835421888053467,0.011111111111111112,0.0,1.9952914456795705,2.167300317693699,2.634839779567832,2,重点专项抽检,2
不详,2023,4,2023-04,生产,1,0,0,0.3333333333333333,0.5,,,,,,0.0,0.39557226399331663,0.991812865497076,0.3068528194400547,0.8535117258293617,1.039199005213665,1.0369628048992694,1,常规加密抽检,1
不详,2023,8,2023-08,生产,1,0,0,0.2531645569620253,0.5,,,,,,0.0,0.393734335839599,0.9789473684210527,0.3068528194400547,0.8390859258333923,1.0143777417460038,0.9736888644288973,1,常规加密抽检,1
不详,2023,9,2023-09,生产,16,0,0,0.0503714897368089,0.5,,,,,,0.0,0.3693400167084378,0.808187134502924,0.0,0.7494011065021019,0.97262682039674,0.38431936972495206,1,常规加密抽检,1
不详,2023,10,2023-10,生产,10,1,1,0.0690610715688517,0.6666666666666666,0.00154425,0.00154425,67.99417192812044,1.0,,0.978482856984772,0.7903091060985796,0.8011695906432749,0.0,1.5814252423641093,2.1877225766015536,2.4962715063422967,2,重点专项抽检,2
不详,2023,11,2023-11,生产,3,1,1,0.09636781143596,0.7468354430379747,0.00154425,0.00154425,67.99417192812044,1.0,,0.978482856984772,0.7935672514619883,0.8239766081871345,0.0,2.190001577312561,2.8973478775201835,3.0558026115336108,2,重点专项抽检,2
不详,2023,12,2023-12,生产,16,3,3,0.1737998292835822,0.8540678584458227,0.0016531166666666,0.002456955,73.40807322150413,1.0,,0.9767695970818026,0.7948203842940685,0.8368421052631579,0.0,2.0362349839032503,2.87812005391007,3.037812801112946,2,重点专项抽检,2
不详,2024,1,2024-01,生产,39,0,0,0.0915590280421527,0.8487112086083323,,,,,,0.0,0.3589807852965748,0.735672514619883,0.0,1.59114818901352,1.8302378920192715,1.243054241976907,1,常规加密抽检,1
不详,2024,2,2024-02,生产,9,0,0,0.0940505251123918,0.8432449855540457,,,,,,0.0,0.3582289055973266,0.7304093567251462,0.0,1.3897476911442843,1.4612723184045195,0.9556046889519275,1,常规加密抽检,1
不详,2024,3,2024-03,生产,2,0,0,0.0923104519129844,0.8376731995256608,,,,,,0.0,0.3586466165413534,0.7333333333333333,0.0,1.195234984327805,1.2657299298594757,0.8298119885045054,1,常规加密抽检,1
不详,2024,6,2024-06,生产,3,0,0,0.0894866086191641,0.8320002999004646,,,,,,0.0,0.3579782790309106,0.7286549707602339,0.0,1.205701691453988,1.2623808762229332,0.8169461666679165,1,常规加密抽检,1
不详,2024,7,2024-07,生产,4,0,0,0.0856937278560046,0.826231169517097,,,,,,0.0,0.3573099415204678,0.7239766081871345,0.0,1.2216643236776683,1.2722392039193307,0.7955432911597028,1,常规加密抽检,1
不详,2024,9,2024-09,生产,3,0,0,0.0830789093785167,0.8203711154071182,,,,,,0.0,0.3570593149540518,0.7222222222222222,0.0,1.1654410578268604,1.2288815448078214,0.7351867158440267,1,常规加密抽检,1
不详,2024,11,2024-11,生产,15,0,0,0.0808906371308352,0.8144258558519758,,,,,,0.0,0.35555555555555557,0.7116959064327485,0.0,1.3368784869795847,1.4537456550304833,0.7910001260154224,1,常规加密抽检,1
不详,2024,12,2024-12,生产,6,0,0,0.0762168421924973,0.8084015037351738,,,,,,0.0,0.35488721804511275,0.7070175438596491,0.0,1.1972900217845082,1.288053488839635,0.6523377615892813,1,常规加密抽检,1
不详,2023,1,2023-01,餐饮,121,0,0,0.008130081300813,0.5,,,,,,0.0,0.3042606516290727,0.3526315789473684,0.0,0.6401864698495752,0.6428484834319899,-0.31443494774493835,1,常规加密抽检,1
不详,2023,2,2023-02,餐饮,23,0,0,0.0071454090746695,0.5,,,,,,0.0,0.2979949874686717,0.3087719298245614,0.0,0.4759887202621532,0.565996081511375,-0.5072480633465573,1,常规加密抽检,1
不详,2023,3,2023-03,餐饮,73,0,0,0.0048531320901226,0.5,,,,,,0.0,0.2835421888053467,0.20760233918128654,0.0,0.5154099450188617,0.49968823649769833,-0.6115604300122185,0,维持/不加码,0
不详,2023,4,2023-04,餐饮,95,1,0,0.0034381998616984,0.3333333333333333,,,,,,0.0,0.27109440267335005,0.12046783625730995,0.0,0.6174038821703921,0.5461706790682532,-0.6044268493761317,0,维持/不加码,0
不详,2023,5,2023-05,餐饮,111,0,0,0.0025812621245713,0.3389830508474576,,,,,,0.0,0.26248955722639933,0.06023391812865497,0.0,0.575570581873868,0.5179742886533687,-0.6281143892073004,0,维持/不加码,0
不详,2023,6,2023-06,餐饮,90,3,0,0.0021827531358473,0.169419737399407,,,,,,0.0,0.2590643274853801,0.03625730994152047,0.0,0.6967443793456725,0.6053152903366753,-0.5741114871016123,0,维持/不加码,0
不详,2023,7,2023-07,餐饮,164,8,1,0.0033370588170194,0.1459068567103475,0.003408,0.003408,30.809859154929576,1.0,,0.9902500445712248,0.6951545530492899,0.044444444444444446,0.0,1.2104418924425067,1.3768861290135004,1.435115991068579,2,重点专项抽检,2
不详,2023,8,2023-08,餐饮,194,6,0,0.0038639691444106,0.101976747340515,,,,,,0.0,0.25939849624060146,0.03859649122807018,0.0,0.8296155605101218,0.795740000715422,-0.4634497933644724,0,维持/不加码,0
不详,2023,9,2023-09,餐饮,206,8,0,0.0030626252783922,0.072432300813344,,,,,,0.0,0.2571428571428572,0.02280701754385965,0.0,0.8432595734728642,0.8356617096637392,-0.4496827091679483,0,维持/不加码,0
不详,2023,10,2023-10,餐饮,228,5,2,0.0060739938595843,0.1949040324663849,0.005188325,0.0096565324999999,239.91266949013428,1.0,,0.9240782691486916,0.6721804511278195,0.04269005847953217,0.0,1.409449335095403,1.5888710444880858,1.6571614212651877,2,重点专项抽检,2
不详,2023,11,2023-11,餐饮,280,7,5,0.0085779097923071,0.2977422769288243,0.00311761,0.0057225999999999,128.26784882490952,1.0,,0.9594089085997124,0.6770258980785296,0.054385964912280704,0.0,1.8662578804984271,2.0619510690381166,2.1210278795262236,2,重点专项抽检,2
不详,2023,12,2023-12,餐饮,408,8,4,0.0100966430617418,0.3367793483425053,0.0010863,0.0012975249999999,99.29055821240216,1.0,,0.9685789372745564,0.6789473684210526,0.050292397660818715,0.0,1.9029361772850208,2.1968095170542363,2.1210733325439555,1,常规加密抽检,1
不详,2024,1,2024-01,餐饮,64,2,2,0.0109423300676926,0.3687734378747137,0.006319,0.0081082,18.44188290736432,1.0,,0.9941639611052644,0.7033416875522139,0.05730994152046784,0.0,1.3048882591353341,1.4618736304002338,1.6134578299261535,2,重点专项抽检,2
不详,2024,2,2024-02,餐饮,17,1,1,0.0114840251417274,0.3845005301144237,0.0261635,0.0261635,4.013224530357177,1.0,,0.9987299922372288,0.7091060985797828,0.06725146198830409,0.0,0.9366309750534892,1.2088786510801215,1.2763137178780617,2,重点专项抽检,2
不详,2024,3,2024-03,餐饮,39,0,0,0.0112269857823526,0.3847965147316546,,,,,,0.0,0.2636591478696742,0.06842105263157895,0.0,0.4122519878359863,0.46332232355737435,-0.6876322681800013,1,常规加密抽检,1
不详,2024,4,2024-04,餐饮,83,2,2,0.011944014151422,0.4165017788804322,0.005396,0.005396,19.45885841363973,1.0,,0.9938421334134052,0.7050125313283208,0.07485380116959064,0.0,1.4147782894480168,1.5953258043725422,1.7531236430191206,2,重点专项抽检,2
不详,2024,5,2024-05,餐饮,99,5,5,0.015025781356316,0.4856502225069713,0.00336611,0.0061273,45.50096775561164,1.0,,0.9856009595710088,0.6954051796157058,0.09298245614035087,0.0,1.7389251251285192,1.8648236574621124,2.021443675287547,2,重点专项抽检,2
不详,2024,6,2024-06,餐饮,183,4,4,0.0163914821723238,0.5321283486414712,0.0065586249999999,0.0117167749999999,20.042077539695303,1.0,,0.9936575703988306,0.7077694235588973,0.09649122807017543,0.0,1.9263900814121593,2.1165765842318267,2.3158447104541624,2,重点专项抽检,2
不详,2024,7,2024-07,餐饮,211,2,2,0.017269722901757,0.5532349197031099,0.001293975,0.0013211324999999,81.1894592545483,1.0,,0.9743071331472948,0.6873851294903927,0.09415204678362574,0.0,1.8125130746199174,2.1081378566498414,2.276950243104224,2,重点专项抽检,2
不详,2024,8,2024-08,餐饮,73,3,2,0.0177090376341,0.5606666972734132,0.00495225,0.008546625,60.641627543036,1.0,,0.980809611537014,0.69156223893066,0.0976608187134503,0.0,1.4600356577804687,1.7022935774761754,1.8272799505901025,2,重点专项抽检,2
不详,2024,9,2024-09,餐饮,131,18,4,0.0208320853813466,0.4933962196837677,0.00264475,0.003763,55.651010921700944,1.0,,0.9823889205943984,0.6949874686716793,0.11345029239766082,0.0,1.7033643932861113,2.1537849115205425,2.0512429369107448,1,常规加密抽检,1
不详,2024,10,2024-10,餐饮,72,4,4,0.0227873349517189,0.5261050769753991,0.0037177374999999,0.0081586099999999,44.96809382820821,1.0,,0.9857695905606936,0.7004177109440268,0.12573099415204678,0.0,1.645810344502619,1.7912384389965847,1.9990948301314742,2,重点专项抽检,2
不详,2024,11,2024-11,餐饮,137,8,4,0.0238221990070406,0.5378789222241175,0.0049584625,0.0083957499999999,35.95084845935372,1.0,,0.9886231492217236,0.7049289891395155,0.12923976608187135,0.0,1.8508197876689438,2.033156661437253,2.0283886979236274,1,常规加密抽检,1
不详,2024,12,2024-12,餐饮,571,4,3,0.0214473400999795,0.5651166049360824,0.0061604333333333,0.0132443399999999,47.00962831851069,1.0,,0.9851235353422436,0.6939014202172097,0.0871345029239766,0.0,2.1175179327335796,2.3592547819518246,2.485595869378316,2,重点专项抽检,2
云南,2023,1,2023-01,流通,6,0,0,0.125,0.5,,,,,0.0,0.0,0.38625730994152047,0.9266081871345029,0.0,0.7867937067444792,1.0000466490252258,0.4860114291496722,1,常规加密抽检,1
云南,2023,2,2023-02,流通,4,0,0,0.0854700854700854,0.5,,,,,0.0,0.0,0.3806182121971595,0.8871345029239766,0.0,0.775659867670663,1.0193599142273215,0.4379649456013003,1,常规加密抽检,1
云南,2023,3,2023-03,流通,14,0,0,0.0396589331746976,0.5,,,,,0.0,0.0,0.3640768588137009,0.7713450292397661,0.0,0.7558201839286642,0.9214775547958965,0.2698710725950162,1,常规加密抽检,1
云南,2023,4,2023-04,流通,1,0,0,0.0399133879481525,0.5,,,,,0.0,0.0,0.36432748538011694,0.7730994152046784,0.3068528194400547,0.6870851561398881,0.8307152375173846,0.7294428565321899,1,常规加密抽检,1
云南,2023,5,2023-05,流通,3,0,0,0.037172596547688,0.5,,,,,0.0,0.0,0.36198830409356725,0.7567251461988304,0.0,0.7618924586866072,0.8819115745565588,0.24080869597646282,1,常规加密抽检,1
云南,2023,6,2023-06,流通,5,0,0,0.0326195516250989,0.5,,,,,0.0,0.0,0.3588972431077694,0.7350877192982456,0.0,0.7418522044236446,0.8636541514255212,0.193214953885679,1,常规加密抽检,1
云南,2023,7,2023-07,流通,5,0,0,0.0292195707502063,0.5,,,,,0.0,0.0,0.35597326649958233,0.7146198830409357,0.0,0.7308287456559983,0.8461275116218525,0.1507363057507935,1,常规加密抽检,1
云南,2023,8,2023-08,流通,6,0,0,0.0258983786839489,0.5,,,,,0.0,0.0,0.3526315789473684,0.6912280701754386,0.0,0.7150731439446537,0.8275528939436249,0.10535866261328723,1,常规加密抽检,1
云南,2023,9,2023-09,流通,6,0,0,0.0233744075826427,0.5,,,,,0.0,0.0,0.3495405179615706,0.6695906432748538,0.0,0.7009578995948264,0.813682581003086,0.0750091153309136,1,常规加密抽检,1
云南,2023,10,2023-10,流通,5,0,0,0.0218613920367467,0.5,,,,,0.0,0.0,0.3470342522974102,0.652046783625731,0.0,0.6943598521296563,0.8025729623504101,0.05033905604738999,1,常规加密抽检,1
云南,2023,11,2023-11,流通,9,0,0,0.0190274665258337,0.5,,,,,0.0,0.0,0.34193817878028404,0.6163742690058479,0.0,0.6750525905435497,0.7871971579746998,0.014014144671709167,1,常规加密抽检,1
云南,2023,12,2023-12,流通,14,0,0,0.0156182099815139,0.5,,,,,0.0,0.0,0.33492063492063495,0.5672514619883041,0.0,0.6765536498142913,0.7553632353479348,-0.0633932046891637,1,常规加密抽检,1
云南,2024,1,2024-01,流通,3,0,0,0.0156429814099792,0.5,,,,,0.0,0.0,0.3350877192982456,0.5684210526315789,0.0,0.6613997258888777,0.7373492975499306,-0.06595465771415004,1,常规加密抽检,1
云南,2024,2,2024-02,流通,10,0,0,0.0282365785831534,0.5,,,,,0.0,0.0,0.3436925647451963,0.6286549707602339,0.0,0.6931242818081093,0.7905003654315303,0.018726655354781588,1,常规加密抽检,1
云南,2024,3,2024-03,流通,2,0,0,0.0425141847736102,0.5,,,,,0.0,0.0,0.3511278195488722,0.6807017543859649,0.0,0.7324523613877033,0.8217911137336007,0.10529879019784662,1,常规加密抽检,1
云南,2024,4,2024-04,流通,7,0,0,0.0390650810174689,0.5,,,,,0.0,0.0,0.3485380116959064,0.6625730994152047,0.0,0.7175017757797312,0.809245700204024,0.047863651850184805,1,常规加密抽检,1
云南,2024,5,2024-05,流通,2,0,0,0.0386168164366778,0.5,,,,,0.0,0.0,0.34887218045112783,0.6649122807017543,0.0,0.7245519793301732,0.809036965279046,0.07978973368571625,1,常规加密抽检,1
云南,2024,6,2024-06,流通,3,0,0,0.0376348836004116,0.5,,,,,0.0,0.0,0.3482873851294904,0.6608187134502924,0.0,0.7162174570770257,0.8073156330836749,0.05650804910602082,1,常规加密抽检,1
云南,2024,7,2024-07,流通,8,0,0,0.0342614990430322,0.5,,,,,0.0,0.0,0.34619883040935673,0.6461988304093568,0.0,0.7051117439641054,0.7976660711453296,0.030388682550112636,1,常规加密抽检,1
云南,2024,8,2024-08,流通,8,0,0,0.0439335037808996,0.5,,,,,0.0,0.0,0.3492898913951546,0.6678362573099416,0.0,0.7254261526276807,0.8140721194459407,0.05525664935287054,1,常规加密抽检,1
云南,2024,9,2024-09,流通,1,0,0,0.0439552401682213,0.5,,,,,0.0,0.0,0.35029239766081866,0.6748538011695906,0.3068528194400547,0.6697166674448202,0.8142142414215529,0.6117323846003522,1,常规加密抽检,1
云南,2024,10,2024-10,流通,8,0,0,0.0401874986341123,0.5,,,,,0.0,0.0,0.3474519632414369,0.6549707602339181,0.0,0.7162822595211019,0.8050016145752191,0.04020192152258101,1,常规加密抽检,1
云南,2024,11,2024-11,流通,10,0,0,0.0361091611546592,0.5,,,,,0.0,0.0,0.3443609022556391,0.6333333333333333,0.0,0.7027599578204476,0.7915338256617451,0.020111256674122654,1,常规加密抽检,1
云南,2024,12,2024-12,流通,15,1,0,0.0412596255766798,0.3333333333333333,,,,,0.0,0.0,0.34461152882205515,0.6350877192982456,0.0,0.5219903021600828,0.5790685854765187,-0.10318597970166764,1,常规加密抽检,1
云南,2023,5,2023-05,生产,5,0,0,0.1428571428571428,0.5,,,,,0.0,0.0,0.387468671679198,0.9350877192982456,0.0,0.8163774969993315,1.0185641914065442,0.5042795132166641,1,常规加密抽检,1
云南,2023,9,2023-09,生产,2,0,0,0.1142857142857142,0.5,,,,,0.0,0.0,0.3853801169590643,0.92046783625731,0.0,0.7467420269387158,1.0138458170393534,0.4384183085303385,1,常规加密抽检,1
云南,2023,10,2023-10,生产,4,0,0,0.080563947633434,0.5,,,,,0.0,0.0,0.37911445279866335,0.876608187134503,0.0,0.7795642337764171,1.0203036341404652,0.42863763517938663,1,常规加密抽检,1
云南,2023,11,2023-11,生产,3,1,1,0.1343014227556973,0.6666666666666666,0.0049933333333333,0.0049933333333333,21.02803738317757,1.0,46730000.0,0.9933455577901336,0.9558897243107769,0.8994152046783626,0.0,2.2142203898394595,2.927803806487609,3.030642510900913,2,重点专项抽检,2
云南,2023,12,2023-12,生产,1,1,1,0.1934771157972835,0.7468354430379747,0.0044216666666666,0.0044216666666666,23.7467018469657,1.0,46730000.0,0.9924852209345044,0.9564745196324144,0.9152046783625731,0.3068528194400547,2.5919541783945528,3.326356207190342,3.6288631533238327,2,重点专项抽检,2
云南,2024,2,2024-02,生产,1,0,0,0.1830295256421297,0.7404282933160286,,,,,0.0,0.0,0.38421052631578945,0.9122807017543859,0.3068528194400547,1.9442942609627911,2.1578687019808203,1.9496628044800701,1,常规加密抽检,1
云南,2024,6,2024-06,生产,1,0,0,0.1735151533729913,0.7340337112271019,,,,,0.0,0.0,0.38379281537176274,0.9093567251461988,0.3068528194400547,1.8555645157099792,2.075767355056147,1.88522039696495,1,常规加密抽检,1
云南,2024,9,2024-09,生产,1,0,0,0.1648252521330623,0.7276600380254672,,,,,0.0,0.0,0.383375104427736,0.9064327485380117,0.3068528194400547,1.7724464481970497,1.9985751694903282,1.812835479613531,1,常规加密抽检,1
云南,2024,10,2024-10,生产,2,0,0,0.147903237455191,0.7213155057701189,,,,,0.0,0.0,0.3815371762740184,0.8935672514619883,0.0,1.2303874386492526,1.3021567585658944,0.9746983439492723,1,常规加密抽检,1
云南,2023,1,2023-01,餐饮,7,0,0,0.1111111111111111,0.5,,,,,0.0,0.0,0.38487886382623226,0.9169590643274854,0.0,0.7747492458228359,1.002090169940908,0.4958193582680285,1,常规加密抽检,1
云南,2023,2,2023-02,餐饮,6,0,0,0.068259385665529,0.5,,,,,0.0,0.0,0.3765664160401002,0.8587719298245614,0.0,0.7890281802448201,1.0069225285259273,0.4182352934447399,1,常规加密抽检,1
云南,2023,3,2023-03,餐饮,86,0,0,0.0099982503061964,0.5,,,,,0.0,0.0,0.3150375939849624,0.4280701754385965,0.0,0.6374330791256559,0.654395064660732,-0.2500670301321792,1,常规加密抽检,1
云南,2023,5,2023-05,餐饮,2,0,0,0.010296898188132,0.5,,,,,0.0,0.0,0.3164578111946533,0.43801169590643274,0.0,0.5784507943379561,0.6316156244759624,-0.252697757669475,1,常规加密抽检,1
云南,2023,6,2023-06,餐饮,1,0,0,0.0107111342977415,0.5,,,,,0.0,0.0,0.31837928153717626,0.45146198830409356,0.3068528194400547,0.552731290482141,0.6543684457608926,0.4411885690798,1,常规加密抽检,1
云南,2023,7,2023-07,餐饮,9,0,0,0.0102257064911056,0.5,,,,,0.0,0.0,0.3162907268170426,0.4368421052631579,0.0,0.583713012693751,0.6704879598763765,-0.2605863019524225,1,常规加密抽检,1
云南,2023,8,2023-08,餐饮,2,0,0,0.0105259704978227,0.5,,,,,0.0,0.0,0.3171261487050961,0.4426900584795322,0.0,0.5800797586287215,0.6363660457102839,-0.2462674745107012,1,常规加密抽检,1
云南,2023,9,2023-09,餐饮,69,0,0,0.0062753776058033,0.5,,,,,0.0,0.0,0.29381787802840437,0.2795321637426901,0.0,0.5568433358852091,0.5335355463112229,-0.5237648437796107,0,维持/不加码,0
云南,2023,10,2023-10,餐饮,24,0,0,0.0056984826004643,0.5,,,,,0.0,0.0,0.29047619047619044,0.256140350877193,0.0,0.42570095673284625,0.5193846075975673,-0.6028414737892376,1,常规加密抽检,1
云南,2023,11,2023-11,餐饮,7,0,0,0.0057533742411713,0.5,,,,,0.0,0.0,0.29081035923141185,0.2584795321637427,0.0,0.45237438841810784,0.5309013508113473,-0.5368922087508113,1,常规加密抽检,1
云南,2023,12,2023-12,餐饮,91,2,2,0.011708665246849,0.75,0.0061016666666666,0.0082751666666666,20.40488989075776,1.0,46730000.0,0.9935427563636844,0.8699248120300752,0.2964912280701754,0.0,1.4541512578076499,1.947055029373622,2.12500586760623,2,重点专项抽检,2
云南,2024,4,2024-04,餐饮,39,1,1,0.0138048469756662,0.7959183673469387,0.0015983333333333,0.0015983333333333,65.69343065693431,1.0,46550000.0,0.9792109396655272,0.8532163742690059,0.30350877192982456,0.0,1.3509152002161402,1.8696964221691472,2.009017950974843,2,重点专项抽检,2
云南,2024,5,2024-05,餐饮,2,0,0,0.0138825218903986,0.7896950578338591,,,,,0.0,0.0,0.29816207184628235,0.30994152046783624,0.0,1.0968515869016986,1.1150092536874725,0.06355996758990447,1,常规加密抽检,1
云南,2024,6,2024-06,餐饮,7,0,0,0.013698601785696,0.783420867399426,,,,,0.0,0.0,0.2984126984126984,0.3116959064327485,0.0,1.1182461663593068,1.1855304906700543,0.08901714165768011,1,常规加密抽检,1
云南,2024,7,2024-07,餐饮,83,0,0,0.010439635995488,0.777103515913416,,,,,0.0,0.0,0.2897243107769424,0.25087719298245614,0.0,1.1787288199825352,1.33262137151744,0.1644640655285024,1,常规加密抽检,1
云南,2024,8,2024-08,餐饮,2,0,0,0.0105275520002596,0.7707509439688084,,,,,0.0,0.0,0.29072681704260656,0.2578947368421053,0.0,0.994718910041075,1.0053317163888555,-0.07678767819589023,1,常规加密抽检,1
云南,2024,9,2024-09,餐饮,4,0,0,0.0105497869157465,0.7643712739688995,,,,,0.0,0.0,0.29156223893065997,0.26374269005847956,0.0,0.9995614551486939,1.0413823296389446,-0.08004744853312352,1,常规加密抽检,1
云南,2024,10,2024-10,餐饮,13,0,0,0.0102608044456151,0.7579727692356663,,,,,0.0,0.0,0.29106098579782785,0.260233918128655,0.0,0.976522534730086,1.0892279299000447,-0.06935719488359146,1,常规加密抽检,1
云南,2024,11,2024-11,餐饮,44,0,0,0.0090559109389411,0.7515637915689292,,,,,0.0,0.0,0.2868003341687552,0.2304093567251462,0.0,1.01162461706154,1.1429697976249398,-0.047207020352117796,1,常规加密抽检,1
云南,2024,12,2024-12,餐饮,24,0,0,0.0085631710250123,0.745152757714917,,,,,0.0,0.0,0.2847117794486215,0.21578947368421053,0.0,0.9157408062160104,1.0398402251712033,-0.13098227618108071,1,常规加密抽检,1
内蒙古,2023,2,2023-02,流通,1,0,0,0.3333333333333333,0.5,,,,,0.0,0.0,0.39557226399331663,0.991812865497076,0.3068528194400547,0.8535117258293617,1.039199005213665,1.0369628048992694,1,常规加密抽检,1
内蒙古,2023,3,2023-03,流通,5,0,0,0.1257861635220125,0.5,,,,,0.0,0.0,0.38646616541353385,0.9280701754385965,0.0,0.7806435838005888,1.0049914115536822,0.47805002797645146,1,常规加密抽检,1
内蒙古,2023,4,2023-04,流通,2,0,0,0.1036001036001036,0.5,,,,,0.0,0.0,0.38412698412698415,0.9116959064327486,0.0,0.7572257233239836,0.996817127614494,0.43301302586186785,1,常规加密抽检,1
内蒙古,2023,5,2023-05,流通,8,0,0,0.0579042986703725,0.5,,,,,0.0,0.0,0.37276524644945697,0.8321637426900584,0.0,0.781652199627869,0.9774545549743104,0.3799766415586579,1,常规加密抽检,1
内蒙古,2023,6,2023-06,流通,9,0,0,0.0392058751964275,0.5,,,,,0.0,0.0,0.36390977443609024,0.7701754385964912,0.0,0.7553729011131901,0.8978285741864963,0.25300670975236195,1,常规加密抽检,1
内蒙古,2023,7,2023-07,流通,15,0,0,0.0508503937794904,0.5,,,,,0.0,0.0,0.3609022556390977,0.7491228070175439,0.0,0.750387375781836,0.8929576330608849,0.20018719986804734,1,常规加密抽检,1
内蒙古,2023,8,2023-08,流通,10,0,0,0.0410833281092271,0.5,,,,,0.0,0.0,0.35622389306599833,0.716374269005848,0.0,0.7414217382297547,0.8501540304652176,0.12965908455127068,1,常规加密抽检,1
内蒙古,2023,9,2023-09,流通,8,0,0,0.0545672110585887,0.5,,,,,0.0,0.0,0.3578947368421052,0.7280701754385965,0.0,0.7571151003860238,0.8630031677168786,0.14032357609929058,1,常规加密抽检,1
内蒙古,2023,10,2023-10,流通,7,0,0,0.0487123241703073,0.5,,,,,0.0,0.0,0.3556390977443609,0.712280701754386,0.0,0.7460365512750023,0.8465558727767767,0.11240862369313602,1,常规加密抽检,1
内蒙古,2023,11,2023-11,流通,5,0,0,0.04539682858557,0.5,,,,,0.0,0.0,0.35446950710108605,0.704093567251462,0.0,0.7363009085542146,0.8381168806874092,0.10577858082360204,1,常规加密抽检,1
内蒙古,2023,12,2023-12,流通,12,0,0,0.0381561265910976,0.5,,,,,0.0,0.0,0.34979114452798665,0.6713450292397661,0.0,0.7236646209109189,0.8138295034846542,0.06777063828626172,1,常规加密抽检,1
内蒙古,2024,1,2024-01,流通,2,0,0,0.0377105123436624,0.5,,,,,0.0,0.0,0.3499582289055973,0.672514619883041,0.0,0.7282999385387824,0.8116636836914428,0.08864764424905809,1,常规加密抽检,1
内蒙古,2024,2,2024-02,流通,3,1,1,0.051569233453832,0.6666666666666666,0.0098699999999999,0.0098699999999999,10.638297872340427,1.0,23880000.0,0.9966334500403986,0.9274018379281538,0.7046783625730995,0.0,1.2619060777737314,1.8291935548481955,2.173334900857106,2,重点专项抽检,2
内蒙古,2024,3,2024-03,流通,2,0,0,0.050686809541703,0.6610169491525423,,,,,0.0,0.0,0.35463659147869675,0.7052631578947368,0.0,0.8121655107787659,1.0183650497122576,0.2423617480148048,1,常规加密抽检,1
内蒙古,2024,4,2024-04,流通,4,0,0,0.0483264037347415,0.6554694229112834,,,,,0.0,0.0,0.3538847117794486,0.7,0.0,0.796265917151096,0.9909036418046911,0.25215463741985245,1,常规加密抽检,1
内蒙古,2024,5,2024-05,流通,1,0,0,0.0482775147410119,0.6500284351896408,,,,,0.0,0.0,0.35421888053467,0.7023391812865497,0.3068528194400547,0.8436075459401849,1.0198909017898063,0.8987014293667458,1,常规加密抽检,1
内蒙古,2024,6,2024-06,流通,3,0,0,0.0467320545734885,0.6446978932805709,,,,,0.0,0.0,0.35405179615705934,0.7011695906432749,0.0,0.8049227187823103,0.9959882054788906,0.24118122695995203,1,常规加密抽检,1
内蒙古,2024,7,2024-07,流通,8,0,0,0.0419955736907588,0.63948126310894,,,,,0.0,0.0,0.3510442773600668,0.6801169590643275,0.0,0.7773026703804699,0.9399491737431239,0.24796362470829814,1,常规加密抽检,1
内蒙古,2024,8,2024-08,流通,5,0,0,0.0396830028822692,0.6343815710807842,,,,,0.0,0.0,0.35004177109440265,0.6730994152046783,0.0,0.778128873462332,0.9529874736810447,0.2183716029803744,1,常规加密抽检,1
内蒙古,2024,9,2024-09,流通,3,0,0,0.0386479393789255,0.6294014089907696,,,,,0.0,0.0,0.34920634920634924,0.6672514619883041,0.0,0.7887025599462648,0.9662627980811563,0.21047716555087004,1,常规加密抽检,1
内蒙古,2024,10,2024-10,流通,18,0,0,0.0310169055584001,0.6245429417555333,,,,,0.0,0.0,0.3420217209690894,0.6169590643274854,0.0,0.7758998968964611,0.8370924484531935,0.17709533102917657,1,常规加密抽检,1
内蒙古,2024,11,2024-11,流通,9,0,0,0.0284351821618407,0.619807917719597,,,,,0.0,0.0,0.3396825396825397,0.6005847953216374,0.0,0.7424245426356327,0.8720412258644342,0.12021518712759953,1,常规加密抽检,1
内蒙古,2024,12,2024-12,流通,6,0,0,0.0270868759102009,0.6151976812654713,,,,,0.0,0.0,0.3387635756056809,0.5941520467836258,0.0,0.745406443367065,0.8956893623203138,0.09279092035463142,1,常规加密抽检,1
内蒙古,2023,4,2023-04,生产,1,0,0,0.3333333333333333,0.5,,,,,0.0,0.0,0.39557226399331663,0.991812865497076,0.3068528194400547,0.8535117258293617,1.039199005213665,1.0369628048992694,1,常规加密抽检,1
内蒙古,2023,10,2023-10,生产,1,0,0,0.2531645569620253,0.5,,,,,0.0,0.0,0.393734335839599,0.9789473684210527,0.3068528194400547,0.8390859258333923,1.0143777417460038,0.9736888644288973,1,常规加密抽检,1
内蒙古,2023,11,2023-11,生产,2,0,0,0.1708671507902605,0.5,,,,,0.0,0.0,0.3895989974937343,0.95,0.0,0.8474357237131732,1.0796017442383343,0.5785960196413364,1,常规加密抽检,1
内蒙古,2023,12,2023-12,生产,1,0,0,0.1501529683364928,0.5,,,,,0.0,0.0,0.38838763575605684,0.9415204678362573,0.3068528194400547,0.7197769740130041,0.9202286679725118,0.8535975320388021,1,常规加密抽检,1
内蒙古,2024,2,2024-02,生产,1,0,0,0.1346460198215772,0.5,,,,,0.0,0.0,0.3871345029239766,0.9327485380116959,0.3068528194400547,0.6811308156838333,0.9132335854750974,0.8538099188056596,1,常规加密抽检,1
内蒙古,2024,7,2024-07,生产,1,0,0,0.1226160799723531,0.5,,,,,0.0,0.0,0.38613199665831244,0.9257309941520467,0.3068528194400547,0.6819545304680444,0.9054906326117441,0.8623629009090213,1,常规加密抽检,1
内蒙古,2024,10,2024-10,生产,1,0,0,0.2260459060630812,0.5,,,,,0.0,0.0,0.3888053467000835,0.9444444444444444,0.3068528194400547,0.7939506376811282,1.0944155778914075,0.878945380391666,1,常规加密抽检,1
内蒙古,2023,1,2023-01,餐饮,7,0,0,0.1111111111111111,0.5,,,,,0.0,0.0,0.38487886382623226,0.9169590643274854,0.0,0.7747492458228359,1.002090169940908,0.4958193582680285,1,常规加密抽检,1
内蒙古,2023,3,2023-03,餐饮,9,0,0,0.056657223796034,0.5,,,,,0.0,0.0,0.37255639097744364,0.8307017543859649,0.0,0.7762868638806214,0.9778342438981998,0.3850295628589747,1,常规加密抽检,1
内蒙古,2023,5,2023-05,餐饮,11,0,0,0.0358840943751682,0.5,,,,,0.0,0.0,0.36098579782790313,0.7497076023391813,0.0,0.7461450829106809,0.8846581222125468,0.21916167661909008,1,常规加密抽检,1
内蒙古,2023,6,2023-06,餐饮,6,0,0,0.030699212948928,0.5,,,,,0.0,0.0,0.35664160401002504,0.7192982456140351,0.0,0.7330966145317473,0.8519671064093565,0.1593826253716496,1,常规加密抽检,1
内蒙古,2023,7,2023-07,餐饮,8,0,0,0.0256111992652146,0.5,,,,,0.0,0.0,0.35213032581453635,0.6877192982456141,0.0,0.7115163044203349,0.8274643404754657,0.10662075172042519,1,常规加密抽检,1
内蒙古,2023,8,2023-08,餐饮,20,0,0,0.0174846120251741,0.5,,,,,0.0,0.0,0.3394319131161237,0.5988304093567252,0.0,0.7038385179515616,0.7712667567326495,-4.861074736657589e-05,1,常规加密抽检,1
内蒙古,2023,9,2023-09,餐饮,13,0,0,0.0148294266505238,0.5,,,,,0.0,0.0,0.33266499582289055,0.5514619883040935,0.0,0.6651225377227333,0.7472516309259788,-0.08762133941319095,1,常规加密抽检,1
内蒙古,2023,10,2023-10,餐饮,14,0,0,0.012793970923979,0.5,,,,,0.0,0.0,0.3263993316624895,0.5076023391812865,0.0,0.6556265278520701,0.7228704928325894,-0.1533793196442268,1,常规加密抽检,1
内蒙古,2023,11,2023-11,餐饮,34,0,0,0.0092290320339619,0.5,,,,,0.0,0.0,0.310609857978279,0.39707602339181286,0.0,0.5776708688925446,0.6308824494827183,-0.36484683554765146,1,常规加密抽检,1
内蒙古,2023,12,2023-12,餐饮,18,0,0,0.0082620020408594,0.5,,,,,0.0,0.0,0.30492898913951544,0.35730994152046786,0.0,0.5238027477575885,0.5993134323847057,-0.41712087187967806,1,常规加密抽检,1
内蒙古,2024,8,2024-08,餐饮,16,0,0,0.007628682315955,0.5,,,,,0.0,0.0,0.30100250626566416,0.3298245614035088,0.0,0.4948675619480043,0.5741046966499094,-0.45909197399941326,1,常规加密抽检,1
内蒙古,2024,10,2024-10,餐饮,2,0,0,0.0078970212594221,0.5,,,,,0.0,0.0,0.30317460317460315,0.34502923976608185,0.0,0.5476472498880377,0.566930569868283,-0.3648286256225317,1,常规加密抽检,1
内蒙古,2024,11,2024-11,餐饮,42,0,0,0.006157691440432,0.5,,,,,0.0,0.0,0.29331662489557225,0.2760233918128655,0.0,0.47812895256081167,0.5218872913020912,-0.5785832947427529,1,常规加密抽检,1
内蒙古,2024,12,2024-12,餐饮,12,0,0,0.0060103884412484,0.5,,,,,0.0,0.0,0.2924812030075188,0.27017543859649124,0.0,0.4394619115025099,0.5223334777857306,-0.5407619126739263,1,常规加密抽检,1
北京,2023,1,2023-01,流通,1,0,0,0.3333333333333333,0.5,,,,,0.0,0.0,0.39557226399331663,0.991812865497076,0.3068528194400547,0.8535117258293617,1.039199005213665,1.0369628048992694,1,常规加密抽检,1
北京,2023,4,2023-04,流通,1,0,0,0.2531645569620253,0.5,,,,,0.0,0.0,0.393734335839599,0.9789473684210527,0.3068528194400547,0.8390859258333923,1.0143777417460038,0.9736888644288973,1,常规加密抽检,1
北京,2023,5,2023-05,流通,5,0,0,0.1129624399887037,0.5,,,,,0.0,0.0,0.3852130325814536,0.9192982456140351,0.0,0.763442033009515,1.011506254764805,0.46588414106610054,1,常规加密抽检,1
北京,2023,6,2023-06,流通,2,0,0,0.0951486102356117,0.5,,,,,0.0,0.0,0.3827067669172933,0.9017543859649123,0.0,0.766502584510628,0.9974192075966829,0.41369818363268185,1,常规加密抽检,1
北京,2023,7,2023-07,流通,3,0,0,0.1528539991144021,0.5,,,,,0.0,0.0,0.38429406850459485,0.9128654970760234,0.0,0.7303548313451863,0.911312849458633,0.37462310541746907,1,常规加密抽检,1
北京,2023,8,2023-08,流通,2,0,0,0.1342035948970717,0.5,,,,,0.0,0.0,0.38279030910609857,0.9023391812865497,0.0,0.7481657608979776,0.9254914151927658,0.3563801102647507,1,常规加密抽检,1
北京,2023,9,2023-09,流通,2,0,0,0.1196265959165215,0.5,,,,,0.0,0.0,0.38070175438596493,0.887719298245614,0.0,0.7462445535546717,0.9377664908754465,0.3382520618864116,1,常规加密抽检,1
北京,2023,10,2023-10,流通,3,0,0,0.1020060916607115,0.5,,,,,0.0,0.0,0.3778613199665831,0.8678362573099415,0.0,0.7565198133385604,0.9518584319473246,0.32996381750883813,1,常规加密抽检,1
北京,2023,11,2023-11,流通,4,0,0,0.0847977472754757,0.5,,,,,0.0,0.0,0.37502088554720137,0.847953216374269,0.0,0.7654847798462009,0.9506535141584941,0.328123212693065,1,常规加密抽检,1
北京,2023,12,2023-12,流通,3,0,0,0.0757115386669373,0.5,,,,,0.0,0.0,0.3724310776942356,0.8298245614035088,0.0,0.7658539665283574,0.9440260500719152,0.3003534092331275,1,常规加密抽检,1
北京,2024,2,2024-02,流通,3,0,0,0.0684272512000266,0.5,,,,,0.0,0.0,0.37025898078529657,0.8146198830409357,0.0,0.7664331991809551,0.9282349138913703,0.28509250603009983,1,常规加密抽检,1
北京,2024,3,2024-03,流通,1,0,0,0.0674240325172417,0.5,,,,,0.0,0.0,0.3701754385964912,0.8140350877192982,0.3068528194400547,0.6951205810675606,0.8568090554775495,0.7820625075116584,1,常规加密抽检,1
北京,2024,4,2024-04,流通,1,0,0,0.0664585127073174,0.5,,,,,0.0,0.0,0.36984126984126986,0.8116959064327486,0.3068528194400547,0.6949265897959453,0.8558944126407618,0.7804040216811485,1,常规加密抽检,1
北京,2024,6,2024-06,流通,1,0,0,0.0655298054388234,0.5,,,,,0.0,0.0,0.3696741854636591,0.8105263157894737,0.3068528194400547,0.6946881386830704,0.8550531667483602,0.7793989246784785,1,常规加密抽检,1
北京,2024,11,2024-11,流通,2,0,0,0.0621252703970297,0.5,,,,,0.0,0.0,0.3684210526315789,0.8017543859649123,0.0,0.7663466411474577,0.9192824619979771,0.26848231831448555,1,常规加密抽检,1
北京,2023,3,2023-03,生产,2,0,0,0.25,0.5,,,,,0.0,0.0,0.3927318295739348,0.9719298245614035,0.0,0.9623560465135498,1.1383928804756471,0.6665237804141428,1,常规加密抽检,1
北京,2023,10,2023-10,生产,1,0,0,0.2040816326530612,0.5,,,,,0.0,0.0,0.39147869674185465,0.9631578947368421,0.3068528194400547,0.8068696725420251,0.926731986789863,0.8709853093226406,1,常规加密抽检,1
北京,2023,11,2023-11,生产,1,0,0,0.1737619461337967,0.5,,,,,0.0,0.0,0.38989139515455307,0.952046783625731,0.3068528194400547,0.7827554665614583,0.9330848554524124,0.8615618992574603,1,常规加密抽检,1
北京,2024,1,2024-01,生产,3,0,0,0.1167235694067524,0.5,,,,,0.0,0.0,0.385547201336675,0.9216374269005848,0.0,0.7542234330073012,1.0191966089554678,0.4450575832831829,1,常规加密抽检,1
北京,2024,6,2024-06,生产,1,0,0,0.1082381401440379,0.5,,,,,0.0,0.0,0.38437761069340015,0.9134502923976608,0.3068528194400547,0.6982871939350255,0.9053326420548411,0.8474481979522596,1,常规加密抽检,1
北京,2024,11,2024-11,生产,3,0,0,0.0841967490687971,0.5,,,,,0.0,0.0,0.3798663324979114,0.8818713450292398,0.0,0.7745511519140769,1.0107117131375116,0.4149451162801877,1,常规加密抽检,1
北京,2023,2,2023-02,餐饮,4,0,0,0.1666666666666666,0.5,,,,,0.0,0.0,0.3891395154553049,0.9467836257309942,0.0,0.8609640197901242,1.0737822188175281,0.5806554322494639,1,常规加密抽检,1
北京,2023,4,2023-04,餐饮,6,0,0,0.0847457627118644,0.5,,,,,0.0,0.0,0.3802005012531328,0.8842105263157894,0.0,0.7785526674096711,1.0303985540911187,0.4675268348276397,1,常规加密抽检,1
北京,2023,6,2023-06,餐饮,5,0,0,0.0613120784794604,0.5,,,,,0.0,0.0,0.37443609022556384,0.843859649122807,0.0,0.7907196050036905,0.9734556334301082,0.3713653688968275,1,常规加密抽检,1
北京,2023,8,2023-08,餐饮,1,0,0,0.0602609298261472,0.5,,,,,0.0,0.0,0.37410192147034255,0.8415204678362573,0.3068528194400547,0.7048828419077081,0.8667648313947961,0.8191507881224577,1,常规加密抽检,1
北京,2023,11,2023-11,餐饮,1,0,0,0.0592951877508001,0.5,,,,,0.0,0.0,0.3735171261487051,0.8374269005847953,0.3068528194400547,0.7043079817070508,0.8649420911994766,0.8146847870566049,1,常规加密抽检,1
北京,2023,12,2023-12,餐饮,4,0,0,0.0496979946051584,0.5,,,,,0.0,0.0,0.3690058479532164,0.8058479532163743,0.0,0.7838415203372039,0.9279614503084124,0.3160814615410259,1,常规加密抽检,1
北京,2024,1,2024-01,餐饮,2,0,0,0.0471354392746461,0.5,,,,,0.0,0.0,0.3675020885547201,0.7953216374269005,0.0,0.7818617717048747,0.9153219956988233,0.28537146257950996,1,常规加密抽检,1
北京,2024,4,2024-04,餐饮,21,0,0,0.0242396703422589,0.5,,,,,0.0,0.0,0.3507101086048454,0.6777777777777778,0.0,0.7340618418514717,0.8344122663401997,0.13333496911864728,1,常规加密抽检,1
北京,2024,5,2024-05,餐饮,4,0,0,0.0230989814622358,0.5,,,,,0.0,0.0,0.3487050960735171,0.6637426900584795,0.0,0.7047020209151987,0.8088353630437147,0.06899859707062177,1,常规加密抽检,1
北京,2024,7,2024-07,餐饮,14,0,0,0.0181069690629876,0.5,,,,,0.0,0.0,0.3404344193817878,0.6058479532163743,0.0,0.6909880715255455,0.7814948276879387,-0.0009869147685599572,1,常规加密抽检,1
北京,2024,8,2024-08,餐饮,13,1,1,0.0457554312232614,0.6666666666666666,0.0098933333333333,0.0098933333333333,10.61320754716981,1.0,21830000.0,0.9966413900167184,0.9260651629072681,0.6953216374269006,0.0,1.1030096614679001,1.6891703825104338,2.038541996590151,2,重点专项抽检,2
北京,2024,9,2024-09,餐饮,3,0,0,0.0443508573600705,0.6610169491525423,,,,,0.0,0.0,0.35288220551378446,0.6929824561403509,0.0,0.8003633688456292,1.004303134309699,0.2452290849998645,1,常规加密抽检,1
北京,2024,10,2024-10,餐饮,9,0,0,0.0393859426315243,0.6554694229112834,,,,,0.0,0.0,0.34970760233918124,0.6707602339181287,0.0,0.7807437504520719,0.9278270820493545,0.269201281890018,1,常规加密抽检,1
北京,2024,11,2024-11,餐饮,5,0,0,0.0510566707406827,0.6500284351896408,,,,,0.0,0.0,0.35329991645781117,0.695906432748538,0.0,0.7938213008305554,0.9713867940459381,0.24929442870471702,1,常规加密抽检,1
北京,2024,12,2024-12,餐饮,2,0,0,0.0502532532264102,0.6446978932805709,,,,,0.0,0.0,0.3534670008354219,0.6970760233918128,0.0,0.8071626531856594,1.0003533078205051,0.22294012924221424,1,常规加密抽检,1
台湾,2023,12,2023-12,流通,2,1,0,0.25,0.3333333333333333,,,,,,0.0,0.3927318295739348,0.9719298245614035,0.0,0.7581840706999632,0.9829685697140339,0.5836173015347458,1,常规加密抽检,1
吉林,2023,1,2023-01,流通,5,0,0,0.1428571428571428,0.5,,,,,0.0,0.0,0.387468671679198,0.9350877192982456,0.0,0.8163774969993315,1.0185641914065442,0.5042795132166641,1,常规加密抽检,1
吉林,2023,2,2023-02,流通,7,0,0,0.0727272727272727,0.5,,,,,0.0,0.0,0.37752715121136177,0.8654970760233918,0.0,0.7872243981362771,1.0243359997302366,0.44963910358175185,1,常规加密抽检,1
吉林,2023,3,2023-03,流通,13,0,0,0.038222646918299,0.5,,,,,0.0,0.0,0.3628237259816207,0.7625730994152047,0.0,0.7532895123104616,0.9091894692402877,0.24723538114160248,1,常规加密抽检,1
吉林,2023,5,2023-05,流通,4,0,0,0.0345370949985969,0.5,,,,,0.0,0.0,0.3600668337510443,0.7432748538011696,0.0,0.7463512485355922,0.8705449316963955,0.2204458811004637,1,常规加密抽检,1
吉林,2023,6,2023-06,流通,29,0,0,0.0353315340013569,0.5,,,,,0.0,0.0,0.3515455304928989,0.683625730994152,0.0,0.7233473724181279,0.8143063321634768,0.14220042557256052,1,常规加密抽检,1
吉林,2023,7,2023-07,流通,17,0,0,0.0275127137727388,0.5,,,,,0.0,0.0,0.3431077694235589,0.624561403508772,0.0,0.7063269138553678,0.7910369129409575,0.02355016474423119,1,常规加密抽检,1
吉林,2023,8,2023-08,流通,39,0,0,0.0178751778838762,0.5,,,,,0.0,0.0,0.32690058479532164,0.5111111111111111,0.0,0.6603187973503304,0.7066415127757489,-0.14771006198141967,1,常规加密抽检,1
吉林,2023,9,2023-09,流通,15,0,0,0.015982797562459,0.5,,,,,0.0,0.0,0.32314118629908106,0.4847953216374269,0.0,0.6456553400463986,0.6961873744134434,-0.19010216283496684,1,常规加密抽检,1
吉林,2023,10,2023-10,流通,28,0,0,0.0203212952008637,0.5,,,,,0.0,0.0,0.3239766081871345,0.49064327485380116,0.0,0.6604153674164177,0.7021404680282469,-0.18510905624419804,1,常规加密抽检,1
吉林,2023,11,2023-11,流通,35,0,0,0.0163418370669199,0.5,,,,,0.0,0.0,0.3142021720969089,0.4222222222222222,0.0,0.5983315012815021,0.6400489182573067,-0.3242610804214321,1,常规加密抽检,1
吉林,2023,12,2023-12,流通,32,0,0,0.013849875844646,0.5,,,,,0.0,0.0,0.30618212197159567,0.36608187134502923,0.0,0.5417115047598775,0.5973931513949503,-0.43297842560280764,1,常规加密抽检,1
吉林,2024,1,2024-01,流通,4,0,0,0.0138132067811053,0.5,,,,,0.0,0.0,0.3067669172932331,0.3701754385964912,0.0,0.5451000047907616,0.6172374870539535,-0.3380758138838337,1,常规加密抽检,1
吉林,2024,2,2024-02,流通,35,0,0,0.0117510516879013,0.5,,,,,0.0,0.0,0.30008354218880534,0.32339181286549706,0.0,0.5077470159846329,0.5600786685632805,-0.5119138794238229,1,常规加密抽检,1
吉林,2024,3,2024-03,流通,14,0,0,0.0112115167145649,0.5,,,,,0.0,0.0,0.2988304093567251,0.3146198830409357,0.0,0.47552488835086637,0.5555034564684344,-0.4800539903743749,1,常规加密抽检,1
吉林,2024,5,2024-05,流通,14,0,0,0.0107152793960914,0.5,,,,,0.0,0.0,0.2974937343358396,0.30526315789473685,0.0,0.46597219481082364,0.5479340990517639,-0.4963429203051774,1,常规加密抽检,1
吉林,2024,6,2024-06,流通,43,0,0,0.0090680550545907,0.5,,,,,0.0,0.0,0.29256474519632414,0.27076023391812865,0.0,0.47431193519960246,0.5121970177023104,-0.5872920366988069,1,常规加密抽检,1
吉林,2024,7,2024-07,流通,30,0,0,0.0082349546533403,0.5,,,,,0.0,0.0,0.28947368421052627,0.24912280701754386,0.0,0.42938237111081873,0.5027537853130314,-0.6276118993542829,1,常规加密抽检,1
吉林,2024,8,2024-08,流通,24,0,0,0.0077015548103047,0.5,,,,,0.0,0.0,0.28713450292397663,0.2327485380116959,0.0,0.4038492379500465,0.49527352615086373,-0.6409069745338187,1,常规加密抽检,1
吉林,2024,9,2024-09,流通,44,0,0,0.0067627417195948,0.5,,,,,0.0,0.0,0.2822055137844611,0.19824561403508772,0.0,0.42090951775400764,0.4619798971192185,-0.6786016383215665,1,常规加密抽检,1
吉林,2024,10,2024-10,流通,13,0,0,0.0066367025654532,0.5,,,,,0.0,0.0,0.2818713450292398,0.195906432748538,0.0,0.3730154694509237,0.4647667342144003,-0.6787775908842234,1,常规加密抽检,1
吉林,2024,11,2024-11,流通,29,0,0,0.0093145913717047,0.5,,,,,0.0,0.0,0.2881370091896408,0.23976608187134502,0.0,0.4192770696399334,0.49515224297066474,-0.6384196223741547,1,常规加密抽检,1
吉林,2024,12,2024-12,流通,51,0,0,0.0109311908316981,0.5,,,,,0.0,0.0,0.289390142021721,0.24853801169590642,0.0,0.48490878514538827,0.49820292961734436,-0.6012461874001738,1,常规加密抽检,1
吉林,2023,6,2023-06,生产,4,0,0,0.1666666666666666,0.5,,,,,0.0,0.0,0.3891395154553049,0.9467836257309942,0.0,0.8609640197901242,1.0737822188175281,0.5806554322494639,1,常规加密抽检,1
吉林,2023,9,2023-09,生产,1,0,0,0.1470588235294117,0.5,,,,,0.0,0.0,0.38817878028404346,0.9400584795321637,0.3068528194400547,0.7096852540499741,0.9198356269984186,0.8519220100511592,1,常规加密抽检,1
吉林,2023,12,2023-12,生产,2,0,0,0.116822429906542,0.5,,,,,0.0,0.0,0.3856307435254803,0.9222222222222223,0.0,0.746504395689161,1.0167923798171923,0.43788467427306965,1,常规加密抽检,1
吉林,2024,10,2024-10,生产,1,0,0,0.108318890814558,0.5,,,,,0.0,0.0,0.3844611528822055,0.9140350877192982,0.3068528194400547,0.698159344056165,0.9055169225257608,0.8478517486722997,1,常规加密抽检,1
吉林,2024,11,2024-11,生产,6,0,0,0.0672476866795782,0.5,,,,,0.0,0.0,0.37627401837928154,0.8567251461988304,0.0,0.7893510538998668,1.0039743926428777,0.4117825256177088,1,常规加密抽检,1
吉林,2024,12,2024-12,生产,2,0,0,0.0616261413161371,0.5,,,,,0.0,0.0,0.3746031746031746,0.8450292397660819,0.0,0.7911328924716449,0.9671133569344211,0.3401859051627849,1,常规加密抽检,1
吉林,2023,1,2023-01,餐饮,3,0,0,0.2,0.5,,,,,0.0,0.0,0.39055973266499583,0.9567251461988304,0.0,0.9107193065295386,1.1129797096253524,0.6664399054842101,1,常规加密抽检,1
吉林,2023,4,2023-04,餐饮,1,0,0,0.1709401709401709,0.5,,,,,0.0,0.0,0.3897243107769423,0.9508771929824561,0.3068528194400547,0.7750509171895681,0.9290298789306796,0.861882491122061,1,常规加密抽检,1
吉林,2023,5,2023-05,餐饮,11,0,0,0.0600330181599879,0.5,,,,,0.0,0.0,0.3740183792815372,0.8409356725146199,0.0,0.7745473232226671,0.9995237973869578,0.4231662224134184,1,常规加密抽检,1
吉林,2023,6,2023-06,餐饮,60,0,0,0.0131709573804282,0.5,,,,,0.0,0.0,0.3273182957393484,0.5140350877192983,0.0,0.648792281449876,0.7103296712337355,-0.10798119670528354,1,常规加密抽检,1
吉林,2023,7,2023-07,餐饮,52,0,0,0.0080496895259905,0.5,,,,,0.0,0.0,0.30392648287385127,0.3502923976608187,0.0,0.5616989828108128,0.5805205866469118,-0.43967042326328415,1,常规加密抽检,1
吉林,2023,8,2023-08,餐饮,16,0,0,0.007456177765642,0.5,,,,,0.0,0.0,0.3,0.32280701754385965,0.0,0.48756987335631596,0.5684881824174558,-0.47152266412421195,1,常规加密抽检,1
吉林,2023,9,2023-09,餐饮,1,0,0,0.0077814274616578,0.5,,,,,0.0,0.0,0.30217209690893904,0.33801169590643276,0.3068528194400547,0.4991774457600613,0.5772622432988656,0.34359925034509964,1,常规加密抽检,1
吉林,2023,10,2023-10,餐饮,2,0,0,0.0080524654137869,0.5,,,,,0.0,0.0,0.3040100250626566,0.3508771929824561,0.0,0.5525179329856806,0.570602049879419,-0.35776919014677244,1,常规加密抽检,1
吉林,2023,11,2023-11,餐饮,13,0,0,0.0076291447914911,0.5,,,,,0.0,0.0,0.3010860484544695,0.3304093567251462,0.0,0.494891572122648,0.5724859789652962,-0.4398503656301703,1,常规加密抽检,1
吉林,2023,12,2023-12,餐饮,25,0,0,0.0066834878424166,0.5,,,,,0.0,0.0,0.295906432748538,0.2941520467836257,0.0,0.46262826204907426,0.5510282540464613,-0.5397953188807794,1,常规加密抽检,1
吉林,2024,1,2024-01,餐饮,8,0,0,0.0066559571295984,0.5,,,,,0.0,0.0,0.29573934837092736,0.2929824561403509,0.0,0.47551739810211446,0.5594146969328045,-0.4849432432458514,1,常规加密抽检,1
吉林,2024,2,2024-02,餐饮,11,0,0,0.0065007128002272,0.5,,,,,0.0,0.0,0.29482038429406854,0.28654970760233917,0.0,0.4568297232854881,0.5400681267122714,-0.5042716466576306,1,常规加密抽检,1
吉林,2024,5,2024-05,餐饮,17,0,0,0.0061260313157827,0.5,,,,,0.0,0.0,0.29323308270676696,0.2754385964912281,0.0,0.43821534864044454,0.5324175211330266,-0.5558414243490577,1,常规加密抽检,1
吉林,2024,6,2024-06,餐饮,6,0,0,0.0062044003937123,0.5,,,,,0.0,0.0,0.29348370927318296,0.2771929824561403,0.0,0.47079819733571837,0.5463247580126384,-0.5053398665932729,1,常规加密抽检,1
吉林,2024,7,2024-07,餐饮,16,0,0,0.0059095670900919,0.5,,,,,0.0,0.0,0.29214703425229743,0.26783625730994154,0.0,0.4300389491143316,0.5251590173763039,-0.5680089259313523,1,常规加密抽检,1
吉林,2024,9,2024-09,餐饮,17,0,0,0.005622517353641,0.5,,,,,0.0,0.0,0.2899749373433584,0.25263157894736843,0.0,0.41473586295071657,0.5144664707077018,-0.5938680618157434,1,常规加密抽检,1
吉林,2024,10,2024-10,餐饮,22,0,0,0.0052338630680626,0.5,,,,,0.0,0.0,0.2870509607351713,0.2321637426900585,0.0,0.40046125282735556,0.5016282080983127,-0.6338005512319468,1,常规加密抽检,1
吉林,2024,11,2024-11,餐饮,2,0,0,0.0054463178694313,0.5,,,,,0.0,0.0,0.28863826232247286,0.2432748538011696,0.0,0.4682424211883712,0.5026451902144612,-0.5227406184841519,1,常规加密抽检,1
吉林,2024,12,2024-12,餐饮,11,0,0,0.0053899704267833,0.5,,,,,0.0,0.0,0.2880534670008354,0.2391812865497076,0.0,0.4176953543921249,0.5011153517758369,-0.5872633705768022,1,常规加密抽检,1
四川,2023,1,2023-01,流通,19,0,0,0.0476190476190476,0.5,,,,,0.0,0.0,0.3676691729323308,0.7964912280701755,0.0,0.7484067551486527,0.9674211911807956,0.3844041344823325,1,常规加密抽检,1
四川,2023,2,2023-02,流通,12,0,0,0.0312012480499219,0.5,,,,,0.0,0.0,0.3572263993316625,0.723391812865497,0.0,0.7353471565739841,0.8599499729747756,0.17372628365031162,1,常规加密抽检,1
四川,2023,3,2023-03,流通,31,0,0,0.0162476136317478,0.5,,,,,0.0,0.0,0.33650793650793653,0.5783625730994152,0.0,0.7068801724944175,0.7505964195906981,0.001091490562258518,1,常规加密抽检,1
四川,2023,4,2023-04,流通,11,0,0,0.0143739859602092,0.5,,,,,0.0,0.0,0.331328320802005,0.5421052631578948,0.0,0.6510039358090358,0.7391199902111271,-0.10232693132984033,1,常规加密抽检,1
四川,2023,5,2023-05,流通,16,0,0,0.0121666906578598,0.5,,,,,0.0,0.0,0.32422723475355053,0.49239766081871345,0.0,0.6592208208829183,0.7069489203844426,-0.17147307655019328,1,常规加密抽检,1
四川,2023,6,2023-06,流通,57,0,0,0.0221922975015442,0.5,,,,,0.0,0.0,0.3263157894736842,0.5070175438596491,0.0,0.6515133976225072,0.6952285814539323,-0.13347884483919392,1,常规加密抽检,1
四川,2023,7,2023-07,流通,34,0,0,0.0178436353216879,0.5,,,,,0.0,0.0,0.3169590643274854,0.4415204678362573,0.0,0.6149261921374809,0.6566496120105367,-0.2869747196473441,1,常规加密抽检,1
四川,2023,8,2023-08,流通,10,0,0,0.0170520045704671,0.5,,,,,0.0,0.0,0.3158730158730159,0.43391812865497076,0.0,0.5813180060510904,0.6642962023891619,-0.263371246459402,1,常规加密抽检,1
四川,2023,9,2023-09,流通,52,0,0,0.0178274955237119,0.5,,,,,0.0,0.0,0.3106934001670844,0.39766081871345027,0.0,0.6009252325870963,0.6159211879721579,-0.3530870208880484,1,常规加密抽检,1
四川,2023,10,2023-10,流通,38,0,0,0.0193982100130973,0.5,,,,,0.0,0.0,0.3090225563909774,0.38596491228070173,0.0,0.5751239713646065,0.6087769964880689,-0.38666629421621207,1,常规加密抽检,1
四川,2023,11,2023-11,流通,46,0,0,0.0236731853851987,0.5,,,,,0.0,0.0,0.3112781954887218,0.4017543859649123,0.0,0.6032726280548616,0.6230595749889775,-0.34552480702605703,1,常规加密抽检,1
四川,2023,12,2023-12,流通,85,1,0,0.0267012975254406,0.3333333333333333,,,,,0.0,0.0,0.3079365079365079,0.3783625730994152,0.0,0.6535999797089601,0.6439426611343771,-0.39462764502353387,0,维持/不加码,0
四川,2024,1,2024-01,流通,8,0,0,0.0262018614061302,0.3389830508474576,,,,,0.0,0.0,0.308187134502924,0.38011695906432746,0.0,0.4775927881056924,0.5688479610601741,-0.3756199526054207,1,常规加密抽检,1
四川,2024,2,2024-02,流通,15,0,0,0.0251588352034078,0.3445305770887166,,,,,0.0,0.0,0.3070175438596491,0.3719298245614035,0.0,0.5151946668947769,0.5606066649957718,-0.3779433528283156,1,常规加密抽检,1
四川,2024,3,2024-03,流通,7,0,0,0.0247592711623015,0.3499715648103592,,,,,0.0,0.0,0.30718462823725984,0.3730994152046784,0.0,0.47733613388703733,0.5648854337140584,-0.39460043074511103,1,常规加密抽检,1
四川,2024,4,2024-04,流通,14,0,0,0.023824344244437,0.355302106719429,,,,,0.0,0.0,0.30659983291562243,0.3690058479532164,0.0,0.5093139361557301,0.55530292312218,-0.3863332522773315,1,常规加密抽检,1
四川,2024,5,2024-05,流通,19,1,1,0.0256661507941678,0.52997246875833,0.0044936666666666,0.0044936666666666,23.36621912321044,1.0,83640000.0,0.9926056268597436,0.891060985797828,0.38187134502923975,0.0,0.5849488433653333,0.9877523256019499,1.3705363383401163,2,重点专项抽检,2
四川,2024,6,2024-06,流通,51,0,0,0.0249355434621504,0.5291591248947868,,,,,0.0,0.0,0.3051796157059315,0.35906432748538014,0.0,0.593341968155152,0.6170446635450055,-0.3888912534861271,1,常规加密抽检,1
四川,2024,7,2024-07,流通,41,0,0,0.022378072933352,0.5283493375454271,,,,,0.0,0.0,0.30091896407685886,0.32923976608187133,0.0,0.5403974684903934,0.5938214236634999,-0.4452885182420802,1,常规加密抽检,1
四川,2024,8,2024-08,流通,21,0,0,0.0212764117400561,0.5275441405921055,,,,,0.0,0.0,0.2999164578111947,0.32222222222222224,0.0,0.4978534471626018,0.5975749711749465,-0.4242595325599008,1,常规加密抽检,1
四川,2024,9,2024-09,流通,65,0,0,0.025155882572483,0.5267445442400581,,,,,0.0,0.0,0.3007518796992481,0.3280701754385965,0.0,0.6002356967266508,0.5899916044874391,-0.4386637085905885,0,维持/不加码,0
四川,2024,10,2024-10,流通,36,0,0,0.0254755595314524,0.5259515300821637,,,,,0.0,0.0,0.30033416875522134,0.32514619883040935,0.0,0.5299077345431664,0.5899292311346057,-0.4450749693723953,1,常规加密抽检,1
四川,2024,11,2024-11,流通,44,0,0,0.0274650547036038,0.5251660464702154,,,,,0.0,0.0,0.30083542188805346,0.3286549707602339,0.0,0.5524876487826876,0.5902300417088915,-0.4385186938544807,1,常规加密抽检,1
四川,2024,12,2024-12,流通,61,0,0,0.0242316176035299,0.5243890042372351,,,,,0.0,0.0,0.2969089390142022,0.30116959064327486,0.0,0.5703137336329328,0.5661446226248004,-0.4886274853103533,0,维持/不加码,0
四川,2023,1,2023-01,生产,2,0,0,0.25,0.5,,,,,0.0,0.0,0.3927318295739348,0.9719298245614035,0.0,0.9623560465135498,1.1383928804756471,0.6665237804141428,1,常规加密抽检,1
四川,2023,3,2023-03,生产,2,0,0,0.1694915254237288,0.5,,,,,0.0,0.0,0.38943191311612363,0.9488304093567251,0.0,0.8446861593332425,1.0759757109066184,0.5724642819264892,1,常规加密抽检,1
四川,2023,5,2023-05,生产,4,0,0,0.1030396702730551,0.5,,,,,0.0,0.0,0.38395989974937345,0.9105263157894737,0.0,0.7480986663791627,1.0084544751795845,0.447531556393879,1,常规加密抽检,1
四川,2023,7,2023-07,生产,6,0,0,0.0652752166321252,0.5,,,,,0.0,0.0,0.3758563074352548,0.8538011695906432,0.0,0.7905157651140126,0.9972050681436931,0.3990977174847794,1,常规加密抽检,1
四川,2023,9,2023-09,生产,1,0,0,0.0638824052683819,0.5,,,,,0.0,0.0,0.3753550543024228,0.8502923976608188,0.3068528194400547,0.7071468977321963,0.873292717115427,0.8321193055594586,1,常规加密抽检,1
四川,2023,10,2023-10,生产,2,0,0,0.0589237886714523,0.5,,,,,0.0,0.0,0.373266499582289,0.835672514619883,0.0,0.7896832043553742,0.9577788297981155,0.33123459293764146,1,常规加密抽检,1
四川,2023,11,2023-11,生产,4,0,0,0.0494498196836277,0.5,,,,,0.0,0.0,0.36858813700918963,0.8029239766081872,0.0,0.7824761584918171,0.9261601484663812,0.31427007198954426,1,常规加密抽检,1
四川,2023,12,2023-12,生产,8,0,0,0.0366147541635183,0.5,,,,,0.0,0.0,0.3616541353383459,0.7543859649122807,0.0,0.7479816698353995,0.8831136822782969,0.22354367847929718,1,常规加密抽检,1
四川,2024,1,2024-01,生产,4,0,0,0.0332824944425945,0.5,,,,,0.0,0.0,0.3592314118629908,0.7374269005847953,0.0,0.7431694858224481,0.8661444646338606,0.20728012772894777,1,常规加密抽检,1
四川,2024,6,2024-06,生产,17,1,1,0.0438178168990837,0.6666666666666666,0.00191165,0.00191165,54.92637250542724,1.0,83640000.0,0.9826182365489154,0.9266499582289056,0.7210526315789474,0.0,1.0374125692649288,1.506891813604692,1.818381538494425,2,重点专项抽检,2
四川,2024,7,2024-07,生产,18,0,0,0.0317272526394413,0.6610169491525423,,,,,0.0,0.0,0.34786967418546366,0.6578947368421053,0.0,0.8406240446705986,0.9180953617111854,0.32105526598920214,1,常规加密抽检,1
四川,2024,8,2024-08,生产,1,0,0,0.0319810844829982,0.6554694229112834,,,,,0.0,0.0,0.3487886382623225,0.664327485380117,0.3068528194400547,0.83393387921021,1.0088013873851471,0.8596107044736775,1,常规加密抽检,1
四川,2024,9,2024-09,生产,9,0,0,0.0283076561107217,0.6500284351896408,,,,,0.0,0.0,0.34536340852130326,0.6403508771929824,0.0,0.7874597938998783,0.9201144721252364,0.23176314529647285,1,常规加密抽检,1
四川,2024,10,2024-10,生产,3,0,0,0.043013440735714,0.6446978932805709,,,,,0.0,0.0,0.35196324143692564,0.6865497076023391,0.0,0.7979703044667398,0.989494281151624,0.2334619961315627,1,常规加密抽检,1
四川,2024,11,2024-11,生产,9,0,0,0.0382223234303353,0.63948126310894,,,,,0.0,0.0,0.3486215538847118,0.6631578947368421,0.0,0.759275644112459,0.9158585927865331,0.24209577880598332,1,常规加密抽检,1
四川,2024,12,2024-12,生产,8,0,0,0.0479903229258517,0.6343815710807842,,,,,0.0,0.0,0.3517126148705096,0.6847953216374268,0.0,0.7799663924839568,0.9340284917558995,0.23971191777186474,1,常规加密抽检,1
四川,2023,1,2023-01,餐饮,1,0,0,0.3333333333333333,0.5,,,,,0.0,0.0,0.39557226399331663,0.991812865497076,0.3068528194400547,0.8535117258293617,1.039199005213665,1.0369628048992694,1,常规加密抽检,1
四川,2023,2,2023-02,餐饮,14,0,0,0.0589970501474926,0.5,,,,,0.0,0.0,0.37335004177109443,0.8362573099415205,0.0,0.7649837779881948,1.0019928633983464,0.4363506186280066,1,常规加密抽检,1
四川,2023,3,2023-03,餐饮,4,0,0,0.0494988244029204,0.5,,,,,0.0,0.0,0.368671679197995,0.8035087719298246,0.0,0.7827500094164167,0.9265192022175327,0.3146305108789116,1,常规加密抽检,1
四川,2023,4,2023-04,餐饮,1,1,1,0.0985591878722919,0.6666666666666666,0.0031897666666666,0.0031897666666666,32.91776827981148,1.0,83680000.0,0.9895829847215788,0.9553884711779448,0.8614035087719298,0.3068528194400547,1.218278085649514,1.7350921287278114,2.3024693747065093,2,重点专项抽检,2
四川,2023,5,2023-05,餐饮,3,0,0,0.0871401036911374,0.6610169491525423,,,,,0.0,0.0,0.37477025898078525,0.8461988304093567,0.0,0.9609905734489831,1.0951018439324327,0.6035527717657809,1,常规加密抽检,1
四川,2023,6,2023-06,餐饮,6,0,0,0.0695386947141534,0.6554694229112834,,,,,0.0,0.0,0.3692564745196324,0.8076023391812865,0.0,0.8983392028845049,1.0710381574079797,0.49458871979636,1,常规加密抽检,1
四川,2023,7,2023-07,餐饮,4,0,0,0.0617254205058681,0.6500284351896408,,,,,0.0,0.0,0.3669172932330827,0.7912280701754386,0.0,0.8730508589466984,1.0749568582735967,0.39719705042267633,1,常规加密抽检,1
四川,2023,8,2023-08,餐饮,1,0,0,0.0611225189967878,0.6446978932805709,,,,,0.0,0.0,0.36700083542188805,0.791812865497076,0.3068528194400547,0.8909252872897396,1.0601033858688993,1.0284052911773651,1,常规加密抽检,1
四川,2023,9,2023-09,餐饮,20,0,0,0.057425727752761,0.63948126310894,,,,,0.0,0.0,0.3597326649958229,0.7409356725146199,0.0,0.7871099302875402,0.9435509206132277,0.3838346458625732,1,常规加密抽检,1
四川,2023,10,2023-10,餐饮,40,0,0,0.0312267347217431,0.6343815710807842,,,,,0.0,0.0,0.3418546365914787,0.6157894736842106,0.0,0.8513889821389008,0.9016058582014884,0.2244856758498578,1,常规加密抽检,1
四川,2023,11,2023-11,餐饮,70,0,0,0.0171347141795018,0.6294014089907696,,,,,0.0,0.0,0.3174603174603175,0.4450292397660819,0.0,0.7269245760164802,0.8298492349570987,-0.10644589761538621,1,常规加密抽检,1
四川,2023,12,2023-12,餐饮,75,1,1,0.0160548284163879,0.7270310577898573,0.005525,0.005525,19.004524886877824,1.0,83680000.0,0.9939859098459248,0.8921470342522975,0.3672514619883041,0.0,1.2431094039494144,1.7147187682455958,1.9945807875297787,2,重点专项抽检,2
四川,2024,1,2024-01,餐饮,37,1,1,0.0179061087196895,0.7816712780145032,0.0068141666666666,0.0068141666666666,15.409074232603643,1.0,83640000.0,0.995123710685885,0.8923976608187134,0.36666666666666664,0.0,1.3255727084698814,1.746301604618285,2.0741262050335907,2,重点专项抽检,2
四川,2024,2,2024-02,餐饮,1,0,0,0.0180354652756825,0.7753433453104154,,,,,0.0,0.0,0.3076858813700919,0.37660818713450295,0.3068528194400547,1.058153164967739,1.2927478711377138,1.0216191085192972,1,常规加密抽检,1
四川,2024,3,2024-03,餐饮,5,1,1,0.0222437901185499,0.8123360905510209,0.003757,0.003757,27.9478307159968,1.0,83640000.0,0.9911557497734188,0.8947368421052632,0.42046783625730993,0.0,1.2332520377284597,1.608381355623821,1.9519079971194544,2,重点专项抽检,2
四川,2024,5,2024-05,餐饮,24,0,0,0.0202215612749805,0.8062856936377212,,,,,0.0,0.0,0.3101921470342523,0.39415204678362575,0.0,1.4070788396949747,1.4810905130515768,0.5066743147263462,1,常规加密抽检,1
四川,2024,6,2024-06,餐饮,65,0,0,0.0159058925410306,0.8001650345367222,,,,,0.0,0.0,0.29974937343358393,0.32105263157894737,0.0,1.3345336467958093,1.481730410554598,0.42079459046015294,1,常规加密抽检,1
四川,2024,7,2024-07,餐饮,50,0,0,0.0136348649060665,0.7939810665080389,,,,,0.0,0.0,0.2943191311612364,0.2830409356725146,0.0,1.2645285752999307,1.3968802742716555,0.29653031023812465,1,常规加密抽检,1
四川,2024,8,2024-08,餐饮,63,0,0,0.0114769644109239,0.7877410554176189,,,,,0.0,0.0,0.2889724310776942,0.24561403508771928,0.0,1.2119267649495828,1.3570895413285522,0.21901997101031845,1,常规加密抽检,1
四川,2024,9,2024-09,餐饮,51,0,0,0.010161612709375,0.7814525479669363,,,,,0.0,0.0,0.2845446950710108,0.21461988304093568,0.0,1.1415492142721946,1.2844598699692946,0.11229514002623249,1,常规加密抽检,1
四川,2024,10,2024-10,餐饮,25,0,0,0.0096645811986576,0.7751233369886517,,,,,0.0,0.0,0.28329156223893065,0.20584795321637428,0.0,1.0516986235537193,1.1730777478971846,0.00305112366930263,1,常规加密抽检,1
四川,2024,11,2024-11,餐饮,18,0,0,0.0093599019424357,0.768761424125132,,,,,0.0,0.0,0.28287385129490394,0.20292397660818715,0.0,0.9930556827911642,1.118448053044117,-0.04880857908063682,1,常规加密抽检,1
四川,2024,12,2024-12,餐饮,182,0,0,0.0064656680928553,0.7623749802536529,,,,,0.0,0.0,0.27034252297410194,0.1152046783625731,0.0,1.1662714426105558,1.2168255636789476,-0.05452661589453427,1,常规加密抽检,1
天津,2023,1,2023-01,流通,16,0,0,0.0555555555555555,0.5,,,,,0.0,0.0,0.37180451127819547,0.8254385964912281,0.0,0.7538562936397274,0.9920088900575513,0.41837630458340425,1,常规加密抽检,1
天津,2023,2,2023-02,流通,6,0,0,0.043103448275862,0.5,,,,,0.0,0.0,0.36608187134502923,0.7853801169590643,0.0,0.7731057923100775,0.9062842087939764,0.28682543129414434,1,常规加密抽检,1
天津,2023,3,2023-03,流通,6,0,0,0.0355366027007818,0.5,,,,,0.0,0.0,0.3607351712614871,0.747953216374269,0.0,0.7480885232885612,0.8758036844573761,0.2193504898987219,1,常规加密抽检,1
天津,2023,4,2023-04,流通,16,0,0,0.0233464851866551,0.5,,,,,0.0,0.0,0.3493734335839599,0.6684210526315789,0.0,0.7255192376086911,0.8254629532238554,0.09498545039341379,1,常规加密抽检,1
天津,2023,5,2023-05,流通,13,0,0,0.018590349563638,0.5,,,,,0.0,0.0,0.341436925647452,0.6128654970760234,0.0,0.6901272795384531,0.786495486631745,0.01027365385834407,1,常规加密抽检,1
天津,2023,6,2023-06,流通,16,0,0,0.0148805576697314,0.5,,,,,0.0,0.0,0.33274853801169585,0.552046783625731,0.0,0.682957551994584,0.7479961692018257,-0.0829174042992581,1,常规加密抽检,1
天津,2023,7,2023-07,流通,20,0,0,0.0119130310551708,0.5,,,,,0.0,0.0,0.3237259816207185,0.4888888888888889,0.0,0.6682509086291927,0.7075508529059734,-0.17625769880367215,1,常规加密抽检,1
天津,2023,8,2023-08,流通,15,0,0,0.010543561870735,0.5,,,,,0.0,0.0,0.31729323308270674,0.443859649122807,0.0,0.614700244769652,0.6667175314620267,-0.25109863073571653,1,常规加密抽检,1
天津,2023,9,2023-09,流通,16,0,0,0.0094159849928111,0.5,,,,,0.0,0.0,0.31203007518796994,0.4070175438596491,0.0,0.574946409494309,0.6383201463631701,-0.3180012171358947,1,常规加密抽检,1
天津,2023,10,2023-10,流通,33,0,0,0.0074631176815427,0.5,,,,,0.0,0.0,0.3001670843776107,0.32397660818713453,0.0,0.504708281994568,0.5696350819353582,-0.5064155294237952,1,常规加密抽检,1
天津,2023,11,2023-11,流通,44,0,0,0.0175036681164368,0.5,,,,,0.0,0.0,0.3156223893065998,0.43216374269005847,0.0,0.6108954178989122,0.6443364443171565,-0.29731727254771245,1,常规加密抽检,1
天津,2023,12,2023-12,流通,61,0,0,0.0129508796228191,0.5,,,,,0.0,0.0,0.30066833751044275,0.32748538011695905,0.0,0.5703719080449946,0.5574078429596576,-0.4672781139678167,0,维持/不加码,0
天津,2024,1,2024-01,流通,8,0,0,0.0127022589427631,0.5,,,,,0.0,0.0,0.3005012531328321,0.3263157894736842,0.0,0.4986640104589156,0.5811808063552973,-0.4312847375413932,1,常规加密抽检,1
天津,2024,2,2024-02,流通,15,0,0,0.0120716976246723,0.5,,,,,0.0,0.0,0.2994152046783626,0.31871345029239767,0.0,0.4796612226002023,0.5599908852779277,-0.47897520398886734,1,常规加密抽检,1
天津,2024,3,2024-03,流通,10,0,0,0.0117502363479635,0.5,,,,,0.0,0.0,0.2989139515455305,0.3152046783625731,0.0,0.48052897073556855,0.5636428406485697,-0.4553468811090785,1,常规加密抽检,1
天津,2024,4,2024-04,流通,21,0,0,0.0151829590420963,0.5,,,,,0.0,0.0,0.3038429406850459,0.3497076023391813,0.0,0.5146435480880716,0.5890329643314538,-0.43419569277950293,1,常规加密抽检,1
天津,2024,5,2024-05,流通,11,0,0,0.0146743989686448,0.5,,,,,0.0,0.0,0.3032581453634085,0.3456140350877193,0.0,0.5061858860416156,0.5859679088596806,-0.4088181372051705,1,常规加密抽检,1
天津,2024,6,2024-06,流通,14,0,0,0.0140081692427219,0.5,,,,,0.0,0.0,0.30158730158730157,0.3339181286549708,0.0,0.4947719458531915,0.5717541854717697,-0.4456865857610197,1,常规加密抽检,1
天津,2024,7,2024-07,流通,18,1,0,0.0131665128732911,0.3333333333333333,,,,,0.0,0.0,0.2998329156223893,0.3216374269005848,0.0,0.48034967946882334,0.5624345793202842,-0.4604379277016436,1,常规加密抽检,1
天津,2024,8,2024-08,流通,9,0,0,0.0128742152170639,0.3389830508474576,,,,,0.0,0.0,0.29949874686716793,0.3192982456140351,0.0,0.4613695376775766,0.517009079864431,-0.47859258213390277,1,常规加密抽检,1
天津,2024,9,2024-09,流通,37,0,0,0.0112544372479387,0.3445305770887166,,,,,0.0,0.0,0.2949874686716792,0.28771929824561404,0.0,0.5303199717916302,0.5228017289446204,-0.4778486399524333,0,维持/不加码,0
天津,2024,10,2024-10,流通,28,0,0,0.0102998192211561,0.3499715648103592,,,,,0.0,0.0,0.29289891395154555,0.27309941520467834,0.0,0.4908870640723767,0.50434652806991,-0.5257507494907877,1,常规加密抽检,1
天津,2024,11,2024-11,流通,14,0,0,0.0099585776404334,0.355302106719429,,,,,0.0,0.0,0.29239766081871343,0.2695906432748538,0.0,0.45055732050094643,0.4857819588886465,-0.5440427245058527,1,常规加密抽检,1
天津,2024,12,2024-12,流通,31,0,0,0.0090817909343228,0.3605187368910599,,,,,0.0,0.0,0.28922305764411027,0.24736842105263157,0.0,0.47871968440938417,0.4942468416729783,-0.5584471133975077,1,常规加密抽检,1
天津,2023,1,2023-01,生产,2,0,0,0.25,0.5,,,,,0.0,0.0,0.3927318295739348,0.9719298245614035,0.0,0.9623560465135498,1.1383928804756471,0.6665237804141428,1,常规加密抽检,1
天津,2023,7,2023-07,生产,3,0,0,0.144927536231884,0.5,,,,,0.0,0.0,0.3877610693400167,0.9371345029239766,0.0,0.8006134913036376,1.0202629033179575,0.48913961128525474,1,常规加密抽检,1
天津,2023,10,2023-10,生产,3,0,0,0.1035732780942516,0.5,,,,,0.0,0.0,0.38404344193817874,0.9111111111111111,0.0,0.7479172147869921,1.007380160593399,0.4352946440104687,1,常规加密抽检,1
天津,2023,11,2023-11,生产,2,0,0,0.0887134334316573,0.5,,,,,0.0,0.0,0.3813700918964077,0.8923976608187134,0.0,0.7751566311620185,0.9968631620974305,0.40055649959402617,1,常规加密抽检,1
天津,2024,3,2024-03,生产,1,0,0,0.0846837749062921,0.5,,,,,0.0,0.0,0.3801169590643275,0.8836257309941521,0.3068528194400547,0.716178856237249,0.8958376088808783,0.8398443006559292,1,常规加密抽检,1
天津,2024,9,2024-09,生产,4,0,0,0.0652817976518055,0.5,,,,,0.0,0.0,0.3759398496240602,0.8543859649122807,0.0,0.7916624311601278,0.9845262113721397,0.37982129651661883,1,常规加密抽检,1
天津,2024,10,2024-10,生产,1,0,0,0.0638883932380756,0.5,,,,,0.0,0.0,0.375438596491228,0.8508771929824561,0.3068528194400547,0.7071171961458901,0.8733217168358683,0.8324640436318171,1,常规加密抽检,1
天津,2024,11,2024-11,生产,3,0,0,0.1112985838272807,0.5,,,,,0.0,0.0,0.3788638262322473,0.8748538011695907,0.0,0.7546314436522098,0.944642777010147,0.3391064246466235,1,常规加密抽检,1
天津,2023,1,2023-01,餐饮,1,0,0,0.3333333333333333,0.5,,,,,0.0,0.0,0.39557226399331663,0.991812865497076,0.3068528194400547,0.8535117258293617,1.039199005213665,1.0369628048992694,1,常规加密抽检,1
天津,2023,2,2023-02,餐饮,1,0,0,0.2531645569620253,0.5,,,,,0.0,0.0,0.393734335839599,0.9789473684210527,0.3068528194400547,0.8390859258333923,1.0143777417460038,0.9736888644288973,1,常规加密抽检,1
天津,2023,5,2023-05,餐饮,1,0,0,0.2060793405461102,0.5,,,,,0.0,0.0,0.39172932330827065,0.9649122807017544,0.3068528194400547,0.8029058097163534,0.9280218886888988,0.8750267022160385,1,常规加密抽检,1
天津,2023,7,2023-07,餐饮,1,0,0,0.1751351824689682,0.5,,,,,0.0,0.0,0.3900584795321637,0.9532163742690059,0.3068528194400547,0.786414196670214,0.9354641084562304,0.8616015017451853,1,常规加密抽检,1
天津,2023,9,2023-09,餐饮,3,0,0,0.1173105672625798,0.5,,,,,0.0,0.0,0.38575605680868835,0.9230994152046783,0.0,0.755396404768978,1.0197496239734285,0.4465040189804774,1,常规加密抽检,1
天津,2023,10,2023-10,餐饮,8,0,0,0.0617353986473658,0.5,,,,,0.0,0.0,0.37468671679197996,0.8456140350877193,0.0,0.7874292026353126,0.9939734000236448,0.4061465290458247,1,常规加密抽检,1
天津,2023,11,2023-11,餐饮,3,0,0,0.0540883955712824,0.5,,,,,0.0,0.0,0.3712614870509607,0.8216374269005848,0.0,0.7883518202912431,0.9443593804728864,0.32640827908357906,1,常规加密抽检,1
天津,2023,12,2023-12,餐饮,1,0,0,0.0535795380998762,0.5,,,,,0.0,0.0,0.3710108604845447,0.8198830409356725,0.3068528194400547,0.7002744679147003,0.8541435536182805,0.7919284352196846,1,常规加密抽检,1
天津,2024,3,2024-03,餐饮,1,0,0,0.0531049133662909,0.5,,,,,0.0,0.0,0.3709273182957394,0.8192982456140351,0.3068528194400547,0.6998245988221651,0.8532572278358127,0.7905242649182159,1,常规加密抽检,1
天津,2024,5,2024-05,餐饮,1,0,0,0.0526617434825241,0.5,,,,,0.0,0.0,0.370843776106934,0.8187134502923976,0.3068528194400547,0.6994014425248067,0.8524259152539009,0.789189921269603,1,常规加密抽检,1
天津,2024,6,2024-06,餐饮,1,0,0,0.0522475293628742,0.5,,,,,0.0,0.0,0.370593149540518,0.8169590643274853,0.3068528194400547,0.6991161081462802,0.8516079256639101,0.7872568313200509,1,常规加密抽检,1
天津,2024,11,2024-11,餐饮,1,0,0,0.0518600166782153,0.5,,,,,0.0,0.0,0.3703425229741019,0.8152046783625732,0.3068528194400547,0.6988547967667397,0.8508371250871577,0.7853832638884919,1,常规加密抽检,1
天津,2024,12,2024-12,餐饮,1,0,0,0.0514971666969001,0.5,,,,,0.0,0.0,0.37009189640768586,0.8134502923976609,0.3068528194400547,0.6986162439371285,0.8501101174919214,0.7835647791511658,1,常规加密抽检,1
宁夏,2023,2,2023-02,流通,1,0,0,0.3333333333333333,0.5,,,,,0.0,0.0,0.39557226399331663,0.991812865497076,0.3068528194400547,0.8535117258293617,1.039199005213665,1.0369628048992694,1,常规加密抽检,1
宁夏,2023,6,2023-06,流通,1,0,0,0.2531645569620253,0.5,,,,,0.0,0.0,0.393734335839599,0.9789473684210527,0.3068528194400547,0.8390859258333923,1.0143777417460038,0.9736888644288973,1,常规加密抽检,1
宁夏,2023,11,2023-11,流通,1,0,0,0.2060793405461102,0.5,,,,,0.0,0.0,0.39172932330827065,0.9649122807017544,0.3068528194400547,0.8029058097163534,0.9280218886888988,0.8750267022160385,1,常规加密抽检,1
宁夏,2024,2,2024-02,流通,1,0,0,0.1751351824689682,0.5,,,,,0.0,0.0,0.3900584795321637,0.9532163742690059,0.3068528194400547,0.786414196670214,0.9354641084562304,0.8616015017451853,1,常规加密抽检,1
宁夏,2024,3,2024-03,流通,1,0,0,0.1532712393225028,0.5,,,,,0.0,0.0,0.38863826232247284,0.9432748538011696,0.3068528194400547,0.7297753167117917,0.921415061453162,0.8557090994510091,1,常规加密抽检,1
宁夏,2024,10,2024-10,流通,1,0,0,0.1370207970593966,0.5,,,,,0.0,0.0,0.3872180451127819,0.9333333333333333,0.3068528194400547,0.6863605571604889,0.9141745982067581,0.8501447821448432,1,常规加密抽检,1
宁夏,2023,8,2023-08,生产,1,0,0,0.3333333333333333,0.5,,,,,0.0,0.0,0.39557226399331663,0.991812865497076,0.3068528194400547,0.8535117258293617,1.039199005213665,1.0369628048992694,1,常规加密抽检,1
宁夏,2023,11,2023-11,生产,1,0,0,0.2531645569620253,0.5,,,,,0.0,0.0,0.393734335839599,0.9789473684210527,0.3068528194400547,0.8390859258333923,1.0143777417460038,0.9736888644288973,1,常规加密抽检,1
宁夏,2023,1,2023-01,餐饮,1,0,0,0.3333333333333333,0.5,,,,,0.0,0.0,0.39557226399331663,0.991812865497076,0.3068528194400547,0.8535117258293617,1.039199005213665,1.0369628048992694,1,常规加密抽检,1
宁夏,2023,2,2023-02,餐饮,8,0,0,0.091324200913242,0.5,,,,,0.0,0.0,0.3819548872180451,0.8964912280701754,0.0,0.7799694449218254,1.0262375346852322,0.49889548669715544,1,常规加密抽检,1
宁夏,2023,6,2023-06,餐饮,1,0,0,0.0869376222560313,0.5,,,,,0.0,0.0,0.3811194653299917,0.8906432748538011,0.3068528194400547,0.7146597449136491,0.897767227377958,0.8430531036752721,1,常规加密抽检,1
宁夏,2023,7,2023-07,餐饮,5,0,0,0.0623932490504527,0.5,,,,,0.0,0.0,0.3748538011695906,0.8467836257309942,0.0,0.7909143277523359,0.9791222728134034,0.3757090074657793,1,常规加密抽检,1
宁夏,2023,8,2023-08,餐饮,14,0,0,0.0340994266820767,0.5,,,,,0.0,0.0,0.3595655806182122,0.7397660818713451,0.0,0.7508366235940757,0.8862469966780215,0.20707116106651724,1,常规加密抽检,1
宁夏,2023,11,2023-11,餐饮,1,0,0,0.0345307373686104,0.5,,,,,0.0,0.0,0.35998329156223896,0.7426900584795322,0.3068528194400547,0.6811953847825186,0.8218105154961668,0.6918812760032048,1,常规加密抽检,1
宁夏,2023,12,2023-12,餐饮,8,0,0,0.0280806426089736,0.5,,,,,0.0,0.0,0.35505430242272346,0.708187134502924,0.0,0.7231532442843659,0.8408293845442437,0.13574332790921323,1,常规加密抽检,1
宁夏,2024,1,2024-01,餐饮,2,0,0,0.0278310164956724,0.5,,,,,0.0,0.0,0.35480367585630745,0.7064327485380117,0.0,0.7398562999659183,0.8236457811847914,0.1617016195678977,1,常规加密抽检,1
宁夏,2024,2,2024-02,餐饮,5,0,0,0.0254877216496458,0.5,,,,,0.0,0.0,0.3518796992481203,0.6859649122807018,0.0,0.7122205077199587,0.8240456810451127,0.09859022684900072,1,常规加密抽检,1
宁夏,2024,5,2024-05,餐饮,1,0,0,0.0260600926558852,0.5,,,,,0.0,0.0,0.3529657477025898,0.6935672514619883,0.3068528194400547,0.6698035252898458,0.7987720045254678,0.6264086415192922,1,常规加密抽检,1
宁夏,2024,6,2024-06,餐饮,1,0,0,0.0266281754366682,0.5,,,,,0.0,0.0,0.3538011695906433,0.6994152046783626,0.3068528194400547,0.670410315494348,0.8005944976489073,0.6333746164025861,1,常规加密抽检,1
宁夏,2024,7,2024-07,餐饮,3,0,0,0.0257888179124907,0.5,,,,,0.0,0.0,0.3523809523809524,0.6894736842105263,0.0,0.7234599344138982,0.8257268864951092,0.11995682303771531,1,常规加密抽检,1
宁夏,2024,8,2024-08,餐饮,4,0,0,0.0244273786430333,0.5,,,,,0.0,0.0,0.3509607351712615,0.6795321637426901,0.0,0.71321737458229,0.8188365588963104,0.09250587851053206,1,常规加密抽检,1
宁夏,2024,9,2024-09,餐饮,23,0,0,0.0161314291209669,0.5,,,,,0.0,0.0,0.3362573099415204,0.5766081871345029,0.0,0.7076396910330555,0.7562876342291996,-0.01692731723548646,1,常规加密抽检,1
宁夏,2024,10,2024-10,餐饮,4,0,0,0.0158752211588051,0.5,,,,,0.0,0.0,0.335672514619883,0.572514619883041,0.0,0.6587083986357357,0.7539259944527209,-0.058864936663754704,1,常规加密抽检,1
宁夏,2024,11,2024-11,餐饮,1,0,0,0.0164091292085009,0.5,,,,,0.0,0.0,0.3370091896407686,0.5818713450292398,0.3068528194400547,0.6254989818186522,0.7552136402153661,0.5274157643550883,1,常规加密抽检,1
宁夏,2024,12,2024-12,餐饮,4,0,0,0.0161304367211364,0.5,,,,,0.0,0.0,0.3361737677527151,0.5760233918128655,0.0,0.660321830677615,0.7568545541969117,-0.05298281051782532,1,常规加密抽检,1
安徽,2024,1,2024-01,其他,1,1,1,0.6666666666666666,0.6666666666666666,0.0070459999999999,0.0070459999999999,14.902072097644057,1.0,61230000.0,0.9952841543994796,0.9787802840434419,0.991812865497076,0.3068528194400547,4.222839634640692,4.838206950140509,5.113857515696066,2,重点专项抽检,2
安徽,2023,1,2023-01,流通,94,0,0,0.0208333333333333,0.5,,,,,0.0,0.0,0.33224728487886385,0.5485380116959064,0.0,0.6988040200332588,0.7458905226302317,-0.023649440049825513,1,常规加密抽检,1
安徽,2023,2,2023-02,流通,61,0,0,0.0128036769533814,0.5,,,,,0.0,0.0,0.31027568922305765,0.39473684210526316,0.0,0.6023265432153743,0.61262619737948,-0.3514768066495342,1,常规加密抽检,1
安徽,2023,3,2023-03,流通,71,1,1,0.0227193734504251,0.6666666666666666,0.0016795999999999,0.0016795999999999,62.514884496308646,1.0,61210000.0,0.9802168087036998,0.8800334168755223,0.43625730994152045,0.0,0.9372019135242547,1.433966361730333,1.6453869415675542,2,重点专项抽检,2
安徽,2023,4,2023-04,流通,125,3,1,0.0203194830590821,0.4957983193277311,0.00104,0.00104,100.96153846153848,1.0,61210000.0,0.9680501460564752,0.860735171261487,0.34093567251461987,0.0,0.7784036809706402,1.0331126732767015,1.3877622699105847,2,重点专项抽检,2
安徽,2023,5,2023-05,流通,81,0,0,0.0162709736481488,0.49587136027814,,,,,0.0,0.0,0.294235588972431,0.2824561403508772,0.0,0.594750245733093,0.5704913682754849,-0.4694654041525983,0,维持/不加码,0
安徽,2023,6,2023-06,流通,118,0,0,0.0145032205829114,0.4959455513376311,,,,,0.0,0.0,0.28830409356725145,0.2409356725146199,0.0,0.6073823290408502,0.579481965286481,-0.46228198622556416,0,维持/不加码,0
安徽,2023,7,2023-07,流通,109,0,0,0.0118499013959355,0.496020820062632,,,,,0.0,0.0,0.2808688387635756,0.18888888888888888,0.0,0.5836871438144163,0.5340680934592039,-0.5511339478146354,0,维持/不加码,0
安徽,2023,8,2023-08,流通,146,0,0,0.0137480955384659,0.4960970890173731,,,,,0.0,0.0,0.28003341687552213,0.18304093567251462,0.0,0.6099440686837864,0.5764001164340492,-0.4939158904675491,0,维持/不加码,0
安徽,2023,9,2023-09,流通,104,0,0,0.0119404902269185,0.496174276031777,,,,,0.0,0.0,0.27593984962406015,0.1543859649122807,0.0,0.5546356714217257,0.5085689084259578,-0.5988800254368226,0,维持/不加码,0
安徽,2023,10,2023-10,流通,143,2,0,0.0111824997700778,0.3524863282471552,,,,,0.0,0.0,0.2731829573934837,0.13508771929824562,0.0,0.6606514475395849,0.6491718294367409,-0.49658470363603285,0,维持/不加码,0
安徽,2023,11,2023-11,流通,229,2,2,0.010697109820437,0.5037583671496864,0.0011063,0.0011144899999999,94.91738666000424,1.0,61210000.0,0.9699628523227836,0.827234753550543,0.10175438596491228,0.0,1.1733810737540218,1.5080610499101288,1.8946250070346842,2,重点专项抽检,2
安徽,2023,12,2023-12,流通,261,13,1,0.0116923422292578,0.2435425773948249,0.0009984,0.0009984,105.16826923076924,1.0,61210000.0,0.9667189021421616,0.824310776942356,0.08947368421052632,0.0,1.0986106765271137,1.4581589193889601,1.7053045908898268,2,重点专项抽检,2
安徽,2024,1,2024-01,流通,103,0,0,0.0115730131761495,0.244802238774458,,,,,0.0,0.0,0.26608187134502925,0.08538011695906433,0.0,0.6279354780023301,0.6040026154572695,-0.5636513886374263,0,维持/不加码,0
安徽,2024,2,2024-02,流通,78,0,0,0.0109241438689201,0.2461148984744877,,,,,0.0,0.0,0.2654135338345865,0.08070175438596491,0.0,0.5955957554503618,0.5772033164489773,-0.5887875901406534,0,维持/不加码,0
安徽,2024,3,2024-03,流通,97,0,0,0.0101739027033409,0.2474821354494978,,,,,0.0,0.0,0.2642439431913116,0.07251461988304093,0.0,0.6150657051594285,0.590329367544932,-0.5841056732423372,0,维持/不加码,0
安徽,2024,4,2024-04,流通,77,0,0,0.0096326839262006,0.248905513126259,,,,,0.0,0.0,0.2631578947368421,0.06491228070175438,0.0,0.5874896902650985,0.5680322250058029,-0.6085459555464753,0,维持/不加码,0
安徽,2024,5,2024-05,流通,81,1,1,0.0098288512533834,0.2921391321486017,0.0045759999999999,0.0045759999999999,22.9458041958042,1.0,61230000.0,0.9927386695582898,0.8428571428571429,0.06608187134502924,0.0,0.8205721244897539,1.2181521981502765,1.2993938646802914,2,重点专项抽检,2
安徽,2024,6,2024-06,流通,92,0,0,0.0092152475976616,0.2933507231395655,,,,,0.0,0.0,0.26223893065998327,0.05847953216374269,0.0,0.5815750353651986,0.5427505452855875,-0.6168686203648025,0,维持/不加码,0
安徽,2024,7,2024-07,流通,164,4,1,0.0089046571233152,0.2858629164459413,0.005278,0.005278,19.89389920424403,1.0,61230000.0,0.993704462277138,0.8425229741019215,0.049707602339181284,0.0,0.9473042296969646,1.088299258962787,1.4001588628256112,2,重点专项抽检,2
安徽,2024,8,2024-08,流通,158,2,0,0.0080408418264881,0.2602411598401756,,,,,0.0,0.0,0.25956558061821217,0.03976608187134503,0.0,0.7054271864222618,0.6357414310544381,-0.581116124593224,0,维持/不加码,0
安徽,2024,9,2024-09,流通,153,0,0,0.0079308728424403,0.2614104643015202,,,,,0.0,0.0,0.25914786967418546,0.03684210526315789,0.0,0.6525647263105901,0.6170039524739074,-0.5842574134688744,0,维持/不加码,0
安徽,2024,10,2024-10,流通,120,0,0,0.0073950049021286,0.2626290524102839,,,,,0.0,0.0,0.25856307435254805,0.03274853801169591,0.0,0.6188168944932431,0.5859160525902755,-0.6124799300047564,0,维持/不加码,0
安徽,2024,11,2024-11,流通,236,11,0,0.0064713145604604,0.166158973650439,,,,,0.0,0.0,0.2575605680868839,0.025730994152046785,0.0,0.8665618183213872,0.9036801550857768,-0.37310746897482583,1,常规加密抽检,1
安徽,2024,12,2024-12,流通,249,2,0,0.0056877135375428,0.1562981195651168,,,,,0.0,0.0,0.2567251461988304,0.019883040935672516,0.0,0.8065606213171651,0.7080372000701269,-0.6302053153591792,0,维持/不加码,0
安徽,2023,1,2023-01,生产,1,0,0,0.3333333333333333,0.5,,,,,0.0,0.0,0.39557226399331663,0.991812865497076,0.3068528194400547,0.8535117258293617,1.039199005213665,1.0369628048992694,1,常规加密抽检,1
安徽,2023,2,2023-02,生产,1,0,0,0.2531645569620253,0.5,,,,,0.0,0.0,0.393734335839599,0.9789473684210527,0.3068528194400547,0.8390859258333923,1.0143777417460038,0.9736888644288973,1,常规加密抽检,1
安徽,2023,3,2023-03,生产,3,0,0,0.1459321415541773,0.5,,,,,0.0,0.0,0.3878863826232247,0.9380116959064327,0.0,0.8041403128596528,1.0230281928907379,0.4915295972871746,1,常规加密抽检,1
安徽,2023,4,2023-04,生产,21,0,0,0.0362189252939392,0.5,,,,,0.0,0.0,0.3613199665831245,0.752046783625731,0.0,0.7590414790500545,0.9118126334625436,0.28502644218570894,1,常规加密抽检,1
安徽,2023,5,2023-05,生产,11,0,0,0.0267885501048855,0.5,,,,,0.0,0.0,0.353968253968254,0.7005847953216374,0.0,0.7205357162302474,0.8373748923651209,0.12936285037322376,1,常规加密抽检,1
安徽,2023,6,2023-06,生产,12,0,0,0.0210247849428952,0.5,,,,,0.0,0.0,0.3456140350877193,0.6421052631578947,0.0,0.6988658439376595,0.8035988322963262,0.05466145612547435,1,常规加密抽检,1
安徽,2023,7,2023-07,生产,10,0,0,0.0180881653644474,0.5,,,,,0.0,0.0,0.34035087719298246,0.6052631578947368,0.0,0.6740403268079093,0.7806193096103683,-0.002997935603892221,1,常规加密抽检,1
安徽,2023,8,2023-08,生产,8,0,0,0.0164960621241846,0.5,,,,,0.0,0.0,0.3372598162071846,0.583625730994152,0.0,0.6595028351373177,0.7646439454378675,-0.0400150521704735,1,常规加密抽检,1
安徽,2023,9,2023-09,生产,5,0,0,0.0159516341763885,0.5,,,,,0.0,0.0,0.33575605680868836,0.5730994152046783,0.0,0.6541924710084012,0.7570621051036305,-0.05721265802585936,1,常规加密抽检,1
安徽,2023,10,2023-10,生产,16,0,0,0.0132178923599038,0.5,,,,,0.0,0.0,0.32748538011695905,0.5152046783625731,0.0,0.673777816312981,0.7256468149198458,-0.13748218354556135,1,常规加密抽检,1
安徽,2023,11,2023-11,生产,12,0,0,0.0119086924243166,0.5,,,,,0.0,0.0,0.3236424394319131,0.48830409356725146,0.0,0.6337826679075392,0.70868736130498,-0.18653504267755966,1,常规加密抽检,1
安徽,2023,12,2023-12,生产,18,0,0,0.0102172533781958,0.5,,,,,0.0,0.0,0.3161236424394319,0.43567251461988304,0.0,0.6075125720793019,0.6629701377278195,-0.2720777188304845,1,常规加密抽检,1
安徽,2024,1,2024-01,生产,1,0,0,0.01062925412351,0.5,,,,,0.0,0.0,0.31762740183792815,0.4461988304093567,0.3068528194400547,0.5505765625783748,0.6515041069051265,0.438243376729452,1,常规加密抽检,1
安徽,2024,2,2024-02,生产,1,0,0,0.0110526573364047,0.5,,,,,0.0,0.0,0.32038429406850455,0.4654970760233918,0.3068528194400547,0.5592114375722638,0.6623732166073483,0.4493107173064812,1,常规加密抽检,1
安徽,2024,3,2024-03,生产,35,0,0,0.0082609003378643,0.5,,,,,0.0,0.0,0.3048454469507101,0.3567251461988304,0.0,0.5390645900382794,0.5959279842058126,-0.4437694738264184,1,常规加密抽检,1
安徽,2024,4,2024-04,生产,12,0,0,0.0078678471319897,0.5,,,,,0.0,0.0,0.3030075187969925,0.34385964912280703,0.0,0.5085693563268864,0.5870967138207738,-0.4148189982146924,1,常规加密抽检,1
安徽,2024,5,2024-05,生产,26,0,0,0.006809920469959,0.5,,,,,0.0,0.0,0.2964912280701754,0.2982456140350877,0.0,0.46802694207054485,0.5536704935266091,-0.535321879387928,1,常规加密抽检,1
安徽,2024,6,2024-06,生产,11,0,0,0.0066400020394513,0.5,,,,,0.0,0.0,0.29565580618212195,0.29239766081871343,0.0,0.4616624450819463,0.5449771473751935,-0.49428657683903754,1,常规加密抽检,1
安徽,2024,7,2024-07,生产,6,0,0,0.0067036599105641,0.5,,,,,0.0,0.0,0.2960735171261487,0.2953216374269006,0.0,0.485550247180616,0.5613527690934065,-0.4750556356726209,1,常规加密抽检,1
安徽,2024,8,2024-08,生产,5,0,0,0.0068113565470291,0.5,,,,,0.0,0.0,0.29657477025898077,0.29883040935672517,0.0,0.48537905071168275,0.5602193873632609,-0.461800740026558,1,常规加密抽检,1
安徽,2024,9,2024-09,生产,10,0,0,0.0066857007987063,0.5,,,,,0.0,0.0,0.29598997493734336,0.29473684210526313,0.0,0.46763702758671655,0.5510639030917336,-0.487770696367244,1,常规加密抽检,1
安徽,2024,10,2024-10,生产,4,0,0,0.0068402117895423,0.5,,,,,0.0,0.0,0.2966583124477861,0.2994152046783626,0.0,0.4903427499225259,0.5554511621987114,-0.45219076317769336,1,常规加密抽检,1
安徽,2024,11,2024-11,生产,21,0,0,0.0125012041353491,0.5,,,,,0.0,0.0,0.3082706766917293,0.38070175438596493,0.0,0.5475593099461685,0.6167574679546965,-0.3801135411442231,1,常规加密抽检,1
安徽,2024,12,2024-12,生产,24,0,0,0.0110741745349823,0.5,,,,,0.0,0.0,0.30334168755221386,0.34619883040935673,0.0,0.5129472462659929,0.5895691942293118,-0.45175740192411895,1,常规加密抽检,1
安徽,2023,1,2023-01,餐饮,11,0,0,0.0769230769230769,0.5,,,,,0.0,0.0,0.3784878863826232,0.8722222222222222,0.0,0.7879013612107043,1.0385545677098493,0.49195434482544775,1,常规加密抽检,1
安徽,2023,2,2023-02,餐饮,7,0,0,0.0514138817480719,0.5,,,,,0.0,0.0,0.3699248120300752,0.8122807017543859,0.0,0.777389940023334,0.9405868364345197,0.3418146104800043,1,常规加密抽检,1
安徽,2023,3,2023-03,餐饮,9,0,0,0.0362614450185839,0.5,,,,,0.0,0.0,0.3614035087719298,0.7526315789473684,0.0,0.7471878254233132,0.8838415274927296,0.2189480743476775,1,常规加密抽检,1
安徽,2023,4,2023-04,餐饮,28,0,0,0.0184166726137171,0.5,,,,,0.0,0.0,0.3411027568922306,0.6105263157894737,0.0,0.7110295209637293,0.7726708581593739,0.056603122194842634,1,常规加密抽检,1
安徽,2023,5,2023-05,餐饮,16,1,1,0.0295492147250016,0.6666666666666666,0.0029119999999999,0.0029119999999999,36.05769230769232,1.0,61210000.0,0.9885893378773124,0.9182121971595656,0.6415204678362573,0.0,0.8586743715646199,1.3498149211805968,1.666654089764041,2,重点专项抽检,2
安徽,2023,6,2023-06,餐饮,7,0,0,0.0273111121575507,0.6610169491525423,,,,,0.0,0.0,0.34269005847953216,0.6216374269005848,0.0,0.8035975980435658,0.9380213445354323,0.20977611864537393,1,常规加密抽检,1
安徽,2023,7,2023-07,餐饮,12,0,0,0.0238022157028682,0.6554694229112834,,,,,0.0,0.0,0.3389306599832915,0.5953216374269006,0.0,0.8230842672932955,0.8922741132667186,0.18075705372836892,1,常规加密抽检,1
安徽,2023,8,2023-08,餐饮,4,0,0,0.0232075978510968,0.6500284351896408,,,,,0.0,0.0,0.3383458646616541,0.5912280701754385,0.0,0.7825316977659752,0.9397408329243103,0.12565117450028113,1,常规加密抽检,1
安徽,2023,9,2023-09,餐饮,7,0,0,0.0218269650323736,0.6446978932805709,,,,,0.0,0.0,0.3364243943191312,0.5777777777777777,0.0,0.7818753133998763,0.9060142649420259,0.12123561419579011,1,常规加密抽检,1
安徽,2023,10,2023-10,餐饮,12,0,0,0.0194760820521451,0.63948126310894,,,,,0.0,0.0,0.33191311612364244,0.5461988304093567,0.0,0.8125579257929673,0.8713442385110641,0.10012815540829652,1,常规加密抽检,1
安徽,2023,11,2023-11,餐饮,9,0,0,0.0181454933319375,0.6343815710807842,,,,,0.0,0.0,0.329156223893066,0.5269005847953216,0.0,0.7844019456575954,0.8766914743859346,0.05785967285820197,1,常规加密抽检,1
安徽,2023,12,2023-12,餐饮,21,0,0,0.0151718485439387,0.6294014089907696,,,,,0.0,0.0,0.32289055973266495,0.4830409356725146,0.0,0.8100797573981905,0.8205732177997929,-0.009709166541926807,1,常规加密抽检,1
安徽,2024,1,2024-01,餐饮,7,1,1,0.0234780426576035,0.7270310577898573,0.0012012,0.0012012,87.41258741258741,1.0,61230000.0,0.972337788793485,0.8918964076858814,0.5415204678362573,0.0,0.9638105859553184,1.3811225215916036,1.7574832860397605,2,重点专项抽检,2
安徽,2024,2,2024-02,餐饮,7,0,0,0.0224621707595622,0.7206898499071551,,,,,0.0,0.0,0.32940685045948204,0.5286549707602339,0.0,0.9645174612900184,1.027020054608132,0.18209720555091685,1,常规加密抽检,1
安徽,2024,3,2024-03,餐饮,2,0,0,0.0224876091222178,0.714386653244459,,,,,0.0,0.0,0.33065998329156226,0.5374269005847954,0.0,0.8869406858581395,0.961587683649816,0.16730850703235384,1,常规加密抽检,1
安徽,2024,4,2024-04,餐饮,25,0,0,0.0185535658980762,0.7081293357557018,,,,,0.0,0.0,0.32355889724310777,0.48771929824561405,0.0,1.030578275772914,1.0834744645420675,0.12268067401218762,1,常规加密抽检,1
安徽,2024,5,2024-05,餐饮,16,0,0,0.0167811969582695,0.7019255316452612,,,,,0.0,0.0,0.3193817878028404,0.4584795321637427,0.0,0.9679329505286479,1.0165162923917133,0.05602964996221925,1,常规加密抽检,1
安徽,2024,6,2024-06,餐饮,27,0,0,0.0142578681041257,0.6957826057380532,,,,,0.0,0.0,0.3121971595655806,0.408187134502924,0.0,0.9087007545655535,0.9909958132239592,-0.0634195950830096,1,常规加密抽检,1
安徽,2024,7,2024-07,餐饮,12,0,0,0.0135130224393491,0.6897076206816933,,,,,0.0,0.0,0.3092731829573935,0.387719298245614,0.0,0.8721337575105046,0.933658549908925,-0.07161782746558679,1,常规加密抽检,1
安徽,2024,8,2024-08,餐饮,6,0,0,0.0133132922063203,0.6837073072638962,,,,,0.0,0.0,0.3091896407685882,0.3871345029239766,0.0,0.8326489117866884,0.8902693788954145,-0.0764351542350186,1,常规加密抽检,1
安徽,2024,9,2024-09,餐饮,5,0,0,0.0132009732332577,0.6777880380745419,,,,,0.0,0.0,0.30969089390142024,0.3906432748538012,0.0,0.8138526289332385,0.8647769830526437,-0.08411336122261852,1,常规加密抽检,1
安徽,2024,10,2024-10,餐饮,5,0,0,0.0130902567859725,0.6719558046858779,,,,,0.0,0.0,0.3100250626566416,0.3929824561403509,0.0,0.7991177406267969,0.8522925563110862,-0.09143902219854026,1,常规加密抽检,1
安徽,2024,11,2024-11,餐饮,13,0,0,0.0123392366254574,0.666216198467515,,,,,0.0,0.0,0.3072681704260652,0.3736842105263158,0.0,0.7959723336889488,0.8476924724319727,-0.13840684752280777,1,常规加密抽检,1
安徽,2024,12,2024-12,餐饮,18,1,1,0.0171518719431919,0.7465886842383365,0.005512,0.005512,19.049346879535555,1.0,61230000.0,0.993971725671033,0.8967418546365914,0.4269005847953216,0.0,1.0207048952360147,1.4834880839834959,1.7460367009083297,2,重点专项抽检,2
山东,2023,1,2023-01,流通,201,3,0,0.0098522167487684,0.2,,,,,0.0,0.0,0.2970760233918129,0.3023391812865497,0.0,0.7813980899625862,0.7542271723390211,-0.38059650970966596,0,维持/不加码,0
山东,2023,2,2023-02,流通,214,0,0,0.0047917434574272,0.2061855670103093,,,,,0.0,0.0,0.27092731829573935,0.11929824561403508,0.0,0.74848115696796,0.7456944388244241,-0.45506861491466855,0,维持/不加码,0
山东,2023,3,2023-03,流通,188,0,0,0.0033104084287087,0.2124269782262347,,,,,0.0,0.0,0.2606516290726817,0.04736842105263158,0.0,0.7098945742745345,0.6819058838038609,-0.5572665695085792,0,维持/不加码,0
山东,2023,4,2023-04,流通,270,1,1,0.0035013959478529,0.3589294927877605,0.00245175,0.00245175,42.82655246252676,1.0,101230000.0,0.9864472935245168,0.8411027568922306,0.03216374269005848,0.0,0.8526857397797557,1.3175040824093542,1.5532185765164048,2,重点专项抽检,2
山东,2023,5,2023-05,流通,284,0,0,0.002609590503066,0.3615450488607276,,,,,0.0,0.0,0.25572263993316624,0.012865497076023392,0.0,0.6759261301434768,0.6227472778103531,-0.5064410976075998,0,维持/不加码,0
山东,2023,6,2023-06,流通,391,5,1,0.0033461860261991,0.2838952097787839,5.448333333333333e-05,5.448333333333333e-05,1927.1948608137047,1.0,101230000.0,0.390128208603258,0.8197159565580617,0.012280701754385965,0.0,1.0727382237784546,1.3845964700197324,1.4612817544952066,2,重点专项抽检,2
山东,2023,7,2023-07,流通,340,6,0,0.0026937760263813,0.1775398102604838,,,,,0.0,0.0,0.25530492898913953,0.009941520467836258,0.0,0.9027744902868665,0.9293332859114438,-0.3756330621599875,1,常规加密抽检,1
山东,2023,8,2023-08,流通,351,4,0,0.0022309422039449,0.1420878398060244,,,,,0.0,0.0,0.254469507101086,0.004093567251461989,0.0,0.8928896019838589,0.8736677666603473,-0.46945146816623673,0,维持/不加码,0
山东,2023,9,2023-09,流通,262,1,0,0.0038804712993413,0.1365704993902998,,,,,0.0,0.0,0.2553884711779449,0.010526315789473684,0.0,0.8174112147612703,0.735147553058053,-0.591643947655694,0,维持/不加码,0
山东,2023,10,2023-10,流通,416,1,0,0.0036463481375881,0.1829442564987703,,,,,0.0,0.0,0.2552213868003342,0.00935672514619883,0.0,0.8397241616286892,0.8054730333604149,-0.40968641501087166,0,维持/不加码,0
山东,2023,11,2023-11,流通,581,2,0,0.0039705120966225,0.1666684451508349,,,,,0.0,0.0,0.25513784461152883,0.008771929824561403,0.0,0.9187858536576131,0.8968002045013914,-0.17498769879119602,0,维持/不加码,0
山东,2023,12,2023-12,流通,633,11,1,0.0038325714553545,0.1405290198928879,0.00277865,0.00277865,37.788134525758906,1.0,101230000.0,0.988041729580456,0.8390977443609022,0.0029239766081871343,0.0,1.194817895533356,1.5039781511761372,1.865456420587672,2,重点专项抽检,2
山东,2024,1,2024-01,流通,240,1,1,0.003870371735231,0.1702026268545746,0.0018212999999999,0.0018212999999999,57.65112831493988,1.0,100800000.0,0.9817559720522342,0.8295739348370927,0.0023391812865497076,0.0,0.8287201216511074,1.2653284694351377,1.4382097606961324,2,重点专项抽检,2
山东,2024,2,2024-02,流通,177,2,0,0.0039763712297669,0.1602105062042153,,,,,0.0,0.0,0.2545530492898914,0.004678362573099415,0.0,0.7635820286712957,0.6526566704194567,-0.6594248216654394,0,维持/不加码,0
山东,2024,3,2024-03,流通,217,0,0,0.0037429662102778,0.1613690721883888,,,,,0.0,0.0,0.2540517961570593,0.0011695906432748538,0.0,0.7465597691705838,0.7366939912152196,-0.5666445243862284,0,维持/不加码,0
山东,2024,4,2024-04,流通,268,1,1,0.0037559643797876,0.1914945149257154,0.0075031333333333,0.0075031333333333,13.994153553626486,1.0,100800000.0,0.995571470394422,0.8473684210526317,0.0005847953216374269,0.0,0.8272126266759235,1.2702715738108865,1.4708849799080954,2,重点专项抽检,2
山东,2024,5,2024-05,流通,431,0,0,0.0043905657851058,0.1926117245595317,,,,,0.0,0.0,0.2543859649122807,0.0035087719298245615,0.0,0.8342030940200515,0.8918559407039983,-0.39645540650836497,1,常规加密抽检,1
山东,2024,6,2024-06,流通,296,2,0,0.0045811502101952,0.1801004584941814,,,,,0.0,0.0,0.2546365914786967,0.005263157894736842,0.0,0.8105573173959532,0.7286555817601446,-0.56765275925078,0,维持/不加码,0
山东,2024,7,2024-07,流通,302,5,0,0.0047459951947416,0.1529734960694797,,,,,0.0,0.0,0.25472013366750207,0.005847953216374269,0.0,0.8750955649575545,0.8671808327916977,-0.4444884575405294,0,维持/不加码,0
山东,2024,8,2024-08,流通,319,6,2,0.0053558769136084,0.1835592538220176,0.0056001083333333,0.0084756608333333,27.798255624733574,1.0,100800000.0,0.991203083663059,0.8428571428571429,0.00760233918128655,0.0,1.0476656423094939,1.4832254445697723,1.6393978134165836,2,重点专项抽检,2
山东,2024,9,2024-09,流通,277,5,1,0.0054897613818316,0.1864204735113209,0.00459995,0.00459995,22.826335068859443,1.0,100800000.0,0.992776476244032,0.8449456975772766,0.008187134502923977,0.0,1.0397025001611757,1.4487265249648114,1.633494036704482,2,重点专项抽检,2
山东,2024,10,2024-10,流通,289,1,1,0.0053649856782074,0.2081409754923791,0.0041796499999999,0.0041796499999999,25.121720718241964,1.0,100800000.0,0.9920500883803032,0.843358395989975,0.006432748538011696,0.0,0.8447189702369718,1.2981407347443472,1.511879617242995,2,重点专项抽检,2
山东,2024,11,2024-11,流通,413,7,1,0.005772269861592,0.1984304613800996,0.0175124999999999,0.0175124999999999,5.995717344753748,1.0,100800000.0,0.9981026210934324,0.8512949039264829,0.007017543859649123,0.0,1.0581964498487433,1.451136489040872,1.7021970291635264,2,重点专项抽检,2
山东,2024,12,2024-12,流通,455,2,0,0.0052277234555891,0.190087304456846,,,,,0.0,0.0,0.25413533834586466,0.0017543859649122807,0.0,0.8804284810809949,0.8490689612647466,-0.3608686382483746,0,维持/不加码,0
山东,2023,1,2023-01,生产,11,0,0,0.0769230769230769,0.5,,,,,0.0,0.0,0.3784878863826232,0.8722222222222222,0.0,0.7879013612107043,1.0385545677098493,0.49195434482544775,1,常规加密抽检,1
山东,2023,2,2023-02,生产,29,1,1,0.0482509047044632,0.6666666666666666,0.0027241666666666,0.0027241666666666,38.54389721627409,1.0,101230000.0,0.9878025641720652,0.9439431913116124,0.7391812865497076,0.0,1.0919901437877624,1.562759840611853,1.9209588132456836,2,重点专项抽检,2
山东,2023,3,2023-03,生产,1,0,0,0.0481749119881415,0.6610169491525423,,,,,0.0,0.0,0.35989974937343355,0.7421052631578947,0.3068528194400547,0.8857477767813937,1.0540383534578515,0.9784970280036459,1,常规加密抽检,1
山东,2023,4,2023-04,生产,30,0,0,0.0277519970679887,0.6554694229112834,,,,,0.0,0.0,0.34402673350041774,0.6309941520467837,0.0,0.8729984020909508,0.9370046886167366,0.2879875773859134,1,常规加密抽检,1
山东,2023,5,2023-05,生产,8,0,0,0.0390213475398191,0.6500284351896408,,,,,0.0,0.0,0.3483709273182957,0.6614035087719298,0.0,0.7746632455384564,0.931635963281804,0.24712551042587938,1,常规加密抽检,1
山东,2023,6,2023-06,生产,56,0,0,0.0299567647144712,0.6446978932805709,,,,,0.0,0.0,0.3345029239766082,0.564327485380117,0.0,0.8659650745556805,0.945825808386353,0.1712716588801757,1,常规加密抽检,1
山东,2023,7,2023-07,生产,17,0,0,0.0338967834078524,0.63948126310894,,,,,0.0,0.0,0.3352548036758563,0.5695906432748538,0.0,0.815405264600375,0.8329793296959526,0.10857333456647149,1,常规加密抽检,1
山东,2023,8,2023-08,生产,20,0,0,0.0296811280573532,0.6343815710807842,,,,,0.0,0.0,0.3299081035923141,0.5321637426900585,0.0,0.8343313570998363,0.8287217574812181,0.05275873648897236,0,维持/不加码,0
山东,2023,9,2023-09,生产,37,6,3,0.0516961900930111,0.5401419991155872,0.0017097388888888,0.0030020316666666,163.7365912800258,1.0,101230000.0,0.9481846230126502,0.9047619047619048,0.5865497076023392,0.0,0.6520439291642511,1.0094897519341741,1.3687407707841905,2,重点专项抽检,2
山东,2023,10,2023-10,生产,30,0,0,0.0441847297870692,0.5396620280386173,,,,,0.0,0.0,0.33208020050125314,0.5473684210526316,0.0,0.7164693121640078,0.8009697845251802,0.0847690842117592,1,常规加密抽检,1
山东,2023,11,2023-11,生产,84,6,5,0.0563273234691889,0.7360317434140392,0.0063511999999999,0.0109511499999999,22.44418837058094,1.0,101230000.0,0.992897408743487,0.9223057644110276,0.5339181286549708,0.0,1.5922183309895945,2.099559741376437,2.2397942268067825,2,重点专项抽检,2
山东,2023,12,2023-12,生产,39,0,0,0.0491513982659466,0.7342759450599912,,,,,0.0,0.0,0.3254803675856307,0.5011695906432748,0.0,1.2414648013479717,1.2968780035975973,0.49834487966018703,1,常规加密抽检,1
山东,2024,1,2024-01,生产,47,0,0,0.0423300393056531,0.732455737607443,,,,,0.0,0.0,0.32105263157894737,0.47017543859649125,0.0,1.218821326950122,1.283070774962847,0.4473588544531716,1,常规加密抽检,1
山东,2024,2,2024-02,生产,4,0,0,0.0419433886959542,0.7305700382373154,,,,,0.0,0.0,0.32188805346700083,0.4760233918128655,0.0,0.9528819725032217,1.0561351866646866,0.20789626295720698,1,常规加密抽检,1
山东,2024,3,2024-03,生产,28,0,0,0.0385405804217908,0.7286178632592224,,,,,0.0,0.0,0.3181286549707602,0.4497076023391813,0.0,1.1544673133936323,1.1976202702105248,0.2937343824700379,1,常规加密抽检,1
山东,2024,4,2024-04,生产,1,0,0,0.0385646338297168,0.7265983394023343,,,,,0.0,0.0,0.31954887218045114,0.45964912280701753,0.3068528194400547,0.9313614393448629,1.147564082142846,0.9319017233848298,1,常规加密抽检,1
山东,2024,5,2024-05,生产,31,0,0,0.0350972448786338,0.7245107153356312,,,,,0.0,0.0,0.3159565580618212,0.43450292397660817,0.0,1.1313836554144974,1.178034732177891,0.25354020954264106,1,常规加密抽检,1
山东,2024,6,2024-06,生产,26,1,1,0.0354900912876742,0.7466843958980593,0.0046855666666666,0.0046855666666666,22.40924256760121,1.0,100800000.0,0.9929084675418984,0.906265664160401,0.4327485380116959,0.0,1.2223610204919235,1.6235640852774034,1.989778650771513,2,重点专项抽检,2
山东,2024,7,2024-07,生产,32,0,0,0.0352394771810488,0.7444297305080354,,,,,0.0,0.0,0.3141186299081036,0.4216374269005848,0.0,1.2101588225160262,1.260169263226333,0.33743934303746104,1,常规加密抽检,1
山东,2024,8,2024-08,生产,18,0,0,0.0335898804415722,0.7421004998372199,,,,,0.0,0.0,0.31319966583124476,0.4152046783625731,0.0,1.1263604871160529,1.1873525483938976,0.22632180409861663,1,常规加密抽检,1
山东,2024,9,2024-09,生产,36,0,0,0.0304865902479633,0.7396961595053653,,,,,0.0,0.0,0.30885547201336677,0.3847953216374269,0.0,1.1495118136632034,1.226600239683984,0.23164738829097464,1,常规加密抽检,1
山东,2024,10,2024-10,生产,43,1,1,0.029825008309697,0.7618541994489465,0.0037359999999999,0.0037359999999999,28.104925053533197,1.0,100800000.0,0.991106036375464,0.8937343358395989,0.3684210526315789,0.0,1.3682433037154906,1.765195190268734,2.13426026513767,2,重点专项抽检,2
山东,2024,11,2024-11,生产,23,3,3,0.0356960394501603,0.813866232467588,0.0027371388888888,0.0031141116666666,39.84864617427986,1.0,100800000.0,0.98738966893219,0.8932330827067669,0.40350877192982454,0.0,1.74551207199991,2.1201266705652526,2.365062007096247,2,重点专项抽检,2
山东,2024,12,2024-12,生产,125,1,0,0.0289611143360598,0.8251856670125116,,,,,0.0,0.0,0.30025062656641605,0.32456140350877194,0.0,1.6512357996081959,1.8016842440098944,0.7398042259520323,1,常规加密抽检,1
山东,2023,1,2023-01,餐饮,41,0,0,0.0232558139534883,0.5,,,,,0.0,0.0,0.3490810359231412,0.666374269005848,0.0,0.7097906084999188,0.7980483690249182,0.1770623953066593,1,常规加密抽检,1
山东,2023,2,2023-02,餐饮,26,0,0,0.0149365197908887,0.5,,,,,0.0,0.0,0.33299916457811196,0.5538011695906433,0.0,0.7073089835711299,0.7458900975859865,-0.04567258500274852,1,常规加密抽检,1
山东,2023,3,2023-03,餐饮,27,0,0,0.0110250544362062,0.5,,,,,0.0,0.0,0.3202172096908939,0.464327485380117,0.0,0.6427758745052105,0.6907062439585191,-0.2266205321862449,1,常规加密抽检,1
山东,2023,4,2023-04,餐饮,54,0,0,0.0071292415645477,0.5,,,,,0.0,0.0,0.29791144527986635,0.30818713450292395,0.0,0.5403371076680316,0.5458794899796182,-0.5079942013360655,1,常规加密抽检,1
山东,2023,5,2023-05,餐饮,32,0,0,0.0060476309142948,0.5,,,,,0.0,0.0,0.29273182957393484,0.2719298245614035,0.0,0.4544723885722589,0.5254505973236334,-0.5931597637842103,1,常规加密抽检,1
山东,2023,6,2023-06,餐饮,18,0,0,0.0057082087246977,0.5,,,,,0.0,0.0,0.2905597326649958,0.2567251461988304,0.0,0.41957398299084403,0.5186583426943198,-0.588012666110168,1,常规加密抽检,1
山东,2023,7,2023-07,餐饮,91,0,0,0.0038830881280148,0.5,,,,,0.0,0.0,0.27577276524644945,0.15321637426900586,0.0,0.5157875160753277,0.4875915887918103,-0.6383581958564831,0,维持/不加码,0
山东,2023,8,2023-08,餐饮,138,0,0,0.0026126670803309,0.5,,,,,0.0,0.0,0.26282372598162074,0.06257309941520468,0.0,0.5419710344362921,0.4933796730565009,-0.6491702986577131,0,维持/不加码,0
山东,2023,9,2023-09,餐饮,31,0,0,0.0050669713118917,0.5,,,,,0.0,0.0,0.2733500417710944,0.13625730994152047,0.0,0.33873170790419316,0.4151810275992811,-0.7638993081347728,1,常规加密抽检,1
山东,2023,10,2023-10,餐饮,87,0,0,0.0042200717321427,0.5,,,,,0.0,0.0,0.2665831244778613,0.08888888888888889,0.0,0.45954781951848866,0.45144412930428335,-0.7137448408342435,0,维持/不加码,0
山东,2023,11,2023-11,餐饮,95,2,1,0.0073070455821349,0.75,0.0082503333333333,0.0082503333333333,12.726758514807482,1.0,101230000.0,0.9959725447737952,0.8702589807852965,0.14385964912280702,0.0,1.5555356951880008,1.8572342568153482,2.2200102023074244,2,重点专项抽检,2
山东,2023,12,2023-12,餐饮,45,2,2,0.0104211559407417,0.8305084745762712,0.0102272999999999,0.0144723299999999,13.040208870177477,1.0,101230000.0,0.9958733516233615,0.87468671679198,0.1760233918128655,0.0,1.785359637026201,2.1918787124433994,2.4629867019712317,2,重点专项抽检,2
山东,2024,1,2024-01,餐饮,24,0,0,0.0100547269857705,0.8247151621384751,,,,,0.0,0.0,0.2783625730994152,0.17134502923976608,0.0,1.2589299871603399,1.3753881244724633,0.26029834078489916,1,常规加密抽检,1
山东,2024,2,2024-02,餐饮,2,0,0,0.0101098933794443,0.8188323746546492,,,,,0.0,0.0,0.2796157059314954,0.18011695906432748,0.0,1.1078045959951819,1.147751781367008,-0.013292688266708423,1,常规加密抽检,1
山东,2024,3,2024-03,餐饮,7,0,0,0.0100667230780475,0.8128659348165268,,,,,0.0,0.0,0.2801169590643275,0.18362573099415205,0.0,1.120019679830934,1.2111139519128395,0.06695484047383608,1,常规加密抽检,1
山东,2024,4,2024-04,餐饮,23,0,0,0.0097033795614556,0.8068220549810994,,,,,0.0,0.0,0.2796992481203007,0.18070175438596492,0.0,1.1735032575664737,1.295121445739627,0.1488885858956524,1,常规加密抽检,1
山东,2024,5,2024-05,餐饮,60,3,3,0.0142939051670549,0.8752766621849024,0.0148402222222222,0.0227117666666666,8.45389444692979,1.0,100800000.0,0.997324716947174,0.8813700918964077,0.22456140350877193,0.0,2.0642708143284465,2.57113733029922,2.683891929557295,2,重点专项抽检,2
山东,2024,6,2024-06,餐饮,92,0,0,0.0121922481939843,0.8704135865131154,,,,,0.0,0.0,0.28053467000835425,0.1865497076023392,0.0,1.5762752349009148,1.759019001598876,0.6559807862345198,1,常规加密抽检,1
山东,2024,7,2024-07,餐饮,31,2,2,0.0166172539616712,0.8939668793041066,0.01800285,0.0274385849999999,8.82553598056169,1.0,100800000.0,0.9972071088669108,0.8822055137844611,0.23157894736842105,0.0,2.0053646145164508,2.3642242544853436,2.6162945371505923,2,重点专项抽检,2
山东,2024,8,2024-08,餐饮,51,1,1,0.0185401783272854,0.900591131674567,0.0265411666666666,0.0265411666666666,3.956118482608778,1.0,100800000.0,0.9987480637713264,0.8855472013366751,0.24210526315789474,0.0,2.022434100513334,2.34751031886171,2.633570746688474,2,重点专项抽检,2
山东,2024,9,2024-09,餐饮,54,0,0,0.0186127431270951,0.8964427188288164,,,,,0.0,0.0,0.2878028404344194,0.23742690058479532,0.0,1.7412624414513862,1.873492402821559,0.901460019531361,1,常规加密抽检,1
山东,2024,10,2024-10,餐饮,48,1,1,0.018846081186482,0.9026637701888264,0.0095735,0.0095735,10.9677756306471,1.0,100800000.0,0.9965291849270104,0.8821219715956559,0.23567251461988303,0.0,2.0506693200559143,2.4020099117335048,2.664868353334307,2,重点专项抽检,2
山东,2024,11,2024-11,餐饮,103,4,4,0.0217203414898311,0.9278498421221784,0.0048276125,0.0077109483333333,27.72811240261312,1.0,100800000.0,0.9912252808852492,0.8764411027568922,0.2415204678362573,0.0,2.526213089502826,2.9879628943325423,3.050119770515863,2,重点专项抽检,2
山东,2024,12,2024-12,餐饮,83,1,1,0.022034698367137,0.9299081028544104,0.0020937166666666,0.0020937166666666,50.150052140133575,1.0,100800000.0,0.9841297303354009,0.8649122807017544,0.23333333333333334,0.0,2.3545367129793173,2.678835218001794,2.8781332345628337,2,重点专项抽检,2
山西,2023,1,2023-01,流通,14,0,0,0.0625,0.5,,,,,0.0,0.0,0.374937343358396,0.8473684210526315,0.0,0.7703240173938157,1.0126295038758668,0.45354133991074863,1,常规加密抽检,1
山西,2023,2,2023-02,流通,1,0,0,0.0613496932515337,0.5,,,,,0.0,0.0,0.37451963241436925,0.8444444444444444,0.3068528194400547,0.7055920278178035,0.8687524286098973,0.8232202800470307,1,常规加密抽检,1
山西,2023,3,2023-03,流通,3,0,0,0.0538068334678504,0.5,,,,,0.0,0.0,0.37109440267335003,0.8204678362573099,0.0,0.7880263829718274,0.9432890843322442,0.32511648910953383,1,常规加密抽检,1
山西,2023,4,2023-04,流通,4,0,0,0.0459648598646334,0.5,,,,,0.0,0.0,0.36733500417710946,0.7941520467836257,0.0,0.7811386936318047,0.9153999585961617,0.30090277406731114,1,常规加密抽检,1
山西,2023,5,2023-05,流通,1,0,0,0.0459390721570748,0.5,,,,,0.0,0.0,0.36725146198830405,0.7935672514619883,0.3068528194400547,0.6937245775459379,0.8407646080478937,0.7595689904157571,1,常规加密抽检,1
山西,2023,6,2023-06,流通,2,0,0,0.0438989957638292,0.5,,,,,0.0,0.0,0.36641604010025064,0.787719298245614,0.0,0.7808285076652733,0.9047914231108402,0.27249453655871114,1,常规加密抽检,1
山西,2023,7,2023-07,流通,4,0,0,0.0388491541695989,0.5,,,,,0.0,0.0,0.3634920634920635,0.7672514619883041,0.0,0.7650860392785395,0.8892214348774753,0.2551873073208558,1,常规加密抽检,1
山西,2023,8,2023-08,流通,2,0,0,0.0376597382304677,0.5,,,,,0.0,0.0,0.3625730994152047,0.7608187134502924,0.0,0.7704991178909321,0.877728503316723,0.2427651345995906,1,常规加密抽检,1
山西,2023,9,2023-09,流通,5,0,0,0.0329751365096996,0.5,,,,,0.0,0.0,0.35906432748538014,0.7362573099415205,0.0,0.7423972967761087,0.8650457031482176,0.196799517905343,1,常规加密抽检,1
山西,2023,12,2023-12,流通,16,0,0,0.0222669614684571,0.5,,,,,0.0,0.0,0.34761904761904766,0.656140350877193,0.0,0.7201126030831072,0.8168888740741148,0.07984282431119256,1,常规加密抽检,1
山西,2024,1,2024-01,流通,1,0,0,0.0228497756701125,0.5,,,,,0.0,0.0,0.34812030075187966,0.6596491228070176,0.3068528194400547,0.6662134203945156,0.7882993827491459,0.5902051942317678,1,常规加密抽检,1
山西,2024,2,2024-02,流通,3,0,0,0.067150297264666,0.5,,,,,0.0,0.0,0.3632414369256475,0.7654970760233918,0.0,0.7425354246142198,0.8835812734412053,0.22506487422907856,1,常规加密抽检,1
山西,2024,3,2024-03,流通,6,0,0,0.0597419491984761,0.5,,,,,0.0,0.0,0.3601503759398496,0.743859649122807,0.0,0.763631872304018,0.8748516853223343,0.18181972982518685,1,常规加密抽检,1
山西,2024,4,2024-04,流通,1,0,0,0.0594090858277784,0.5,,,,,0.0,0.0,0.36048454469507096,0.7461988304093568,0.3068528194400547,0.6832882338189735,0.833323861447888,0.7007300587148715,1,常规加密抽检,1
山西,2024,5,2024-05,流通,1,0,0,0.0590750580862086,0.5,,,,,0.0,0.0,0.36081871345029237,0.7485380116959064,0.3068528194400547,0.6832315097202187,0.8333335000442624,0.7030933724537864,1,常规加密抽检,1
山西,2024,6,2024-06,流通,7,0,0,0.0517965294628896,0.5,,,,,0.0,0.0,0.3578111946532999,0.7274853801169591,0.0,0.7539927624013503,0.8615606269134334,0.1429345278263019,1,常规加密抽检,1
山西,2024,7,2024-07,流通,3,0,0,0.0496419694672216,0.5,,,,,0.0,0.0,0.35697577276524645,0.7216374269005847,0.0,0.7456625626582428,0.8527859482160677,0.16430940562043667,1,常规加密抽检,1
山西,2024,9,2024-09,流通,4,0,0,0.0656575508800647,0.5,,,,,0.0,0.0,0.36023391812865496,0.7444444444444445,0.0,0.7481367232589876,0.8718562699717972,0.19859794295977518,1,常规加密抽检,1
山西,2024,10,2024-10,流通,1,0,0,0.0847137600554424,0.5,,,,,0.0,0.0,0.36449456975772765,0.7742690058479532,0.3068528194400547,0.6901467524332806,0.8616500917441329,0.7407427517146892,1,常规加密抽检,1
山西,2024,11,2024-11,流通,1,0,0,0.1039097069430007,0.5,,,,,0.0,0.0,0.36683375104427735,0.7906432748538011,0.3068528194400547,0.7045540110212806,0.8861666249995843,0.7664091375717512,1,常规加密抽检,1
山西,2024,12,2024-12,流通,2,0,0,0.1207297125602514,0.5,,,,,0.0,0.0,0.3678362573099415,0.7976608187134503,0.0,0.7181729706304152,0.8650789829759232,0.25838153683354503,1,常规加密抽检,1
山西,2023,1,2023-01,生产,1,0,0,0.6666666666666666,0.5,,,,,0.0,0.0,0.39557226399331663,0.991812865497076,0.3068528194400547,0.9998275003014326,1.332344308199667,1.2129444331423875,1,常规加密抽检,1
山西,2023,2,2023-02,生产,3,0,0,0.3277310924369748,0.5,,,,,0.0,0.0,0.3918964076858814,0.9660818713450292,0.0,0.8298305017483756,0.9258990079461434,0.5118979267921547,1,常规加密抽检,1
山西,2023,3,2023-03,生产,3,0,0,0.2173664667237932,0.5,,,,,0.0,0.0,0.38872180451127825,0.9438596491228071,0.0,0.7959092492561626,0.8795106528710609,0.4240960025185353,1,常规加密抽检,1
山西,2023,8,2023-08,生产,2,0,0,0.1783386742519713,0.5,,,,,0.0,0.0,0.3867167919799499,0.9298245614035088,0.0,0.7675781450766156,0.8988940217391156,0.3659187623092034,1,常规加密抽检,1
山西,2023,10,2023-10,生产,1,0,0,0.1650431679174287,0.5,,,,,0.0,0.0,0.3860484544695071,0.9251461988304094,0.3068528194400547,0.7121312372440355,1.005691242293046,0.8749514056136213,1,常规加密抽检,1
山西,2023,12,2023-12,生产,3,0,0,0.1309602274312177,0.5,,,,,0.0,0.0,0.38320802005012533,0.9052631578947369,0.0,0.7467506592617655,0.9349162758649184,0.3825113837340376,1,常规加密抽检,1
山西,2024,5,2024-05,生产,3,0,0,0.1086659849809466,0.5,,,,,0.0,0.0,0.3791979949874687,0.8771929824561403,0.0,0.7511259296422766,0.9548474202923759,0.35038624180332256,1,常规加密抽检,1
山西,2024,9,2024-09,生产,2,0,0,0.0983469053781145,0.5,,,,,0.0,0.0,0.3781119465329992,0.8695906432748538,0.0,0.7549188420539645,0.9560027615709156,0.33555746007142717,1,常规加密抽检,1
山西,2023,1,2023-01,餐饮,79,0,0,0.0123456790123456,0.5,,,,,0.0,0.0,0.3246449456975773,0.4953216374269006,0.0,0.658731752071227,0.7075573580846745,-0.11990006154706565,1,常规加密抽检,1
山西,2023,2,2023-02,餐饮,10,0,0,0.0114876507754164,0.5,,,,,0.0,0.0,0.32255639097744365,0.4807017543859649,0.0,0.6158949773580894,0.7019281461361033,-0.19724549749138948,1,常规加密抽检,1
山西,2023,3,2023-03,餐饮,7,0,0,0.011136167487959,0.5,,,,,0.0,0.0,0.3208020050125313,0.46842105263157896,0.0,0.5982430658889626,0.6914478260047435,-0.21239017079746536,1,常规加密抽检,1
山西,2023,4,2023-04,餐饮,5,0,0,0.0110610139354949,0.5,,,,,0.0,0.0,0.32046783625730996,0.46608187134502926,0.0,0.5959115431936027,0.6836069308948777,-0.21641494096671093,1,常规加密抽检,1
山西,2023,5,2023-05,餐饮,14,0,0,0.0100012757877426,0.5,,,,,0.0,0.0,0.31512113617376775,0.4286549707602339,0.0,0.5977563321008338,0.6558980653409759,-0.2773776622540724,1,常规加密抽检,1
山西,2023,6,2023-06,餐饮,11,0,0,0.0094261473155241,0.5,,,,,0.0,0.0,0.312280701754386,0.4087719298245614,0.0,0.574684977562716,0.6467796273374801,-0.30864230600012665,1,常规加密抽检,1
山西,2023,7,2023-07,餐饮,9,0,0,0.0091005484344697,0.5,,,,,0.0,0.0,0.3097744360902256,0.3912280701754386,0.0,0.5502149759282461,0.6374118236164824,-0.3340742361370017,1,常规加密抽检,1
山西,2023,8,2023-08,餐饮,19,2,2,0.0242936001864704,0.75,0.0013,0.001615,87.08133971291866,1.0,34660000.0,0.9724426140148992,0.8801169590643275,0.5309941520467836,0.0,1.1994131135820187,1.634968654270941,1.923334500830136,2,重点专项抽检,2
山西,2023,9,2023-09,餐饮,21,0,0,0.0209515095622251,0.7435897435897436,,,,,0.0,0.0,0.32439431913116124,0.4935672514619883,0.0,1.1709019012861968,1.2237287520426872,0.2620358962956769,1,常规加密抽检,1
山西,2023,10,2023-10,餐饮,13,0,0,0.019399131094666,0.7371879106438896,,,,,0.0,0.0,0.32263993316624895,0.4812865497076023,0.0,1.07474757864844,1.1429912883310285,0.1661665546237197,1,常规加密抽检,1
山西,2023,11,2023-11,餐饮,12,0,0,0.0181631880442923,0.7308028804091796,,,,,0.0,0.0,0.32013366750208855,0.4637426900584795,0.0,1.0426753738820034,1.1012143405235049,0.12218276645449426,1,常规加密抽检,1
山西,2023,12,2023-12,餐饮,53,2,2,0.0237274309575713,0.8223489466402855,0.0012575,0.00139925,84.82974622550594,1.0,34660000.0,0.9731551435995236,0.8702589807852965,0.4608187134502924,0.0,1.6544807966804753,2.1912323688655775,2.347315395531355,2,重点专项抽检,2
山西,2024,1,2024-01,餐饮,2,0,0,0.0237283507084093,0.8164316398884409,,,,,0.0,0.0,0.3215538847117795,0.47368421052631576,0.0,1.2058967554069184,1.2753171408516535,0.3384833348297006,1,常规加密抽检,1
山西,2024,2,2024-02,餐饮,3,0,0,0.0235983150253068,0.8104331448025794,,,,,0.0,0.0,0.32205513784461154,0.47719298245614034,0.0,1.2247594351912212,1.3040558394904598,0.34225940478068123,1,常规加密抽检,1
山西,2024,3,2024-03,餐饮,5,0,0,0.0232013127333199,0.8043598253354968,,,,,0.0,0.0,0.32230576441102754,0.4789473684210526,0.0,1.271457660395782,1.3474462820448299,0.36854376611850337,1,常规加密抽检,1
山西,2024,4,2024-04,餐饮,2,0,0,0.0232088062596596,0.7982184042104543,,,,,0.0,0.0,0.32280701754385965,0.4824561403508772,0.0,1.1436811567551262,1.1793215234515046,0.2910899626978044,1,常规加密抽检,1
山西,2024,5,2024-05,餐饮,1,0,0,0.0233589088603498,0.7920159366635129,,,,,0.0,0.0,0.3238095238095238,0.48947368421052634,0.3068528194400547,1.0996632828918083,1.3406543982762233,1.1798698160153418,1,常规加密抽检,1
山西,2024,6,2024-06,餐饮,24,0,0,0.0204928311989792,0.7857597808365108,,,,,0.0,0.0,0.31821219715956556,0.4502923976608187,0.0,1.364360786459242,1.4216420574612363,0.4674339890235547,1,常规加密抽检,1
山西,2024,7,2024-07,餐饮,20,1,1,0.0238490293827833,0.8193078514636057,0.0005033333333333,0.0005033333333333,208.6092715231788,1.0,34460000.0,0.9339844077458296,0.8641604010025062,0.47076023391812866,0.0,1.3995230798927683,1.8578157262629291,2.1334637406397605,2,重点专项抽检,2
山西,2024,8,2024-08,餐饮,22,0,0,0.0214956920345009,0.8133479034722607,,,,,0.0,0.0,0.316374269005848,0.43742690058479533,0.0,1.4912821903908662,1.543973260380303,0.6095853879337246,1,常规加密抽检,1
山西,2024,9,2024-09,餐饮,27,1,1,0.0236236168677738,0.8384408373966002,0.0011733333333333,0.0011733333333333,89.48863636363636,1.0,34460000.0,0.9716808112773302,0.8662489557226399,0.439766081871345,0.0,1.519955939317228,1.9937250762460073,2.2059167478651323,2,重点专项抽检,2
山西,2024,10,2024-10,餐饮,7,0,0,0.0230780708320618,0.8327814797959938,,,,,0.0,0.0,0.3165413533834586,0.43859649122807015,0.0,1.4725586607068255,1.5330604337921463,0.5481803150394132,1,常规加密抽检,1
山西,2024,11,2024-11,餐饮,37,1,1,0.0238785548342891,0.8525332334045219,0.000505,0.000505,207.9207920792079,1.0,34460000.0,0.9342022809875924,0.8574770258980785,0.42280701754385963,0.0,1.6412087360482694,2.1481410663369025,2.268049980169963,2,重点专项抽检,2
山西,2024,12,2024-12,餐饮,35,1,1,0.02467772743218,0.8674114510215782,0.0015216666666666,0.0015216666666666,69.00328587075575,1.0,34460000.0,0.9781635171295076,0.8651629072681704,0.41461988304093567,0.0,1.6990826637720222,2.2027437206003464,2.340789288923613,2,重点专项抽检,2
广东,2023,1,2023-01,流通,245,20,0,0.020242914979757,0.0454545454545454,,,,,0.0,0.0,0.30893901420217207,0.3853801169590643,0.0,0.8925571594476202,0.9052283689978332,-0.1566743022556773,1,常规加密抽检,1
广东,2023,2,2023-02,流通,251,0,0,0.0119402985074626,0.0476190476190476,,,,,0.0,0.0,0.2842940685045948,0.2128654970760234,0.0,0.8839056792338212,0.997049249704063,-0.2043434306432122,1,常规加密抽检,1
广东,2023,3,2023-03,流通,79,1,1,0.0158353566886345,0.0950118764845605,0.0019507499999999,0.0019507499999999,53.82545174932719,1.0,127060000.0,0.9829666291932508,0.868421052631579,0.24035087719298245,0.0,0.7773651857886776,1.1104697815209608,1.2231731978935865,2,重点专项抽检,2
广东,2023,4,2023-04,流通,214,0,0,0.0194905580154868,0.0970269934071401,,,,,0.0,0.0,0.28613199665831246,0.22573099415204678,0.0,0.833116742524349,0.9227289045281378,-0.23588711021017278,1,常规加密抽检,1
广东,2023,5,2023-05,流通,268,0,0,0.0151382287893675,0.099126617646101,,,,,0.0,0.0,0.2763575605680869,0.15730994152046784,0.0,0.8448890051300353,0.9278340659075287,-0.30067985016584137,1,常规加密抽检,1
广东,2023,6,2023-06,流通,416,16,0,0.0104308182431648,0.0540988360503808,,,,,0.0,0.0,0.26499582289055973,0.07777777777777778,0.0,0.9836041370032197,0.9832161778076417,-0.287611780654017,0,维持/不加码,0
广东,2023,7,2023-07,流通,215,5,0,0.0096222148739638,0.0481092824636759,,,,,0.0,0.0,0.26182121971595657,0.05555555555555555,0.0,0.8473165707823987,0.8016219067833367,-0.4587915668304259,0,维持/不加码,0
广东,2023,8,2023-08,流通,339,9,1,0.0100741854916123,0.0617348856420372,0.0016532499999999,0.0016532499999999,63.51126568879481,1.0,127060000.0,0.9799014981997484,0.8380952380952381,0.04678362573099415,0.0,1.1184436041792212,1.5532463116511415,1.7294051231178706,2,重点专项抽检,2
广东,2023,9,2023-09,流通,348,2,0,0.0103454310292018,0.0599564991886184,,,,,0.0,0.0,0.2596491228070175,0.04035087719298246,0.0,0.8717595348367948,0.8457590241375125,-0.4353115978498957,0,维持/不加码,0
广东,2023,10,2023-10,流通,145,13,0,0.0111019041641155,0.046739987800545,,,,,0.0,0.0,0.2598997493734336,0.042105263157894736,0.0,0.8355566483626274,0.8450206008510103,-0.4493500893821977,1,常规加密抽检,1
广东,2023,11,2023-11,流通,304,8,1,0.0131799145877267,0.0741569152727139,0.00132175,0.00132175,79.4401361830906,1.0,127060000.0,0.9748607163977562,0.835672514619883,0.048538011695906436,0.0,1.1189880777283179,1.552117641657554,1.7280427192953134,2,重点专项抽检,2
广东,2023,12,2023-12,流通,597,22,3,0.0154405521632918,0.0917928858019383,0.0017509999999999,0.0020510499999999,61.3714064884914,1.0,127060000.0,0.9805786688327558,0.8384294068504594,0.0456140350877193,0.0,0.9981766683753089,1.3160357675136165,1.6402220468162314,2,重点专项抽检,2
广东,2024,1,2024-01,流通,376,0,0,0.0145132256933885,0.0923291979982522,,,,,0.0,0.0,0.2592314118629908,0.03742690058479532,0.0,0.8712033725986614,0.9693702205572602,-0.37401291807108245,1,常规加密抽检,1
广东,2024,2,2024-02,流通,135,23,0,0.0142055138012858,0.070498702422475,,,,,0.0,0.0,0.25898078529657476,0.03567251461988304,0.0,0.8633797135276899,0.8276109088594894,-0.41487260602736936,0,维持/不加码,0
广东,2024,3,2024-03,流通,88,0,0,0.0137911758762226,0.0709720466413005,,,,,0.0,0.0,0.25889724310776946,0.03508771929824561,0.0,0.691794434778667,0.722143442646919,-0.5258789681924716,1,常规加密抽检,1
广东,2024,4,2024-04,流通,287,0,0,0.0125059895614338,0.0714691778818499,,,,,0.0,0.0,0.258312447786132,0.030994152046783626,0.0,0.8464496020249059,0.9092780970310738,-0.4190273224707266,1,常规加密抽检,1
广东,2024,5,2024-05,流通,245,0,0,0.0125011352185044,0.0719912308003198,,,,,0.0,0.0,0.25822890559732664,0.0304093567251462,0.0,0.815764432699937,0.8753130197436941,-0.4436388332216634,1,常规加密抽检,1
广东,2024,6,2024-06,流通,197,4,0,0.012055829362391,0.069004391085372,,,,,0.0,0.0,0.2578111946532999,0.027485380116959064,0.0,0.8218714150088943,0.7477294148101327,-0.5040544711085707,0,维持/不加码,0
广东,2024,7,2024-07,流通,362,8,0,0.0128504089028466,0.0630918534490331,,,,,0.0,0.0,0.2578947368421053,0.028070175438596492,0.0,0.9403098160142652,0.9703531633678938,-0.353498390997827,1,常规加密抽检,1
广东,2024,8,2024-08,流通,236,5,0,0.0134354758225922,0.0599635288252353,,,,,0.0,0.0,0.25806182121971594,0.029239766081871343,0.0,0.8560384378683876,0.8230531578437316,-0.45832099828914064,0,维持/不加码,0
广东,2024,9,2024-09,流通,537,6,0,0.0123421592201112,0.0564006470629184,,,,,0.0,0.0,0.25705931495405177,0.022222222222222223,0.0,0.9929723048936819,0.9169343105787355,-0.2812957194656545,0,维持/不加码,0
广东,2024,10,2024-10,流通,233,15,0,0.0116084889811487,0.0483275015000904,,,,,0.0,0.0,0.25697577276524647,0.021637426900584796,0.0,0.8886217633222925,0.9127667026109934,-0.4035366903921337,1,常规加密抽检,1
广东,2024,11,2024-11,流通,232,4,0,0.0114429625616754,0.0468224965543745,,,,,0.0,0.0,0.2568922305764411,0.021052631578947368,0.0,0.8435682655152341,0.7828899173945976,-0.5183409683617964,0,维持/不加码,0
广东,2024,12,2024-12,流通,280,16,0,0.0106498231706735,0.040401266042872,,,,,0.0,0.0,0.2560568086883876,0.0152046783625731,0.0,0.9177966945132275,0.9306236749493803,-0.39209851118765926,1,常规加密抽检,1
广东,2023,1,2023-01,生产,66,1,0,0.0147058823529411,0.3333333333333333,,,,,0.0,0.0,0.33216374269005844,0.547953216374269,0.0,0.6634365104059403,0.6791638914376931,-0.23191120342181387,1,常规加密抽检,1
广东,2023,2,2023-02,生产,24,0,0,0.0112739571589627,0.3389830508474576,,,,,0.0,0.0,0.32172096908939013,0.47485380116959064,0.0,0.6144521856201174,0.6328412278373668,-0.24745113420413029,1,常规加密抽检,1
广东,2023,3,2023-03,生产,10,1,1,0.0211942987336406,0.5124919923126201,0.0021675,0.0021675,48.442906574394456,1.0,127060000.0,0.984669966273926,0.9147034252297411,0.5549707602339181,0.0,0.5879074617042999,0.9521803441939017,1.4859819488669037,2,重点专项抽检,2
广东,2023,4,2023-04,生产,75,0,0,0.0118363488202346,0.5121638924455827,,,,,0.0,0.0,0.30584795321637426,0.36374269005847953,0.0,0.6128751868845942,0.6182840036523847,-0.36492286447515815,1,常规加密抽检,1
广东,2023,5,2023-05,生产,158,0,0,0.0155828141346533,0.5118366427282709,,,,,0.0,0.0,0.2977443609022556,0.30701754385964913,0.0,0.6550136494939675,0.665039824977568,-0.2998803395557151,1,常规加密抽检,1
广东,2023,6,2023-06,生产,122,0,0,0.0111819726160976,0.5115106682195468,,,,,0.0,0.0,0.2860484544695071,0.22514619883040934,0.0,0.5983525938266953,0.5706825632808038,-0.4918102802878562,0,维持/不加码,0
广东,2023,7,2023-07,生产,201,18,3,0.0191704346705583,0.2234151290702614,0.0010214166666666,0.001531275,265.1778672046147,1.0,127060000.0,0.9160829534162612,0.856390977443609,0.252046783625731,0.0,0.9269067193040168,1.3767592391055796,1.4993311394224742,2,重点专项抽检,2
广东,2023,8,2023-08,生产,228,101,1,0.0200179407113884,0.0462588052195835,1.16875e-06,1.16875e-06,89839.57219251337,0.0,0.0,0.0,0.2844611528822055,0.21403508771929824,0.0,0.6910655404923968,0.7682590630520315,0.18466260953685343,1,常规加密抽检,1
广东,2023,9,2023-09,生产,369,6,0,0.0152860619195616,0.0443493389379881,,,,,0.0,0.0,0.27418546365914787,0.14210526315789473,0.0,0.9360812423904715,0.960867957781614,-0.278939466808274,1,常规加密抽检,1
广东,2023,10,2023-10,生产,134,68,0,0.0144569302823405,0.0336192653388313,,,,,0.0,0.0,0.27117794486215535,0.12105263157894737,0.0,1.1402274192227395,1.0277275929380965,0.3184028855745716,0,维持/不加码,0
广东,2023,11,2023-11,生产,144,14,1,0.0136557908748836,0.0366742632232511,0.0014279999999999,0.0014279999999999,73.52941176470588,1.0,127060000.0,0.9767311988086372,0.8446115288220551,0.10526315789473684,0.0,1.0347333780089432,1.4274045041068195,1.5665079579120962,2,重点专项抽检,2
广东,2023,12,2023-12,生产,464,23,0,0.0128935649155251,0.0475681991468419,,,,,0.0,0.0,0.2644945697577276,0.07426900584795322,0.0,1.0412314191360115,0.9501688774438893,-0.1360702722055626,0,维持/不加码,0
广东,2024,1,2024-01,生产,232,1,1,0.0129248140557172,0.0527322508763264,0.0029877499999999,0.0029877499999999,35.1435026357627,1.0,127800000.0,0.9888786384064042,0.8517961570593149,0.06374269005847953,0.0,0.8609186932203179,1.2937138110360054,1.4358469375144711,2,重点专项抽检,2
广东,2024,2,2024-02,生产,172,3,2,0.0138770482351941,0.0628403030907017,0.0022312499999999,0.0024071999999999,47.42289370841222,1.0,127800000.0,0.9849927551555656,0.8468671679197994,0.06783625730994151,0.0,0.9560758960666537,1.3463123945275821,1.5072659241634008,2,重点专项抽检,2
广东,2024,3,2024-03,生产,36,0,0,0.0136342637932457,0.0630867227727971,,,,,0.0,0.0,0.26399331662489556,0.07076023391812865,0.0,0.6525886266920106,0.6926680728873739,-0.5047449482160316,1,常规加密抽检,1
广东,2024,4,2024-04,生产,42,1,1,0.0138977286169126,0.0688674200991514,0.00136425,0.00136425,76.96536558548652,1.0,127800000.0,0.9756438716501624,0.841436925647452,0.07543859649122807,0.0,0.8549319572345703,1.0995347746216508,1.2291847190325234,2,重点专项抽检,2
广东,2024,5,2024-05,生产,56,0,0,0.013486059494744,0.0691347848383436,,,,,0.0,0.0,0.26432748538011697,0.07309941520467836,0.0,0.6824399758841928,0.712804099721014,-0.4925932642643753,1,常规加密抽检,1
广东,2024,6,2024-06,生产,218,7,0,0.013017424404646,0.0726231069362106,,,,,0.0,0.0,0.26274018379281533,0.06198830409356725,0.0,0.8587971808720286,0.8622589560148277,-0.3795871420894863,1,常规加密抽检,1
广东,2024,7,2024-07,生产,128,3,1,0.0126982748957758,0.077931978309408,0.0026095,0.0026095,40.23759340869898,1.0,127800000.0,0.9872665843643358,0.8482038429406851,0.056140350877192984,0.0,0.9928703543496583,1.3466801613144228,1.5527069242602254,2,重点专项抽检,2
广东,2024,8,2024-08,生产,236,6,4,0.0146516899784896,0.1011880568113155,0.002118625,0.0026245875,51.83975414717325,1.0,127800000.0,0.9835950145103882,0.8451963241436926,0.06432748538011696,0.0,1.077141261360992,1.4778658764821517,1.6412885118825487,2,重点专项抽检,2
广东,2024,9,2024-09,生产,250,20,1,0.0139247076108759,0.0952653991327318,0.00155975,0.00155975,67.31848052572528,1.0,127800000.0,0.978696683377935,0.8395989974937343,0.052046783625730994,0.0,1.0120063102108394,1.3592367373350807,1.716675605396494,2,重点专项抽检,2
广东,2024,10,2024-10,生产,238,1,1,0.0146635159819041,0.1012132727151548,0.0046324999999999,0.0046324999999999,22.66594711279007,1.0,127800000.0,0.9928272319263324,0.8560568086883876,0.05146198830409357,0.0,0.849558947025954,1.27168906480813,1.4374330233842159,2,重点专项抽检,2
广东,2024,11,2024-11,生产,166,24,0,0.0153371751196728,0.0932779118279993,,,,,0.0,0.0,0.26148705096073516,0.05321637426900585,0.0,0.8769278143394176,0.8518237930637024,-0.3057556403143915,0,维持/不加码,0
广东,2024,12,2024-12,生产,316,29,1,0.0146436654890506,0.084760764779927,0.00187,0.00187,56.14973262032085,1.0,127800000.0,0.9822310972720504,0.8411027568922306,0.046198830409356725,0.0,0.9736173657427346,1.325273690992121,1.7101891830798484,2,重点专项抽检,2
广东,2023,1,2023-01,餐饮,21,0,0,0.0869565217391304,0.5,,,,,0.0,0.0,0.3743525480367586,0.8432748538011696,0.0,0.7176048789965441,0.9634202598109726,0.34308868365866974,1,常规加密抽检,1
广东,2023,2,2023-02,餐饮,87,0,0,0.0178981184029371,0.5,,,,,0.0,0.0,0.3264828738512949,0.508187134502924,0.0,0.6751604894028623,0.7164529810447492,-0.1008788635155856,1,常规加密抽检,1
广东,2023,3,2023-03,餐饮,5,0,0,0.017518012937087,0.5,,,,,0.0,0.0,0.3259816207184628,0.5046783625730994,0.0,0.6181209295443757,0.7139839804714945,-0.16124713659250495,1,常规加密抽检,1
广东,2023,4,2023-04,餐饮,40,0,0,0.0129639436772092,0.5,,,,,0.0,0.0,0.31269841269841275,0.41169590643274856,0.0,0.5895260684582192,0.6303541235210298,-0.3407067067068271,1,常规加密抽检,1
广东,2023,5,2023-05,餐饮,40,0,0,0.0102974806054792,0.5,,,,,0.0,0.0,0.30116959064327486,0.3309941520467836,0.0,0.5236871684200352,0.5646637566067639,-0.4917797923853263,1,常规加密抽检,1
广东,2023,6,2023-06,餐饮,89,10,0,0.006915370628179,0.0833333333333333,,,,,0.0,0.0,0.28671679197994987,0.22982456140350876,0.0,0.7742063666400988,0.7548484863281905,-0.39802407449541566,0,维持/不加码,0
广东,2023,7,2023-07,餐饮,33,2,0,0.0062689979414732,0.074074074074074,,,,,0.0,0.0,0.28270676691729324,0.20175438596491227,0.0,0.7170189733571977,0.6411181471330563,-0.4794872205334525,0,维持/不加码,0
广东,2023,8,2023-08,餐饮,199,7,0,0.005840117867626,0.0501882057716436,,,,,0.0,0.0,0.2724310776942356,0.12982456140350876,0.0,0.8394975872734408,0.829772760022241,-0.407952814816553,0,维持/不加码,0
广东,2023,9,2023-09,餐饮,37,7,0,0.0054899984969735,0.0384190558517024,,,,,0.0,0.0,0.2706766917293233,0.11754385964912281,0.0,0.6838548019133349,0.675524999575629,-0.46316125047048795,0,维持/不加码,0
广东,2023,10,2023-10,餐饮,14,3,0,0.0054312227379698,0.0359359172755184,,,,,0.0,0.0,0.270843776106934,0.11871345029239766,0.0,0.6280001665627156,0.6345568438057867,-0.4686514550338095,1,常规加密抽检,1
广东,2023,11,2023-11,餐饮,53,2,0,0.0069663555446077,0.0350435191227555,,,,,0.0,0.0,0.27485380116959063,0.14678362573099416,0.0,0.7491990276861441,0.6913343909797324,-0.5130934736404168,0,维持/不加码,0
广东,2023,12,2023-12,餐饮,76,0,0,0.0079160299294043,0.0367523431355871,,,,,0.0,0.0,0.2752715121136174,0.1497076023391813,0.0,0.7428200565116534,0.7962605039113861,-0.379800684974847,1,常规加密抽检,1
广东,2024,1,2024-01,餐饮,50,1,1,0.0108160386922377,0.0742151046121779,0.0016064999999999,0.0016064999999999,65.35947712418302,1.0,127800000.0,0.9793166211632331,0.8578111946532999,0.17719298245614035,0.0,0.803390395464295,1.0732341916335582,1.1953878788234373,2,重点专项抽检,2
广东,2024,2,2024-02,餐饮,9,0,0,0.0107281084791055,0.0758717741202119,,,,,0.0,0.0,0.27986633249791143,0.18187134502923977,0.0,0.5856878055942424,0.6683117825886149,-0.48305294839406465,1,常规加密抽检,1
广东,2024,3,2024-03,餐饮,26,0,0,0.0103093833865597,0.0776017662056758,,,,,0.0,0.0,0.2786967418546366,0.1736842105263158,0.0,0.6450059614323055,0.6908726749342136,-0.4517921551672248,1,常规加密抽检,1
广东,2024,4,2024-04,餐饮,24,0,0,0.0099458642125289,0.0794076288988128,,,,,0.0,0.0,0.27811194653299914,0.1695906432748538,0.0,0.6389231608423396,0.683389061178666,-0.46146227550021074,1,常规加密抽检,1
广东,2024,5,2024-05,餐饮,57,1,1,0.0107832149964805,0.1206861828083433,0.00322575,0.00322575,32.55056963496861,1.0,127800000.0,0.989699186824377,0.8682539682539682,0.17309941520467836,0.0,0.7917048355168174,1.0597081741074383,1.2208760489757362,2,重点专项抽检,2
广东,2024,6,2024-06,餐饮,80,4,1,0.0110802652088676,0.1418322657473547,0.002159,0.002159,48.633626679018064,1.0,127800000.0,0.9846096118104372,0.8605680868838764,0.16608187134502925,0.0,0.965447009830985,1.300917044076336,1.5314015317547012,2,重点专项抽检,2
广东,2024,7,2024-07,餐饮,70,8,0,0.0099887477694232,0.1085764503665609,,,,,0.0,0.0,0.2755221386800334,0.15146198830409358,0.0,0.7416968377068195,0.711303862462089,-0.43505241768041075,0,维持/不加码,0
广东,2024,8,2024-08,餐饮,60,0,0,0.0091941769479592,0.1098194603178294,,,,,0.0,0.0,0.2739348370927318,0.14035087719298245,0.0,0.6799726010975568,0.6992004436601434,-0.45837587365330756,1,常规加密抽检,1
广东,2024,9,2024-09,餐饮,83,5,0,0.0095800541994994,0.0952522097050446,,,,,0.0,0.0,0.27343358395989975,0.1368421052631579,0.0,0.7464242851392124,0.6878838449851866,-0.44424308669655294,0,维持/不加码,0
广东,2024,10,2024-10,餐饮,45,3,1,0.0104049403383612,0.1160063492702027,0.0012962499999999,0.0012962499999999,81.00289296046287,1.0,127800000.0,0.9743661731137776,0.8508771929824561,0.14502923976608187,0.0,0.895160562844013,1.1991331130699898,1.4301368480132781,2,重点专项抽检,2
广东,2024,11,2024-11,餐饮,59,1,0,0.0096719906216728,0.1138292196406149,,,,,0.0,0.0,0.2720969089390142,0.12748538011695906,0.0,0.6987920409990682,0.6644973331183429,-0.5501738599813154,0,维持/不加码,0
广东,2024,12,2024-12,餐饮,75,7,0,0.011311517040045,0.0953206569337639,,,,,0.0,0.0,0.2746867167919799,0.1456140350877193,0.0,0.7431776866773293,0.7062945668822971,-0.4333378577762137,0,维持/不加码,0
广西,2024,4,2024-04,其他,1,1,1,0.6666666666666666,0.6666666666666666,0.0012603999999999,0.0012603999999999,83.30688670263409,1.0,50130000.0,0.9736370611700526,0.9509607351712616,0.991812865497076,0.3068528194400547,4.221442565990603,4.807178830743189,5.064504176134361,2,重点专项抽检,2
广西,2023,1,2023-01,流通,24,2,0,0.0384615384615384,0.25,,,,,0.0,0.0,0.36311612364243945,0.7646198830409356,0.0,0.5776786405483566,0.64015224324261,0.08945490570372254,1,常规加密抽检,1
广西,2023,2,2023-02,流通,26,0,0,0.0196850393700787,0.2564102564102564,,,,,0.0,0.0,0.34319131161236427,0.6251461988304093,0.0,0.6334211235035573,0.7288182415498878,-0.10644122554588889,1,常规加密抽检,1
广西,2023,3,2023-03,流通,15,0,0,0.0157828282828282,0.2628120893561104,,,,,0.0,0.0,0.3355889724310777,0.5719298245614035,0.0,0.6243165578628106,0.686104384543707,-0.18077282158824792,1,常规加密抽检,1
广西,2023,4,2023-04,流通,25,0,0,0.0117244290203067,0.2691971195908204,,,,,0.0,0.0,0.32322472848788636,0.4853801169590643,0.0,0.6269360277746742,0.6478339275657118,-0.2312411243810928,1,常规加密抽检,1
广西,2023,5,2023-05,流通,133,0,0,0.0046701169490686,0.2755570558106372,,,,,0.0,0.0,0.2820384294068505,0.19707602339181288,0.0,0.6789848420832484,0.6412404580967327,-0.4353470782621089,0,维持/不加码,0
广西,2023,6,2023-06,流通,68,1,0,0.0036829559758225,0.2198980525141288,,,,,0.0,0.0,0.27435254803675857,0.14327485380116958,0.0,0.6517596341269697,0.5806329040754449,-0.6138181294008275,0,维持/不加码,0
广西,2023,7,2023-07,流通,88,0,0,0.0028897977492252,0.2262349371629987,,,,,0.0,0.0,0.2656641604010025,0.0824561403508772,0.0,0.6196020442991657,0.5992411628066963,-0.585495541372736,0,维持/不加码,0
广西,2023,8,2023-08,流通,58,1,1,0.0051700596834203,0.3774172685211339,0.0006279,0.0006279,167.22408026755852,1.0,50270000.0,0.9470809872571015,0.8258145363408521,0.1415204678362573,0.0,0.8247292898562982,1.135980968107449,1.2841731079719458,2,重点专项抽检,2
广西,2023,9,2023-09,流通,62,5,5,0.044110739846568,0.6857955360575805,0.0010906599999999,0.0017070599999999,110.51986285308172,1.0,50270000.0,0.9650253598566196,0.8695906432748538,0.4274853801169591,0.0,1.374749730288974,1.8182728913140631,1.893751609670828,2,重点专项抽检,2
广西,2023,10,2023-10,流通,136,5,5,0.05154619631167,0.7912066534726225,0.00075808,0.0009360999999999,142.81175561566025,1.0,50270000.0,0.9548064064507404,0.8654135338345865,0.41345029239766085,0.0,2.0416370203714855,2.4493147606077508,2.5309087235559473,2,重点专项抽检,2
广西,2023,11,2023-11,流通,76,1,0,0.0467027983076007,0.736848409336957,,,,,0.0,0.0,0.3073517126148705,0.3742690058479532,0.0,1.2609176781234432,1.3614053031596898,0.3990732576614573,1,常规加密抽检,1
广西,2023,12,2023-12,流通,126,8,7,0.0556372350749812,0.7850522000270879,0.0021767857142857,0.0049518999999999,73.5603057179533,1.0,50270000.0,0.976721422241154,0.867251461988304,0.37953216374269005,0.0,1.8006666369058466,2.117862565376225,2.3333799214303705,2,重点专项抽检,2
广西,2024,1,2024-01,流通,14,0,0,0.054539639488359,0.7837210975340756,,,,,0.0,0.0,0.30835421888053466,0.38128654970760234,0.0,1.2790585611449636,1.3390149712596484,0.46721027593903885,1,常规加密抽检,1
广西,2024,2,2024-02,流通,31,2,0,0.053570584609841,0.7126190757545416,,,,,0.0,0.0,0.30802005012531325,0.37894736842105264,0.0,1.0965003469432404,1.1495384444555095,0.37144853086789725,1,常规加密抽检,1
广西,2024,3,2024-03,流通,9,0,0,0.0528897439466756,0.71162654008651,,,,,0.0,0.0,0.30860484544695066,0.3830409356725146,0.0,0.9272094948306148,1.0063667396483336,0.09927901606831495,1,常规加密抽检,1
广西,2024,4,2024-04,流通,34,0,0,0.0501691696265549,0.7105917277463322,,,,,0.0,0.0,0.3071010860484545,0.3725146198830409,0.0,1.0417697453023056,1.1156042198561877,0.19280721526726163,1,常规加密抽检,1
广西,2024,5,2024-05,流通,299,1,1,0.0348572476234522,0.7236639576345861,0.0007221999999999,0.0007221999999999,145.38908889504293,1.0,50130000.0,0.9539907946534676,0.8428571428571427,0.27485380116959063,0.0,1.7587377934303938,2.1306170858665174,2.407076691803258,2,重点专项抽检,2
广西,2024,6,2024-06,流通,108,9,9,0.0423339516723265,0.8098354717888283,0.0008885666666666,0.00175122,194.53276855051504,1.0,50130000.0,0.9384389972941408,0.843358395989975,0.28538011695906434,0.0,1.6714133640052837,1.9805032638094273,2.23460578684574,2,重点专项抽检,2
广西,2024,7,2024-07,流通,47,0,0,0.0403347484661945,0.8086993649004146,,,,,0.0,0.0,0.293984962406015,0.2807017543859649,0.0,1.3976666874708297,1.5186855610935242,0.5813725990001858,1,常规加密抽检,1
广西,2024,8,2024-08,流通,21,0,0,0.0394869139273497,0.807512429384439,,,,,0.0,0.0,0.29406850459482037,0.28128654970760236,0.0,1.356551306929471,1.4272596668492552,0.4930185396518342,1,常规加密抽检,1
广西,2024,9,2024-09,流通,438,2,1,0.0273215274948008,0.7834232220514741,0.0008923999999999,0.0008923999999999,117.6602420439265,1.0,50130000.0,0.9627657461886308,0.8315789473684211,0.18421052631578946,0.0,2.1775158861570922,2.3390655216528184,2.7264646846925276,2,重点专项抽检,2
广西,2024,10,2024-10,流通,64,1,1,0.0275455997344651,0.7905084128334658,0.0011546,0.0011546,90.94058548415036,1.0,50130000.0,0.9712213337075474,0.834920634920635,0.18771929824561404,0.0,1.5185738671473124,2.0258335505617016,2.1918776545262553,2,重点专项抽检,2
广西,2024,11,2024-11,流通,39,0,0,0.0275248920916748,0.7893619230132398,,,,,0.0,0.0,0.28128654970760236,0.19181286549707602,0.0,1.1859535612223726,1.315080855987269,0.23054875211291326,1,常规加密抽检,1
广西,2024,12,2024-12,流通,177,0,0,0.0262374596046741,0.7881648273571331,,,,,0.0,0.0,0.2781954887218045,0.17017543859649123,0.0,1.3149781883551115,1.3582831871365555,0.23615701673566675,1,常规加密抽检,1
广西,2023,1,2023-01,生产,5,0,0,0.1428571428571428,0.5,,,,,0.0,0.0,0.387468671679198,0.9350877192982456,0.0,0.8163774969993315,1.0185641914065442,0.5042795132166641,1,常规加密抽检,1
广西,2023,2,2023-02,生产,18,0,0,0.0404040404040404,0.5,,,,,0.0,0.0,0.3646616541353383,0.775438596491228,0.0,0.7603340877616197,0.9385946568123053,0.3135926267607183,1,常规加密抽检,1
广西,2023,3,2023-03,生产,51,5,5,0.0804154799798961,0.8571428571428571,0.0014508399999999,0.0036965599999999,277.82533960056355,1.0,50270000.0,0.9120805887339988,0.9086883876357561,0.7339181286549707,0.0,2.3042007297403106,2.8584630602730936,2.8938009250210834,2,重点专项抽检,2
广西,2023,4,2023-04,生产,358,5,5,0.0343837370751386,0.9148936170212766,0.00097658,0.00146648,117.3019018244111,1.0,50270000.0,0.9628791449922748,0.86265664160401,0.3824561403508772,0.0,2.9568867373099295,3.297341201463965,3.4492956592484183,2,重点专项抽检,2
广西,2023,5,2023-05,生产,287,3,3,0.0375198244360138,0.92988606485539,0.0009160899999999,0.0012779029999999,125.614469175203,1.0,50270000.0,0.9602485857040496,0.8527151211361738,0.316374269005848,0.0,2.945206487565401,3.2648462183276306,3.4143317350965314,2,重点专项抽检,2
广西,2023,6,2023-06,生产,283,1,1,0.0411551728452555,0.9317377021203976,0.0006279,0.0006279,167.22408026755852,1.0,50270000.0,0.9470809872571015,0.8466165413533834,0.28713450292397663,0.0,2.730560823888791,3.0619738933981817,3.205809250400102,2,重点专项抽检,2
广西,2023,7,2023-07,生产,197,3,3,0.0410987343013518,0.9412349116044522,0.0007490333333333,0.00081489,141.21281605186712,1.0,50270000.0,0.9553123999835864,0.8454469507101087,0.27134502923976606,0.0,2.8392463574893743,3.175708131249726,3.315189171997111,2,重点专项抽检,2
广西,2023,8,2023-08,生产,466,4,4,0.0370399030551138,0.9506564199582752,0.0006003,0.00062215,175.03639644728102,1.0,50270000.0,0.9446087353014934,0.8353383458646617,0.20994152046783626,0.0,3.1596763708346485,3.455703302557954,3.602221015696466,2,重点专项抽检,2
广西,2023,9,2023-09,生产,529,1,1,0.0280790891524263,0.9508666095585688,0.001058,0.001058,99.24385633270322,1.0,50270000.0,0.9685937163504104,0.8310776942355889,0.14736842105263157,0.0,2.9483616877151904,3.1565980625132566,3.4392582468773405,2,重点专项抽检,2
广西,2023,10,2023-10,生产,668,4,4,0.0254254521224093,0.9573290002284314,0.000832025,0.00113873,133.3241283875482,1.0,50270000.0,0.9578088201305228,0.8210526315789474,0.09824561403508772,0.0,3.0990527598090485,3.357825044942156,3.6047952078316294,2,重点专项抽检,2
广西,2023,11,2023-11,生产,403,4,4,0.0314148023676762,0.9620685736410284,0.0025369,0.0043055999999999,54.51041201044707,1.0,50270000.0,0.9827498696169472,0.8331662489557227,0.10935672514619883,0.0,3.08270612564736,3.431822763717779,3.631981504776196,2,重点专项抽检,2
广西,2023,12,2023-12,生产,944,18,18,0.0348482533990851,0.9768224484432236,0.0016898611111111,0.0028117499999999,74.17018356972716,1.0,50270000.0,0.9765284229209724,0.8258980785296576,0.0912280701754386,0.0,2.499568666005821,3.0004428006662556,3.178303885565719,2,重点专项抽检,2
广西,2024,1,2024-01,生产,1,0,0,0.0348516551918677,0.975661955863684,,,,,0.0,0.0,0.2680033416875522,0.09883040935672514,0.3068528194400547,2.2196706073357277,2.3002514461811443,1.840750750855531,1,常规加密抽检,1
广西,2024,2,2024-02,生产,54,2,2,0.034901326896312,0.9756889385330014,0.0007797,0.00093909,141.99287063749392,1.0,50130000.0,0.955065547266616,0.8185463659147869,0.1023391812865497,0.0,2.5235118631442495,2.9794699653231618,3.053524224160858,2,重点专项抽检,2
广西,2024,3,2024-03,生产,261,2,2,0.032828772148048,0.975714516710241,0.00077625,0.0008828549999999,138.49037963266196,1.0,50130000.0,0.956173930495993,0.8172096908939014,0.09064327485380116,0.0,3.0163057448511505,3.3207279766536937,3.5230615238537797,2,重点专项抽检,2
广西,2024,4,2024-04,生产,170,1,1,0.0317915839638774,0.9751355232917972,0.0010603,0.0010603,99.02857681788174,1.0,50130000.0,0.9686618427791512,0.8202172096908938,0.08830409356725147,0.0,2.7892185273061574,3.1140279070512147,3.2378591476412897,2,重点专项抽检,2
广西,2024,5,2024-05,生产,489,9,9,0.0316575960297995,0.9788615320794192,0.0022471,0.0069082799999999,89.81199065517325,1.0,50130000.0,0.9715784839698818,0.8200501253132833,0.08128654970760234,0.0,2.915209558104473,3.3561470943251783,3.4683063329334174,2,重点专项抽检,2
广西,2024,6,2024-06,生产,390,6,6,0.0315813542686308,0.9804081999609234,0.00118105,0.002021125,104.9753555059615,1.0,50130000.0,0.9667799507892528,0.8179615705931494,0.0783625730994152,0.0,3.0702062732379005,3.3938273853171967,3.6269473458883845,2,重点专项抽检,2
广西,2024,7,2024-07,生产,195,2,2,0.0312984216839954,0.9802331203608682,0.00165715,0.0019045149999999,65.15409100774072,1.0,50130000.0,0.9793816167697024,0.8231411862990811,0.07719298245614035,0.0,2.9691924876491025,3.2484687986241365,3.426919476010444,2,重点专项抽检,2
广西,2024,8,2024-08,生产,428,4,4,0.0304934564956196,0.9808282908587976,0.000835475,0.0010482249999999,129.8695345103176,1.0,50130000.0,0.9589020460410388,0.8141186299081035,0.06666666666666667,0.0,3.1656429625760945,3.496991262448557,3.706932968127852,2,重点专项抽检,2
广西,2024,9,2024-09,生产,1006,21,21,0.0339967561622081,0.9858461552508022,0.0010764,0.0018629999999999,111.06964689482278,1.0,50130000.0,0.9648513775649296,0.8142857142857143,0.05964912280701754,0.0,2.6106145573943556,3.099865437949931,3.246037813587121,2,重点专项抽检,2
广西,2024,10,2024-10,生产,1005,22,22,0.0399244531427902,0.98879169694557,0.0007655863636363,0.0014691249999999,198.37419267323395,1.0,50130000.0,0.9372233567489766,0.8111946532999165,0.06140350877192982,0.0,2.6489337653279774,3.156590554619874,3.265320007263139,2,重点专项抽检,2
广西,2024,11,2024-11,生产,384,9,9,0.0436595075564462,0.9893456745407564,0.0013064,0.0028979999999999,106.68546461460517,1.0,50130000.0,0.9662387770206944,0.8162071846282373,0.0695906432748538,0.0,2.9264608824065705,3.3274811343837203,3.513580157100236,2,重点专项抽检,2
广西,2024,12,2024-12,生产,392,3,3,0.045676515562673,0.9891617318863556,0.0010365333333333,0.00142278,112.70641164815996,1.0,50130000.0,0.9643334140353924,0.8157894736842105,0.07134502923976609,0.0,3.261094020740465,3.558732518796952,3.78910039831569,2,重点专项抽检,2
广西,2023,1,2023-01,餐饮,5,0,0,0.1428571428571428,0.5,,,,,0.0,0.0,0.387468671679198,0.9350877192982456,0.0,0.8163774969993315,1.0185641914065442,0.5042795132166641,1,常规加密抽检,1
广西,2023,2,2023-02,餐饮,4,0,0,0.0930232558139534,0.5,,,,,0.0,0.0,0.3822890559732665,0.8988304093567251,0.0,0.7637126624093785,1.0119929812923432,0.4429928065345756,1,常规加密抽检,1
广西,2023,3,2023-03,餐饮,1,0,0,0.0883977900552486,0.5,,,,,0.0,0.0,0.381203007518797,0.8912280701754386,0.3068528194400547,0.7139820341710649,0.8976726224272973,0.8427659165159663,1,常规加密抽检,1
广西,2023,4,2023-04,餐饮,12,0,0,0.0437696621529202,0.5,,,,,0.0,0.0,0.3663324979114453,0.7871345029239766,0.0,0.7557352693519336,0.9315311471328266,0.29865205064347133,1,常规加密抽检,1
广西,2023,5,2023-05,餐饮,14,0,0,0.055858851664201,0.5,,,,,0.0,0.0,0.36399331662489554,0.7707602339181286,0.0,0.756070326369901,0.9104269468490306,0.2309991691309249,1,常规加密抽检,1
广西,2023,6,2023-06,餐饮,13,0,0,0.0413887037691412,0.5,,,,,0.0,0.0,0.35630743525480363,0.7169590643274854,0.0,0.7430211097204794,0.8515598978739296,0.1370485780043283,1,常规加密抽检,1
广西,2023,8,2023-08,餐饮,43,0,0,0.0216541150027799,0.5,,,,,0.0,0.0,0.3353383458646616,0.5701754385964912,0.0,0.6943149145512041,0.7321377763392066,-0.021660945976356476,1,常规加密抽检,1
广西,2023,9,2023-09,餐饮,1,0,0,0.0219637025292415,0.5,,,,,0.0,0.0,0.3360902255639098,0.5754385964912281,0.3068528194400547,0.6238842032503839,0.7581429335169662,0.5241671676575268,1,常规加密抽检,1
广西,2023,10,2023-10,餐饮,11,0,0,0.0198442508949945,0.5,,,,,0.0,0.0,0.3323308270676692,0.5491228070175439,0.0,0.6497461201383453,0.7451437028766371,-0.09353487191145834,1,常规加密抽检,1
广西,2023,11,2023-11,餐饮,19,0,0,0.0167392292903854,0.5,,,,,0.0,0.0,0.3253968253968254,0.5005847953216375,0.0,0.6747266145184126,0.7127251525397197,-0.15918063864437174,1,常规加密抽检,1
广西,2023,12,2023-12,餐饮,20,1,1,0.0226476323825024,0.6666666666666666,0.004071,0.004071,25.79218865143699,1.0,50270000.0,0.9918379149837224,0.9040100250626566,0.5245614035087719,0.0,0.7671304241897612,1.2595446225541715,1.5797220880552771,2,重点专项抽检,2
广西,2024,1,2024-01,餐饮,1,0,0,0.0228642243611971,0.6610169491525423,,,,,0.0,0.0,0.32999164578111945,0.5327485380116959,0.3068528194400547,0.7507549863778724,0.9443619281182566,0.7394442872531439,1,常规加密抽检,1
广西,2024,3,2024-03,餐饮,8,0,0,0.021719792658673,0.6554694229112834,,,,,0.0,0.0,0.3283208020050125,0.5210526315789473,0.0,0.819539459169395,0.8817510364437008,0.06126198757036248,1,常规加密抽检,1
广西,2024,5,2024-05,餐饮,29,0,0,0.0176014619721675,0.6500284351896408,,,,,0.0,0.0,0.32096908939014196,0.4695906432748538,0.0,0.8280673453009152,0.865500947992064,-0.028309344531692676,1,常规加密抽检,1
广西,2024,6,2024-06,餐饮,29,0,0,0.0147721821848272,0.6446978932805709,,,,,0.0,0.0,0.31261487050960735,0.4111111111111111,0.0,0.7654010530518122,0.808431043946163,-0.1486511692155159,1,常规加密抽检,1
广西,2024,7,2024-07,餐饮,12,0,0,0.0140026268002323,0.63948126310894,,,,,0.0,0.0,0.31010860484544694,0.3935672514619883,0.0,0.7565297192635995,0.7814105826010266,-0.14018366362668921,1,常规加密抽检,1
广西,2024,8,2024-08,餐饮,7,0,0,0.0137049797361928,0.6343815710807842,,,,,0.0,0.0,0.3094402673350042,0.3888888888888889,0.0,0.7421087823791416,0.778260474073972,-0.1522091109140326,1,常规加密抽检,1
广西,2024,9,2024-09,餐饮,14,0,0,0.0128713613657779,0.6294014089907696,,,,,0.0,0.0,0.3069340016708438,0.3713450292397661,0.0,0.7052104837377747,0.7390751147579114,-0.20294317817006474,1,常规加密抽检,1
广西,2024,10,2024-10,餐饮,28,0,0,0.0112423841698562,0.6245429417555333,,,,,0.0,0.0,0.30142021720969087,0.3327485380116959,0.0,0.6453446016048835,0.6923656470512648,-0.31912137204129926,1,常规加密抽检,1
广西,2024,11,2024-11,餐饮,16,0,0,0.0105803249854361,0.619807917719597,,,,,0.0,0.0,0.2993316624895573,0.31812865497076026,0.0,0.6228975826821465,0.6774570435514746,-0.32521078174079887,1,常规加密抽检,1
广西,2024,12,2024-12,餐饮,46,0,0,0.0087102055530146,0.6151976812654713,,,,,0.0,0.0,0.29298245614035084,0.2736842105263158,0.0,0.5956029082452007,0.6330089015685962,-0.4613059529021052,1,常规加密抽检,1
新疆,2023,1,2023-01,流通,2,0,0,0.25,0.5,,,,,0.0,0.0,0.3927318295739348,0.9719298245614035,0.0,0.9623560465135498,1.1383928804756471,0.6665237804141428,1,常规加密抽检,1
新疆,2023,3,2023-03,流通,1,0,0,0.2040816326530612,0.5,,,,,0.0,0.0,0.39147869674185465,0.9631578947368421,0.3068528194400547,0.8068696725420251,0.926731986789863,0.8709853093226406,1,常规加密抽检,1
新疆,2023,4,2023-04,流通,2,0,0,0.1480384900074019,0.5,,,,,0.0,0.0,0.3883040935672515,0.9409356725146198,0.0,0.8016821455142448,1.0263134368113538,0.4966382899681512,1,常规加密抽检,1
新疆,2023,5,2023-05,流通,5,0,0,0.0868262823156569,0.5,,,,,0.0,0.0,0.38095238095238093,0.8894736842105263,0.0,0.7752398057212321,1.0237647035090038,0.4561669504511222,1,常规加密抽检,1
新疆,2023,6,2023-06,流通,7,0,0,0.0554281093956881,0.5,,,,,0.0,0.0,0.3715121136173768,0.8233918128654971,0.0,0.7827450324740959,0.9599253633778094,0.35791359167905523,1,常规加密抽检,1
新疆,2023,7,2023-07,流通,1,0,0,0.0548266110140013,0.5,,,,,0.0,0.0,0.37142857142857144,0.8228070175438597,0.3068528194400547,0.7012871972534576,0.8565039319236926,0.7963979592251135,1,常规加密抽检,1
新疆,2023,8,2023-08,流通,2,0,0,0.0514738183948127,0.5,,,,,0.0,0.0,0.3700083542188805,0.8128654970760234,0.0,0.7865361458265,0.932651960290266,0.30332930920765877,1,常规加密抽检,1
新疆,2023,10,2023-10,流通,1,0,0,0.1022704834407065,0.5,,,,,0.0,0.0,0.37744360902255636,0.8649122807017544,0.3068528194400547,0.6939014144186998,0.9022000808838784,0.8332177402635809,1,常规加密抽检,1
新疆,2023,11,2023-11,流通,5,0,0,0.1245872499508745,0.5,,,,,0.0,0.0,0.377360066833751,0.8643274853801169,0.0,0.7427490403096577,0.9033238062077572,0.3154660594446613,1,常规加密抽检,1
新疆,2023,12,2023-12,流通,9,0,0,0.1535879468587256,0.5,,,,,0.0,0.0,0.3764411027568922,0.8578947368421053,0.0,0.662218946207927,0.7775012052571019,0.2841867331325524,1,常规加密抽检,1
新疆,2024,1,2024-01,流通,3,0,0,0.1407198125508818,0.5,,,,,0.0,0.0,0.37527151211361737,0.8497076023391813,0.0,0.7213558717097853,0.8384694103985703,0.2652260137595094,1,常规加密抽检,1
新疆,2024,2,2024-02,流通,4,0,0,0.1259006756614915,0.5,,,,,0.0,0.0,0.37284878863826226,0.8327485380116959,0.0,0.7294880097707768,0.8623123927588141,0.2605814110848417,1,常规加密抽检,1
新疆,2024,3,2024-03,流通,1,0,0,0.1233637353213895,0.5,,,,,0.0,0.0,0.37293233082706767,0.8333333333333334,0.3068528194400547,0.6883550535084731,0.9139940044433994,0.8322969383469834,1,常规加密抽检,1
新疆,2024,4,2024-04,流通,1,0,0,0.1208605811403333,0.5,,,,,0.0,0.0,0.3730994152046784,0.8345029239766082,0.3068528194400547,0.6885072470652415,0.9113108768090353,0.8319331182599621,1,常规加密抽检,1
新疆,2024,6,2024-06,流通,1,0,0,0.1183937669907168,0.5,,,,,0.0,0.0,0.373015873015873,0.8339181286549707,0.3068528194400547,0.6891730907500394,0.9086304999654067,0.8301602837701615,1,常规加密抽检,1
新疆,2024,9,2024-09,流通,2,0,0,0.1125593074964899,0.5,,,,,0.0,0.0,0.37226399331662485,0.8286549707602339,0.0,0.7414643592761528,0.897071453599121,0.2837889285600667,1,常规加密抽检,1
新疆,2024,10,2024-10,流通,1,0,0,0.1103520174703261,0.5,,,,,0.0,0.0,0.37234753550543026,0.8292397660818713,0.3068528194400547,0.6921311992185246,0.8992160643324715,0.8173030257200887,1,常规加密抽检,1
新疆,2024,11,2024-11,流通,1,0,0,0.108180179049242,0.5,,,,,0.0,0.0,0.37218045112781956,0.8280701754385965,0.3068528194400547,0.6936065549324346,0.8969108779433626,0.8136122534709984,1,常规加密抽检,1
新疆,2024,12,2024-12,流通,2,0,0,0.102863660464485,0.5,,,,,0.0,0.0,0.3713450292397661,0.8222222222222222,0.0,0.742570712317587,0.913990290094998,0.28289159389590546,1,常规加密抽检,1
新疆,2023,5,2023-05,生产,1,0,0,0.3333333333333333,0.5,,,,,0.0,0.0,0.39557226399331663,0.991812865497076,0.3068528194400547,0.8535117258293617,1.039199005213665,1.0369628048992694,1,常规加密抽检,1
新疆,2023,6,2023-06,生产,1,0,0,0.2531645569620253,0.5,,,,,0.0,0.0,0.393734335839599,0.9789473684210527,0.3068528194400547,0.8390859258333923,1.0143777417460038,0.9736888644288973,1,常规加密抽检,1
新疆,2023,7,2023-07,生产,2,0,0,0.1708671507902605,0.5,,,,,0.0,0.0,0.3895989974937343,0.95,0.0,0.8474357237131732,1.0796017442383343,0.5785960196413364,1,常规加密抽检,1
新疆,2023,10,2023-10,生产,1,0,0,0.3003059366729856,0.5,,,,,0.0,0.0,0.391311612364244,0.9619883040935673,0.3068528194400547,0.7498669926426117,1.0340206553314164,0.8573214993631644,1,常规加密抽检,1
新疆,2023,11,2023-11,生产,1,0,0,0.2625597386520755,0.5,,,,,0.0,0.0,0.3902255639097744,0.9543859649122807,0.3068528194400547,0.8002099359541698,1.0194643095263138,0.8383135198903747,1,常规加密抽检,1
新疆,2024,2,2024-02,生产,3,0,0,0.1873362250439792,0.5,,,,,0.0,0.0,0.38705096073517126,0.9321637426900585,0.0,0.7729335285514934,0.8808000058012616,0.3841382102565422,1,常规加密抽检,1
新疆,2024,3,2024-03,生产,1,0,0,0.1728150743313075,0.5,,,,,0.0,0.0,0.3863826232247285,0.927485380116959,0.3068528194400547,0.7286616842741173,1.0294504266776434,0.8754021582439934,1,常规加密抽检,1
新疆,2024,4,2024-04,生产,1,0,0,0.1604285164087815,0.5,,,,,0.0,0.0,0.38588137009189644,0.9239766081871345,0.3068528194400547,0.7019563537336954,0.9928758605148024,0.882017087258364,1,常规加密抽检,1
新疆,2024,6,2024-06,生产,3,0,0,0.1281184313269744,0.5,,,,,0.0,0.0,0.3828738512949039,0.9029239766081871,0.0,0.7473231886561233,0.937830876743735,0.38195912603205634,1,常规加密抽检,1
新疆,2024,7,2024-07,生产,1,0,0,0.1217385284174365,0.5,,,,,0.0,0.0,0.38203842940685045,0.8970760233918129,0.3068528194400547,0.6788024921004056,0.9238346135232123,0.8549437449321566,1,常规加密抽检,1
新疆,2024,8,2024-08,生产,1,0,0,0.1160068007362354,0.5,,,,,0.0,0.0,0.38128654970760234,0.8918128654970761,0.3068528194400547,0.6806355985986482,0.9235461706277205,0.8470516181838902,1,常规加密抽检,1
新疆,2024,9,2024-09,生产,3,0,0,0.0978023428223983,0.5,,,,,0.0,0.0,0.3782790309106098,0.8707602339181286,0.0,0.7580956488429268,0.9624886530815725,0.34106293767578766,1,常规加密抽检,1
新疆,2024,10,2024-10,生产,3,0,0,0.1365825345963907,0.5,,,,,0.0,0.0,0.37936507936507935,0.8783625730994152,0.0,0.7307306445241228,0.8896490735783316,0.34134317284568916,1,常规加密抽检,1
新疆,2024,12,2024-12,生产,5,0,0,0.1089450424854587,0.5,,,,,0.0,0.0,0.37635756056808684,0.8573099415204678,0.0,0.7582515342592456,0.928011709113744,0.31728118826015306,1,常规加密抽检,1
新疆,2023,3,2023-03,餐饮,11,0,0,0.0769230769230769,0.5,,,,,0.0,0.0,0.3784878863826232,0.8722222222222222,0.0,0.7879013612107043,1.0385545677098493,0.49195434482544775,1,常规加密抽检,1
新疆,2023,4,2023-04,餐饮,11,0,0,0.0426439232409381,0.5,,,,,0.0,0.0,0.3657477025898079,0.7830409356725146,0.0,0.7569824663432873,0.9211951503575914,0.2841936740235528,1,常规加密抽检,1
新疆,2023,5,2023-05,餐饮,32,0,0,0.018389959082341,0.5,,,,,0.0,0.0,0.3410192147034253,0.6099415204678362,0.0,0.7090235541238691,0.7654780807281675,0.05914687688627017,1,常规加密抽检,1
新疆,2023,6,2023-06,餐饮,15,0,0,0.0149793378758175,0.5,,,,,0.0,0.0,0.333249791144528,0.5555555555555556,0.0,0.6785045097954144,0.7505718924753952,-0.08013894613228513,1,常规加密抽检,1
新疆,2023,7,2023-07,餐饮,35,0,0,0.0101501518304117,0.5,,,,,0.0,0.0,0.3157894736842105,0.43333333333333335,0.0,0.6087538717740236,0.6580528715544637,-0.29462315116782334,1,常规加密抽检,1
新疆,2023,8,2023-08,餐饮,6,0,0,0.0100306276123888,0.5,,,,,0.0,0.0,0.31545530492898916,0.43099415204678365,0.0,0.5758394334347979,0.6653481885694985,-0.2651195343149466,1,常规加密抽检,1
新疆,2023,9,2023-09,餐饮,21,0,0,0.0086348384252966,0.5,,,,,0.0,0.0,0.30685045948203843,0.3707602339181287,0.0,0.5391552149965734,0.6153402682839964,-0.39341392648169826,1,常规加密抽检,1
新疆,2023,10,2023-10,餐饮,10,0,0,0.0083250478430716,0.5,,,,,0.0,0.0,0.30526315789473685,0.35964912280701755,0.0,0.5248342164826942,0.6077953030520814,-0.38506601260269274,1,常规加密抽检,1
新疆,2023,11,2023-11,餐饮,22,0,0,0.0073414184793467,0.5,,,,,0.0,0.0,0.2995822890559733,0.3198830409356725,0.0,0.48644802306566615,0.5743374048609795,-0.4854224253809679,1,常规加密抽检,1
新疆,2023,12,2023-12,餐饮,10,0,0,0.007168315651525,0.5,,,,,0.0,0.0,0.2982456140350877,0.3105263157894737,0.0,0.48079067837613054,0.5643803763457148,-0.4616398207231135,1,常规加密抽检,1
新疆,2024,1,2024-01,餐饮,10,0,0,0.007011263434171,0.5,,,,,0.0,0.0,0.29757727652464494,0.30584795321637426,0.0,0.47687948533111213,0.56037043042147,-0.4695143270883587,1,常规加密抽检,1
新疆,2024,2,2024-02,餐饮,9,0,0,0.0069158080130823,0.5,,,,,0.0,0.0,0.29699248120300753,0.3017543859649123,0.0,0.47792894338957037,0.5616667288511271,-0.4730758392197397,1,常规加密抽检,1
新疆,2024,3,2024-03,餐饮,32,0,0,0.0059008729826978,0.5,,,,,0.0,0.0,0.29197994987468673,0.26666666666666666,0.0,0.44955267719482117,0.5208805734501554,-0.6011012217058623,1,常规加密抽检,1
新疆,2024,4,2024-04,餐饮,14,0,0,0.0057112464141597,0.5,,,,,0.0,0.0,0.29064327485380115,0.2573099415204678,0.0,0.4221416616926752,0.5137289351059223,-0.5768358474513328,1,常规加密抽检,1
新疆,2024,5,2024-05,餐饮,5,0,0,0.0058329964687508,0.5,,,,,0.0,0.0,0.2914786967418546,0.2631578947368421,0.0,0.462791144234066,0.5308004787751606,-0.5213618318140381,1,常规加密抽检,1
新疆,2024,6,2024-06,餐饮,7,0,0,0.005883510673854,0.5,,,,,0.0,0.0,0.29172932330827067,0.2649122807017544,0.0,0.45766817075773203,0.5366939084285198,-0.527157473805537,1,常规加密抽检,1
新疆,2024,7,2024-07,餐饮,9,0,0,0.0117255136492931,0.5,,,,,0.0,0.0,0.30509607351712614,0.3584795321637427,0.0,0.5212650260366468,0.6060032309801273,-0.3868594046153749,1,常规加密抽检,1
新疆,2024,8,2024-08,餐饮,10,0,0,0.011328001371398,0.5,,,,,0.0,0.0,0.304093567251462,0.3514619883040936,0.0,0.5134263638182629,0.5962952533299132,-0.3998452633560213,1,常规加密抽检,1
新疆,2024,9,2024-09,餐饮,13,0,0,0.0107709315220962,0.5,,,,,0.0,0.0,0.30242272347535504,0.33976608187134505,0.0,0.5018431532274913,0.5767021456695808,-0.42951579053576916,1,常规加密抽检,1
新疆,2024,10,2024-10,餐饮,6,0,0,0.0106806349384562,0.5,,,,,0.0,0.0,0.30275689223057645,0.34210526315789475,0.0,0.5128737810644485,0.6003488253990005,-0.39881282308355503,1,常规加密抽检,1
新疆,2024,11,2024-11,餐饮,6,0,0,0.0105921858323461,0.5,,,,,0.0,0.0,0.3029239766081871,0.34327485380116957,0.0,0.5136450082016467,0.6013007491034422,-0.3970268553981498,1,常规加密抽检,1
新疆,2024,12,2024-12,餐饮,5,1,1,0.0165262601041617,0.6666666666666666,0.0004621666666666,0.0004621666666666,227.1907681211684,1.0,26230000.0,0.9281041873034278,0.8568086883876358,0.4245614035087719,0.0,0.8196225882267436,1.2955611582623625,1.6682318763728985,2,重点专项抽检,2
未知,2024,6,2024-06,流通,2,0,0,0.25,0.5,,,,,,0.0,0.3927318295739348,0.9719298245614035,0.0,0.9623560465135498,1.1383928804756471,0.6665237804141428,1,常规加密抽检,1
江苏,2023,1,2023-01,流通,112,1,0,0.0175438596491228,0.3333333333333333,,,,,0.0,0.0,0.32481203007518794,0.4964912280701754,0.0,0.7060044404050018,0.6855040970477634,-0.23516514258622567,0,维持/不加码,0
江苏,2023,2,2023-02,流通,91,0,0,0.0097793380140421,0.3389830508474576,,,,,0.0,0.0,0.2974101921470343,0.30467836257309944,0.0,0.6386780165495987,0.5832001134225634,-0.36437082484056216,0,维持/不加码,0
江苏,2023,3,2023-03,流通,57,0,0,0.0077171135358779,0.3445305770887166,,,,,0.0,0.0,0.2898078529657477,0.25146198830409355,0.0,0.5614217229560614,0.5212608570050442,-0.4859793704689277,0,维持/不加码,0
江苏,2023,4,2023-04,流通,88,2,0,0.0057628136213227,0.2058725134460485,,,,,0.0,0.0,0.2779448621553885,0.16842105263157894,0.0,0.7060551706067238,0.6235827993301173,-0.5518607402571245,0,维持/不加码,0
江苏,2023,5,2023-05,流通,57,0,0,0.0077473071836261,0.2121112894908136,,,,,0.0,0.0,0.2817878028404344,0.1953216374269006,0.0,0.6172399105304921,0.6137662204226277,-0.48615745604160837,0,维持/不加码,0
江苏,2023,6,2023-06,流通,107,0,0,0.0060230803475845,0.2183987427330378,,,,,0.0,0.0,0.27401837928153716,0.1409356725146199,0.0,0.6599687811446107,0.640934021584808,-0.5123899124262651,0,维持/不加码,0
江苏,2023,7,2023-07,流通,144,2,1,0.0098265068209395,0.3100851205216438,0.0027118333333333,0.0027118333333333,38.719193657427326,1.0,85260000.0,0.9877470906147382,0.8543024227234753,0.16432748538011696,0.0,0.7871871505734077,1.0865170640185045,1.36103797152522,2,重点专项抽检,2
江苏,2023,8,2023-08,流通,98,0,0,0.0084053563968611,0.3131348107702547,,,,,0.0,0.0,0.27360066833751046,0.13801169590643275,0.0,0.6005415521074141,0.551748716290351,-0.532921221110481,0,维持/不加码,0
江苏,2023,9,2023-09,流通,125,0,0,0.0097618699525776,0.3162409566948262,,,,,0.0,0.0,0.2737677527151211,0.1391812865497076,0.0,0.6255701874496176,0.5740137900786874,-0.5074264463891357,0,维持/不加码,0
江苏,2023,10,2023-10,流通,74,1,0,0.0088911909603692,0.2725348604656341,,,,,0.0,0.0,0.27059314954051794,0.11695906432748537,0.0,0.6186248517085592,0.5546728087836641,-0.6186670638482281,0,维持/不加码,0
江苏,2023,11,2023-11,流通,99,0,0,0.0090937373901747,0.2759947093960815,,,,,0.0,0.0,0.26934001670843777,0.10818713450292397,0.0,0.6101003854654771,0.5734020334075897,-0.5552474845962787,0,维持/不加码,0
江苏,2023,12,2023-12,流通,220,18,2,0.011117497927314,0.1550080917307632,0.0013205833333333,0.0024455083333333,763.348570317059,1.0,85260000.0,0.7584339967351079,0.8268170426065163,0.10994152046783626,0.0,0.8895464809621203,1.2059102036009068,1.4190720988635752,2,重点专项抽检,2
江苏,2024,1,2024-01,流通,174,0,0,0.0094572364365255,0.1564933065779289,,,,,0.0,0.0,0.2655806182121972,0.08187134502923976,0.0,0.7405991429784908,0.7483606773383925,-0.4776428632606875,1,常规加密抽检,1
江苏,2024,2,2024-02,流通,39,0,0,0.0091712131113559,0.1580429377546743,,,,,0.0,0.0,0.26532999164578114,0.08011695906432749,0.0,0.5926743134039534,0.6073546973596446,-0.5956307198793667,1,常规加密抽检,1
江苏,2024,3,2024-03,流通,67,0,0,0.0086705206133727,0.1596590952662168,,,,,0.0,0.0,0.2647451963241437,0.07602339181286549,0.0,0.630364008118827,0.6336637092855084,-0.5689086634627278,1,常规加密抽检,1
江苏,2024,4,2024-04,流通,43,0,0,0.0083804289347177,0.1613438916271912,,,,,0.0,0.0,0.26416040100250626,0.07192982456140351,0.0,0.5951863320388621,0.6056858674584066,-0.6029234555048385,1,常规加密抽检,1
江苏,2024,5,2024-05,流通,58,0,0,0.0079896949784586,0.1630994343449749,,,,,0.0,0.0,0.26324143692564744,0.06549707602339182,0.0,0.6145931113025733,0.6167898189433798,-0.5935155075332758,1,常规加密抽检,1
江苏,2024,6,2024-06,流通,49,3,2,0.0094813074961143,0.2351792115431728,0.0047523333333333,0.0047602833333333,22.09448609785913,1.0,85260000.0,0.9930080740196648,0.8511278195488722,0.08362573099415205,0.0,0.7386787066509448,1.021060708475219,1.2336195561887966,2,重点专项抽检,2
江苏,2024,7,2024-07,流通,108,1,0,0.0103620401393063,0.225451935313972,,,,,0.0,0.0,0.2661654135338346,0.08596491228070176,0.0,0.678971619692904,0.605128502433925,-0.626312399280059,0,维持/不加码,0
江苏,2024,8,2024-08,流通,111,0,0,0.0135661903087241,0.2267923648639966,,,,,0.0,0.0,0.2698412698412698,0.11169590643274854,0.0,0.6534382408261709,0.6354017478251759,-0.5272887527790971,0,维持/不加码,0
江苏,2024,9,2024-09,流通,82,0,0,0.0159378352119527,0.2281892753896176,,,,,0.0,0.0,0.27284878863826234,0.1327485380116959,0.0,0.6250853775804225,0.6129999166611786,-0.5272336570310179,0,维持/不加码,0
江苏,2024,10,2024-10,流通,101,0,0,0.0170642296638239,0.2296443577969152,,,,,0.0,0.0,0.2738512949039265,0.13976608187134504,0.0,0.6480154831306764,0.6322909020594077,-0.5029022527932544,0,维持/不加码,0
江苏,2024,11,2024-11,流通,228,7,0,0.0185610531264832,0.1660337398716769,,,,,0.0,0.0,0.272765246449457,0.13216374269005848,0.0,0.8304886207758134,0.8791417767997808,-0.32409782215665406,1,常规加密抽检,1
江苏,2024,12,2024-12,流通,218,2,0,0.0204519590869672,0.1544140160759077,,,,,0.0,0.0,0.2725981620718463,0.13099415204678364,0.0,0.7993135198018131,0.7214859537144839,-0.5089252371565022,0,维持/不加码,0
江苏,2023,1,2023-01,生产,6,0,0,0.125,0.5,,,,,0.0,0.0,0.38625730994152047,0.9266081871345029,0.0,0.7867937067444792,1.0000466490252258,0.4860114291496722,1,常规加密抽检,1
江苏,2023,2,2023-02,生产,5,0,0,0.0787401574803149,0.5,,,,,0.0,0.0,0.37903091060985794,0.8760233918128655,0.0,0.7826841231127882,1.025333067154167,0.4408139193480254,1,常规加密抽检,1
江苏,2023,3,2023-03,生产,8,0,0,0.0495908752789486,0.5,,,,,0.0,0.0,0.36875522138680034,0.804093567251462,0.0,0.7685777309766633,0.9367785661555686,0.3300436602779325,1,常规加密抽检,1
江苏,2023,4,2023-04,生产,8,0,0,0.0366881598136241,0.5,,,,,0.0,0.0,0.36182121971595654,0.7555555555555555,0.0,0.7484702161432523,0.8837919033669336,0.22515972763486725,1,常规加密抽检,1
江苏,2023,5,2023-05,生产,20,0,0,0.021742007705911,0.5,,,,,0.0,0.0,0.3468671679197995,0.6508771929824562,0.0,0.7205271625169981,0.8137701584886615,0.08654085223456036,1,常规加密抽检,1
江苏,2023,6,2023-06,生产,5,0,0,0.0204942319816665,0.5,,,,,0.0,0.0,0.3449456975772765,0.6374269005847953,0.0,0.686547655050606,0.7942304891900497,0.031787778079156045,1,常规加密抽检,1
江苏,2023,7,2023-07,生产,5,0,0,0.0194346438656444,0.5,,,,,0.0,0.0,0.34260651629072686,0.6210526315789474,0.0,0.6774763791947043,0.7859123372644715,0.013835016625829435,1,常规加密抽检,1
江苏,2023,8,2023-08,生产,7,0,0,0.0178629544642136,0.5,,,,,0.0,0.0,0.339766081871345,0.6011695906432749,0.0,0.6640954014396997,0.776858016453111,-0.010535523864194665,1,常规加密抽检,1
江苏,2023,9,2023-09,生产,23,0,0,0.0262182672845851,0.5,,,,,0.0,0.0,0.3412698412698413,0.6116959064327485,0.0,0.712938221960624,0.7761770766056881,0.03184970596013574,1,常规加密抽检,1
江苏,2023,10,2023-10,生产,2,0,0,0.0261504322413206,0.5,,,,,0.0,0.0,0.3415204678362573,0.6134502923976608,0.0,0.692902535272442,0.7552899833610084,0.004202878812008509,1,常规加密抽检,1
江苏,2023,11,2023-11,生产,19,4,0,0.0211529604838108,0.1666666666666666,,,,,0.0,0.0,0.33433583959899743,0.5631578947368421,0.0,0.6023581950878557,0.6067601785022824,-0.2049073775614521,1,常规加密抽检,1
江苏,2023,12,2023-12,生产,12,4,0,0.0190415781950099,0.1020408163265306,,,,,0.0,0.0,0.3294903926482874,0.5292397660818714,0.0,0.611461429134005,0.6226163942545637,-0.2431661464138289,1,常规加密抽检,1
江苏,2024,1,2024-01,生产,12,0,0,0.017319615405694,0.106269925611052,,,,,0.0,0.0,0.32664995822890563,0.5093567251461988,0.0,0.664778386829458,0.7286879581710622,-0.2488795037123615,1,常规加密抽检,1
江苏,2024,2,2024-02,生产,1,0,0,0.0176271692183871,0.1106255876984346,,,,,0.0,0.0,0.3275689223057644,0.5157894736842106,0.3068528194400547,0.47507745134131196,0.43602478985436655,0.34792592619594914,0,维持/不加码,0
江苏,2024,3,2024-03,生产,5,0,0,0.0172309424553797,0.1151075824242232,,,,,0.0,0.0,0.32706766917293234,0.512280701754386,0.0,0.6148016155715493,0.6603808556606011,-0.27713908916205177,1,常规加密抽检,1
江苏,2024,4,2024-04,生产,2,0,0,0.0173722560091838,0.1197153348909296,,,,,0.0,0.0,0.3279866332497911,0.5187134502923977,0.0,0.601718902391346,0.6395239390831394,-0.24552505902408717,1,常规加密抽检,1
江苏,2024,5,2024-05,生产,4,0,0,0.0171533686620652,0.1244478975970518,,,,,0.0,0.0,0.32781954887218046,0.5175438596491229,0.0,0.6101340268259924,0.6465454551721365,-0.271397593691877,1,常规加密抽检,1
江苏,2024,6,2024-06,生产,2,0,0,0.0173017153457321,0.129303934024229,,,,,0.0,0.0,0.32840434419381787,0.5216374269005848,0.0,0.5995060025327527,0.637423557050761,-0.24414831147041455,1,常规加密抽检,1
江苏,2024,7,2024-07,生产,7,0,0,0.0165477608175137,0.1342817039634047,,,,,0.0,0.0,0.32723475355054304,0.5134502923976608,0.0,0.6191857145209175,0.675579027213694,-0.27554754334058196,1,常规加密抽检,1
江苏,2024,8,2024-08,生产,7,0,0,0.015865244842656,0.1393790508618439,,,,,0.0,0.0,0.3257309941520468,0.5029239766081871,0.0,0.6152931604179037,0.6703433122824332,-0.2882068849215709,1,常规加密抽检,1
江苏,2024,9,2024-09,生产,3,0,0,0.0158736718021461,0.1445933914689061,,,,,0.0,0.0,0.3262322472848789,0.5064327485380117,0.0,0.597312904883987,0.6400765037215009,-0.2749471048309096,1,常规加密抽检,1
江苏,2024,10,2024-10,生产,5,0,0,0.0155554812077292,0.1499217080492016,,,,,0.0,0.0,0.32564745196324146,0.5023391812865498,0.0,0.6025995778646409,0.6421026080123508,-0.2986818162707007,1,常规加密抽检,1
江苏,2024,11,2024-11,生产,17,3,0,0.0135832936056532,0.1059699134148889,,,,,0.0,0.0,0.32071846282372596,0.4678362573099415,0.0,0.638241778088955,0.6319367775001656,-0.3148472954060004,0,维持/不加码,0
江苏,2024,12,2024-12,生产,18,0,0,0.0119798259671879,0.1103167242559237,,,,,0.0,0.0,0.314452798663325,0.4239766081871345,0.0,0.6707800147748612,0.7442101080030369,-0.2763189589510237,1,常规加密抽检,1
江苏,2023,1,2023-01,餐饮,49,0,0,0.0196078431372549,0.5,,,,,0.0,0.0,0.34302422723475356,0.6239766081871345,0.0,0.7087661934784945,0.7663007196143898,0.11532065370249604,1,常规加密抽检,1
江苏,2023,2,2023-02,餐饮,22,0,0,0.0141743444365698,0.5,,,,,0.0,0.0,0.33049289891395156,0.5362573099415204,0.0,0.6996268624371506,0.7396238268342231,-0.08519661570242443,1,常规加密抽检,1
江苏,2023,3,2023-03,餐饮,19,0,0,0.0116113675288107,0.5,,,,,0.0,0.0,0.3227234753550543,0.4818713450292398,0.0,0.659585815270939,0.7006732603571185,-0.18996824034086907,1,常规加密抽检,1
江苏,2023,4,2023-04,餐饮,12,0,0,0.0106477704234219,0.5,,,,,0.0,0.0,0.3178780284043442,0.447953216374269,0.0,0.6080828736713533,0.6771948142038615,-0.24177256923777285,1,常规加密抽检,1
江苏,2023,5,2023-05,餐饮,10,0,0,0.0100684091768767,0.5,,,,,0.0,0.0,0.3155388471177945,0.43157894736842106,0.0,0.5858290466281386,0.6663691158185463,-0.26947949124188025,1,常规加密抽检,1
江苏,2023,6,2023-06,餐饮,51,0,0,0.0068750008043213,0.5,,,,,0.0,0.0,0.2967418546365915,0.3,0.0,0.5254918700668135,0.5396559717799085,-0.5262790866818706,1,常规加密抽检,1
江苏,2023,7,2023-07,餐饮,32,0,0,0.0058726181433541,0.5,,,,,0.0,0.0,0.2916457811194653,0.26432748538011697,0.0,0.4474332394744437,0.5190247760107483,-0.6042763278591049,1,常规加密抽检,1
江苏,2023,8,2023-08,餐饮,47,0,0,0.0047877194173875,0.5,,,,,0.0,0.0,0.28312447786131995,0.2046783625730994,0.0,0.43689925223970416,0.4704004661900355,-0.6663756461630418,1,常规加密抽检,1
江苏,2023,9,2023-09,餐饮,46,0,0,0.004089572661556,0.5,,,,,0.0,0.0,0.2767752715121136,0.16023391812865498,0.0,0.3994256671886641,0.44621987342826397,-0.7166480983813351,1,常规加密抽检,1
江苏,2023,10,2023-10,餐饮,45,0,0,0.0036049272289153,0.5,,,,,0.0,0.0,0.2735171261487051,0.13742690058479531,0.0,0.378688057936696,0.43281091089612145,-0.7414737179882976,1,常规加密抽检,1
江苏,2023,11,2023-11,餐饮,69,0,0,0.0030063596125114,0.5,,,,,0.0,0.0,0.2664160401002506,0.08771929824561403,0.0,0.41649110423213653,0.43533554044246714,-0.7519164979579898,1,常规加密抽检,1
江苏,2023,12,2023-12,餐饮,75,21,1,0.0051138235579071,0.0869565217391304,0.0046816666666666,0.0046816666666666,22.427910288358845,1.0,85260000.0,0.9929025600353296,0.8586466165413534,0.13859649122807016,0.0,0.4915564537414393,0.923813446975483,1.2720341161039719,2,重点专项抽检,2
江苏,2024,1,2024-01,餐饮,8,0,0,0.0051364186085274,0.0888382687927107,,,,,0.0,0.0,0.2742690058479532,0.14269005847953217,0.0,0.5602352542281569,0.6415488237160315,-0.525998811678211,1,常规加密抽检,1
江苏,2024,2,2024-02,餐饮,6,0,0,0.0051873179808007,0.0908006204510201,,,,,0.0,0.0,0.27502088554720133,0.147953216374269,0.0,0.5463092944791974,0.6344713575062638,-0.5322514880003945,1,常规加密抽检,1
江苏,2024,3,2024-03,餐饮,33,0,0,0.0048683317400372,0.0928461187585525,,,,,0.0,0.0,0.27293233082706764,0.13333333333333333,0.0,0.6424970787537504,0.667949397019611,-0.49168277120405773,1,常规加密抽检,1
江苏,2024,4,2024-04,餐饮,27,0,0,0.0046580052616161,0.0949772977167512,,,,,0.0,0.0,0.27134502923976606,0.12222222222222222,0.0,0.6275446089431941,0.6517165275629688,-0.5151446961966107,1,常规加密抽检,1
江苏,2024,5,2024-05,餐饮,16,0,0,0.0045932825153005,0.0971966731987879,,,,,0.0,0.0,0.27126148705096076,0.1216374269005848,0.0,0.6017244666546088,0.637076507688943,-0.5402778435425406,1,常规加密抽检,1
江苏,2024,6,2024-06,餐饮,66,3,2,0.0109365559283852,0.2316929186237284,0.0125919166666666,0.0166821916666666,9.58764167704541,1.0,85260000.0,0.9969659361781502,0.8745196324143693,0.21695906432748538,0.0,0.6954572501746185,0.9794389398938649,1.2269200002700915,2,重点专项抽检,2
江苏,2024,7,2024-07,餐饮,72,1,1,0.0114774491782163,0.2704516105123118,0.0033566666666666,0.0033566666666666,31.28103277060576,1.0,85260000.0,0.9901009389966438,0.8640768588137009,0.20935672514619882,0.0,0.7243030847273858,1.149389958274984,1.2143322572037556,2,重点专项抽检,2
江苏,2024,8,2024-08,餐饮,51,2,2,0.0143451416611634,0.3390990248903324,0.0848,0.0848,1.2382075471698113,1.0,85260000.0,0.9996081621686173,0.8794486215538847,0.23391812865497075,0.0,0.5281966080473272,0.9011793964514715,1.1784391127296658,2,重点专项抽检,2
江苏,2024,9,2024-09,餐饮,26,0,0,0.01371019799797,0.3398797238120067,,,,,0.0,0.0,0.2862155388471178,0.22631578947368422,0.0,0.4974916756611285,0.5401086879709723,-0.5030184957838932,1,常规加密抽检,1
江苏,2024,10,2024-10,餐饮,14,1,1,0.01542536049228,0.3725757063784333,0.02332,0.02332,4.502572898799314,1.0,85260000.0,0.9985751351586076,0.8806182121971595,0.247953216374269,0.0,0.5728195434822639,0.9786541665605674,1.2338294442353948,2,重点专项抽检,2
江苏,2024,11,2024-11,餐饮,62,7,0,0.0137333968490376,0.2755389292795512,,,,,0.0,0.0,0.2851294903926483,0.21871345029239767,0.0,0.7098590299658482,0.7133858622772794,-0.33522410742198494,1,常规加密抽检,1
江苏,2024,12,2024-12,餐饮,31,0,0,0.0130361760286702,0.2764188881881748,,,,,0.0,0.0,0.2839598997493734,0.21052631578947367,0.0,0.556501921150023,0.580189073866033,-0.48938217535305356,1,常规加密抽检,1
江西,2023,1,2023-01,流通,41,0,0,0.0232558139534883,0.5,,,,,0.0,0.0,0.3490810359231412,0.666374269005848,0.0,0.7097906084999188,0.7980483690249182,0.1770623953066593,1,常规加密抽检,1
江西,2023,2,2023-02,流通,29,0,0,0.0285918513223731,0.5,,,,,0.0,0.0,0.34427736006683374,0.632748538011696,0.0,0.7119607351755246,0.7808859547622754,0.07335507599651035,1,常规加密抽检,1
江西,2023,3,2023-03,流通,28,0,0,0.0206234631553898,0.5,,,,,0.0,0.0,0.3325814536340852,0.5508771929824562,0.0,0.7020301610129743,0.7367952160024075,-0.06566387626412737,1,常规加密抽检,1
江西,2023,4,2023-04,流通,41,0,0,0.0145312340378404,0.5,,,,,0.0,0.0,0.3172096908939014,0.4432748538011696,0.0,0.6131033498390231,0.65638885893181,-0.27898835009563505,1,常规加密抽检,1
江西,2023,5,2023-05,流通,55,0,0,0.0103487250101256,0.5,,,,,0.0,0.0,0.30058479532163745,0.32690058479532164,0.0,0.5563777501009306,0.5557753413510925,-0.4785916377573793,0,维持/不加码,0
江西,2023,6,2023-06,流通,38,0,0,0.0134920558080247,0.5,,,,,0.0,0.0,0.3037593984962406,0.34912280701754383,0.0,0.5374825218271301,0.5783491176786021,-0.4602360425477358,1,常规加密抽检,1
江西,2023,7,2023-07,流通,30,0,0,0.0119320439149526,0.5,,,,,0.0,0.0,0.29874686716791976,0.3140350877192982,0.0,0.48984875380611925,0.5559118997807496,-0.5250120846796197,1,常规加密抽检,1
江西,2023,8,2023-08,流通,57,0,0,0.0096276272158264,0.5,,,,,0.0,0.0,0.2922305764411028,0.26842105263157895,0.0,0.5179602960971791,0.5136568322430395,-0.5649818162364317,0,维持/不加码,0
江西,2023,9,2023-09,流通,57,0,0,0.0112039387327409,0.5,,,,,0.0,0.0,0.29231411862990814,0.26900584795321636,0.0,0.5193711974321675,0.5144149193702644,-0.5624859889084646,0,维持/不加码,0
江西,2023,10,2023-10,流通,36,0,0,0.0101539746023394,0.5,,,,,0.0,0.0,0.2887218045112782,0.24385964912280703,0.0,0.4366949901565772,0.49261142199692276,-0.627629193053683,1,常规加密抽检,1
江西,2023,11,2023-11,流通,56,1,0,0.0114287705310132,0.3333333333333333,,,,,0.0,0.0,0.28880534670008357,0.24444444444444444,0.0,0.5948570182909442,0.5552436956070327,-0.5556200143080602,0,维持/不加码,0
江西,2023,12,2023-12,流通,64,2,0,0.0098115564134632,0.202020202020202,,,,,0.0,0.0,0.2832080200501253,0.20526315789473684,0.0,0.6866507539707646,0.6207991122854456,-0.5368872376318835,0,维持/不加码,0
江西,2024,1,2024-01,流通,40,0,0,0.0090328974577741,0.2082248828735033,,,,,0.0,0.0,0.28095238095238095,0.18947368421052632,0.0,0.5885904473307434,0.5904200367690816,-0.5048150172365895,1,常规加密抽检,1
江西,2024,2,2024-02,流通,40,0,0,0.0083528545194772,0.2144829620097053,,,,,0.0,0.0,0.2780284043441938,0.16900584795321638,0.0,0.5788335392502898,0.579683517531628,-0.5306518267380282,1,常规加密抽检,1
江西,2024,3,2024-03,流通,26,0,0,0.0101526828467772,0.2207868013650144,,,,,0.0,0.0,0.28212197159565583,0.1976608187134503,0.0,0.5565283665612758,0.5620036590837237,-0.5266873071784237,1,常规加密抽检,1
江西,2024,4,2024-04,流通,51,0,0,0.0132759958896138,0.2271285296926901,,,,,0.0,0.0,0.2866332497911445,0.22923976608187135,0.0,0.6047263447368305,0.6023400377187019,-0.46410700232891194,0,维持/不加码,0
江西,2024,5,2024-05,流通,47,0,0,0.0121541950065371,0.2335000807271802,,,,,0.0,0.0,0.2837092731829574,0.20877192982456141,0.0,0.5880588539428143,0.5839436180391085,-0.490189512439688,0,维持/不加码,0
江西,2024,6,2024-06,流通,46,0,0,0.0111972958471268,0.2398932334623618,,,,,0.0,0.0,0.281453634085213,0.19298245614035087,0.0,0.577862794901871,0.573025881595194,-0.5110404048025635,0,维持/不加码,0
江西,2024,7,2024-07,流通,24,0,0,0.0107830452898868,0.2462996541257608,,,,,0.0,0.0,0.28061821219715954,0.1871345029239766,0.0,0.5323626342626081,0.5354505553175039,-0.5689152120732605,1,常规加密抽检,1
江西,2024,8,2024-08,流通,37,1,1,0.0119837802589742,0.4034624931433684,0.0038721333333333,0.0038721333333333,27.116834819737612,1.0,45020000.0,0.9914187231583108,0.8523809523809524,0.19941520467836257,0.0,0.7574602201660648,1.1345381833368866,1.2829244284386616,2,重点专项抽检,2
江西,2024,9,2024-09,流通,58,2,0,0.0126018565247121,0.2863757503934392,,,,,0.0,0.0,0.2822890559732665,0.19883040935672514,0.0,0.6158473109072338,0.5866758441057233,-0.5157801775205144,0,维持/不加码,0
江西,2024,10,2024-10,流通,33,0,0,0.0119653897176394,0.2896278679203583,,,,,0.0,0.0,0.28120300751879695,0.1912280701754386,0.0,0.5233949456938497,0.5248103138177249,-0.5677335798955575,1,常规加密抽检,1
江西,2024,11,2024-11,流通,74,1,0,0.0106204703695099,0.2530368070557331,,,,,0.0,0.0,0.27710944026733497,0.16257309941520467,0.0,0.6439725420655532,0.5787664808148928,-0.5921273008970015,0,维持/不加码,0
江西,2024,12,2024-12,流通,63,1,1,0.0112012182685571,0.3486182598890676,0.0034577999999999,0.0034577999999999,30.36612875238591,1.0,45020000.0,0.990390465584688,0.8454469507101087,0.16374269005847952,0.0,0.8485836379594508,1.1717666295303153,1.3302808941755513,2,重点专项抽检,2
江西,2023,1,2023-01,生产,3,0,0,0.2,0.5,,,,,0.0,0.0,0.39055973266499583,0.9567251461988304,0.0,0.9107193065295386,1.1129797096253524,0.6664399054842101,1,常规加密抽检,1
江西,2023,2,2023-02,生产,13,0,0,0.0560224089635854,0.5,,,,,0.0,0.0,0.37201336675020885,0.8269005847953217,0.0,0.7625848530756515,0.9890559623207561,0.40890203865349783,1,常规加密抽检,1
江西,2023,4,2023-04,生产,15,0,0,0.0311939483740154,0.5,,,,,0.0,0.0,0.35714285714285715,0.7228070175438597,0.0,0.7467247997863135,0.8722550743805703,0.17879241601822082,1,常规加密抽检,1
江西,2023,5,2023-05,生产,35,0,0,0.0152544538238148,0.5,,,,,0.0,0.0,0.33383458646616543,0.5596491228070175,0.0,0.7006510279665656,0.7396553718089863,-0.03529119805823748,1,常规加密抽检,1
江西,2023,6,2023-06,生产,1,0,0,0.0157786212108257,0.5,,,,,0.0,0.0,0.33550543024227236,0.571345029239766,0.3068528194400547,0.6202589775872819,0.747052481494346,0.5197710433078817,1,常规加密抽检,1
江西,2023,8,2023-08,生产,2,0,0,0.016049290822714,0.5,,,,,0.0,0.0,0.3360066833751044,0.5748538011695906,0.0,0.6647584193126334,0.7274260177489401,-0.04323357535012488,1,常规加密抽检,1
江西,2023,9,2023-09,生产,5,0,0,0.031107756570537,0.5,,,,,0.0,0.0,0.3472013366750209,0.6532163742690058,0.0,0.701493131632402,0.7997871393389945,0.033325853347035875,1,常规加密抽检,1
江西,2023,10,2023-10,生产,4,0,0,0.0299180639602744,0.5,,,,,0.0,0.0,0.3466165413533835,0.6491228070175439,0.0,0.7030812413424818,0.7964393654734298,0.027735226058525922,1,常规加密抽检,1
江西,2023,11,2023-11,生产,16,1,1,0.0372024221677845,0.6666666666666666,0.0018757999999999,0.0018757999999999,55.97611685680777,1.0,45150000.0,0.9822860389693646,0.9050960735171262,0.6514619883040935,0.0,0.8935142306437333,1.3869743473836174,1.7032633636940373,2,重点专项抽检,2
江西,2023,12,2023-12,生产,5,0,0,0.0354385291818414,0.6610169491525423,,,,,0.0,0.0,0.34569757727652467,0.6426900584795322,0.0,0.7856896898322057,0.9537682320224744,0.21118759360842632,1,常规加密抽检,1
江西,2024,3,2024-03,生产,2,0,0,0.0351228391685037,0.6554694229112834,,,,,0.0,0.0,0.3462823725981621,0.6467836257309941,0.0,0.7826957286710634,0.9845308142188584,0.2012675786773015,1,常规加密抽检,1
江西,2024,4,2024-04,生产,2,0,0,0.0348085362876114,0.6500284351896408,,,,,0.0,0.0,0.3467000835421888,0.6497076023391812,0.0,0.7825846070564747,0.9816640794754817,0.19947912140598983,1,常规加密抽检,1
江西,2024,6,2024-06,生产,26,0,0,0.0260402438244214,0.6446978932805709,,,,,0.0,0.0,0.3366750208855472,0.57953216374269,0.0,0.8626345841839589,0.8852079290839002,0.15096636711999295,1,常规加密抽检,1
江西,2024,8,2024-08,生产,1,0,0,0.0262671562496498,0.63948126310894,,,,,0.0,0.0,0.337593984962406,0.5859649122807018,0.3068528194400547,0.7586052134686049,0.9493289314665662,0.7460244589314029,1,常规加密抽检,1
江西,2024,9,2024-09,生产,7,0,0,0.0248528090683649,0.6343815710807842,,,,,0.0,0.0,0.3359231411862991,0.5742690058479533,0.0,0.7643411981263611,0.8891639121947914,0.09458488367061989,1,常规加密抽检,1
江西,2024,10,2024-10,生产,1,0,0,0.0250970547280665,0.6294014089907696,,,,,0.0,0.0,0.33709273182957394,0.5824561403508772,0.3068528194400547,0.74502524123407,0.9308559145544296,0.7273195103585949,1,常规加密抽检,1
江西,2024,11,2024-11,生产,4,0,0,0.0245235988342869,0.6245429417555333,,,,,0.0,0.0,0.33675856307435253,0.5801169590643275,0.0,0.7552968957882135,0.8954056578675933,0.0806077772873318,1,常规加密抽检,1
江西,2024,12,2024-12,生产,5,1,1,0.0344978328337369,0.7245368328354442,0.0024408,0.0024408,43.018682399213375,1.0,45020000.0,0.9863864929116412,0.9046783625730994,0.6192982456140351,0.0,1.0586470232422949,1.592270139837665,1.9525996877198377,2,重点专项抽检,2
江西,2023,1,2023-01,餐饮,4,0,0,0.1666666666666666,0.5,,,,,0.0,0.0,0.3891395154553049,0.9467836257309942,0.0,0.8609640197901242,1.0737822188175281,0.5806554322494639,1,常规加密抽检,1
江西,2023,2,2023-02,餐饮,21,0,0,0.0373134328358208,0.5,,,,,0.0,0.0,0.3621971595655806,0.758187134502924,0.0,0.7604914828241289,0.9194437646288349,0.298735279918802,1,常规加密抽检,1
江西,2023,3,2023-03,餐饮,20,0,0,0.0219490781387181,0.5,,,,,0.0,0.0,0.3471177944862155,0.6526315789473685,0.0,0.721361884476092,0.8153271917769094,0.08964180644822965,1,常规加密抽检,1
江西,2023,4,2023-04,餐饮,28,0,0,0.0140091339553388,0.5,,,,,0.0,0.0,0.3298245614035088,0.531578947368421,0.0,0.6968218787084102,0.7349538312672091,-0.0875035760921136,1,常规加密抽检,1
江西,2023,5,2023-05,餐饮,23,0,0,0.0109995391193109,0.5,,,,,0.0,0.0,0.3200501253132832,0.4631578947368421,0.0,0.6413176116259106,0.689065758099623,-0.2244438952044745,1,常规加密抽检,1
江西,2023,6,2023-06,餐饮,6,0,0,0.0108146391930851,0.5,,,,,0.0,0.0,0.31871345029239767,0.45380116959064326,0.0,0.5895499815593156,0.6802011472761219,-0.2320581543995064,1,常规加密抽检,1
江西,2023,7,2023-07,餐饮,6,0,0,0.0106446515686069,0.5,,,,,0.0,0.0,0.3177944862155388,0.4473684210526316,0.0,0.5858385691051852,0.6764500230122962,-0.2407545561538038,1,常规加密抽检,1
江西,2023,8,2023-08,餐饮,50,1,0,0.0071763451660793,0.3333333333333333,,,,,0.0,0.0,0.2983291562238931,0.3111111111111111,0.0,0.6166092256743919,0.5824612886582902,-0.4993651075516371,0,维持/不加码,0
江西,2023,9,2023-09,餐饮,6,0,0,0.0072212926179094,0.3389830508474576,,,,,0.0,0.0,0.29866332497911446,0.3134502923976608,0.0,0.45947419662110234,0.5295358171136095,-0.5060492652431409,1,常规加密抽检,1
江西,2023,10,2023-10,餐饮,6,0,0,0.0072645173316758,0.3445305770887166,,,,,0.0,0.0,0.2992481203007519,0.3175438596491228,0.0,0.45875989603639533,0.5311999298239931,-0.5031568082467228,1,常规加密抽检,1
江西,2023,11,2023-11,餐饮,7,0,0,0.0072530714550473,0.3499715648103592,,,,,0.0,0.0,0.2989974937343359,0.3157894736842105,0.0,0.4588478370509954,0.524085219105552,-0.5012672219977989,1,常规加密抽检,1
江西,2023,12,2023-12,餐饮,14,0,0,0.0068927966405905,0.355302106719429,,,,,0.0,0.0,0.2968253968253968,0.30058479532163745,0.0,0.47327443517387136,0.5138112277977317,-0.49952758527219615,1,常规加密抽检,1
江西,2024,2,2024-02,餐饮,2,0,0,0.0071466834792096,0.3605187368910599,,,,,0.0,0.0,0.298078529657477,0.30935672514619883,0.0,0.45501171907269466,0.5246872863250832,-0.5241333569961124,1,常规加密抽检,1
江西,2024,3,2024-03,餐饮,6,0,0,0.0071927547331968,0.3656184289192158,,,,,0.0,0.0,0.2985797827903091,0.3128654970760234,0.0,0.4453475905490637,0.5276566930220886,-0.5140280152523206,1,常规加密抽检,1
江西,2024,4,2024-04,餐饮,4,0,0,0.0073433649871518,0.3705985910092303,,,,,0.0,0.0,0.2996658312447786,0.32046783625730996,0.0,0.4548485504680768,0.5426143790959604,-0.5149713894439903,1,常规加密抽检,1
江西,2024,5,2024-05,餐饮,14,0,0,0.006970171902406,0.3754570582444667,,,,,0.0,0.0,0.2971595655806182,0.30292397660818715,0.0,0.46554718865294054,0.5103708015865475,-0.5071173035919997,1,常规加密抽检,1
江西,2024,6,2024-06,餐饮,16,0,0,0.0065618924772658,0.380192082280403,,,,,0.0,0.0,0.2952380952380952,0.2894736842105263,0.0,0.46122589304128847,0.5013654317003051,-0.5309484154147172,1,常规加密抽检,1
江西,2024,7,2024-07,餐饮,16,0,0,0.0062159943415554,0.3848023187345287,,,,,0.0,0.0,0.2935672514619883,0.2777777777777778,0.0,0.45119927969689366,0.4929973520151124,-0.549380731074168,1,常规加密抽检,1
江西,2024,8,2024-08,餐饮,7,0,0,0.0062526752870604,0.3892868125498253,,,,,0.0,0.0,0.293734335839599,0.2789473684210526,0.0,0.4255556964462769,0.5091475181244636,-0.5534477145529623,1,常规加密抽检,1
江西,2024,9,2024-09,餐饮,2,0,0,0.0064920325130738,0.3936449816136465,,,,,0.0,0.0,0.2947368421052632,0.28596491228070176,0.0,0.4267952775980171,0.5072587833647474,-0.5407613258511953,1,常规加密抽检,1
江西,2024,10,2024-10,餐饮,12,0,0,0.0063118077217172,0.397876598912935,,,,,0.0,0.0,0.2939014202172097,0.2801169590643275,0.0,0.4370353216684454,0.4976788477216071,-0.561692943073414,1,常规加密抽检,1
江西,2024,11,2024-11,餐饮,4,0,0,0.0064678218580394,0.4019817735014327,,,,,0.0,0.0,0.2945697577276524,0.2847953216374269,0.0,0.4228749810811047,0.5236716672673217,-0.5412652972452564,1,常规加密抽检,1
江西,2024,12,2024-12,餐饮,11,0,0,0.0126597519865688,0.4059609305454096,,,,,0.0,0.0,0.3087719298245614,0.38421052631578945,0.0,0.5265178723956042,0.5635644007078832,-0.41034088646123584,1,常规加密抽检,1
河北,2023,1,2023-01,流通,106,0,0,0.0092592592592592,0.5,,,,,0.0,0.0,0.31086048454469506,0.39883040935672515,0.0,0.6439219783427237,0.6544297472683868,-0.26905480855237557,1,常规加密抽检,1
河北,2023,2,2023-02,流通,70,0,0,0.0173711638679791,0.5,,,,,0.0,0.0,0.31528822055137845,0.4298245614035088,0.0,0.6296554814748362,0.6431395526480528,-0.27343541472536564,1,常规加密抽检,1
河北,2023,3,2023-03,流通,45,0,0,0.0186455668969473,0.5,,,,,0.0,0.0,0.31211361737677523,0.4076023391812866,0.0,0.597615369212117,0.6244858248411788,-0.3413362808171416,1,常规加密抽检,1
河北,2023,4,2023-04,流通,84,0,0,0.0168136015141081,0.5,,,,,0.0,0.0,0.3015037593984963,0.3333333333333333,0.0,0.6053394709197415,0.5898567036579622,-0.4102860961667667,0,维持/不加码,0
河北,2023,5,2023-05,流通,98,0,0,0.0124527487914395,0.5,,,,,0.0,0.0,0.29139515455304926,0.2625730994152047,0.0,0.5898067067321738,0.5591147811167428,-0.49258149425299924,0,维持/不加码,0
河北,2023,6,2023-06,流通,131,0,0,0.0091525138450993,0.5,,,,,0.0,0.0,0.2794486215538847,0.17894736842105263,0.0,0.5892673455525245,0.5481087496867546,-0.540097097582825,0,维持/不加码,0
河北,2023,7,2023-07,流通,128,1,0,0.0072293856369282,0.3333333333333333,,,,,0.0,0.0,0.2719298245614035,0.12631578947368421,0.0,0.6437208028858651,0.5714021222633145,-0.6064012141416811,0,维持/不加码,0
河北,2023,8,2023-08,流通,116,0,0,0.0060522785065616,0.3389830508474576,,,,,0.0,0.0,0.2662489557226399,0.08654970760233918,0.0,0.5864668037102735,0.5278931193462351,-0.5911068970837939,0,维持/不加码,0
河北,2023,9,2023-09,流通,134,1,1,0.0076581975510953,0.5124919923126201,0.0011146666666666,0.0011146666666666,94.19856459330144,1.0,73930000.0,0.9701903276603476,0.8307435254803677,0.09941520467836257,0.0,0.9699074757027605,1.2635183766277966,1.5952115711307489,2,重点专项抽检,2
河北,2023,10,2023-10,流通,124,0,0,0.0089417725654462,0.5121638924455827,,,,,0.0,0.0,0.268671679197995,0.10350877192982456,0.0,0.5496800061742882,0.5057992763883751,-0.6276305278833935,0,维持/不加码,0
河北,2023,11,2023-11,流通,165,0,0,0.0095278225994515,0.5118366427282709,,,,,0.0,0.0,0.2677527151211362,0.09707602339181287,0.0,0.592328452557442,0.546144581714209,-0.5695853260538708,0,维持/不加码,0
河北,2023,12,2023-12,流通,410,3,0,0.0088880503494425,0.2800982238249468,,,,,0.0,0.0,0.2623224728487886,0.05906432748538012,0.0,0.8692033627012862,0.8772076781179027,-0.34687688314716386,1,常规加密抽检,1
河北,2024,1,2024-01,流通,97,0,0,0.0090245054208857,0.2835344048372998,,,,,0.0,0.0,0.2621553884711779,0.05789473684210526,0.0,0.5865098232076622,0.5464168445551758,-0.6152589527803489,0,维持/不加码,0
河北,2024,2,2024-02,流通,100,0,0,0.0091291197489683,0.2870373007603189,,,,,0.0,0.0,0.2617376775271512,0.05497076023391813,0.0,0.5868308568598215,0.545037382839724,-0.6164784627697446,0,维持/不加码,0
河北,2024,3,2024-03,流通,88,1,1,0.0093021898667986,0.3923732887416918,0.0152533333333333,0.0152533333333333,6.883741258741258,1.0,73780000.0,0.997821600867487,0.8504594820384294,0.05672514619883041,0.0,0.801635732073615,1.1882766264014317,1.340285389112088,2,重点专项抽检,2
河北,2024,4,2024-04,流通,92,0,0,0.008742312479735,0.3939743750674821,,,,,0.0,0.0,0.26115288220551375,0.05087719298245614,0.0,0.5024215345188774,0.45494157571224425,-0.6849902139802327,0,维持/不加码,0
河北,2024,5,2024-05,流通,116,0,0,0.0114595648005564,0.3956090593403868,,,,,0.0,0.0,0.264828738512949,0.07660818713450293,0.0,0.5450281085876513,0.4848203627115566,-0.6220589254170078,0,维持/不加码,0
河北,2024,6,2024-06,流通,86,0,0,0.0108337900846855,0.397276193469471,,,,,0.0,0.0,0.2637426900584795,0.06900584795321638,0.0,0.5008522738006137,0.4569772805929265,-0.6753656059605825,0,维持/不加码,0
河北,2024,7,2024-07,流通,132,2,0,0.012518946045651,0.2998333427193658,,,,,0.0,0.0,0.26516290726817043,0.07894736842105263,0.0,0.6656324821726319,0.6181088836000793,-0.5585142401624604,0,维持/不加码,0
河北,2024,8,2024-08,流通,85,3,2,0.0150707965348861,0.4041044584139821,0.0029168333333333,0.0035388833333333,38.1394357039272,1.0,73780000.0,0.987930558321542,0.8426900584795322,0.09590643274853801,0.0,0.7715980243491616,1.1156857469131298,1.4291225618535242,2,重点专项抽检,2
河北,2024,9,2024-09,流通,88,0,0,0.0148940623239416,0.4050346815455113,,,,,0.0,0.0,0.26700083542188807,0.09181286549707603,0.0,0.5127140518393505,0.4724585119299539,-0.6405510284444916,0,维持/不加码,0
河北,2024,10,2024-10,流通,101,0,0,0.0139807812700711,0.4059945640610251,,,,,0.0,0.0,0.2659983291562239,0.0847953216374269,0.0,0.5260856195800111,0.4782714768854882,-0.6312888889705078,0,维持/不加码,0
河北,2024,11,2024-11,流通,105,0,0,0.0137218120194951,0.4069842241573452,,,,,0.0,0.0,0.26574770258980784,0.08304093567251462,0.0,0.5296859697587792,0.47970464405625524,-0.628953930993143,0,维持/不加码,0
河北,2024,12,2024-12,流通,283,1,0,0.011616656464293,0.3677023549234626,,,,,0.0,0.0,0.2615705931495405,0.05380116959064327,0.0,0.7163132953614615,0.6840215678227788,-0.4928512501590182,0,维持/不加码,0
河北,2023,3,2023-03,生产,2,0,0,0.25,0.5,,,,,0.0,0.0,0.3927318295739348,0.9719298245614035,0.0,0.9623560465135498,1.1383928804756471,0.6665237804141428,1,常规加密抽检,1
河北,2023,4,2023-04,生产,1,0,0,0.2040816326530612,0.5,,,,,0.0,0.0,0.39147869674185465,0.9631578947368421,0.3068528194400547,0.8068696725420251,0.926731986789863,0.8709853093226406,1,常规加密抽检,1
河北,2023,6,2023-06,生产,7,0,0,0.0850701829008932,0.5,,,,,0.0,0.0,0.38028404344193817,0.8847953216374269,0.0,0.7796549917401603,1.033207268350845,0.4808006825952226,1,常规加密抽检,1
河北,2023,7,2023-07,生产,3,0,0,0.0700905920902766,0.5,,,,,0.0,0.0,0.37719298245614036,0.8631578947368421,0.0,0.7890930793565955,0.9934314673973837,0.37963400367711,1,常规加密抽检,1
河北,2023,8,2023-08,生产,7,0,0,0.0484170352917822,0.5,,,,,0.0,0.0,0.3681704260651629,0.8,0.0,0.7718175351164914,0.9278355225330538,0.32173119437688524,1,常规加密抽检,1
河北,2023,9,2023-09,生产,2,0,0,0.0920759733818719,0.5,,,,,0.0,0.0,0.37568922305764413,0.8526315789473684,0.0,0.7576138911967428,0.9534070487239742,0.31036239441822155,1,常规加密抽检,1
河北,2023,12,2023-12,生产,15,0,0,0.054568146547018,0.5,,,,,0.0,0.0,0.36374269005847953,0.7690058479532164,0.0,0.7531287284460789,0.9118446464799931,0.23484289698954508,1,常规加密抽检,1
河北,2024,2,2024-02,生产,2,0,0,0.0527763014352254,0.5,,,,,0.0,0.0,0.36274018379281536,0.7619883040935672,0.0,0.7561243147485467,0.8805233223065956,0.22603792993808502,1,常规加密抽检,1
河北,2024,3,2024-03,生产,4,0,0,0.0484373086246323,0.5,,,,,0.0,0.0,0.3606516290726817,0.7473684210526316,0.0,0.7556143403524055,0.8708020623967542,0.20631616306150746,1,常规加密抽检,1
河北,2024,4,2024-04,生产,4,0,0,0.0447709410430447,0.5,,,,,0.0,0.0,0.3591478696741855,0.7368421052631579,0.0,0.7495348092984769,0.8630050856904802,0.18271010147316313,1,常规加密抽检,1
河北,2024,5,2024-05,生产,17,0,0,0.0319012570440609,0.5,,,,,0.0,0.0,0.3504594820384294,0.6760233918128655,0.0,0.7311594943722527,0.8265773874407549,0.08755967321294512,1,常规加密抽检,1
河北,2024,6,2024-06,生产,18,1,1,0.03856472503037,0.6666666666666666,0.0014776666666666,0.0014776666666666,71.05797428378074,1.0,73780000.0,0.9775132992772846,0.9142021720969089,0.6654970760233918,0.0,0.9200603651975697,1.408154541362957,1.717038016418422,2,重点专项抽检,2
河北,2024,7,2024-07,生产,11,0,0,0.0337470941615627,0.6610169491525423,,,,,0.0,0.0,0.3451127819548872,0.6385964912280702,0.0,0.8109721659398736,0.9024259334308086,0.24520960171405182,1,常规加密抽检,1
河北,2024,8,2024-08,生产,7,0,0,0.0314249969410322,0.6554694229112834,,,,,0.0,0.0,0.34285714285714286,0.6228070175438597,0.0,0.7884027444881874,0.925191143238041,0.19233249080861414,1,常规加密抽检,1
河北,2024,9,2024-09,生产,10,0,0,0.0283749947474946,0.6500284351896408,,,,,0.0,0.0,0.3401002506265664,0.6035087719298246,0.0,0.8013703228655781,0.886853558348872,0.1684882253306218,1,常规加密抽检,1
河北,2024,10,2024-10,生产,12,0,0,0.0252997313914433,0.6446978932805709,,,,,0.0,0.0,0.33659147869674183,0.5789473684210527,0.0,0.8075851244503495,0.8682147954042924,0.13642870562542897,1,常规加密抽检,1
河北,2024,11,2024-11,生产,3,0,0,0.0249963795553373,0.63948126310894,,,,,0.0,0.0,0.33684210526315794,0.5807017543859649,0.0,0.7731553099425584,0.9118739859095142,0.09598327119051427,1,常规加密抽检,1
河北,2024,12,2024-12,生产,29,0,0,0.0192621116381359,0.6343815710807842,,,,,0.0,0.0,0.3260651629072682,0.5052631578947369,0.0,0.8261989536759516,0.8548306192043233,0.027345424739455712,1,常规加密抽检,1
河北,2023,2,2023-02,餐饮,2,0,0,0.25,0.5,,,,,0.0,0.0,0.3927318295739348,0.9719298245614035,0.0,0.9623560465135498,1.1383928804756471,0.6665237804141428,1,常规加密抽检,1
河北,2023,3,2023-03,餐饮,3,0,0,0.144927536231884,0.5,,,,,0.0,0.0,0.3877610693400167,0.9371345029239766,0.0,0.8006134913036376,1.0202629033179575,0.48913961128525474,1,常规加密抽检,1
河北,2023,4,2023-04,餐饮,1,0,0,0.1306335728282168,0.5,,,,,0.0,0.0,0.38688387635756055,0.9309941520467836,0.3068528194400547,0.6806880078332693,0.911306988236563,0.8594008197616743,1,常规加密抽检,1
河北,2023,5,2023-05,餐饮,21,0,0,0.0352457066323608,0.5,,,,,0.0,0.0,0.36040100250626567,0.7456140350877193,0.0,0.7572931443379909,0.9050832894354713,0.27236863891538887,1,常规加密抽检,1
河北,2023,6,2023-06,餐饮,15,0,0,0.0237791558459122,0.5,,,,,0.0,0.0,0.35037593984962406,0.6754385964912281,0.0,0.7251211435318758,0.8257735617809533,0.1009084309278518,1,常规加密抽检,1
河北,2023,7,2023-07,餐饮,38,0,0,0.012812142939089,0.5,,,,,0.0,0.0,0.3265664160401002,0.5087719298245614,0.0,0.6613382158159423,0.7134776986661866,-0.14437268736995124,1,常规加密抽检,1
河北,2023,8,2023-08,餐饮,32,0,0,0.0094119057432899,0.5,,,,,0.0,0.0,0.3119465329991646,0.4064327485380117,0.0,0.585323177978971,0.639651311217032,-0.3458509786684134,1,常规加密抽检,1
河北,2023,9,2023-09,餐饮,26,0,0,0.0078717851536462,0.5,,,,,0.0,0.0,0.30309106098579786,0.34444444444444444,0.0,0.5154453408636074,0.592657668496656,-0.4550043751409758,1,常规加密抽检,1
河北,2023,10,2023-10,餐饮,49,0,0,0.0058898299736533,0.5,,,,,0.0,0.0,0.2918964076858814,0.26608187134502925,0.0,0.4912889905095984,0.5115035573848684,-0.5808414999603285,1,常规加密抽检,1
河北,2023,11,2023-11,餐饮,15,0,0,0.0056690956143499,0.5,,,,,0.0,0.0,0.29022556390977444,0.2543859649122807,0.0,0.4167254772767667,0.5136778649813306,-0.5878850382989768,1,常规加密抽检,1
河北,2023,12,2023-12,餐饮,98,0,0,0.0037639941103045,0.5,,,,,0.0,0.0,0.2751044277360067,0.14853801169590644,0.0,0.5271417544746232,0.49226320759574904,-0.6285872719071365,0,维持/不加码,0
河北,2024,1,2024-01,餐饮,1,0,0,0.0039449059445153,0.5,,,,,0.0,0.0,0.2760233918128655,0.15497076023391812,0.3068528194400547,0.44729888562313713,0.43646450171951734,0.07009799921315739,0,维持/不加码,0
河北,2024,2,2024-02,餐饮,4,0,0,0.0040830176319486,0.5,,,,,0.0,0.0,0.2766081871345029,0.15906432748538013,0.0,0.38072298870484317,0.4611341319086143,-0.6676157421780462,1,常规加密抽检,1
河北,2024,3,2024-03,餐饮,4,0,0,0.0042234893141709,0.5,,,,,0.0,0.0,0.2778613199665831,0.16783625730994153,0.0,0.3883328966894737,0.466000809615445,-0.6565228049784595,1,常规加密抽检,1
河北,2024,4,2024-04,餐饮,6,0,0,0.0043283954006995,0.5,,,,,0.0,0.0,0.27886382623224726,0.17485380116959065,0.0,0.3863389590815621,0.46464812312431436,-0.6578782837004729,1,常规加密抽检,1
河北,2024,5,2024-05,餐饮,28,2,2,0.0121172527065796,0.75,0.003718,0.0060148,53.39893472961992,1.0,73780000.0,0.9831016029336646,0.8669172932330828,0.30409356725146197,0.0,1.2495390309203187,1.6750736039716696,1.9162332539341584,2,重点专项抽检,2
河北,2024,6,2024-06,餐饮,7,0,0,0.0119685435765095,0.7435897435897436,,,,,0.0,0.0,0.2976608187134503,0.3064327485380117,0.0,0.9724837281944226,1.0394385472847487,-0.06764641627092251,1,常规加密抽检,1
河北,2024,7,2024-07,餐饮,18,0,0,0.0153250231421788,0.7371879106438896,,,,,0.0,0.0,0.30284043441938174,0.34269005847953216,0.0,0.9900129768194105,1.0784758463209905,-0.02947310897784168,1,常规加密抽检,1
河北,2024,8,2024-08,餐饮,8,0,0,0.0150211662828552,0.7308028804091796,,,,,0.0,0.0,0.3026733500417711,0.34152046783625734,0.0,0.9563094603671475,1.0269901688794412,-0.054037124741262946,1,常规加密抽检,1
河北,2024,9,2024-09,餐饮,11,0,0,0.0145405259049599,0.7244429441893627,,,,,0.0,0.0,0.3016708437761069,0.3345029239766082,0.0,0.9302518486970702,1.007355788022776,-0.0825683962032322,1,常规加密抽检,1
河北,2024,10,2024-10,餐饮,22,0,0,0.0174225182053375,0.7181162625951379,,,,,0.0,0.0,0.3050125313283208,0.35789473684210527,0.0,0.939177970321528,1.0175621873343426,-0.07232916645189266,1,常规加密抽检,1
河北,2024,11,2024-11,餐饮,3,0,0,0.0174060365179532,0.7118308242338137,,,,,0.0,0.0,0.3057644110275689,0.3631578947368421,0.0,0.8855538511997888,0.9073532095349048,-0.07400280595656354,1,常规加密抽检,1
河北,2024,12,2024-12,餐饮,27,0,0,0.0157729453566218,0.7055944062760549,,,,,0.0,0.0,0.3023391812865497,0.3391812865497076,0.0,0.8825044254830244,0.9641078721738633,-0.1442432145372305,1,常规加密抽检,1
河南,2023,1,2023-01,流通,128,2,1,0.0307692307692307,0.5,0.0023595,0.0023595,44.50095359186268,1.0,98150000.0,0.9859174197494106,0.9121971595655806,0.5625730994152047,0.0,0.7780218274833015,0.989317206350698,1.4035802852168218,2,重点专项抽检,2
河南,2023,2,2023-02,流通,77,0,0,0.0191924227318045,0.5,,,,,0.0,0.0,0.31353383458646616,0.41754385964912283,0.0,0.6397349065386005,0.6504817584096171,-0.26155583901616114,1,常规加密抽检,1
河南,2023,3,2023-03,流通,74,0,0,0.0140080099746854,0.5,,,,,0.0,0.0,0.2991645781119465,0.3169590643274854,0.0,0.5932350118175261,0.5753211678077378,-0.4441248372925004,0,维持/不加码,0
河南,2023,4,2023-04,流通,105,1,1,0.0156284840402034,0.6060501617264966,0.022022,0.022022,4.767959313413859,1.0,98150000.0,0.9984911521160084,0.8898078529657477,0.2912280701754386,0.0,0.8785433777892688,1.2695934310210437,1.6232332629958637,2,重点专项抽检,2
河南,2023,5,2023-05,流通,107,0,0,0.0119860986641889,0.6037341566549557,,,,,0.0,0.0,0.28638262322472846,0.22748538011695907,0.0,0.6163539632169942,0.6331718204894968,-0.4865518492615972,1,常规加密抽检,1
河南,2023,6,2023-06,流通,135,0,0,0.0145471959069576,0.6014030844234047,,,,,0.0,0.0,0.2854636591478697,0.22105263157894736,0.0,0.6355735033069235,0.6616252221007485,-0.44536108384204354,1,常规加密抽检,1
河南,2023,7,2023-07,流通,149,1,0,0.0129011142927619,0.4866144132935745,,,,,0.0,0.0,0.2791144527986633,0.17660818713450294,0.0,0.6399955887796677,0.6447564466701802,-0.4913588156090958,1,常规加密抽检,1
河南,2023,8,2023-08,流通,211,0,0,0.0109482288552482,0.486873764537325,,,,,0.0,0.0,0.27268170426065164,0.13157894736842105,0.0,0.6436428463428765,0.6099712195260778,-0.4503960530578649,0,维持/不加码,0
河南,2023,9,2023-09,流通,128,0,0,0.0116355177344944,0.4871361254389219,,,,,0.0,0.0,0.27167919799498746,0.12456140350877193,0.0,0.5704607395031546,0.5161376363422693,-0.58918776217617,0,维持/不加码,0
河南,2023,10,2023-10,流通,172,0,0,0.0107429759109215,0.4874011978777066,,,,,0.0,0.0,0.26825396825396824,0.10058479532163743,0.0,0.6029845601566702,0.5518022305126318,-0.5458738142342158,0,维持/不加码,0
河南,2023,11,2023-11,流通,239,1,1,0.0095308607987752,0.5773889593502086,0.0090805,0.0090805,11.563239909696602,1.0,98150000.0,0.99634074686402,0.8563909774436089,0.07368421052631578,0.0,1.1425835468810726,1.4336485232965561,1.8170645673042034,2,重点专项抽检,2
河南,2023,12,2023-12,流通,299,5,0,0.0083218184670529,0.3023544441609979,,,,,0.0,0.0,0.26015037593984963,0.043859649122807015,0.0,0.8370081371011988,0.8713883861103814,-0.29295481711428295,1,常规加密抽检,1
河南,2024,1,2024-01,流通,98,1,1,0.0084762356035191,0.3669943628563419,0.002288,0.002288,45.89160839160839,1.0,97850000.0,0.9854773391165796,0.8355054302422723,0.04502923976608187,0.0,0.7779993469130461,1.1288913429060257,1.3572097161388759,2,重点专项抽检,2
河南,2024,2,2024-02,流通,114,0,0,0.0085296454291424,0.3682439891082196,,,,,0.0,0.0,0.2600668337510443,0.04327485380116959,0.0,0.5466452714312512,0.4959178882137978,-0.6488938867235049,0,维持/不加码,0
河南,2024,3,2024-03,流通,99,0,0,0.0099312808410653,0.369534266086972,,,,,0.0,0.0,0.2614035087719298,0.05263157894736842,0.0,0.5306315336798763,0.484218169236851,-0.6571270031602124,0,维持/不加码,0
河南,2024,4,2024-04,流通,97,0,0,0.0093567413478563,0.3708654296691373,,,,,0.0,0.0,0.26090225563909775,0.04912280701754386,0.0,0.5256014121373415,0.47997728284664576,-0.665775537002469,0,维持/不加码,0
河南,2024,5,2024-05,流通,108,0,0,0.0093805300640127,0.3722376199981769,,,,,0.0,0.0,0.26073517126148704,0.047953216374269005,0.0,0.5370720717591376,0.4880445778503103,-0.6539407982286743,0,维持/不加码,0
河南,2024,6,2024-06,流通,134,0,0,0.0086585342634272,0.3736508747892034,,,,,0.0,0.0,0.25973266499582287,0.04093567251461988,0.0,0.5629540713769356,0.5109959251732442,-0.6294722524887596,0,维持/不加码,0
河南,2024,7,2024-07,流通,174,1,0,0.0089661908439541,0.3363877064474844,,,,,0.0,0.0,0.25948203842940687,0.0391812865497076,0.0,0.6595007684930976,0.5842300267345395,-0.622144473041767,0,维持/不加码,0
河南,2024,8,2024-08,流通,124,0,0,0.00893134380808,0.3381462476207582,,,,,0.0,0.0,0.25931495405179616,0.038011695906432746,0.0,0.5776283128279711,0.5255020482180275,-0.6300247856197413,0,维持/不加码,0
河南,2024,9,2024-09,流通,165,2,0,0.008704854177956,0.2778000606748984,,,,,0.0,0.0,0.25881370091896405,0.03450292397660819,0.0,0.6928734911752075,0.6355003712600507,-0.5764239233902192,0,维持/不加码,0
河南,2024,10,2024-10,流通,113,0,0,0.0087394285478932,0.279917917023752,,,,,0.0,0.0,0.25873015873015875,0.03391812865497076,0.0,0.5986981123889971,0.5591521771828983,-0.6234459757518295,0,维持/不加码,0
河南,2024,11,2024-11,流通,221,11,0,0.007807751170002,0.1348062754668577,,,,,0.0,0.0,0.2579782790309106,0.02865497076023392,0.0,0.8548549551696637,0.8877068040852505,-0.3894636234816985,1,常规加密抽检,1
河南,2024,12,2024-12,流通,221,4,1,0.0088933896171462,0.2383691705369691,0.0142285,0.0142285,7.379555118248584,1.0,97850000.0,0.9976646977473898,0.8499582289055972,0.031578947368421054,0.0,0.9903273872959467,1.3514868195868996,1.5968253102106051,2,重点专项抽检,2
河南,2023,3,2023-03,生产,4,0,0,0.1666666666666666,0.5,,,,,0.0,0.0,0.3891395154553049,0.9467836257309942,0.0,0.8609640197901242,1.0737822188175281,0.5806554322494639,1,常规加密抽检,1
河南,2023,6,2023-06,生产,1,0,0,0.1470588235294117,0.5,,,,,0.0,0.0,0.38817878028404346,0.9400584795321637,0.3068528194400547,0.7096852540499741,0.9198356269984186,0.8519220100511592,1,常规加密抽检,1
河南,2023,8,2023-08,生产,1,0,0,0.1322751322751323,0.5,,,,,0.0,0.0,0.3869674185463659,0.9315789473684211,0.3068528194400547,0.680820228100533,0.9120397774956617,0.8570662847928524,1,常规加密抽检,1
河南,2023,9,2023-09,生产,1,0,0,0.1207437816952426,0.5,,,,,0.0,0.0,0.38596491228070173,0.9245614035087719,0.3068528194400547,0.6842763889725859,0.9040083104873994,0.8603171860268818,1,常规加密抽检,1
河南,2023,10,2023-10,生产,4,0,0,0.0835568479014697,0.5,,,,,0.0,0.0,0.3796157059314954,0.8801169590643275,0.0,0.7756745603294132,1.0201254559525412,0.4354771317115067,1,常规加密抽检,1
河南,2023,11,2023-11,生产,16,0,0,0.0364040050958326,0.5,,,,,0.0,0.0,0.36157059314954054,0.7538011695906432,0.0,0.7608868394744437,0.9085176166079189,0.24533197673276919,1,常规加密抽检,1
河南,2023,12,2023-12,生产,19,0,0,0.0221258372810943,0.5,,,,,0.0,0.0,0.3473684210526316,0.6543859649122807,0.0,0.7215652324101017,0.8179319978431617,0.08435822232237465,1,常规加密抽检,1
河南,2024,1,2024-01,生产,2,0,0,0.0222043461137855,0.5,,,,,0.0,0.0,0.34753550543024225,0.6555555555555556,0.0,0.7084953853913083,0.7766831421761022,0.07666024193336672,1,常规加密抽检,1
河南,2024,2,2024-02,生产,1,0,0,0.045574264023255,0.5,,,,,0.0,0.0,0.35831244778613197,0.7309941520467836,0.3068528194400547,0.6756709788654097,0.8215130220546959,0.6740308315736582,1,常规加密抽检,1
河南,2024,3,2024-03,生产,7,0,0,0.039967045832814,0.5,,,,,0.0,0.0,0.3553049289891395,0.7099415204678362,0.0,0.7380706165669259,0.8415642594835244,0.11387390948982963,1,常规加密抽检,1
河南,2024,5,2024-05,生产,1,0,0,0.0400942568399979,0.5,,,,,0.0,0.0,0.3557226399331662,0.7128654970760234,0.3068528194400547,0.671480001939023,0.8158096248269563,0.6499899379976081,1,常规加密抽检,1
河南,2024,6,2024-06,生产,4,0,0,0.0377682960498212,0.5,,,,,0.0,0.0,0.35472013366750205,0.7058479532163743,0.0,0.732379734523085,0.8368591161474014,0.11917682934819195,1,常规加密抽检,1
河南,2024,7,2024-07,生产,5,0,0,0.0543139192387413,0.5,,,,,0.0,0.0,0.3583959899749374,0.7315789473684211,0.0,0.7533003615295348,0.8617032686771852,0.16065545271005377,1,常规加密抽检,1
河南,2024,8,2024-08,生产,4,0,0,0.0510757300055081,0.5,,,,,0.0,0.0,0.3567251461988304,0.7198830409356726,0.0,0.7438141799409334,0.8533867882682625,0.14855133550841815,1,常规加密抽检,1
河南,2024,9,2024-09,生产,25,0,0,0.0348142404731958,0.5,,,,,0.0,0.0,0.3465329991645781,0.6485380116959064,0.0,0.717837412499274,0.7933707892080427,0.07350851368254051,1,常规加密抽检,1
河南,2024,10,2024-10,生产,21,0,0,0.027458994840878,0.5,,,,,0.0,0.0,0.3386800334168755,0.5935672514619883,0.0,0.7014370449809989,0.7656305487333528,-0.008950463662553226,1,常规加密抽检,1
河南,2024,11,2024-11,生产,26,0,0,0.0216374853617626,0.5,,,,,0.0,0.0,0.32890559732665,0.5251461988304094,0.0,0.6925770128179091,0.7258314984257939,-0.1125048935072263,1,常规加密抽检,1
河南,2024,12,2024-12,生产,5,0,0,0.02110759676248,0.5,,,,,0.0,0.0,0.32857142857142857,0.5228070175438596,0.0,0.6285715949562555,0.7267083062594947,-0.13177453701462294,1,常规加密抽检,1
河南,2023,1,2023-01,餐饮,68,4,4,0.0714285714285714,0.8333333333333334,0.0092789125,0.0197840499999999,20.360956456394703,1.0,98150000.0,0.9935566593492422,0.9465329991645781,0.7257309941520468,0.0,2.2313560156156287,2.7135973061880354,2.69844039967387,1,常规加密抽检,1
河南,2023,2,2023-02,餐饮,92,4,4,0.0554854981084489,0.8979591836734694,0.0032604,0.0033100925,32.21031083857534,1.0,98150000.0,0.9898068636586788,0.924310776942356,0.6111111111111112,0.0,2.5492772741772853,3.0398215185563053,2.9897742573324897,1,常规加密抽检,1
河南,2023,3,2023-03,餐饮,91,5,5,0.0554659387020722,0.9306037473976404,0.00387673,0.0066780999999999,32.310284721446095,1.0,98150000.0,0.9897752263539727,0.9157894736842105,0.5526315789473685,0.0,2.7033825810287304,3.1581111469270198,3.0838729596122434,1,常规加密抽检,1
河南,2023,4,2023-04,餐饮,80,30,30,0.1381280031247831,0.9771634752623346,0.00396253,0.0060892975,29.004702720797223,1.0,98150000.0,0.9908212966073427,0.9284878863826231,0.6298245614035087,0.0,1.86888692713581,2.401304869850209,2.742013562156668,2,重点专项抽检,2
河南,2023,5,2023-05,餐饮,11,0,0,0.1332712329063172,0.9760191990292572,,,,,0.0,0.0,0.343609022556391,0.6280701754385964,0.0,2.0361490427263287,2.198926376374807,1.8264865398652468,1,常规加密抽检,1
河南,2023,6,2023-06,餐饮,12,0,0,0.1281009350374012,0.9748206118094036,,,,,0.0,0.0,0.34294068504594816,0.623391812865497,0.0,2.044984951060099,2.2222158312796076,1.8327402794553302,1,常规加密抽检,1
河南,2023,7,2023-07,餐饮,61,1,1,0.1086387290289892,0.974246233987763,0.00349635,0.00349635,30.03131837487665,1.0,98150000.0,0.9904964182357984,0.9224728487886382,0.5900584795321637,0.0,2.685452582717376,3.1873962939088916,3.271425126477557,2,重点专项抽检,2
河南,2023,8,2023-08,餐饮,78,0,0,0.0880110390037262,0.9729640649497722,,,,,0.0,0.0,0.33057644110275686,0.5368421052631579,0.0,2.4247302049217474,2.7274234386904275,1.953395298438891,1,常规加密抽检,1
河南,2023,9,2023-09,餐饮,45,1,1,0.0835841650996565,0.9724049767695954,0.00222365,0.00222365,47.21966136757133,1.0,98150000.0,0.9850570691874774,0.9046783625730993,0.52046783625731,0.0,2.499827568085464,2.972229720752296,3.119296196901548,2,重点专项抽检,2
河南,2023,10,2023-10,餐饮,57,3,3,0.0799109544148361,0.9733521627401038,0.0152533333333333,0.01975545,7.254654583006478,1.0,98150000.0,0.9977042232332256,0.9194653299916459,0.5035087719298246,0.0,2.8145534736232927,3.270202659621698,3.3341783196581867,2,重点专项抽检,2
河南,2023,11,2023-11,餐饮,161,3,3,0.0637171198393492,0.9741936633901952,0.0037799666666666,0.00391391,27.802745701557285,1.0,98150000.0,0.9912016627526716,0.9006683375104428,0.42923976608187137,0.0,3.0973509555725074,3.46635875364659,3.577421356941466,2,重点专项抽检,2
河南,2023,12,2023-12,餐饮,67,3,3,0.0618125148661901,0.9749452955902452,0.0146289,0.0291434,13.124234639446408,1.0,98150000.0,0.9958467611900488,0.9043441938178781,0.41403508771929826,0.0,2.7962313943474832,3.2419861372120105,3.3251528910172343,2,重点专项抽检,2
河南,2024,1,2024-01,餐饮,35,0,0,0.0585330353804095,0.9736959994590316,,,,,0.0,0.0,0.3111946532999164,0.40116959064327484,0.0,2.3496613277955323,2.5495755505707924,1.698555585838261,1,常规加密抽检,1
河南,2024,2,2024-02,餐饮,12,0,0,0.05748170559775,0.9723880315603252,,,,,0.0,0.0,0.3117794486215539,0.4052631578947368,0.0,2.2115872154694793,2.417995627441994,1.5476212713047226,1,常规加密抽检,1
河南,2024,3,2024-03,餐饮,27,2,2,0.0582732171672095,0.9726067701636818,0.00363935,0.00464321,31.842319004984876,1.0,97850000.0,0.9899233167705744,0.8940685045948203,0.4105263157894737,0.0,2.5198999840561673,2.9102863310379345,3.0598809324765344,2,重点专项抽检,2
河南,2024,4,2024-04,餐饮,27,0,0,0.055798419057696,0.971247927764194,,,,,0.0,0.0,0.31111111111111106,0.40058479532163743,0.0,2.304233814733724,2.4998524128806237,1.651949502963099,1,常规加密抽检,1
河南,2024,5,2024-05,餐饮,21,0,0,0.0539445815932947,0.9698259834888752,,,,,0.0,0.0,0.31077694235588976,0.39824561403508774,0.0,2.2618107721510015,2.4523899637561226,1.6000222020984778,1,常规加密抽检,1
河南,2024,6,2024-06,餐饮,54,5,5,0.057318380987269,0.9726656774872232,0.00920348,0.0155155,18.52564537380138,1.0,97850000.0,0.9941374539956324,0.9,0.404093567251462,0.0,2.7993910545442904,3.1824928852587346,3.193742788547274,2,重点专项抽检,2
河南,2024,7,2024-07,餐饮,105,3,2,0.0531016192404253,0.9735832985885732,0.005759325,0.0066570075,18.79501879501879,1.0,97850000.0,0.9940522092420826,0.894235588972431,0.3649122807017544,0.0,2.6870680293298683,3.0534174476651716,3.2854183280525815,2,重点专项抽检,2
河南,2024,8,2024-08,餐饮,27,1,1,0.0525435582468527,0.9730182569507722,0.032318,0.032318,3.2489634259545763,1.0,97850000.0,0.998971847017103,0.8993316624895572,0.3654970760233918,0.0,2.311001432207543,2.675265581835987,2.932294784251888,2,重点专项抽检,2
河南,2024,9,2024-09,餐饮,63,2,2,0.0507989943090631,0.9731968106956452,0.002734875,0.0031177575,39.345032200473966,1.0,97850000.0,0.987549040442888,0.8827067669172931,0.35555555555555557,0.0,2.654308355021325,3.1030597988962882,3.2333682317822294,2,重点专项抽检,2
河南,2024,10,2024-10,餐饮,56,0,0,0.0470419793404404,0.9718654948866304,,,,,0.0,0.0,0.30250626566416045,0.34035087719298246,0.0,2.3357188525910733,2.5081299783913757,1.695442084342671,1,常规加密抽检,1
河南,2024,11,2024-11,餐饮,312,1,1,0.0336783100075863,0.9713190644294148,0.00246675,0.00246675,42.56612952265125,1.0,97850000.0,0.9865297058472622,0.8671679197994987,0.2549707602339181,0.0,3.0506643301347114,3.216758974966966,3.381407962486739,2,重点专项抽检,2
河南,2024,12,2024-12,餐饮,71,1,1,0.0323856949655314,0.9707799256894224,0.00230945,0.00230945,45.465370542769925,1.0,97850000.0,0.9856122245117817,0.864578111946533,0.24502923976608187,0.0,2.5376979022358226,2.922476757450537,3.0692382914047727,2,重点专项抽检,2
浙江,2023,1,2023-01,流通,91,1,0,0.010752688172043,0.3333333333333333,,,,,0.0,0.0,0.3184628237259816,0.452046783625731,0.0,0.6888071482721994,0.6595566205131913,-0.31770961544421317,0,维持/不加码,0
浙江,2023,2,2023-02,流通,40,0,0,0.0077851304009342,0.3389830508474576,,,,,0.0,0.0,0.30225563909774433,0.3385964912280702,0.0,0.564840761214192,0.5535984424838228,-0.3979220174025373,0,维持/不加码,0
浙江,2023,3,2023-03,流通,59,0,0,0.0055209727954065,0.3445305770887166,,,,,0.0,0.0,0.28905597326649957,0.24619883040935672,0.0,0.5658510934897465,0.5266605779615886,-0.4866087517810517,0,维持/不加码,0
浙江,2023,4,2023-04,流通,71,0,0,0.0041123303599471,0.3499715648103592,,,,,0.0,0.0,0.2770258980785297,0.16198830409356726,0.0,0.5570088000163668,0.5016031685099231,-0.57215961247085,0,维持/不加码,0
浙江,2023,5,2023-05,流通,38,0,0,0.011147751344111,0.355302106719429,,,,,0.0,0.0,0.2944026733500418,0.28362573099415206,0.0,0.5285963007423716,0.5162699030912214,-0.4877224798053017,0,维持/不加码,0
浙江,2023,6,2023-06,流通,49,0,0,0.0095157800082463,0.3605187368910599,,,,,0.0,0.0,0.28964076858813703,0.25029239766081873,0.0,0.5395227431712853,0.5091080239414556,-0.5121662869497526,0,维持/不加码,0
浙江,2023,7,2023-07,流通,45,1,0,0.0143596109614013,0.267731030261927,,,,,0.0,0.0,0.29507101086048454,0.28830409356725145,0.0,0.6337004227706915,0.5951952390229696,-0.5114570243838794,0,维持/不加码,0
浙江,2023,8,2023-08,流通,51,0,0,0.0125064995777601,0.2740974638147337,,,,,0.0,0.0,0.29131161236424397,0.26198830409356727,0.0,0.5865496406219083,0.5746784839439436,-0.44126600912488534,0,维持/不加码,0
浙江,2023,9,2023-09,流通,25,0,0,0.0144660601834147,0.2804325052307757,,,,,0.0,0.0,0.2934001670843776,0.2766081871345029,0.0,0.5368680405865517,0.5385749642816086,-0.47464435775329283,1,常规加密抽检,1
浙江,2023,10,2023-10,流通,50,0,0,0.0152652860194612,0.2867281227908834,,,,,0.0,0.0,0.2930659983291562,0.2742690058479532,0.0,0.5810743233266007,0.5658180646567423,-0.43085700719852493,0,维持/不加码,0
浙江,2023,11,2023-11,流通,73,0,0,0.0129466616037398,0.2929764873340704,,,,,0.0,0.0,0.28738512949039263,0.23450292397660819,0.0,0.606973025761542,0.5733362570607998,-0.44715190439666347,0,维持/不加码,0
浙江,2023,12,2023-12,流通,90,2,0,0.01272553591588,0.1871754484258784,,,,,0.0,0.0,0.28404344193817876,0.2111111111111111,0.0,0.7183921657355359,0.6471451788648924,-0.5260970133476657,0,维持/不加码,0
浙江,2024,1,2024-01,流通,53,0,0,0.0115952145152079,0.1932198393870254,,,,,0.0,0.0,0.28137009189640766,0.19239766081871346,0.0,0.6198752414567498,0.6211554208007991,-0.4854709777174696,1,常规加密抽检,1
浙江,2024,2,2024-02,流通,46,0,0,0.010748122443109,0.1993350430389538,,,,,0.0,0.0,0.27878028404344196,0.1742690058479532,0.0,0.5994916111659003,0.5997236919957748,-0.5144151451172168,1,常规加密抽检,1
浙江,2024,3,2024-03,流通,18,0,0,0.0104907044024071,0.2055141328291501,,,,,0.0,0.0,0.2785296574770259,0.17251461988304093,0.0,0.5330660323035282,0.5506006849986458,-0.5595669847738644,1,常规加密抽检,1
浙江,2024,4,2024-04,流通,29,0,0,0.0100368966940855,0.2117498671543771,,,,,0.0,0.0,0.27769423558897244,0.16666666666666666,0.0,0.5587251176940303,0.5658616884154152,-0.5511811110324798,1,常规加密抽检,1
浙江,2024,5,2024-05,流通,44,0,0,0.0093581998549686,0.218034720880246,,,,,0.0,0.0,0.27652464494569756,0.1584795321637427,0.0,0.5795828438160334,0.5778575882961989,-0.5395521986213319,0,维持/不加码,0
浙江,2024,6,2024-06,流通,74,2,2,0.0163434844830542,0.4646045507422255,0.0037492333333333,0.0038930833333333,28.05671580234429,1.0,66700000.0,0.9911212924676124,0.8647451963241436,0.22280701754385965,0.0,0.7917704007675047,1.2271581579520174,1.4451854478608523,2,重点专项抽检,2
浙江,2024,7,2024-07,流通,48,1,1,0.0183164675873615,0.5391022621576848,0.0070326666666666,0.0070326666666666,14.930325149303249,1.0,66700000.0,0.995275213560347,0.8724310776942356,0.23684210526315788,0.0,0.7309219935323807,1.1774806440998493,1.4265473582798203,2,重点专项抽检,2
浙江,2024,8,2024-08,流通,42,0,0,0.0172081775691811,0.5385414581821689,,,,,0.0,0.0,0.2858813700918964,0.2239766081871345,0.0,0.45441196101528525,0.5266759330075707,-0.6080205377363805,1,常规加密抽检,1
浙江,2024,9,2024-09,流通,43,0,0,0.0161621381722002,0.5379682580682241,,,,,0.0,0.0,0.2841269841269841,0.21169590643274855,0.0,0.4466049506546719,0.5151635045885118,-0.6283799013014969,1,常规加密抽检,1
浙江,2024,10,2024-10,流通,29,0,0,0.0155226455999183,0.5373830248613755,,,,,0.0,0.0,0.283375104427736,0.2064327485380117,0.0,0.40817362495512133,0.5142923563908604,-0.6329045926988057,1,常规加密抽检,1
浙江,2024,11,2024-11,流通,69,0,0,0.0140480853215603,0.5367861692961111,,,,,0.0,0.0,0.28045112781954884,0.18596491228070175,0.0,0.4981282208073451,0.5157030935351353,-0.6383490557284048,1,常规加密抽检,1
浙江,2024,12,2024-12,流通,76,1,0,0.0126614774238604,0.460126260092859,,,,,0.0,0.0,0.2774436090225564,0.1649122807017544,0.0,0.5147580123507619,0.5422520645987776,-0.5650137642400417,1,常规加密抽检,1
浙江,2023,1,2023-01,生产,17,0,0,0.0526315789473684,0.5,,,,,0.0,0.0,0.3707602339181287,0.8181286549707603,0.0,0.7458932049085384,0.9838698145625656,0.40610366039452606,1,常规加密抽检,1
浙江,2023,2,2023-02,生产,2,0,0,0.0496277915632754,0.5,,,,,0.0,0.0,0.3688387635756057,0.8046783625730994,0.0,0.7842058316587935,0.9249783049221613,0.2954681569727471,1,常规加密抽检,1
浙江,2023,3,2023-03,生产,2,0,0,0.04707543839002,0.5,,,,,0.0,0.0,0.3674185463659148,0.7947368421052632,0.0,0.7816092009393446,0.9149109351279233,0.28496568746499007,1,常规加密抽检,1
浙江,2023,4,2023-04,生产,14,0,0,0.0291712094748088,0.5,,,,,0.0,0.0,0.35580618212197157,0.7134502923976608,0.0,0.7386990199784833,0.8553990132330817,0.15812988229865255,1,常规加密抽检,1
浙江,2023,5,2023-05,生产,6,0,0,0.0258622765883195,0.5,,,,,0.0,0.0,0.35246449456975776,0.6900584795321637,0.0,0.7142936269872048,0.8269354103349612,0.10431867428465728,1,常规加密抽检,1
浙江,2023,6,2023-06,生产,13,0,0,0.0200670083814814,0.5,,,,,0.0,0.0,0.34394319131161233,0.6304093567251462,0.0,0.6978513735726494,0.7977774604196651,0.038462498171251774,1,常规加密抽检,1
浙江,2023,7,2023-07,生产,14,0,0,0.0488270231212487,0.5,,,,,0.0,0.0,0.35497076023391816,0.7076023391812866,0.0,0.7464431315113237,0.8451188847796022,0.11788442001456674,1,常规加密抽检,1
浙江,2023,8,2023-08,生产,7,0,0,0.04429555896529,0.5,,,,,0.0,0.0,0.35271512113617376,0.691812865497076,0.0,0.7345107305111226,0.8297965918914071,0.08268326072108646,1,常规加密抽检,1
浙江,2023,9,2023-09,生产,1,0,0,0.0443157006509042,0.5,,,,,0.0,0.0,0.3533834586466166,0.6964912280701754,0.3068528194400547,0.6708471382969717,0.8168467750784169,0.632957840155493,1,常规加密抽检,1
浙江,2023,10,2023-10,生产,4,0,0,0.0422653783426121,0.5,,,,,0.0,0.0,0.352046783625731,0.6871345029239766,0.0,0.7249518462398927,0.8256287910347503,0.08607415724349564,1,常规加密抽检,1
浙江,2023,11,2023-11,生产,6,0,0,0.0391691277767962,0.5,,,,,0.0,0.0,0.35054302422723477,0.6766081871345029,0.0,0.7222859659475398,0.8173150893590791,0.06060503013861056,1,常规加密抽检,1
浙江,2023,12,2023-12,生产,10,0,0,0.0344901178777923,0.5,,,,,0.0,0.0,0.34678362573099414,0.6502923976608187,0.0,0.7086709306377721,0.8015709575016208,0.039571318052208884,1,常规加密抽检,1
浙江,2024,1,2024-01,生产,13,0,0,0.0296646244715532,0.5,,,,,0.0,0.0,0.341687552213868,0.6146198830409356,0.0,0.6925400116757027,0.7812580375007557,0.005044693174442075,1,常规加密抽检,1
浙江,2024,2,2024-02,生产,7,0,0,0.0278014446980193,0.5,,,,,0.0,0.0,0.3400167084377611,0.6029239766081871,0.0,0.6745615526527861,0.7738028870151873,-0.01902442232784344,1,常规加密抽检,1
浙江,2024,3,2024-03,生产,1,0,0,0.0280354113366233,0.5,,,,,0.0,0.0,0.34093567251461987,0.6093567251461989,0.3068528194400547,0.6453716491421791,0.7821277586804242,0.5542992296737997,1,常规加密抽检,1
浙江,2024,4,2024-04,生产,15,1,1,0.034705847770072,0.6666666666666666,0.0035346,0.0035346,29.70633169241215,1.0,66700000.0,0.9905992621226544,0.92046783625731,0.6175438596491228,0.0,0.8395778973809586,1.337560865332283,1.6738644200722859,2,重点专项抽检,2
浙江,2024,5,2024-05,生产,9,0,0,0.032003000707091,0.6610169491525423,,,,,0.0,0.0,0.34018379281537175,0.604093567251462,0.0,0.8157312069338406,0.8959390249484173,0.17594888078490245,1,常规加密抽检,1
浙江,2024,6,2024-06,生产,3,0,0,0.0418525012200055,0.6554694229112834,,,,,0.0,0.0,0.34519632414369256,0.6391812865497076,0.0,0.7681222452482068,0.9562616054080809,0.18912919895138514,1,常规加密抽检,1
浙江,2024,7,2024-07,生产,4,0,0,0.0405833095837066,0.6500284351896408,,,,,0.0,0.0,0.34486215538847115,0.6368421052631579,0.0,0.7614677877506687,0.9419672124644466,0.18902105126837054,1,常规加密抽检,1
浙江,2024,8,2024-08,生产,3,0,0,0.0397778242743629,0.6446978932805709,,,,,0.0,0.0,0.34477861319966585,0.6362573099415205,0.0,0.7651007507597829,0.9493619683210798,0.18371493392581545,1,常规加密抽检,1
浙江,2024,9,2024-09,生产,2,0,0,0.0394113757816503,0.63948126310894,,,,,0.0,0.0,0.34502923976608185,0.6380116959064327,0.0,0.7730068926075492,0.9585239243610318,0.17601183966612283,1,常规加密抽检,1
浙江,2024,10,2024-10,生产,5,0,0,0.0377706957386462,0.6343815710807842,,,,,0.0,0.0,0.34419381787802844,0.6321637426900585,0.0,0.7496563615058326,0.9237609927470932,0.1624843505322769,1,常规加密抽检,1
浙江,2024,11,2024-11,生产,5,1,1,0.0578433978554716,0.7296082212251928,0.0045940666666666,0.0045940666666666,22.855567325971183,1.0,66700000.0,0.992767225529756,0.9325814536340852,0.6812865497076024,0.0,1.1519985116542586,1.577893566362696,1.9974618001055289,2,重点专项抽检,2
浙江,2024,12,2024-12,生产,22,0,0,0.0466772374594919,0.723253903326368,,,,,0.0,0.0,0.3446950710108605,0.6356725146198831,0.0,1.0182477347437442,1.1383414017939117,0.37936231829444456,1,常规加密抽检,1
浙江,2023,1,2023-01,餐饮,11,0,0,0.0769230769230769,0.5,,,,,0.0,0.0,0.3784878863826232,0.8722222222222222,0.0,0.7879013612107043,1.0385545677098493,0.49195434482544775,1,常规加密抽检,1
浙江,2023,2,2023-02,餐饮,4,0,0,0.060790273556231,0.5,,,,,0.0,0.0,0.37418546365914784,0.8421052631578947,0.0,0.7908882547481099,0.9687291457774249,0.36211045369687095,1,常规加密抽检,1
浙江,2023,3,2023-03,餐饮,14,0,0,0.0336388865528551,0.5,,,,,0.0,0.0,0.35931495405179614,0.7380116959064328,0.0,0.7499994745710479,0.8834253571737046,0.2030632466273281,1,常规加密抽检,1
浙江,2023,4,2023-04,餐饮,29,0,0,0.0174394904180899,0.5,,,,,0.0,0.0,0.33926482873851294,0.5976608187134503,0.0,0.7095004883095876,0.761765499491628,0.03374974974521508,1,常规加密抽检,1
浙江,2023,5,2023-05,餐饮,35,0,0,0.0111639452573153,0.5,,,,,0.0,0.0,0.32121971595655807,0.47134502923976607,0.0,0.6380247503901806,0.6888384923669101,-0.22018697635319578,1,常规加密抽检,1
浙江,2023,6,2023-06,餐饮,19,1,1,0.0191947117225574,0.6666666666666666,0.0144306666666666,0.0144306666666666,7.276171117065508,1.0,66270000.0,0.9976974142034604,0.9152046783625731,0.5222222222222223,0.0,0.7536472950281828,1.2213617253022528,1.5343600720220958,2,重点专项抽检,2
浙江,2023,7,2023-07,餐饮,8,0,0,0.0182097317825703,0.6610169491525423,,,,,0.0,0.0,0.326984126984127,0.5116959064327485,0.0,0.8300035849727437,0.8918663742398804,0.06410462741367375,1,常规加密抽检,1
浙江,2023,8,2023-08,餐饮,22,1,1,0.0234391433908463,0.74375400384369,0.0025116666666666,0.0025116666666666,41.8049104180491,1.0,66270000.0,0.9867705979689718,0.9010025062656642,0.5257309941520468,0.0,1.0839753149735067,1.5432202280820562,1.7974867375954815,2,重点专项抽检,2
浙江,2023,9,2023-09,餐饮,2,0,0,0.0234456391357477,0.7373518500279064,,,,,0.0,0.0,0.3295739348370927,0.5298245614035088,0.0,0.9499873454771802,0.9900548570462352,0.20112112492472817,1,常规加密抽检,1
浙江,2023,10,2023-10,餐饮,27,0,0,0.0192896907189834,0.7309662850311323,,,,,0.0,0.0,0.3229741019214703,0.48362573099415207,0.0,1.1335799491182843,1.1921536803666788,0.21533404453237426,1,常规加密抽检,1
浙江,2023,11,2023-11,餐饮,13,0,0,0.01790996997054,0.7246056029506444,,,,,0.0,0.0,0.32030075187969925,0.4649122807017544,0.0,1.0243174474188137,1.0843303686854675,0.11273860483096125,1,常规加密抽检,1
浙江,2023,12,2023-12,餐饮,6,1,1,0.0243682931220105,0.7802003673531867,0.0473106666666666,0.0473106666666666,2.219372657328861,1.0,66270000.0,0.9992976668805922,0.9151211361737677,0.5099415204678363,0.0,1.0401647862343937,1.4005077623873115,1.8409976161086403,2,重点专项抽检,2
浙江,2024,1,2024-01,餐饮,7,0,0,0.0235227218597782,0.7738640291425849,,,,,0.0,0.0,0.32589807852965746,0.504093567251462,0.0,1.1688078399478816,1.244591682777799,0.2916295251075424,1,常规加密抽检,1
浙江,2024,2,2024-02,餐饮,11,0,0,0.022108844668947,0.7674965972766675,,,,,0.0,0.0,0.32414369256474523,0.49181286549707603,0.0,1.1958688041359526,1.2712504964723148,0.2989588344047851,1,常规加密抽检,1
浙江,2024,4,2024-04,餐饮,14,0,0,0.0204304335368407,0.7611062713234976,,,,,0.0,0.0,0.3224728487886383,0.4801169590643275,0.0,1.2011100504247059,1.2588436368347233,0.28342509712854524,1,常规加密抽检,1
浙江,2024,5,2024-05,餐饮,11,1,1,0.0255999706378335,0.8030202363701014,0.0042196,0.0042196,24.88387524883875,1.0,66700000.0,0.9921253559339118,0.906265664160401,0.5017543859649123,0.0,1.2599389480810737,1.6947279839645857,1.980848700321327,2,重点专项抽检,2
浙江,2024,6,2024-06,餐饮,8,0,0,0.0246126624262233,0.7968648296362304,,,,,0.0,0.0,0.32472848788638264,0.495906432748538,0.0,1.3008755287971159,1.3787529693037337,0.4261866863489273,1,常规加密抽检,1
浙江,2024,7,2024-07,餐饮,23,0,0,0.0216412444228092,0.7906499633394739,,,,,0.0,0.0,0.32063492063492066,0.4672514619883041,0.0,1.403298774161112,1.4501738246930858,0.5093014284665089,1,常规加密抽检,1
浙江,2024,8,2024-08,餐饮,12,0,0,0.020450274338372,0.7843830577020469,,,,,0.0,0.0,0.3182957393483709,0.45087719298245615,0.0,1.2939520584318833,1.348303122252396,0.3649033131311823,1,常规加密抽检,1
浙江,2024,9,2024-09,餐饮,29,0,0,0.0176985272571934,0.7780717955653004,,,,,0.0,0.0,0.31236424394319134,0.4093567251461988,0.0,1.2891956667183173,1.3761012075027614,0.360138418243872,1,常规加密抽检,1
浙江,2024,10,2024-10,餐饮,14,0,0,0.0167120698407028,0.7717240862430294,,,,,0.0,0.0,0.30935672514619883,0.3883040935672515,0.0,1.1883848242829669,1.2621625769537341,0.22286780635346237,1,常规加密抽检,1
浙江,2024,11,2024-11,餐饮,14,0,0,0.0158121022905185,0.7653480269467269,,,,,0.0,0.0,0.3075187969924812,0.37543859649122807,0.0,1.14155061332309,1.221037595262289,0.16058702529921093,1,常规加密抽检,1
浙江,2024,12,2024-12,餐饮,11,0,0,0.0152059302848566,0.7589518621694756,,,,,0.0,0.0,0.30643274853801167,0.3678362573099415,0.0,1.0861294072928567,1.1613684952330563,0.09425044234466141,1,常规加密抽检,1
海南,2023,9,2023-09,流通,1,0,0,0.3333333333333333,0.5,,,,,0.0,0.0,0.39557226399331663,0.991812865497076,0.3068528194400547,0.8535117258293617,1.039199005213665,1.0369628048992694,1,常规加密抽检,1
海南,2023,11,2023-11,生产,22,0,0,0.0416666666666666,0.5,,,,,0.0,0.0,0.36507936507936506,0.7783625730994153,0.0,0.7585028325871578,0.9449079124650833,0.3492433137339871,1,常规加密抽检,1
海南,2024,5,2024-05,生产,1,1,1,0.0836820083682008,0.6666666666666666,0.0017994999999999,0.0017994999999999,58.34954153931648,1.0,10480000.0,0.9815349552090772,0.9259816207184628,0.8350877192982457,0.3068528194400547,2.290959981312133,2.889739869715334,3.292196623729202,2,重点专项抽检,2
海南,2024,1,2024-01,餐饮,3,0,0,0.2,0.5,,,,,0.0,0.0,0.39055973266499583,0.9567251461988304,0.0,0.9107193065295386,1.1129797096253524,0.6664399054842101,1,常规加密抽检,1
海南,2024,4,2024-04,餐饮,1,1,1,0.3418803418803419,0.6666666666666666,0.0085705,0.0085705,12.25132722711627,1.0,10480000.0,0.996122997712938,0.9637426900584796,0.9672514619883041,0.3068528194400547,4.46103170370906,5.301611739749815,5.418776799109015,2,重点专项抽检,2
海南,2024,7,2024-07,餐饮,1,1,1,0.4431092752534735,0.7468354430379747,0.0011651,0.0011651,90.12101965496522,1.0,10480000.0,0.971480689982606,0.939766081871345,0.9666666666666667,0.3068528194400547,4.645101037636453,5.30715868029229,5.50389499158501,2,重点专项抽检,2
湖北,2023,1,2023-01,流通,16,1,0,0.0555555555555555,0.3333333333333333,,,,,0.0,0.0,0.37180451127819547,0.8254385964912281,0.0,0.5720162115330807,0.6899883901206282,0.24965197784961346,1,常规加密抽检,1
湖北,2023,2,2023-02,流通,17,0,0,0.0292397660818713,0.3389830508474576,,,,,0.0,0.0,0.3560568086883876,0.7152046783625731,0.0,0.6636416650995862,0.7870877809801874,0.029713224508248787,1,常规加密抽检,1
湖北,2023,3,2023-03,流通,25,0,0,0.0173641257162701,0.3445305770887166,,,,,0.0,0.0,0.3391812865497076,0.5970760233918129,0.0,0.6586572077128346,0.7092179643957256,-0.10229237355986615,1,常规加密抽检,1
湖北,2023,4,2023-04,流通,26,0,0,0.0247492590690566,0.3499715648103592,,,,,0.0,0.0,0.3393483709273183,0.5982456140350877,0.0,0.6507324711372343,0.7078806419842901,-0.1148606545037349,1,常规加密抽检,1
湖北,2023,5,2023-05,流通,51,0,0,0.0152498661237714,0.355302106719429,,,,,0.0,0.0,0.3192982456140351,0.45789473684210524,0.0,0.6325586777432843,0.6210024918222756,-0.246821015326868,0,维持/不加码,0
湖北,2023,6,2023-06,流通,51,0,0,0.011024098077214,0.3605187368910599,,,,,0.0,0.0,0.30350877192982456,0.3473684210526316,0.0,0.5867096324205955,0.5544647452434784,-0.37817750915998816,0,维持/不加码,0
湖北,2023,7,2023-07,流通,39,2,0,0.0091474832518525,0.2111891433363517,,,,,0.0,0.0,0.296157059314954,0.295906432748538,0.0,0.6628202322250968,0.6186466086652048,-0.45644010777557503,0,维持/不加码,0
湖北,2023,8,2023-08,流通,35,0,0,0.0079585258565555,0.2174699104499124,,,,,0.0,0.0,0.292063492063492,0.2672514619883041,0.0,0.5985283374958922,0.6034128967124153,-0.42896114719129863,1,常规加密抽检,1
湖北,2023,9,2023-09,流通,99,0,0,0.0056186448712856,0.2237927284097386,,,,,0.0,0.0,0.2777777777777778,0.1672514619883041,0.0,0.6586724694854259,0.6399532031582206,-0.4892443329808525,0,维持/不加码,0
湖北,2023,10,2023-10,流通,48,0,0,0.0049857424959177,0.2301496285044101,,,,,0.0,0.0,0.27518796992481204,0.14912280701754385,0.0,0.5793487088974599,0.5709318381688877,-0.5520615866948397,0,维持/不加码,0
湖北,2023,11,2023-11,流通,60,0,0,0.0043467954514188,0.236532465883349,,,,,0.0,0.0,0.2699248120300752,0.11228070175438597,0.0,0.5848040492965504,0.5660920813876914,-0.5831872815588596,0,维持/不加码,0
湖北,2023,12,2023-12,流通,107,0,0,0.0034779604365006,0.2429329606943283,,,,,0.0,0.0,0.2639097744360902,0.07017543859649122,0.0,0.6257302450088391,0.5981067847905932,-0.5882350928868086,0,维持/不加码,0
湖北,2024,1,2024-01,流通,43,0,0,0.0113179726048498,0.2493427407069172,,,,,0.0,0.0,0.28279030910609854,0.2023391812865497,0.0,0.5692072565554761,0.5653305236043207,-0.5132858975090735,0,维持/不加码,0
湖北,2024,2,2024-02,流通,39,0,0,0.0105508395017053,0.2557533849598127,,,,,0.0,0.0,0.28111946532999166,0.19064327485380117,0.0,0.554519026589758,0.5520664882567833,-0.541087310444736,0,维持/不加码,0
湖北,2024,3,2024-03,流通,15,0,0,0.0103327291437987,0.2621564679505952,,,,,0.0,0.0,0.2810359231411863,0.19005847953216373,0.0,0.4872604044970398,0.4989049704264501,-0.5820594051238527,1,常规加密抽检,1
湖北,2024,4,2024-04,流通,20,0,0,0.010014965971008,0.2685436038761123,,,,,0.0,0.0,0.2802840434419382,0.1847953216374269,0.0,0.4950801880739413,0.5064856520034005,-0.5932716039694489,1,常规加密抽检,1
湖北,2024,5,2024-05,流通,51,0,0,0.0091312583735846,0.2749064904307285,,,,,0.0,0.0,0.27752715121136173,0.1654970760233918,0.0,0.5594163316638929,0.5418223700907262,-0.5584644024161353,0,维持/不加码,0
湖北,2024,6,2024-06,流通,26,0,0,0.0087708293154679,0.2812369516781074,,,,,0.0,0.0,0.2769423558897243,0.16140350877192983,0.0,0.4975536949830761,0.5040707892655124,-0.6250938064510697,1,常规加密抽检,1
湖北,2024,7,2024-07,流通,52,2,0,0.0080288502652181,0.1825505582687831,,,,,0.0,0.0,0.27535505430242274,0.15029239766081873,0.0,0.6662351001130661,0.600594060436079,-0.5609002650345392,0,维持/不加码,0
湖北,2024,8,2024-08,流通,54,1,0,0.0073605773187942,0.1586284912350179,,,,,0.0,0.0,0.273015873015873,0.13391812865497077,0.0,0.6603269967684392,0.6071120964826832,-0.6043303040063084,0,维持/不加码,0
湖北,2024,9,2024-09,流通,72,0,0,0.0065833752807433,0.1642350064286763,,,,,0.0,0.0,0.26900584795321636,0.10584795321637427,0.0,0.6396100838101433,0.6403463034954603,-0.5440069796322514,1,常规加密抽检,1
湖北,2024,10,2024-10,流通,57,0,0,0.0060778308389977,0.1699410313588471,,,,,0.0,0.0,0.26708437761069337,0.09239766081871345,0.0,0.614894298122071,0.6110720868591607,-0.578566613086204,0,维持/不加码,0
湖北,2024,11,2024-11,流通,73,2,0,0.0084200904170214,0.130036062940861,,,,,0.0,0.0,0.2715956558061821,0.1239766081871345,0.0,0.7116256470381289,0.6324712715742548,-0.5667337321452056,0,维持/不加码,0
湖北,2024,12,2024-12,流通,57,0,0,0.0078119450561367,0.1350317507545761,,,,,0.0,0.0,0.2697577276524645,0.1111111111111111,0.0,0.6424525435310632,0.6481594225478704,-0.5306673886042351,1,常规加密抽检,1
湖北,2023,1,2023-01,生产,3,0,0,0.2,0.5,,,,,0.0,0.0,0.39055973266499583,0.9567251461988304,0.0,0.9107193065295386,1.1129797096253524,0.6664399054842101,1,常规加密抽检,1
湖北,2023,4,2023-04,生产,2,0,0,0.145985401459854,0.5,,,,,0.0,0.0,0.3880116959064327,0.9388888888888889,0.0,0.7980561600766544,1.0229867345469705,0.4915424134321653,1,常规加密抽检,1
湖北,2023,5,2023-05,生产,10,0,0,0.1204275176877916,0.5,,,,,0.0,0.0,0.3800334168755221,0.8830409356725146,0.0,0.7579478129309477,0.9468329175186042,0.3927419788836704,1,常规加密抽检,1
湖北,2023,6,2023-06,生产,3,0,0,0.1032996285186436,0.5,,,,,0.0,0.0,0.3776106934001671,0.8660818713450292,0.0,0.7561458961201609,0.9471718945523967,0.32681668577023715,1,常规加密抽检,1
湖北,2023,7,2023-07,生产,2,0,0,0.094967028283889,0.5,,,,,0.0,0.0,0.37669172932330824,0.8596491228070176,0.0,0.7566285249058616,0.9536586450491745,0.3208390241812545,1,常规加密抽检,1
湖北,2023,9,2023-09,生产,2,0,0,0.1352180753778216,0.5,,,,,0.0,0.0,0.3789473684210526,0.875438596491228,0.0,0.7356890763227981,0.8826908142036629,0.3219525998874479,1,常规加密抽检,1
湖北,2023,11,2023-11,生产,2,0,0,0.1246675592995366,0.5,,,,,0.0,0.0,0.37777777777777777,0.867251461988304,0.0,0.7432098308900679,0.8946851258127053,0.31543011421654316,1,常规加密抽检,1
湖北,2023,12,2023-12,生产,6,0,0,0.0985148334196187,0.5,,,,,0.0,0.0,0.37385129490392643,0.839766081871345,0.0,0.7625128176881507,0.9252189387612137,0.3015667217739426,1,常规加密抽检,1
湖北,2024,2,2024-02,生产,2,0,0,0.092893456952401,0.5,,,,,0.0,0.0,0.3726817042606516,0.8315789473684211,0.0,0.7486769894645425,0.9322447378096669,0.28798408872904924,1,常规加密抽检,1
湖北,2024,5,2024-05,生产,11,0,0,0.066808624720698,0.5,,,,,0.0,0.0,0.36541353383458647,0.7807017543859649,0.0,0.7583330277133119,0.9081476639548326,0.22474949288076462,1,常规加密抽检,1
湖北,2024,6,2024-06,生产,5,0,0,0.1086698800350082,0.5,,,,,0.0,0.0,0.36950710108604845,0.8093567251461988,0.0,0.7363519635327779,0.8725995669346379,0.2557504501138962,1,常规加密抽检,1
湖北,2024,7,2024-07,生产,2,0,0,0.1043117172057686,0.5,,,,,0.0,0.0,0.36892230576441104,0.8052631578947368,0.0,0.7363774673326959,0.8984795542420171,0.2683489947396881,1,常规加密抽检,1
湖北,2024,8,2024-08,生产,6,0,0,0.0912670899335437,0.5,,,,,0.0,0.0,0.36675020885547205,0.7900584795321638,0.0,0.7465687846943315,0.8838548874318289,0.2510954112242559,1,常规加密抽检,1
湖北,2024,9,2024-09,生产,19,0,0,0.0962315864224614,0.5,,,,,0.0,0.0,0.3633249791144528,0.7660818713450293,0.0,0.6906065294352182,0.8705065550703707,0.18793118365741873,1,常规加密抽检,1
湖北,2024,10,2024-10,生产,4,0,0,0.0907458808309642,0.5,,,,,0.0,0.0,0.36232247284878866,0.7590643274853801,0.0,0.7307327067958841,0.8764104743191036,0.2277408661700573,1,常规加密抽检,1
湖北,2024,11,2024-11,生产,17,0,0,0.0711836780637741,0.5,,,,,0.0,0.0,0.3564745196324144,0.7181286549707603,0.0,0.739705314884835,0.8555840382381763,0.12388263907582257,1,常规加密抽检,1
湖北,2024,12,2024-12,生产,24,0,0,0.0540185673794596,0.5,,,,,0.0,0.0,0.34945697577276524,0.6690058479532164,0.0,0.7073928297830219,0.8124366186427898,0.07499570558097692,1,常规加密抽检,1
湖北,2023,1,2023-01,餐饮,1,0,0,0.3333333333333333,0.5,,,,,0.0,0.0,0.39557226399331663,0.991812865497076,0.3068528194400547,0.8535117258293617,1.039199005213665,1.0369628048992694,1,常规加密抽检,1
湖北,2023,3,2023-03,餐饮,2,0,0,0.202020202020202,0.5,,,,,0.0,0.0,0.3910609857978279,0.960233918128655,0.0,0.9018254265737735,1.1181224326567833,0.6537469610921499,1,常规加密抽检,1
湖北,2023,4,2023-04,餐饮,4,0,0,0.1136040897472309,0.5,,,,,0.0,0.0,0.38529657477025897,0.9198830409356725,0.0,0.7575937518865781,1.0161407479351023,0.4518533411154323,1,常规加密抽检,1
湖北,2023,5,2023-05,餐饮,11,0,0,0.0513811906306398,0.5,,,,,0.0,0.0,0.3697577276524645,0.8111111111111111,0.0,0.7599394435889064,0.961598640538167,0.35774880796963154,1,常规加密抽检,1
湖北,2023,6,2023-06,餐饮,6,0,0,0.0406681678304117,0.5,,,,,0.0,0.0,0.3647451963241437,0.7760233918128655,0.0,0.7656491858061085,0.8964949546996202,0.2694160539229513,1,常规加密抽检,1
湖北,2023,7,2023-07,餐饮,8,0,0,0.0317866041297017,0.5,,,,,0.0,0.0,0.35772765246449456,0.7269005847953216,0.0,0.734716801997572,0.8583186053396304,0.17082718763945642,1,常规加密抽检,1
湖北,2023,8,2023-08,餐饮,1,0,0,0.0322718021375713,0.5,,,,,0.0,0.0,0.35856307435254803,0.7327485380116959,0.3068528194400547,0.6781265709382572,0.817050913146806,0.6769584837191694,1,常规加密抽检,1
湖北,2023,9,2023-09,餐饮,25,0,0,0.0183360195800419,0.5,,,,,0.0,0.0,0.3408521303258145,0.6087719298245614,0.0,0.7158270763564737,0.774947751593003,0.04657081255663782,1,常规加密抽检,1
湖北,2023,10,2023-10,餐饮,2,0,0,0.0185492310992806,0.5,,,,,0.0,0.0,0.3413533834586466,0.612280701754386,0.0,0.6841489686725649,0.7467673192790324,0.012048127450254187,1,常规加密抽检,1
湖北,2023,11,2023-11,餐饮,106,2,0,0.0190700113723758,0.75,,,,,0.0,0.0,0.31979949874686714,0.4614035087719298,0.0,1.4241741834932837,1.5413332762131682,0.5598612199976803,1,常规加密抽检,1
湖北,2023,12,2023-12,餐饮,64,1,1,0.0182627611372086,0.7959183673469387,0.0016682666666666,0.0016682666666666,62.939578005115074,1.0,58380000.0,0.9800824120236978,0.8736842105263157,0.39649122807017545,0.0,1.4480889598864577,1.9707622708662145,2.109129158334659,2,重点专项抽检,2
湖北,2024,1,2024-01,餐饮,46,1,1,0.0190985452545327,0.8262380538662033,0.0033756333333333,0.0033756333333333,31.10527407202599,1.0,58340000.0,0.9901565588379664,0.8816207184628239,0.37485380116959066,0.0,1.5242540970365404,2.031121812153103,2.1785986548008958,2,重点专项抽检,2
湖北,2024,3,2024-03,餐饮,2,0,0,0.0191400041440256,0.8203781040908886,,,,,0.0,0.0,0.30868838763575607,0.38362573099415204,0.0,1.2472031417480673,1.2631210071277255,0.25712539920804656,1,常规加密抽检,1
湖北,2024,4,2024-04,餐饮,1,0,0,0.0192670761407772,0.8144329418641603,,,,,0.0,0.0,0.310359231411863,0.3953216374269006,0.3068528194400547,1.2570337069342732,1.4817845085581436,1.2158680989633972,1,常规加密抽检,1
湖北,2024,5,2024-05,餐饮,8,0,0,0.0187946389760422,0.8084086796136896,,,,,0.0,0.0,0.30994152046783624,0.39239766081871347,0.0,1.3332404317838182,1.3959565895040065,0.36707959312724536,1,常规加密抽检,1
湖北,2024,6,2024-06,餐饮,1,0,0,0.0189314346583373,0.8023118040653477,,,,,0.0,0.0,0.3116959064327486,0.4046783625730994,0.3068528194400547,1.189108211983859,1.41723927456145,1.164328273430758,1,常规加密抽检,1
湖北,2024,7,2024-07,餐饮,68,0,0,0.018051128401467,0.7961491523128937,,,,,0.0,0.0,0.3041771094402673,0.352046783625731,0.0,1.345907947129282,1.4918649598494742,0.44894353956918154,1,常规加密抽检,1
湖北,2024,8,2024-08,餐饮,6,0,0,0.0178236649953239,0.7899278844174591,,,,,0.0,0.0,0.3045948203842941,0.3549707602339181,0.0,1.1833360918827043,1.2412592048441817,0.17056814594009917,1,常规加密抽检,1
湖北,2024,9,2024-09,餐饮,30,2,0,0.0232068049385839,0.8489940712915476,,,,,0.0,0.0,0.30910609857978283,0.3865497076023392,0.0,1.7130622085562917,1.8022349176802615,0.7855494607903467,1,常规加密抽检,1
湖北,2024,10,2024-10,餐饮,1,0,0,0.0232980524732627,0.8435334825986779,,,,,0.0,0.0,0.3109440267335004,0.39941520467836256,0.3068528194400547,1.4135954456566118,1.6324876587708106,1.3553638338425322,1,常规加密抽检,1
湖北,2024,11,2024-11,餐饮,81,2,2,0.0237759717735794,0.8776247432614851,0.00424235,0.00454733,24.909363666852197,1.0,58340000.0,0.9921172899788442,0.8826232247284879,0.36081871345029237,0.0,2.072560681895778,2.590497421280994,2.646137593793596,2,重点专项抽检,2
湖北,2024,12,2024-12,餐饮,49,2,2,0.0261730720801024,0.8986110443773692,0.0168455833333333,0.0188690083333333,6.346126148931155,1.0,58340000.0,0.997991732231351,0.8900584795321638,0.36140350877192984,0.0,2.0514499457529207,2.528137020530237,2.614776089462,2,重点专项抽检,2
湖南,2023,1,2023-01,流通,16,0,0,0.0555555555555555,0.5,,,,,0.0,0.0,0.37180451127819547,0.8254385964912281,0.0,0.7538562936397274,0.9920088900575513,0.41837630458340425,1,常规加密抽检,1
湖南,2023,2,2023-02,流通,18,0,0,0.0284090909090909,0.5,,,,,0.0,0.0,0.35522138680033416,0.7093567251461989,0.0,0.7469899778145196,0.8670748573119343,0.1612380052575617,1,常规加密抽检,1
湖南,2023,3,2023-03,流通,21,0,0,0.0183351668500183,0.5,,,,,0.0,0.0,0.34076858813700917,0.6081871345029239,0.0,0.7081863572115442,0.777814059019115,0.024691465560628498,1,常规加密抽检,1
湖南,2023,4,2023-04,流通,40,0,0,0.0108798537747652,0.5,,,,,0.0,0.0,0.31921470342522973,0.45730994152046783,0.0,0.6243926399597629,0.6750251009367162,-0.24828948873686651,1,常规加密抽检,1
湖南,2023,5,2023-05,流通,29,0,0,0.0085897849418493,0.5,,,,,0.0,0.0,0.3066833751044277,0.3695906432748538,0.0,0.5443621879310577,0.6117806848008395,-0.4152646722750413,1,常规加密抽检,1
湖南,2023,6,2023-06,流通,39,0,0,0.0066801836843427,0.5,,,,,0.0,0.0,0.2958228905597327,0.2935672514619883,0.0,0.48748689379302135,0.5391435700541887,-0.556586950554256,1,常规加密抽检,1
湖南,2023,7,2023-07,流通,35,1,0,0.005639787079793,0.3333333333333333,,,,,0.0,0.0,0.2901420217209691,0.25380116959064325,0.0,0.5451949127892588,0.5506209720080822,-0.5418936266167579,1,常规加密抽检,1
湖南,2023,8,2023-08,流通,28,0,0,0.0050878655179385,0.3389830508474576,,,,,0.0,0.0,0.2856307435254804,0.2222222222222222,0.0,0.4789572070417635,0.49945401866647354,-0.5833331973449453,1,常规加密抽检,1
湖南,2023,9,2023-09,流通,35,0,0,0.0045081847330176,0.3445305770887166,,,,,0.0,0.0,0.28078529657477025,0.18830409356725147,0.0,0.4831342361839307,0.4887710624531246,-0.609729708388283,1,常规加密抽检,1
湖南,2023,10,2023-10,流通,42,0,0,0.0039552607311528,0.3499715648103592,,,,,0.0,0.0,0.2762740183792815,0.1567251461988304,0.0,0.48515407273828615,0.4781008572449881,-0.6355453194307146,0,维持/不加码,0
湖南,2023,11,2023-11,流通,43,0,0,0.0035299959818112,0.355302106719429,,,,,0.0,0.0,0.2720133667502088,0.12690058479532162,0.0,0.46697899201369164,0.4656097975998196,-0.6716068981997586,0,维持/不加码,0
湖南,2023,12,2023-12,流通,55,0,0,0.0061686105928656,0.3605187368910599,,,,,0.0,0.0,0.279281537176274,0.17777777777777778,0.0,0.5204707827771374,0.48503829398598886,-0.5907115971407879,0,维持/不加码,0
湖南,2024,1,2024-01,流通,14,0,0,0.0060538134955273,0.3656184289192158,,,,,0.0,0.0,0.27894736842105267,0.17543859649122806,0.0,0.39160761882502304,0.4382553393786621,-0.6747769829967593,1,常规加密抽检,1
湖南,2024,2,2024-02,流通,10,0,0,0.0060185609687014,0.3705985910092303,,,,,0.0,0.0,0.27936507936507937,0.1783625730994152,0.0,0.37460590052748843,0.44150856820472095,-0.685022798420743,1,常规加密抽检,1
湖南,2024,3,2024-03,流通,11,0,0,0.0059645917441664,0.3754570582444667,,,,,0.0,0.0,0.2795321637426901,0.17953216374269007,0.0,0.37435585440021646,0.44054657609858894,-0.6872325020885055,1,常规加密抽检,1
湖南,2024,4,2024-04,流通,17,0,0,0.0057984380072343,0.380192082280403,,,,,0.0,0.0,0.27844611528822055,0.17192982456140352,0.0,0.38389931496173946,0.43286803195073575,-0.6819207133289021,1,常规加密抽检,1
湖南,2024,5,2024-05,流通,15,0,0,0.0056782127285708,0.3848023187345287,,,,,0.0,0.0,0.27827903091060985,0.17076023391812867,0.0,0.3731275140787118,0.4328887450691138,-0.6871878286942439,1,常规加密抽检,1
湖南,2024,6,2024-06,流通,36,0,0,0.0112210585095927,0.3892868125498253,,,,,0.0,0.0,0.29114452798663326,0.2608187134502924,0.0,0.48826460766655033,0.491103723799606,-0.5442041816903685,1,常规加密抽检,1
湖南,2024,7,2024-07,流通,19,0,0,0.0137132290762533,0.3936449816136465,,,,,0.0,0.0,0.2941520467836257,0.2818713450292398,0.0,0.4571837841419948,0.4913987012802773,-0.5388543324012286,1,常规加密抽检,1
湖南,2024,8,2024-08,流通,27,0,0,0.0127827396522579,0.397876598912935,,,,,0.0,0.0,0.2928153717627402,0.27251461988304093,0.0,0.4681156375259411,0.48281643406367836,-0.5515474586744069,1,常规加密抽检,1
湖南,2024,9,2024-09,流通,21,0,0,0.0121540325454788,0.4019817735014327,,,,,0.0,0.0,0.291812865497076,0.2654970760233918,0.0,0.4466759669685164,0.4805583341028391,-0.5661823649334765,1,常规加密抽检,1
湖南,2024,10,2024-10,流通,17,0,0,0.0117019142672667,0.4059609305454096,,,,,0.0,0.0,0.29097744360902256,0.2596491228070175,0.0,0.42966978232364167,0.47598154282282934,-0.5779672280028494,1,常规加密抽检,1
湖南,2024,11,2024-11,流通,20,0,0,0.011175370697296,0.4098147907020444,,,,,0.0,0.0,0.29005847953216374,0.25321637426900584,0.0,0.43180699225984653,0.4724669964696375,-0.587385579163758,1,常规加密抽检,1
湖南,2024,12,2024-12,流通,17,2,0,0.0107736734609214,0.2263405982920995,,,,,0.0,0.0,0.289139515455305,0.24678362573099416,0.0,0.5447918449262256,0.5717138755718049,-0.45392831433665776,1,常规加密抽检,1
湖南,2023,2,2023-02,生产,2,2,0,0.25,0.25,,,,,0.0,0.0,0.3927318295739348,0.9719298245614035,0.0,0.6788916004847881,0.9068503985605711,0.4760325300657601,1,常规加密抽检,1
湖南,2023,4,2023-04,生产,2,0,0,0.1694915254237288,0.2564102564102564,,,,,0.0,0.0,0.38943191311612363,0.9488304093567251,0.0,0.7203163287021446,0.9374698887976051,0.49754703008147183,1,常规加密抽检,1
湖南,2023,5,2023-05,生产,2,0,0,0.1297858533419857,0.2628120893561104,,,,,0.0,0.0,0.38680033416875526,0.9304093567251462,0.0,0.6677015134116274,0.9155926725891469,0.46677821510509665,1,常规加密抽检,1
湖南,2023,6,2023-06,生产,6,0,0,0.07451703645746,0.2691971195908204,,,,,0.0,0.0,0.37794486215538853,0.868421052631579,0.0,0.6436880189274073,0.8530445630070257,0.31990059918316405,1,常规加密抽检,1
湖南,2023,7,2023-07,生产,7,0,0,0.0503809746325495,0.2755570558106372,,,,,0.0,0.0,0.3694235588972431,0.8087719298245614,0.0,0.6533686736243587,0.8020004835601394,0.1610806630593391,1,常规加密抽检,1
湖南,2023,9,2023-09,生产,5,0,0,0.041742630645107,0.281883737404862,,,,,0.0,0.0,0.36524644945697576,0.7795321637426901,0.0,0.6418324842966541,0.7572284185638637,0.1159913189028987,1,常规加密抽检,1
湖南,2023,10,2023-10,生产,8,0,0,0.0324059735790391,0.2881691757661863,,,,,0.0,0.0,0.3588137009189641,0.7345029239766082,0.0,0.642959193698741,0.7463992315479712,0.0011034614306745655,1,常规加密抽检,1
湖南,2023,11,2023-11,生产,18,0,0,0.0210901130395355,0.2944055937239451,,,,,0.0,0.0,0.34578111946533,0.6432748538011696,0.0,0.6574162458463774,0.7251811409746085,-0.09245257025803552,1,常规加密抽检,1
湖南,2023,12,2023-12,生产,20,0,0,0.0153504185225743,0.3005854626978019,,,,,0.0,0.0,0.33441938178780284,0.5637426900584795,0.0,0.6398013415392452,0.6859746797712646,-0.16026984034363367,1,常规加密抽检,1
湖南,2024,2,2024-02,生产,3,0,0,0.015387559514675,0.306701537211084,,,,,0.0,0.0,0.33458646616541354,0.5649122807017544,0.0,0.575307065987719,0.620979418070098,-0.22955769768220463,1,常规加密抽检,1
湖南,2024,3,2024-03,生产,38,0,0,0.0100162077005545,0.3127468864503717,,,,,0.0,0.0,0.3153717627401838,0.4304093567251462,0.0,0.6088016619184132,0.6124689833171707,-0.2816127554482155,1,常规加密抽检,1
湖南,2024,4,2024-04,生产,5,1,1,0.0200107505764412,0.4833719815333261,0.00098335,0.00098335,106.77785122286062,1.0,65390000.0,0.9662095407522592,0.8889724310776942,0.5356725146198831,0.0,0.44998916476658213,0.8787520836613368,1.165954916722697,2,重点专项抽检,2
湖南,2024,5,2024-05,生产,36,0,0,0.0148799347001362,0.4837845137296433,,,,,0.0,0.0,0.31796157059314956,0.44853801169590646,0.0,0.6317439998906816,0.6838775272806916,-0.24892789457639536,1,常规加密抽检,1
湖南,2024,6,2024-06,生产,9,0,0,0.0142406410302728,0.4841972071943164,,,,,0.0,0.0,0.316624895572264,0.4391812865497076,0.0,0.5831905492482429,0.6755940727137313,-0.240225018843502,1,常规加密抽检,1
湖南,2024,7,2024-07,生产,32,0,0,0.0179690259498716,0.4846095193998073,,,,,0.0,0.0,0.3175438596491228,0.4456140350877193,0.0,0.6281862377815587,0.6743678741022824,-0.26599867368434904,1,常规加密抽检,1
湖南,2024,8,2024-08,生产,3,0,0,0.017932026962755,0.4850209098209364,,,,,0.0,0.0,0.31854636591478697,0.45263157894736844,0.0,0.5837486738136252,0.6634672633277449,-0.22002754041624756,1,常规加密抽检,1
湖南,2024,9,2024-09,生产,48,0,0,0.0137557282281991,0.4854308427622432,,,,,0.0,0.0,0.30559732664995826,0.36198830409356725,0.0,0.5763004658790413,0.5951946298735248,-0.41269466539960326,1,常规加密抽检,1
湖南,2024,10,2024-10,生产,66,2,2,0.0222869882082963,0.67041266154683,0.0018956999999999,0.0021321299999999,56.47299126567184,1.0,65390000.0,0.9821288002323824,0.8781119465329992,0.4058479532163743,0.0,1.071286308132163,1.534747479651948,1.7633870717493805,2,重点专项抽检,2
湖南,2024,11,2024-11,生产,4,0,0,0.0221163510185133,0.6672526382181018,,,,,0.0,0.0,0.31278195488721805,0.41228070175438597,0.0,0.7862126220298588,0.8596002627769906,-0.04605470650249128,1,常规加密抽检,1
湖南,2024,12,2024-12,生产,46,0,0,0.0186092716871703,0.6640504833051373,,,,,0.0,0.0,0.30451127819548873,0.3543859649122807,0.0,0.7820421450566652,0.8647504015300991,-0.1756606946979371,1,常规加密抽检,1
湖南,2023,1,2023-01,餐饮,3,0,0,0.2,0.5,,,,,0.0,0.0,0.39055973266499583,0.9567251461988304,0.0,0.9107193065295386,1.1129797096253524,0.6664399054842101,1,常规加密抽检,1
湖南,2023,4,2023-04,餐饮,2,0,0,0.145985401459854,0.5,,,,,0.0,0.0,0.3880116959064327,0.9388888888888889,0.0,0.7980561600766544,1.0229867345469705,0.4915424134321653,1,常规加密抽检,1
湖南,2023,5,2023-05,餐饮,4,0,0,0.0942729201037002,0.5,,,,,0.0,0.0,0.38262322472848787,0.9011695906432748,0.0,0.7620882928098754,1.0109187578607925,0.44357802982125394,1,常规加密抽检,1
湖南,2023,6,2023-06,餐饮,9,0,0,0.0521454597600005,0.5,,,,,0.0,0.0,0.37042606516290727,0.8157894736842105,0.0,0.7693538177280544,0.9570772782851759,0.35019372799934523,1,常规加密抽检,1
湖南,2023,7,2023-07,餐饮,6,1,0,0.0411213483278903,0.3333333333333333,,,,,0.0,0.0,0.36491228070175435,0.7771929824561403,0.0,0.5136598242635056,0.6139369502185831,0.2363407288825119,1,常规加密抽检,1
湖南,2023,8,2023-08,餐饮,2,0,0,0.0396788311092501,0.3389830508474576,,,,,0.0,0.0,0.3641604010025063,0.7719298245614035,0.0,0.6386012178637962,0.7097659819007647,0.15409515578708372,1,常规加密抽检,1
湖南,2023,9,2023-09,餐饮,14,0,0,0.0262865715710811,0.3445305770887166,,,,,0.0,0.0,0.35313283208020046,0.6947368421052632,0.0,0.6630390896685044,0.7586566677720875,-0.005608663147829665,1,常规加密抽检,1
湖南,2023,10,2023-10,餐饮,11,0,0,0.0211684449570585,0.3499715648103592,,,,,0.0,0.0,0.3461152882205513,0.6456140350877193,0.0,0.6512211490410394,0.7059452353355462,-0.08557181797926207,1,常规加密抽检,1
湖南,2023,11,2023-11,餐饮,19,0,0,0.0156303437737178,0.355302106719429,,,,,0.0,0.0,0.33500417710944025,0.5678362573099415,0.0,0.6674351839592164,0.6948310855146379,-0.14932507133615494,1,常规加密抽检,1
湖南,2023,12,2023-12,餐饮,9,0,0,0.0143104072170376,0.3605187368910599,,,,,0.0,0.0,0.33107769423558897,0.5403508771929825,0.0,0.6160440983210671,0.6556033552951456,-0.2119290108798461,1,常规加密抽检,1
湖南,2024,1,2024-01,餐饮,3,0,0,0.0143915429602981,0.3656184289192158,,,,,0.0,0.0,0.3314118629908104,0.5426900584795321,0.0,0.5914806234992188,0.6217868411956492,-0.21149493820471915,1,常规加密抽检,1
湖南,2024,3,2024-03,餐饮,3,0,0,0.0144694787099467,0.3705985910092303,,,,,0.0,0.0,0.33157894736842103,0.543859649122807,0.0,0.5937425938139242,0.6229222803332467,-0.20557824992385437,1,常规加密抽检,1
湖南,2024,4,2024-04,餐饮,4,0,0,0.0143357993491664,0.3754570582444667,,,,,0.0,0.0,0.33116123642439427,0.5409356725146199,0.0,0.5989628255635292,0.6346735023783838,-0.20558674593508142,1,常规加密抽检,1
湖南,2024,5,2024-05,餐饮,4,0,0,0.0142110719351485,0.380192082280403,,,,,0.0,0.0,0.33082706766917297,0.5385964912280702,0.0,0.6001131458906024,0.6346045537225017,-0.2043035604956734,1,常规加密抽检,1
湖南,2024,6,2024-06,餐饮,4,0,0,0.0140945747087524,0.3848023187345287,,,,,0.0,0.0,0.3302422723475355,0.5345029239766081,0.0,0.6005178332530937,0.6341833192782533,-0.20474121653755367,1,常规加密抽检,1
湖南,2024,7,2024-07,餐饮,1,0,0,0.0145981520936105,0.3892868125498253,,,,,0.0,0.0,0.3318295739348371,0.5456140350877193,0.3068528194400547,0.557732792446464,0.606410742031283,0.4694162841006877,1,常规加密抽检,1
湖南,2024,8,2024-08,餐饮,5,0,0,0.0142497378011209,0.3936449816136465,,,,,0.0,0.0,0.33091060985797827,0.5391812865497077,0.0,0.6090035297081636,0.6478552335327464,-0.19071827206872824,1,常规加密抽检,1
湖南,2024,9,2024-09,餐饮,4,0,0,0.0141307018289342,0.397876598912935,,,,,0.0,0.0,0.33032581453634086,0.5350877192982456,0.0,0.6057798338396644,0.6365474482863631,-0.19328786115587926,1,常规加密抽检,1
湖南,2024,11,2024-11,餐饮,6,0,0,0.0136370767284421,0.4019817735014327,,,,,0.0,0.0,0.3287385129490393,0.5239766081871345,0.0,0.6107888534882641,0.6498777703641486,-0.20688552252411374,1,常规加密抽检,1
湖南,2024,12,2024-12,餐饮,10,0,0,0.012537137548185,0.4059609305454096,,,,,0.0,0.0,0.32531328320802005,0.5,0.0,0.6141734687096715,0.6544471971498436,-0.2461079161135422,1,常规加密抽检,1
甘肃,2023,1,2023-01,流通,2,0,0,0.25,0.5,,,,,0.0,0.0,0.3927318295739348,0.9719298245614035,0.0,0.9623560465135498,1.1383928804756471,0.6665237804141428,1,常规加密抽检,1
甘肃,2023,2,2023-02,流通,4,0,0,0.1265822784810126,0.5,,,,,0.0,0.0,0.3865914786967419,0.9289473684210526,0.0,0.7749077455141674,1.0106994995915,0.4683584409210556,1,常规加密抽检,1
甘肃,2023,3,2023-03,流通,1,0,0,0.1162115049389889,0.5,,,,,0.0,0.0,0.3854636591478697,0.9210526315789473,0.3068528194400547,0.6896755549841878,0.9073059112893119,0.8547592921696915,1,常规加密抽检,1
甘肃,2023,4,2023-04,流通,2,0,0,0.0973259690016788,0.5,,,,,0.0,0.0,0.38312447786132,0.9046783625730994,0.0,0.7631516870184021,0.9971317554999869,0.4179820879736006,1,常规加密抽检,1
甘肃,2023,5,2023-05,流通,3,0,0,0.0777543758704845,0.5,,,,,0.0,0.0,0.37878028404344194,0.8742690058479532,0.0,0.7827719868106552,1.0085569653711937,0.3974548207766481,1,常规加密抽检,1
甘肃,2023,6,2023-06,流通,2,0,0,0.0698423426972562,0.5,,,,,0.0,0.0,0.377109440267335,0.8625730994152047,0.0,0.7887708669428702,0.9863918268980328,0.36077321732700585,1,常规加密抽检,1
甘肃,2023,7,2023-07,流通,3,0,0,0.0598728404523646,0.5,,,,,0.0,0.0,0.37393483709273184,0.8403508771929824,0.0,0.791345872105237,0.9638845379919726,0.34961457221334324,1,常规加密抽检,1
甘肃,2023,8,2023-08,流通,4,0,0,0.0500827351956246,0.5,,,,,0.0,0.0,0.36917293233082704,0.8070175438596491,0.0,0.7840821486200842,0.9292367525799481,0.3176292612737921,1,常规加密抽检,1
甘肃,2023,9,2023-09,流通,1,0,0,0.0498290550421356,0.5,,,,,0.0,0.0,0.3690893901420217,0.8064327485380117,0.3068528194400547,0.6973611088315158,0.8469356709715407,0.7757882441734556,1,常规加密抽检,1
甘肃,2023,11,2023-11,流通,2,0,0,0.0472474086495974,0.5,,,,,0.0,0.0,0.36758563074352546,0.795906432748538,0.0,0.7820589100523916,0.9158398765518768,0.28593261749143223,1,常规加密抽检,1
甘肃,2023,12,2023-12,流通,3,0,0,0.0430905901222859,0.5,,,,,0.0,0.0,0.3659983291562239,0.7847953216374269,0.0,0.7780722964118976,0.9063092286213299,0.2800043642052724,1,常规加密抽检,1
甘肃,2024,2,2024-02,流通,3,0,0,0.0397668442943732,0.5,,,,,0.0,0.0,0.36424394319131165,0.7725146198830409,0.0,0.7740676557525967,0.8941961843431722,0.2624705929801543,1,常规加密抽检,1
甘肃,2024,3,2024-03,流通,1,0,0,0.0400172108244496,0.5,,,,,0.0,0.0,0.3644110275689223,0.7736842105263158,0.3068528194400547,0.6871883575419445,0.8308819114264671,0.7301195440070009,1,常规加密抽检,1
甘肃,2024,5,2024-05,流通,1,0,0,0.0402579966436673,0.5,,,,,0.0,0.0,0.36457811194653306,0.7748538011695907,0.3068528194400547,0.6874441329604791,0.8312773053106439,0.7315771329796569,1,常规加密抽检,1
甘肃,2024,7,2024-07,流通,2,0,0,0.0389138427446274,0.5,,,,,0.0,0.0,0.3636591478696741,0.7684210526315789,0.0,0.773450457194464,0.8843273077263726,0.2494979856714934,1,常规加密抽检,1
甘肃,2024,9,2024-09,流通,1,0,0,0.0391958479725844,0.5,,,,,0.0,0.0,0.3638262322472849,0.7695906432748538,0.3068528194400547,0.6863098393649262,0.8295306515687444,0.7250824232847569,1,常规加密抽检,1
甘肃,2024,11,2024-11,流通,2,0,0,0.0379690202982139,0.5,,,,,0.0,0.0,0.36265664160401007,0.7614035087719299,0.0,0.7709596045330657,0.8787255268577624,0.24390419730584262,1,常规加密抽检,1
甘肃,2023,3,2023-03,生产,1,0,0,0.3333333333333333,0.5,,,,,0.0,0.0,0.39557226399331663,0.991812865497076,0.3068528194400547,0.8535117258293617,1.039199005213665,1.0369628048992694,1,常规加密抽检,1
甘肃,2023,12,2023-12,生产,1,0,0,0.5063291139240506,0.5,,,,,0.0,0.0,0.3943191311612364,0.9830409356725146,0.3068528194400547,0.8718373740809497,1.1581963605038372,1.012947230255999,1,常规加密抽检,1
甘肃,2024,2,2024-02,生产,1,0,0,0.4018547140649149,0.5,,,,,0.0,0.0,0.39423558897243105,0.9824561403508771,0.3068528194400547,0.7858606457986511,1.050552341893037,0.9805089077284058,1,常规加密抽检,1
甘肃,2024,10,2024-10,生产,1,0,0,0.3331946846472121,0.5,,,,,0.0,0.0,0.3921470342522974,0.9678362573099415,0.3068528194400547,0.746500716181712,1.0489064249008568,0.9085883578509142,1,常规加密抽检,1
甘肃,2023,2,2023-02,餐饮,1,0,0,0.3333333333333333,0.5,,,,,0.0,0.0,0.39557226399331663,0.991812865497076,0.3068528194400547,0.8535117258293617,1.039199005213665,1.0369628048992694,1,常规加密抽检,1
甘肃,2023,4,2023-04,餐饮,1,0,0,0.2531645569620253,0.5,,,,,0.0,0.0,0.393734335839599,0.9789473684210527,0.3068528194400547,0.8390859258333923,1.0143777417460038,0.9736888644288973,1,常规加密抽检,1
甘肃,2023,8,2023-08,餐饮,8,0,0,0.0843703859945159,0.5,,,,,0.0,0.0,0.37994987468671676,0.8824561403508772,0.0,0.7807685826827307,1.0352267227469283,0.48983429367212705,1,常规加密抽检,1
甘肃,2023,10,2023-10,餐饮,2,0,0,0.0748509997286651,0.5,,,,,0.0,0.0,0.37802840434419377,0.8690058479532163,0.0,0.7846387603404168,0.9936684710847846,0.37180063755696635,1,常规加密抽检,1
甘肃,2023,11,2023-11,餐饮,5,0,0,0.0562054111056974,0.5,,,,,0.0,0.0,0.3720969089390142,0.827485380116959,0.0,0.7880403079766491,0.9539496641949309,0.3502529949740873,1,常规加密抽检,1
甘肃,2024,3,2024-03,餐饮,2,2,2,0.1578757320315339,0.75,1.8733333333333336e-05,2.4733333333333336e-05,6417.757863140034,0.0,0.0,0.0,0.381453634085213,0.8929824561403509,0.0,1.6383673681570132,2.076285540324327,1.5869282656281491,1,常规加密抽检,1
甘肃,2024,5,2024-05,餐饮,1,1,1,0.2036322476305583,0.7959183673469387,2.1466666666666672e-05,2.1466666666666672e-05,4891.304347826085,0.0,0.0,0.0,0.38345864661654133,0.9070175438596492,0.3068528194400547,1.9365452606948361,2.347042112902448,2.2116893771553605,1,常规加密抽检,1
甘肃,2024,11,2024-11,餐饮,1,0,0,0.1946143983176735,0.7896950578338591,,,,,0.0,0.0,0.38304093567251457,0.904093567251462,0.3068528194400547,2.248069223076849,2.419541475736353,2.2207410235510516,1,常规加密抽检,1
甘肃,2024,12,2024-12,餐饮,2,1,1,0.2260052408209054,0.8219769460145089,8.700000000000001e-05,8.700000000000001e-05,1206.8965517241377,1.0,24580000.0,0.6180707114797033,0.9241436925647452,0.9076023391812865,0.0,3.4013838443940485,4.036883355214348,4.291398728068903,2,重点专项抽检,2
福建,2023,1,2023-01,流通,50,0,0,0.0192307692307692,0.5,,,,,0.0,0.0,0.3424394319131161,0.6198830409356725,0.0,0.7089829770950592,0.7635484899875744,0.10756909411689373,1,常规加密抽检,1
福建,2023,2,2023-02,流通,29,0,0,0.0382165605095541,0.5,,,,,0.0,0.0,0.34728487886382625,0.6538011695906433,0.0,0.7132050950479765,0.791306610820517,0.0863241822930562,1,常规加密抽检,1
福建,2023,3,2023-03,流通,35,0,0,0.0264417597447002,0.5,,,,,0.0,0.0,0.33467000835421884,0.5654970760233918,0.0,0.6991918070637232,0.7342404860081148,-0.041324641267920716,1,常规加密抽检,1
福建,2023,4,2023-04,流通,50,0,0,0.0181799032673596,0.5,,,,,0.0,0.0,0.3188805346700084,0.45497076023391814,0.0,0.6213215454179558,0.6612035719412566,-0.24756860014461096,1,常规加密抽检,1
福建,2023,5,2023-05,流通,96,0,0,0.0111866946428465,0.5,,,,,0.0,0.0,0.2964076858813701,0.2976608187134503,0.0,0.6002137002760505,0.5794521025678715,-0.4488928323945801,0,维持/不加码,0
福建,2023,6,2023-06,流通,127,0,0,0.0101470292731716,0.5,,,,,0.0,0.0,0.2876357560568087,0.23625730994152047,0.0,0.6022603599912714,0.5782693769118089,-0.4753451226216961,0,维持/不加码,0
福建,2023,7,2023-07,流通,91,5,0,0.0127594875592601,0.1428571428571428,,,,,0.0,0.0,0.28855472013366745,0.24269005847953215,0.0,0.7265064659588776,0.6973009428665646,-0.4039912125069169,0,维持/不加码,0
福建,2023,8,2023-08,流通,91,0,0,0.0145332272327207,0.1481481481481481,,,,,0.0,0.0,0.2878863826232247,0.23801169590643276,0.0,0.7100586149314884,0.7408885862275707,-0.36513898817290735,1,常规加密抽检,1
福建,2023,9,2023-09,流通,120,0,0,0.013365394591254,0.1535508637236084,,,,,0.0,0.0,0.28253968253968254,0.20058479532163742,0.0,0.7230518959433628,0.7459590001350491,-0.3904038495645562,1,常规加密抽检,1
福建,2023,10,2023-10,流通,46,0,0,0.0140745147988267,0.1590615369321006,,,,,0.0,0.0,0.28304093567251465,0.204093567251462,0.0,0.6331154222769336,0.6487145580944695,-0.45174055653998846,1,常规加密抽检,1
福建,2023,11,2023-11,流通,89,0,0,0.0152619295308327,0.1646759742899635,,,,,0.0,0.0,0.2826232247284879,0.20116959064327486,0.0,0.6839064456771599,0.6999609723229812,-0.4204554037383291,1,常规加密抽检,1
福建,2023,12,2023-12,流通,234,0,0,0.011216964765363,0.1703895451104989,,,,,0.0,0.0,0.27326649958228905,0.13567251461988303,0.0,0.7794264835970347,0.8088700690623823,-0.3990303252995293,1,常规加密抽检,1
福建,2024,1,2024-01,流通,115,3,3,0.0141443061832556,0.4610706812258979,0.0102709444444444,0.0139200833333333,11.384359197189506,1.0,41930000.0,0.9963973546844336,0.8512113617376775,0.15087719298245614,0.0,1.105637553423108,1.4407400171974931,1.6814174866717997,2,重点专项抽检,2
福建,2024,2,2024-02,流通,98,0,0,0.0127979244378315,0.4615373652575414,,,,,0.0,0.0,0.27309941520467834,0.13450292397660818,0.0,0.5423039099591657,0.4931953282345082,-0.6140105978707419,0,维持/不加码,0
福建,2024,3,2024-03,流通,95,0,0,0.0126370937791437,0.4620166741876615,,,,,0.0,0.0,0.2714285714285714,0.12280701754385964,0.0,0.5279824384752868,0.48368184769540346,-0.6336661046569347,0,维持/不加码,0
福建,2024,4,2024-04,流通,65,0,0,0.0119026324550126,0.4625084713660599,,,,,0.0,0.0,0.27017543859649124,0.11403508771929824,0.0,0.45092579136468947,0.44895930303872167,-0.6939234950808703,0,维持/不加码,0
福建,2024,5,2024-05,流通,94,0,0,0.0109241134682953,0.4630125792461951,,,,,0.0,0.0,0.2681704260651629,0.1,0.0,0.5066832743535089,0.469272006150643,-0.6625263331444003,0,维持/不加码,0
福建,2024,6,2024-06,流通,91,1,0,0.0118576166741996,0.4067609531033018,,,,,0.0,0.0,0.26875522138680036,0.10409356725146199,0.0,0.5417940293101223,0.5380543559712644,-0.610852052517004,0,维持/不加码,0
福建,2024,7,2024-07,流通,79,3,0,0.0119548464237356,0.2952245742172883,,,,,0.0,0.0,0.26858813700918965,0.10292397660818714,0.0,0.6106336790953301,0.6103081092252648,-0.5020825322091235,0,维持/不加码,0
福建,2024,8,2024-08,流通,133,3,0,0.0155857218350527,0.230726151541542,,,,,0.0,0.0,0.27226399331662493,0.1286549707602339,0.0,0.7157207347668689,0.6754289911044532,-0.4874652168648818,0,维持/不加码,0
福建,2024,9,2024-09,流通,103,5,0,0.0151471323833288,0.1675825605240771,,,,,0.0,0.0,0.2710108604845447,0.11988304093567251,0.0,0.7321354905088349,0.7010070409916956,-0.4578304148749871,0,维持/不加码,0
福建,2024,10,2024-10,流通,81,0,0,0.014231730298315,0.1695320702087707,,,,,0.0,0.0,0.2696741854636591,0.11052631578947368,0.0,0.6450467678720064,0.6514303737698907,-0.5257437748536075,1,常规加密抽检,1
福建,2024,11,2024-11,流通,124,0,0,0.0137000898910352,0.1715596339644354,,,,,0.0,0.0,0.2683375104427736,0.10116959064327485,0.0,0.6883071691680399,0.685925699868616,-0.5024407870375929,0,维持/不加码,0
福建,2024,12,2024-12,流通,146,1,0,0.0123313436571204,0.1631951250443326,,,,,0.0,0.0,0.26591478696741855,0.08421052631578947,0.0,0.7444841376565977,0.6682908628804595,-0.6032197041579045,0,维持/不加码,0
福建,2023,1,2023-01,生产,4,0,0,0.1666666666666666,0.5,,,,,0.0,0.0,0.3891395154553049,0.9467836257309942,0.0,0.8609640197901242,1.0737822188175281,0.5806554322494639,1,常规加密抽检,1
福建,2023,2,2023-02,生产,5,0,0,0.0925925925925925,0.5,,,,,0.0,0.0,0.38220551378446116,0.8982456140350877,0.0,0.7669761752570796,1.0179516189882247,0.4581404489974873,1,常规加密抽检,1
福建,2023,3,2023-03,生产,5,0,0,0.0651041666666666,0.5,,,,,0.0,0.0,0.3757727652464494,0.8532163742690059,0.0,0.7907962638581225,0.990665843517552,0.3862769511035459,1,常规加密抽检,1
福建,2023,4,2023-04,生产,6,0,0,0.0483278561763,0.5,,,,,0.0,0.0,0.3680868838763575,0.7994152046783626,0.0,0.7761800533577173,0.9250600496909115,0.3208241745050193,1,常规加密抽检,1
福建,2023,5,2023-05,生产,3,0,0,0.0439417508151194,0.5,,,,,0.0,0.0,0.3665831244778613,0.7888888888888889,0.0,0.7804319248447991,0.9098316238556329,0.2841043965604987,1,常规加密抽检,1
福建,2023,6,2023-06,生产,4,0,0,0.0388809593332382,0.5,,,,,0.0,0.0,0.3635756056808689,0.7678362573099415,0.0,0.7655185445225107,0.8895484109256746,0.25567708792254096,1,常规加密抽检,1
福建,2023,7,2023-07,生产,9,0,0,0.0298208777665033,0.5,,,,,0.0,0.0,0.35639097744360904,0.7175438596491228,0.0,0.7285122512576819,0.8494500004121043,0.15502213634529194,1,常规加密抽检,1
福建,2023,8,2023-08,生产,7,0,0,0.0256694095412616,0.5,,,,,0.0,0.0,0.35221386800334165,0.6883040935672514,0.0,0.7124939660387627,0.8268025341577968,0.10478971157023693,1,常规加密抽检,1
福建,2023,9,2023-09,生产,3,0,0,0.0249320402237217,0.5,,,,,0.0,0.0,0.3514619883040936,0.6830409356725147,0.0,0.7202136181554798,0.8192608283532753,0.10810341181148857,1,常规加密抽检,1
福建,2023,10,2023-10,生产,10,0,0,0.0207453469438725,0.5,,,,,0.0,0.0,0.3452798663324979,0.639766081871345,0.0,0.6888134604755771,0.8006135067677205,0.04819909735853195,1,常规加密抽检,1
福建,2023,11,2023-11,生产,14,0,0,0.0333926601745936,0.5,,,,,0.0,0.0,0.350125313283208,0.6736842105263158,0.0,0.7222522075762227,0.818086768618255,0.07696598298559869,1,常规加密抽检,1
福建,2023,12,2023-12,生产,26,0,0,0.0234943350159585,0.5,,,,,0.0,0.0,0.33801169590643276,0.5888888888888889,0.0,0.7080494623534505,0.7573518668328504,-0.003641191964755555,1,常规加密抽检,1
福建,2024,1,2024-01,生产,13,0,0,0.0206908639172278,0.5,,,,,0.0,0.0,0.3333333333333333,0.5561403508771929,0.0,0.6621464319202589,0.7502811935220052,-0.08264490621354459,1,常规加密抽检,1
福建,2024,2,2024-02,生产,5,0,0,0.0200902950455518,0.5,,,,,0.0,0.0,0.33249791144527985,0.5502923976608187,0.0,0.6446140313098471,0.742670322947424,-0.09407676433186983,1,常规加密抽检,1
福建,2024,3,2024-03,生产,8,0,0,0.018915138003934,0.5,,,,,0.0,0.0,0.3300751879699248,0.5333333333333333,0.0,0.6346097300435495,0.7326598885039918,-0.11766442896202217,1,常规加密抽检,1
福建,2024,4,2024-04,生产,9,0,0,0.0176966914807102,0.5,,,,,0.0,0.0,0.3276524644945698,0.5163742690058479,0.0,0.6257665250283647,0.7245213872300671,-0.14240474429810374,1,常规加密抽检,1
福建,2024,5,2024-05,生产,16,0,0,0.0155864220660489,0.5,,,,,0.0,0.0,0.3234753550543024,0.4871345029239766,0.0,0.6522858955732617,0.6979271155720325,-0.18470225877756827,1,常规加密抽检,1
福建,2024,6,2024-06,生产,5,0,0,0.0153203913597821,0.5,,,,,0.0,0.0,0.3233082706766917,0.48596491228070177,0.0,0.6077166902081402,0.6982871249344234,-0.19005420846784987,1,常规加密抽检,1
福建,2024,7,2024-07,生产,10,0,0,0.0144128948284681,0.5,,,,,0.0,0.0,0.3213868003341687,0.47251461988304094,0.0,0.6076626770875878,0.6942879157196621,-0.21132842608089913,1,常规加密抽检,1
福建,2024,8,2024-08,生产,20,0,0,0.0125653792513863,0.5,,,,,0.0,0.0,0.3138680033416876,0.4198830409356725,0.0,0.589649012142072,0.6495372651981214,-0.30828767477015173,1,常规加密抽检,1
福建,2024,9,2024-09,生产,28,1,1,0.0171698924634106,0.6666666666666666,0.00324135,0.00324135,32.39390994493035,1.0,41930000.0,0.9897487626756548,0.884126984126984,0.44678362573099417,0.0,0.7749094717381041,1.2762942355046358,1.5589731022337185,2,重点专项抽检,2
福建,2024,10,2024-10,生产,17,0,0,0.0156557502444559,0.6610169491525423,,,,,0.0,0.0,0.3140350877192982,0.42105263157894735,0.0,0.8254496982644554,0.8611237228120682,-0.07522791398585775,1,常规加密抽检,1
福建,2024,11,2024-11,生产,9,0,0,0.0150847607255876,0.6554694229112834,,,,,0.0,0.0,0.31336675020885546,0.41637426900584795,0.0,0.798393639649155,0.8387190375349839,-0.08219016739613398,1,常规加密抽检,1
福建,2024,12,2024-12,生产,7,0,0,0.0147299702538203,0.6500284351896408,,,,,0.0,0.0,0.3128654970760234,0.4128654970760234,0.0,0.7821693924856867,0.8200373588537544,-0.09774274763345504,1,常规加密抽检,1
福建,2023,1,2023-01,餐饮,2,0,0,0.25,0.5,,,,,0.0,0.0,0.3927318295739348,0.9719298245614035,0.0,0.9623560465135498,1.1383928804756471,0.6665237804141428,1,常规加密抽检,1
福建,2023,2,2023-02,餐饮,4,0,0,0.1265822784810126,0.5,,,,,0.0,0.0,0.3865914786967419,0.9289473684210526,0.0,0.7749077455141674,1.0106994995915,0.4683584409210556,1,常规加密抽检,1
福建,2023,3,2023-03,餐饮,4,0,0,0.0861697544161999,0.5,,,,,0.0,0.0,0.3807852965747703,0.8883040935672515,0.0,0.7748914928904683,1.0188881754674468,0.4385041540757566,1,常规加密抽检,1
福建,2023,4,2023-04,餐饮,8,0,0,0.0522882652060811,0.5,,,,,0.0,0.0,0.37067669172932327,0.8175438596491228,0.0,0.7743614954090446,0.9531837356615535,0.3512043817728803,1,常规加密抽检,1
福建,2023,5,2023-05,餐饮,9,0,0,0.0366723340702944,0.5,,,,,0.0,0.0,0.3617376775271512,0.7549707602339182,0.0,0.7482895696131632,0.8859509843525323,0.2231222605443709,1,常规加密抽检,1
福建,2023,6,2023-06,餐饮,41,0,0,0.0149242400336787,0.5,,,,,0.0,0.0,0.3329156223893066,0.5532163742690058,0.0,0.6868072201847807,0.7335075493806745,-0.05313194775247258,1,常规加密抽检,1
福建,2023,7,2023-07,餐饮,9,0,0,0.0137447914483271,0.5,,,,,0.0,0.0,0.32907268170426063,0.5263157894736842,0.0,0.6343565347107223,0.7267615997525273,-0.12578446891269207,1,常规加密抽检,1
福建,2023,8,2023-08,餐饮,6,0,0,0.0132948507842076,0.5,,,,,0.0,0.0,0.3279030910609858,0.5181286549707602,0.0,0.6252803662195202,0.7209872694700916,-0.1395598411525898,1,常规加密抽检,1
福建,2023,9,2023-09,餐饮,47,0,0,0.0084348156681364,0.5,,,,,0.0,0.0,0.3056808688387636,0.36257309941520466,0.0,0.5614083416562567,0.5929911337255164,-0.4208842633704897,1,常规加密抽检,1
福建,2023,10,2023-10,餐饮,9,0,0,0.0082150081525062,0.5,,,,,0.0,0.0,0.30476190476190473,0.356140350877193,0.0,0.522686353316051,0.608305684504687,-0.38879518800444574,1,常规加密抽检,1
福建,2023,11,2023-11,餐饮,45,0,0,0.0062211492912902,0.5,,,,,0.0,0.0,0.2936507936507936,0.2783625730994152,0.0,0.4875866668483675,0.5229211488047036,-0.570000402414232,1,常规加密抽检,1
福建,2023,12,2023-12,餐饮,29,0,0,0.0110008034181802,0.5,,,,,0.0,0.0,0.301921470342523,0.3362573099415205,0.0,0.5083461212875938,0.5768007157356917,-0.48222371690611987,1,常规加密抽检,1
福建,2024,1,2024-01,餐饮,12,0,0,0.0105511111574943,0.5,,,,,0.0,0.0,0.3004177109440267,0.32573099415204676,0.0,0.4872534274696392,0.5674483283020133,-0.44758725947602696,1,常规加密抽检,1
福建,2024,2,2024-02,餐饮,2,0,0,0.0107078177004206,0.5,,,,,0.0,0.0,0.3017543859649123,0.3350877192982456,0.0,0.540059693982536,0.5635206445706812,-0.37746589645308903,1,常规加密抽检,1
福建,2024,3,2024-03,餐饮,9,0,0,0.0104411299717918,0.5,,,,,0.0,0.0,0.3013366750208855,0.3321637426900585,0.0,0.5001490963121286,0.5833796937178534,-0.427695593470398,1,常规加密抽检,1
福建,2024,4,2024-04,餐饮,4,0,0,0.0104826755814918,0.5,,,,,0.0,0.0,0.3020885547201337,0.3374269005847953,0.0,0.5182750593068745,0.5879392991482844,-0.39024470412450335,1,常规加密抽检,1
福建,2024,5,2024-05,餐饮,2,0,0,0.0106507206441831,0.5,,,,,0.0,0.0,0.30367585630743527,0.3485380116959064,0.0,0.5504872514821372,0.5711982295521699,-0.3621348664827556,1,常规加密抽检,1
福建,2024,6,2024-06,餐饮,7,0,0,0.0104957420313366,0.5,,,,,0.0,0.0,0.3034252297410192,0.34678362573099414,0.0,0.5147241983471248,0.602364036539817,-0.3976927164791181,1,常规加密抽检,1
福建,2024,7,2024-07,餐饮,24,0,0,0.0093754030306046,0.5,,,,,0.0,0.0,0.29849624060150376,0.312280701754386,0.0,0.4786490953576076,0.5627207395475489,-0.5101152145638076,1,常规加密抽检,1
福建,2024,8,2024-08,餐饮,41,0,0,0.0124931313479587,0.5,,,,,0.0,0.0,0.30125313283208016,0.33157894736842103,0.0,0.5264024331737917,0.5622192173505347,-0.4898321809347018,1,常规加密抽检,1
福建,2024,9,2024-09,餐饮,42,20,0,0.0105475056558065,0.0454545454545454,,,,,0.0,0.0,0.2951545530492899,0.28888888888888886,0.0,0.8170900200122914,0.7512481266157418,-0.36339020531324423,0,维持/不加码,0
福建,2024,10,2024-10,餐饮,12,0,0,0.0102300213203083,0.0476190476190476,,,,,0.0,0.0,0.29448621553884713,0.28421052631578947,0.0,0.6557362622551585,0.7314219255281836,-0.35000290170161663,1,常规加密抽检,1
福建,2024,11,2024-11,餐饮,36,0,0,0.0090402527824434,0.0498753117206982,,,,,0.0,0.0,0.2912280701754386,0.2614035087719298,0.0,0.7048909622766167,0.7778081161526876,-0.32411312679796384,1,常规加密抽检,1
福建,2024,12,2024-12,餐饮,15,0,0,0.0087199198535584,0.0522261391826609,,,,,0.0,0.0,0.29039264828738515,0.25555555555555554,0.0,0.6570351559587332,0.7216964837949857,-0.36846198976469946,1,常规加密抽检,1
西藏,2024,12,2024-12,流通,1,0,0,0.3333333333333333,0.5,,,,,0.0,0.0,0.39557226399331663,0.991812865497076,0.3068528194400547,0.8535117258293617,1.039199005213665,1.0369628048992694,1,常规加密抽检,1
西藏,2023,5,2023-05,餐饮,2,0,0,0.25,0.5,,,,,0.0,0.0,0.3927318295739348,0.9719298245614035,0.0,0.9623560465135498,1.1383928804756471,0.6665237804141428,1,常规加密抽检,1
西藏,2023,10,2023-10,餐饮,8,0,0,0.0840336134453781,0.5,,,,,0.0,0.0,0.3797827903091061,0.8812865497076023,0.0,0.7807236838653354,1.0356043834303783,0.48887714823383666,1,常规加密抽检,1
西藏,2023,11,2023-11,餐饮,3,0,0,0.0694203401596667,0.5,,,,,0.0,0.0,0.37702589807852965,0.8619883040935673,0.0,0.7894782959051415,0.9919051858041968,0.3780564618266916,1,常规加密抽检,1
西藏,2023,12,2023-12,餐饮,3,0,0,0.0595778906447817,0.5,,,,,0.0,0.0,0.37376775271512114,0.8391812865497076,0.0,0.7911041875165056,0.96279484035815,0.34841101872000413,1,常规加密抽检,1
西藏,2024,11,2024-11,餐饮,10,1,0,0.0767886598507132,0.6666666666666666,,,,,0.0,0.0,0.3711779448621554,0.8210526315789474,0.0,0.8263238873064538,0.9765808053407806,0.5750582146348385,1,常规加密抽检,1
西藏,2024,12,2024-12,餐饮,30,0,0,0.0355558882209028,0.6610169491525423,,,,,0.0,0.0,0.351796157059315,0.6853801169590643,0.0,0.8626702323856003,0.9909329393007117,0.4194775108253185,1,常规加密抽检,1
贵州,2023,1,2023-01,流通,7,0,0,0.1111111111111111,0.5,,,,,0.0,0.0,0.38487886382623226,0.9169590643274854,0.0,0.7747492458228359,1.002090169940908,0.4958193582680285,1,常规加密抽检,1
贵州,2023,2,2023-02,流通,9,0,0,0.056657223796034,0.5,,,,,0.0,0.0,0.37255639097744364,0.8307017543859649,0.0,0.7762868638806214,0.9778342438981998,0.3850295628589747,1,常规加密抽检,1
贵州,2023,3,2023-03,流通,7,0,0,0.0418979784225411,0.5,,,,,0.0,0.0,0.3653299916457811,0.7801169590643274,0.0,0.7651543252010756,0.9031336201122339,0.2779657870114438,1,常规加密抽检,1
贵州,2023,4,2023-04,流通,20,0,0,0.0233786196678482,0.5,,,,,0.0,0.0,0.3496240601503759,0.6701754385964912,0.0,0.7298156203617429,0.8288469296562158,0.11358825018580353,1,常规加密抽检,1
贵州,2023,5,2023-05,流通,14,0,0,0.0548091175423774,0.5,,,,,0.0,0.0,0.3574770258980785,0.7251461988304093,0.0,0.7504375176810754,0.8651941791012462,0.1418997970400745,1,常规加密抽检,1
贵州,2023,6,2023-06,流通,7,0,0,0.0490704966584128,0.5,,,,,0.0,0.0,0.3554720133667502,0.7111111111111111,0.0,0.7458690912422873,0.8457949760713638,0.1100908221079298,1,常规加密抽检,1
贵州,2023,7,2023-07,流通,17,0,0,0.038296801081752,0.5,,,,,0.0,0.0,0.347953216374269,0.6584795321637427,0.0,0.7229621016985729,0.8116499003169461,0.062465248763057216,1,常规加密抽检,1
贵州,2023,8,2023-08,流通,15,0,0,0.0320583486292155,0.5,,,,,0.0,0.0,0.34252297410192145,0.62046783625731,0.0,0.7023357765463186,0.7808055304399126,0.0164072725848647,1,常规加密抽检,1
贵州,2023,9,2023-09,流通,10,0,0,0.0290346377287404,0.5,,,,,0.0,0.0,0.33984962406015035,0.6017543859649123,0.0,0.6803828170525391,0.7758506260680311,-0.015923638181468913,1,常规加密抽检,1
贵州,2023,10,2023-10,流通,18,0,0,0.0244675365455511,0.5,,,,,0.0,0.0,0.3341687552213868,0.5619883040935673,0.0,0.6858020458641625,0.749721660315409,-0.06909809169443527,1,常规加密抽检,1
贵州,2023,11,2023-11,流通,21,0,0,0.0205824504392395,0.5,,,,,0.0,0.0,0.32715121136173764,0.5128654970760234,0.0,0.6854998552062007,0.7227795401526227,-0.1375899798178627,1,常规加密抽检,1
贵州,2023,12,2023-12,流通,65,1,1,0.0301299367659611,0.6666666666666666,9.276666666666664e-05,9.276666666666664e-05,1131.8720804886814,1.0,38650000.0,0.6418126327567464,0.8699248120300752,0.5105263157894737,0.0,0.9733509898915155,1.4994314924901306,1.5462228942462046,2,重点专项抽检,2
贵州,2024,1,2024-01,流通,22,0,0,0.0269265717531298,0.6610169491525423,,,,,0.0,0.0,0.32339181286549706,0.4865497076023392,0.0,0.8960254285005035,0.8881701883288365,0.017831539618584635,0,维持/不加码,0
贵州,2024,2,2024-02,流通,16,0,0,0.0249968721137061,0.6554694229112834,,,,,0.0,0.0,0.32130325814536337,0.47192982456140353,0.0,0.8562794517552424,0.8608256471062126,-0.005501300456020847,1,常规加密抽检,1
贵州,2024,3,2024-03,流通,2,1,1,0.0302219479310991,0.7407563433682232,0.0018351666666666,0.0018351666666666,57.21551176096631,1.0,38600000.0,0.9818938253920992,0.8807017543859649,0.4988304093567251,0.0,1.0611951329391296,1.5848107022896403,1.9839474268947632,2,重点专项抽检,2
贵州,2024,4,2024-04,流通,5,0,0,0.0350265038700658,0.734360913864866,,,,,0.0,0.0,0.3286549707602339,0.5233918128654971,0.0,0.9649119459944554,1.020363648643128,0.18638203182806024,1,常规加密抽检,1
贵州,2024,5,2024-05,流通,10,0,0,0.044085682269205,0.7279859681561673,,,,,0.0,0.0,0.33358395989974937,0.5578947368421052,0.0,0.9643826778107291,1.0316171312253066,0.23841916283136333,1,常规加密抽检,1
贵州,2024,6,2024-06,流通,18,0,0,0.040269161272292,0.7216397449313653,,,,,0.0,0.0,0.33074352548036756,0.5380116959064327,0.0,1.0279266408157113,1.0631610272938592,0.2168764350114477,1,常规加密抽检,1
贵州,2024,7,2024-07,流通,14,0,0,0.0476698881104878,0.7153303337087156,,,,,0.0,0.0,0.33375104427736,0.5590643274853802,0.0,0.9661053053702467,1.0004613655482584,0.21993818401569898,1,常规加密抽检,1
贵州,2024,8,2024-08,流通,11,1,0,0.0502565634869747,0.5492654414857419,,,,,0.0,0.0,0.3348370927318296,0.5666666666666667,0.0,0.6074106757449502,0.7072512146522522,0.020554993512671454,1,常规加密抽检,1
贵州,2024,9,2024-09,流通,10,0,0,0.047984467913976,0.5481238066055123,,,,,0.0,0.0,0.3339181286549708,0.560233918128655,0.0,0.6790527750700287,0.7993907434389712,0.025547222914960907,1,常规加密抽检,1
贵州,2024,10,2024-10,流通,14,0,0,0.0449343186379652,0.5469778855214025,,,,,0.0,0.0,0.3319966583124478,0.5467836257309941,0.0,0.6708562214419128,0.7773094925728107,-0.00356676134253113,1,常规加密抽检,1
贵州,2024,11,2024-11,流通,12,1,1,0.0473771773956469,0.6350643206517885,0.0008772499999999,0.0008772499999999,119.69222000569964,1.0,38600000.0,0.9621227151880696,0.8801169590643275,0.5543859649122806,0.0,0.749300314826837,1.2530575265011583,1.6109901374770348,2,重点专项抽检,2
贵州,2024,12,2024-12,流通,11,0,0,0.0498970466662898,0.6323275191750796,,,,,0.0,0.0,0.33408521303258143,0.5614035087719298,0.0,0.7529249277222131,0.8414834948505926,0.11018632103715302,1,常规加密抽检,1
贵州,2023,1,2023-01,生产,3,0,0,0.2,0.5,,,,,0.0,0.0,0.39055973266499583,0.9567251461988304,0.0,0.9107193065295386,1.1129797096253524,0.6664399054842101,1,常规加密抽检,1
贵州,2023,2,2023-02,生产,10,0,0,0.1346801346801346,0.5,,,,,0.0,0.0,0.3824979114452799,0.9002923976608187,0.0,0.7552512370098455,0.9089645459180689,0.4174327530863906,1,常规加密抽检,1
贵州,2023,8,2023-08,生产,2,0,0,0.1203146691346598,0.5,,,,,0.0,0.0,0.38049289891395155,0.8862573099415205,0.0,0.7458299254386508,0.9350454381677039,0.33612082574000585,1,常规加密抽检,1
贵州,2023,9,2023-09,生产,1,0,0,0.1153231244838115,0.5,,,,,0.0,0.0,0.3794903926482874,0.8792397660818714,0.3068528194400547,0.6864200557454171,0.920504045439457,0.8369058264419623,1,常规加密抽检,1
贵州,2023,10,2023-10,生产,4,0,0,0.0939383852953141,0.5,,,,,0.0,0.0,0.37681704260651633,0.8605263157894737,0.0,0.7633978006986237,0.956742936092498,0.3297187638336979,1,常规加密抽检,1
贵州,2023,11,2023-11,生产,2,0,0,0.0868864297388551,0.5,,,,,0.0,0.0,0.3756056808688388,0.8520467836257309,0.0,0.7630443422928302,0.9582500237664274,0.31182300303531485,1,常规加密抽检,1
贵州,2023,12,2023-12,生产,6,0,0,0.0683815345240584,0.5,,,,,0.0,0.0,0.3695906432748538,0.8099415204678363,0.0,0.7668400797100453,0.9284999809975548,0.3058513570565917,1,常规加密抽检,1
贵州,2024,1,2024-01,生产,6,0,0,0.0564395202604257,0.5,,,,,0.0,0.0,0.36583124477861323,0.783625730994152,0.0,0.7686091954694343,0.9028603557712226,0.26247524106146547,1,常规加密抽检,1
贵州,2024,2,2024-02,生产,2,0,0,0.0542506630819496,0.5,,,,,0.0,0.0,0.3649958228905597,0.7777777777777778,0.0,0.761753641232348,0.89441455572955,0.2421393197815488,1,常规加密抽检,1
贵州,2024,7,2024-07,生产,1,0,0,0.0539369245488316,0.5,,,,,0.0,0.0,0.36516290726817047,0.7789473684210526,0.3068528194400547,0.6854745399227895,0.8358404694796212,0.7369581521392994,1,常规加密抽检,1
贵州,2024,8,2024-08,生产,1,0,0,0.0536299771738214,0.5,,,,,0.0,0.0,0.3654970760233918,0.7812865497076024,0.3068528194400547,0.6854916573131619,0.8358530967439327,0.7389340281585469,1,常规加密抽检,1
贵州,2024,10,2024-10,生产,1,0,0,0.0533299933059457,0.5,,,,,0.0,0.0,0.36566416040100247,0.7824561403508772,0.3068528194400547,0.6856218805654359,0.8359257840307942,0.7402255675051012,1,常规加密抽检,1
贵州,2024,11,2024-11,生产,2,0,0,0.0513027063561268,0.5,,,,,0.0,0.0,0.36482873851294906,0.776608187134503,0.0,0.7643919997868761,0.8933171383256603,0.2432149699977708,1,常规加密抽检,1
贵州,2024,12,2024-12,生产,7,0,0,0.0426098591984435,0.5,,,,,0.0,0.0,0.3598162071846282,0.7415204678362574,0.0,0.7502518593085702,0.8689088436180774,0.17986436907796044,1,常规加密抽检,1
贵州,2023,2,2023-02,餐饮,7,0,0,0.1111111111111111,0.5,,,,,0.0,0.0,0.38487886382623226,0.9169590643274854,0.0,0.7747492458228359,1.002090169940908,0.4958193582680285,1,常规加密抽检,1
贵州,2023,4,2023-04,餐饮,30,0,0,0.0258732212160414,0.5,,,,,0.0,0.0,0.35254803675856305,0.6906432748538012,0.0,0.7309397588484138,0.8338226701418318,0.20373234092528847,1,常规加密抽检,1
贵州,2023,5,2023-05,餐饮,1,0,0,0.0264427844251999,0.5,,,,,0.0,0.0,0.3536340852130326,0.6982456140350877,0.3068528194400547,0.6701426569961858,0.8000388461646606,0.6316592956427687,1,常规加密抽检,1
贵州,2023,6,2023-06,餐饮,5,0,0,0.0243744153948807,0.5,,,,,0.0,0.0,0.3508771929824562,0.6789473684210526,0.0,0.7087069801090078,0.8181414596218352,0.08438843668310896,1,常规加密抽检,1
贵州,2023,7,2023-07,餐饮,18,0,0,0.0175207157825622,0.5,,,,,0.0,0.0,0.339515455304929,0.5994152046783626,0.0,0.6984756728981488,0.7744531989680662,-0.006211595281633453,1,常规加密抽检,1
贵州,2023,8,2023-08,餐饮,41,0,0,0.0104908094722685,0.5,,,,,0.0,0.0,0.31704260651629074,0.4421052631578947,0.0,0.6119919303052085,0.6621395394065127,-0.27605193123689187,1,常规加密抽检,1
贵州,2023,9,2023-09,餐饮,10,0,0,0.0099348815595794,0.5,,,,,0.0,0.0,0.31461988304093563,0.4251461988304094,0.0,0.5812814890232766,0.6616899071085592,-0.2789126980153577,1,常规加密抽检,1
贵州,2023,10,2023-10,餐饮,58,4,4,0.0325261048056545,0.8333333333333334,0.0036945333333333,0.0065148416666666,36.00113824772099,1.0,38650000.0,0.9886072347317338,0.8958228905597326,0.5432748538011696,0.0,1.924856580187087,2.488330310755797,2.5848393659516025,2,重点专项抽检,2
贵州,2023,11,2023-11,餐饮,18,0,0,0.0292439442498444,0.8275862068965517,,,,,0.0,0.0,0.3277360066833751,0.5169590643274854,0.0,1.5691925069226946,1.6447377473377411,0.7740718961569747,1,常规加密抽检,1
贵州,2023,12,2023-12,餐饮,55,1,1,0.0265839334623824,0.848714069591528,0.0019178499999999,0.0019178499999999,54.7488072581276,1.0,38650000.0,0.982674428082871,0.8787802840434419,0.47309941520467835,0.0,1.6659753408738842,2.19782969420145,2.328710875010035,2,重点专项抽检,2
贵州,2024,1,2024-01,餐饮,16,0,0,0.0248385995756382,0.8432479034407085,,,,,0.0,0.0,0.3180451127819549,0.44912280701754387,0.0,1.6316350941798863,1.6776489962520547,0.7634893870182736,1,常规加密抽检,1
贵州,2024,2,2024-02,餐饮,1,0,0,0.0249482327150904,0.83767617207949,,,,,0.0,0.0,0.3196324143692565,0.460233918128655,0.3068528194400547,1.363845524477511,1.5876594122101162,1.374446891670614,1,常规加密抽检,1
贵州,2024,3,2024-03,餐饮,5,0,0,0.0245651307276791,0.832003324654205,,,,,0.0,0.0,0.3199665831244779,0.4625730994152047,0.0,1.4119212785118576,1.495371964888509,0.5170264668093771,1,常规加密抽检,1
贵州,2024,4,2024-04,餐饮,6,0,0,0.0240598984272347,0.8262342437764789,,,,,0.0,0.0,0.3198830409356725,0.4619883040935672,0.0,1.410190822460526,1.4918512880352197,0.5104920005408393,1,常规加密抽检,1
贵州,2024,5,2024-05,餐饮,1,0,0,0.0241845196163843,0.8203742362567229,,,,,0.0,0.0,0.3218045112781955,0.47543859649122805,0.3068528194400547,1.257352006498613,1.4874719085728487,1.301350167872693,1,常规加密抽检,1
贵州,2024,6,2024-06,餐饮,4,0,0,0.0239166408902162,0.8144290201630556,,,,,0.0,0.0,0.3221386800334169,0.4777777777777778,0.0,1.285211806350971,1.3671801724388164,0.3919150313056626,1,常规加密抽检,1
贵州,2024,7,2024-07,餐饮,5,0,0,0.0235155053015954,0.8084047081754302,,,,,0.0,0.0,0.3223893065998329,0.47953216374269003,0.0,1.2907859446485417,1.3688717742274465,0.39307395111975185,1,常规加密抽检,1
贵州,2024,8,2024-08,餐饮,45,0,0,0.0188274082332151,0.8023077872574892,,,,,0.0,0.0,0.31144527986633247,0.40292397660818713,0.0,1.4033330786237899,1.5419359362235125,0.5521307427167069,1,常规加密抽检,1
贵州,2024,9,2024-09,餐饮,4,0,0,0.0186972255464428,0.7961450947239298,,,,,0.0,0.0,0.31244778613199664,0.4099415204678363,0.0,1.2178803448501707,1.2510441271268964,0.23276818884961437,1,常规加密抽检,1
贵州,2024,10,2024-10,餐饮,32,2,2,0.0249861677919764,0.8520748854478,0.0013723416666666,0.0019885341666666,101.86588389263754,1.0,38600000.0,0.9677639607934692,0.8656641604010025,0.44035087719298244,0.0,1.7287057163884914,2.2079861224537414,2.407703293461831,2,重点专项抽检,2
贵州,2024,11,2024-11,餐饮,10,0,0,0.0241029145976943,0.8466767592038199,,,,,0.0,0.0,0.31604010025062657,0.43508771929824563,0.0,1.5851707575102831,1.6415383528182832,0.7005169136091115,1,常规加密抽检,1
贵州,2024,12,2024-12,餐饮,10,5,5,0.0495979592435124,0.9114735580693756,0.0018129833333333,0.0029039999999999,78.74638258980892,1.0,38600000.0,0.9750802586741112,0.8836257309941521,0.5450292397660819,0.0,2.2461409202313773,2.704720556576326,2.801888639842439,2,重点专项抽检,2
辽宁,2023,1,2023-01,流通,38,2,0,0.025,0.25,,,,,0.0,0.0,0.35162907268170424,0.6842105263157895,0.0,0.6157699224230689,0.6617800932246453,-0.10605520358930708,1,常规加密抽检,1
辽宁,2023,2,2023-02,流通,28,0,0,0.0302571860816944,0.2564102564102564,,,,,0.0,0.0,0.34644945697577273,0.6479532163742691,0.0,0.624348495960725,0.7276241794149212,-0.0919513841553033,1,常规加密抽检,1
辽宁,2023,3,2023-03,流通,19,0,0,0.023810977471152,0.2628120893561104,,,,,0.0,0.0,0.3384294068504595,0.591812865497076,0.0,0.6213742920403463,0.6850619319232789,-0.1676026040369989,1,常规加密抽检,1
辽宁,2023,4,2023-04,流通,33,0,0,0.0171550560075383,0.2691971195908204,,,,,0.0,0.0,0.3248955722639933,0.49707602339181284,0.0,0.6301517268168784,0.6552064069846134,-0.21954683513767442,1,常规加密抽检,1
辽宁,2023,5,2023-05,流通,36,0,0,0.0131304788201992,0.2755570558106372,,,,,0.0,0.0,0.31328320802005016,0.41578947368421054,0.0,0.6111023006238542,0.6303704518641706,-0.2966535859444925,1,常规加密抽检,1
辽宁,2023,6,2023-06,流通,81,1,0,0.0130614159775017,0.2198980525141288,,,,,0.0,0.0,0.30200501253132833,0.3368421052631579,0.0,0.7112708524201962,0.6489855515752755,-0.4231092965618599,0,维持/不加码,0
辽宁,2023,7,2023-07,流通,102,2,0,0.0088777926713258,0.1557587810679933,,,,,0.0,0.0,0.28796992481203004,0.23859649122807017,0.0,0.7513667182963639,0.6730652004150964,-0.5009956863049664,0,维持/不加码,0
辽宁,2023,8,2023-08,流通,81,0,0,0.0097635667383249,0.1613117980674795,,,,,0.0,0.0,0.28579782790309105,0.22339181286549709,0.0,0.689660336932342,0.7060700130054224,-0.3998053971967521,1,常规加密抽检,1
辽宁,2023,9,2023-09,流通,72,1,0,0.008228607880725,0.1430775668775993,,,,,0.0,0.0,0.2797827903091061,0.18128654970760233,0.0,0.7033058882765603,0.6513429026240504,-0.5391999613894181,0,维持/不加码,0
辽宁,2023,10,2023-10,流通,54,0,0,0.0117262123735596,0.1483733443864928,,,,,0.0,0.0,0.28521303258145364,0.21929824561403508,0.0,0.6590052277739763,0.6812490183481058,-0.4184779503978326,1,常规加密抽检,1
辽宁,2023,11,2023-11,流通,105,0,0,0.0132374537859973,0.1537806831167222,,,,,0.0,0.0,0.28421052631578947,0.21228070175438596,0.0,0.7117617142631962,0.7357297209854804,-0.38935869177932664,1,常规加密抽检,1
辽宁,2023,12,2023-12,流通,157,0,0,0.0146835486245063,0.1592958118322138,,,,,0.0,0.0,0.2819548872180451,0.19649122807017544,0.0,0.7530395461345902,0.7795503927191487,-0.3605083918653851,1,常规加密抽检,1
辽宁,2024,1,2024-01,流通,35,0,0,0.0154783932980806,0.1649145185481156,,,,,0.0,0.0,0.28295739348370924,0.20350877192982456,0.0,0.6077066681317317,0.6279478169582203,-0.47015349040850285,1,常规加密抽检,1
辽宁,2024,2,2024-02,流通,46,0,0,0.0145097918166975,0.1706321543057883,,,,,0.0,0.0,0.28153717627401836,0.1935672514619883,0.0,0.6223924875644683,0.6304349463962214,-0.4737781543212245,1,常规加密抽检,1
辽宁,2024,3,2024-03,流通,17,0,0,0.0142131691813808,0.1764436404809538,,,,,0.0,0.0,0.2816207184628237,0.19415204678362574,0.0,0.5581765106993074,0.5827152407527227,-0.5232702970241186,1,常规加密抽检,1
辽宁,2024,4,2024-04,流通,35,0,0,0.0150362057093055,0.1823434797292779,,,,,0.0,0.0,0.2824561403508772,0.2,0.0,0.5957092513361287,0.6086332025588355,-0.48648469147888956,1,常规加密抽检,1
辽宁,2024,5,2024-05,流通,34,0,0,0.0143457986023831,0.188325770626737,,,,,0.0,0.0,0.28170426065162907,0.19473684210526315,0.0,0.5885528047521347,0.6007348343833699,-0.4957520489447125,1,常规加密抽检,1
辽宁,2024,6,2024-06,流通,141,0,0,0.0130933381501748,0.194384226011172,,,,,0.0,0.0,0.27685881370091897,0.1608187134502924,0.0,0.7085421208517683,0.7050083141221472,-0.4435285369638565,0,维持/不加码,0
辽宁,2024,7,2024-07,流通,88,0,0,0.0141773075376374,0.2005121949773935,,,,,0.0,0.0,0.2771929824561404,0.1631578947368421,0.0,0.6502968889570697,0.6441601203922882,-0.4878529545930745,0,维持/不加码,0
辽宁,2024,8,2024-08,流通,76,0,0,0.0129833913305734,0.2067026884221765,,,,,0.0,0.0,0.27560568086883874,0.15204678362573099,0.0,0.6286792895221128,0.621682126194139,-0.5182154465560866,0,维持/不加码,0
辽宁,2024,9,2024-09,流通,79,2,0,0.0141228700628904,0.1493434907740477,,,,,0.0,0.0,0.2761904761904762,0.156140350877193,0.0,0.7114838776797429,0.6403606354734387,-0.5464652457910057,0,维持/不加码,0
辽宁,2024,10,2024-10,流通,63,0,0,0.0142962834343732,0.1547706234282553,,,,,0.0,0.0,0.2758563074352548,0.15380116959064327,0.0,0.6455812667738366,0.65294562750929,-0.4891391592425305,1,常规加密抽检,1
辽宁,2024,11,2024-11,流通,116,1,0,0.0136780155063351,0.1381575033754475,,,,,0.0,0.0,0.2745196324143692,0.14444444444444443,0.0,0.742572683763865,0.6788052838710273,-0.5474595219097753,0,维持/不加码,0
辽宁,2024,12,2024-12,流通,117,0,0,0.016000694752416,0.1433443096640228,,,,,0.0,0.0,0.2756892230576441,0.15263157894736842,0.0,0.7085933758488812,0.7300694770818952,-0.4374954497417044,1,常规加密抽检,1
辽宁,2023,1,2023-01,生产,3,0,0,0.2,0.5,,,,,0.0,0.0,0.39055973266499583,0.9567251461988304,0.0,0.9107193065295386,1.1129797096253524,0.6664399054842101,1,常规加密抽检,1
辽宁,2023,2,2023-02,生产,10,0,0,0.1346801346801346,0.5,,,,,0.0,0.0,0.3824979114452799,0.9002923976608187,0.0,0.7552512370098455,0.9089645459180689,0.4174327530863906,1,常规加密抽检,1
辽宁,2023,4,2023-04,生产,2,0,0,0.1203146691346598,0.5,,,,,0.0,0.0,0.38049289891395155,0.8862573099415205,0.0,0.7458299254386508,0.9350454381677039,0.33612082574000585,1,常规加密抽检,1
辽宁,2023,5,2023-05,生产,1,0,0,0.1153231244838115,0.5,,,,,0.0,0.0,0.3794903926482874,0.8792397660818714,0.3068528194400547,0.6864200557454171,0.920504045439457,0.8369058264419623,1,常规加密抽检,1
辽宁,2023,6,2023-06,生产,4,0,0,0.0939383852953141,0.5,,,,,0.0,0.0,0.37681704260651633,0.8605263157894737,0.0,0.7633978006986237,0.956742936092498,0.3297187638336979,1,常规加密抽检,1
辽宁,2023,7,2023-07,生产,12,0,0,0.0587529627448467,0.5,,,,,0.0,0.0,0.36616541353383464,0.7859649122807018,0.0,0.756202946962485,0.920739314297405,0.2566930013857773,1,常规加密抽检,1
辽宁,2023,8,2023-08,生产,12,0,0,0.0428041388676836,0.5,,,,,0.0,0.0,0.35806182121971597,0.7292397660818714,0.0,0.7472029640823578,0.8644427337555394,0.15904028817607735,1,常规加密抽检,1
辽宁,2023,9,2023-09,生产,7,0,0,0.037339902748579,0.5,,,,,0.0,0.0,0.3551378446115288,0.7087719298245614,0.0,0.7352518214864577,0.8400248403070057,0.11443897565510726,1,常规加密抽检,1
辽宁,2023,10,2023-10,生产,6,0,0,0.0338017097678456,0.5,,,,,0.0,0.0,0.35279866332497917,0.6923976608187135,0.0,0.7248163437376626,0.8266945700333441,0.08798788086895971,1,常规加密抽检,1
辽宁,2023,11,2023-11,生产,19,0,0,0.0398525213695166,0.5,,,,,0.0,0.0,0.3507936507936508,0.6783625730994152,0.0,0.7338475791555873,0.8282350442379351,0.08810045358724598,1,常规加密抽检,1
辽宁,2023,12,2023-12,生产,8,0,0,0.0360418746800522,0.5,,,,,0.0,0.0,0.3477025898078529,0.6567251461988304,0.0,0.7125634897345753,0.804201918809717,0.043580431115901694,1,常规加密抽检,1
辽宁,2024,2,2024-02,生产,6,0,0,0.0337499628092592,0.5,,,,,0.0,0.0,0.34636591478696743,0.6473684210526316,0.0,0.7021898075523373,0.7967669524848603,0.026277224420889284,1,常规加密抽检,1
辽宁,2024,6,2024-06,生产,9,0,0,0.0305159045372693,0.5,,,,,0.0,0.0,0.3427736006683375,0.6222222222222222,0.0,0.6892429981711611,0.7862087780036365,0.007782389276438498,1,常规加密抽检,1
辽宁,2024,7,2024-07,生产,6,0,0,0.0288480494109331,0.5,,,,,0.0,0.0,0.3416040100250627,0.6140350877192983,0.0,0.6812437133713588,0.7785422793973482,-0.009586176420368436,1,常规加密抽检,1
辽宁,2024,8,2024-08,生产,6,0,0,0.0273420678545348,0.5,,,,,0.0,0.0,0.3402673350041771,0.6046783625730994,0.0,0.6757158241538527,0.7735563440157732,-0.019591961223265356,1,常规加密抽检,1
辽宁,2024,9,2024-09,生产,19,0,0,0.0225510331461756,0.5,,,,,0.0,0.0,0.33341687552213867,0.5567251461988304,0.0,0.6877094723395739,0.7457749001771311,-0.07596329894123152,1,常规加密抽检,1
辽宁,2024,10,2024-10,生产,6,0,0,0.0216731179950957,0.5,,,,,0.0,0.0,0.33241436925647455,0.5497076023391813,0.0,0.6423550612736574,0.7430173746281983,-0.09322686372422566,1,常规加密抽检,1
辽宁,2024,11,2024-11,生产,9,0,0,0.0202554567545385,0.5,,,,,0.0,0.0,0.3293233082706767,0.5280701754385965,0.0,0.6320461755800394,0.7330453075752271,-0.12302712572252573,1,常规加密抽检,1
辽宁,2024,12,2024-12,生产,16,0,0,0.017849419397402,0.5,,,,,0.0,0.0,0.32497911445279865,0.4976608187134503,0.0,0.6594272424455098,0.7066890684097896,-0.16790168966077282,1,常规加密抽检,1
辽宁,2023,2,2023-02,餐饮,18,0,0,0.1,0.5,,,,,0.0,0.0,0.3772765246449457,0.8637426900584795,0.0,0.738852028298149,0.9660265065539203,0.36717518784474035,1,常规加密抽检,1
辽宁,2023,3,2023-03,餐饮,3,0,0,0.088235294117647,0.5,,,,,0.0,0.0,0.375187969924812,0.8491228070175438,0.0,0.7611371155463575,0.9498176153702454,0.3168936301535913,1,常规加密抽检,1
辽宁,2023,4,2023-04,餐饮,2,0,0,0.0823771379086382,0.5,,,,,0.0,0.0,0.37360066833751043,0.8380116959064328,0.0,0.7619391900483761,0.9460547178367796,0.29629845704006574,1,常规加密抽检,1
辽宁,2023,5,2023-05,餐饮,4,0,0,0.0713270801931625,0.5,,,,,0.0,0.0,0.3705096073517126,0.816374269005848,0.0,0.7645306554201005,0.9334222843323882,0.2935211989789426,1,常规加密抽检,1
辽宁,2023,6,2023-06,餐饮,34,0,0,0.0308388953696989,0.5,,,,,0.0,0.0,0.34820384294068507,0.660233918128655,0.0,0.7109201343108277,0.7935051147054076,0.13120279917814637,1,常规加密抽检,1
辽宁,2023,7,2023-07,餐饮,24,0,0,0.0221732801305772,0.5,,,,,0.0,0.0,0.33742690058479535,0.5847953216374269,0.0,0.7086729922742042,0.7576068156504582,-0.010077989612455249,1,常规加密抽检,1
辽宁,2023,8,2023-08,餐饮,58,0,0,0.0129391279393945,0.5,,,,,0.0,0.0,0.3137844611528822,0.4192982456140351,0.0,0.6093330989593607,0.6331937773026185,-0.30743770853089586,1,常规加密抽检,1
辽宁,2023,9,2023-09,餐饮,16,0,0,0.0118357890172557,0.5,,,,,0.0,0.0,0.3095238095238095,0.3894736842105263,0.0,0.5541381801461874,0.6209055477112656,-0.3550590901885148,1,常规加密抽检,1
辽宁,2023,10,2023-10,餐饮,47,0,0,0.0090690586328448,0.5,,,,,0.0,0.0,0.29782790309106094,0.30760233918128654,0.0,0.5170629243681487,0.5426217882213641,-0.5229215506172428,1,常规加密抽检,1
辽宁,2023,11,2023-11,餐饮,47,0,0,0.0073651550399894,0.5,,,,,0.0,0.0,0.2908939014202172,0.2590643274853801,0.0,0.4783238076473535,0.503134877959971,-0.5963658232610997,1,常规加密抽检,1
辽宁,2023,12,2023-12,餐饮,50,0,0,0.0061400395343485,0.5,,,,,0.0,0.0,0.28362573099415206,0.20818713450292398,0.0,0.4489638340199643,0.47427948866197855,-0.6566369181858619,1,常规加密抽检,1
辽宁,2024,1,2024-01,餐饮,5,0,0,0.0062140544255108,0.5,,,,,0.0,0.0,0.2843776106934002,0.2134502923976608,0.0,0.42013203244549124,0.4927070524092756,-0.5999692079951645,1,常规加密抽检,1
辽宁,2024,2,2024-02,餐饮,4,0,0,0.0063145819314146,0.5,,,,,0.0,0.0,0.285547201336675,0.2216374269005848,0.0,0.4352090651006483,0.4952791499401489,-0.5792865781515869,1,常规加密抽检,1
辽宁,2024,3,2024-03,餐饮,6,0,0,0.0063628540622354,0.5,,,,,0.0,0.0,0.2862990810359231,0.22690058479532163,0.0,0.42833749644828556,0.5032868434613017,-0.5830576197903778,1,常规加密抽检,1
辽宁,2024,4,2024-04,餐饮,4,0,0,0.006466798825044,0.5,,,,,0.0,0.0,0.287468671679198,0.23508771929824562,0.0,0.44569834237934614,0.5046841184883385,-0.5582892568288467,1,常规加密抽检,1
辽宁,2024,5,2024-05,餐饮,13,0,0,0.0063169360776023,0.5,,,,,0.0,0.0,0.2868838763575606,0.2309941520467836,0.0,0.402480344456992,0.4908140768399184,-0.6185797542722883,1,常规加密抽检,1
辽宁,2024,6,2024-06,餐饮,16,0,0,0.0060980085782235,0.5,,,,,0.0,0.0,0.28538011695906434,0.22046783625730995,0.0,0.3849782164229143,0.4863744213673976,-0.6473449511469646,1,常规加密抽检,1
辽宁,2024,7,2024-07,餐饮,41,0,0,0.0053422196433722,0.5,,,,,0.0,0.0,0.28036758563074354,0.18538011695906434,0.0,0.4002547806049618,0.45253218581475474,-0.6967031386323322,1,常规加密抽检,1
辽宁,2024,8,2024-08,餐饮,64,0,0,0.004417614972396,0.5,,,,,0.0,0.0,0.2747702589807853,0.14619883040935672,0.0,0.4439024353123696,0.45828445430421294,-0.700313814343661,1,常规加密抽检,1
辽宁,2024,9,2024-09,餐饮,58,4,0,0.0038412578730315,0.1666666666666666,,,,,0.0,0.0,0.2690893901420217,0.1064327485380117,0.0,0.6565033033051392,0.6120172604994065,-0.5076997067812734,0,维持/不加码,0
辽宁,2024,10,2024-10,餐饮,42,0,0,0.0035493705119727,0.1724137931034483,,,,,0.0,0.0,0.266750208855472,0.09005847953216374,0.0,0.590989584549026,0.5941298853889024,-0.591419792176083,1,常规加密抽检,1
辽宁,2024,11,2024-11,餐饮,45,0,0,0.003280038941831,0.17825311942959,,,,,0.0,0.0,0.2652464494569758,0.07953216374269007,0.0,0.5892081336784059,0.5892700988586167,-0.6023971579032866,1,常规加密抽检,1
辽宁,2024,12,2024-12,餐饮,55,1,0,0.0029851818457611,0.1555330896648262,,,,,0.0,0.0,0.2625730994152047,0.0608187134502924,0.0,0.642703752243742,0.5932913914674008,-0.6618068030621285,0,维持/不加码,0
进口,2024,1,2024-01,流通,1,0,0,0.3333333333333333,0.5,,,,,,0.0,0.39557226399331663,0.991812865497076,0.3068528194400547,0.8535117258293617,1.039199005213665,1.0369628048992694,1,常规加密抽检,1
进口,2024,11,2024-11,流通,2,0,0,0.202020202020202,0.5,,,,,,0.0,0.3910609857978279,0.960233918128655,0.0,0.9018254265737735,1.1181224326567833,0.6537469610921499,1,常规加密抽检,1
进口,2023,11,2023-11,餐饮,1,0,0,0.3333333333333333,0.5,,,,,,0.0,0.39557226399331663,0.991812865497076,0.3068528194400547,0.8535117258293617,1.039199005213665,1.0369628048992694,1,常规加密抽检,1
重庆,2023,1,2023-01,流通,16,0,0,0.0555555555555555,0.5,,,,,0.0,0.0,0.37180451127819547,0.8254385964912281,0.0,0.7538562936397274,0.9920088900575513,0.41837630458340425,1,常规加密抽检,1
重庆,2023,2,2023-02,流通,12,0,0,0.0684931506849315,0.5,,,,,0.0,0.0,0.36791979949874687,0.7982456140350878,0.0,0.7514392993555677,0.9329199007984547,0.2935769177569867,1,常规加密抽检,1
重庆,2023,3,2023-03,流通,18,0,0,0.0425392670157068,0.5,,,,,0.0,0.0,0.35655806182121974,0.7187134502923976,0.0,0.7487524418516874,0.8669095577406624,0.15885926038006143,1,常规加密抽检,1
重庆,2023,4,2023-04,流通,12,0,0,0.0341881109833237,0.5,,,,,0.0,0.0,0.3512949039264828,0.6818713450292397,0.0,0.7236626554357375,0.8236574922529393,0.08610549837396349,1,常规加密抽检,1
重庆,2023,5,2023-05,流通,18,0,0,0.0261728922182014,0.5,,,,,0.0,0.0,0.3421888053467001,0.6181286549707602,0.0,0.7034083135140203,0.7853147816181093,0.015714716097062598,1,常规加密抽检,1
重庆,2023,6,2023-06,流通,38,0,0,0.0171962882491708,0.5,,,,,0.0,0.0,0.3261487050960735,0.5058479532163743,0.0,0.658402010950159,0.7049446257887626,-0.158819966354182,1,常规加密抽检,1
重庆,2023,7,2023-07,流通,18,0,0,0.0149886694606608,0.5,,,,,0.0,0.0,0.3216374269005848,0.47426900584795323,0.0,0.6477875974276867,0.6891345630893003,-0.20502116947819732,1,常规加密抽检,1
重庆,2023,8,2023-08,流通,29,0,0,0.0122600210273803,0.5,,,,,0.0,0.0,0.31102756892230576,0.4,0.0,0.5734474696344468,0.631220134335853,-0.362442112835755,1,常规加密抽检,1
重庆,2023,9,2023-09,流通,33,0,0,0.0161048456760099,0.5,,,,,0.0,0.0,0.3136173767752715,0.41812865497076024,0.0,0.594692167996242,0.6388011463228672,-0.332915981099705,1,常规加密抽检,1
重庆,2023,10,2023-10,流通,38,0,0,0.0233862360986703,0.5,,,,,0.0,0.0,0.3189640768588137,0.45555555555555555,0.0,0.6288405786354702,0.6675705351742972,-0.2516132314840125,1,常规加密抽检,1
重庆,2023,11,2023-11,流通,39,0,0,0.02839975481346,0.5,,,,,0.0,0.0,0.32088554720133666,0.46900584795321637,0.0,0.6380950494088938,0.6807899843599515,-0.2187379078840564,1,常规加密抽检,1
重庆,2023,12,2023-12,流通,50,0,0,0.0232247770032782,0.5,,,,,0.0,0.0,0.3113617376775272,0.4023391812865497,0.0,0.6087443928326955,0.6232375911366504,-0.3410377188173481,1,常规加密抽检,1
重庆,2024,1,2024-01,流通,14,0,0,0.022182120726562,0.5,,,,,0.0,0.0,0.30960735171261483,0.3900584795321637,0.0,0.553806596630059,0.6215219557526681,-0.33636251406736295,1,常规加密抽检,1
重庆,2024,2,2024-02,流通,17,0,0,0.0209620400434872,0.5,,,,,0.0,0.0,0.3078529657477026,0.37777777777777777,0.0,0.5427263548348741,0.6119146167947292,-0.37076660774195624,1,常规加密抽检,1
重庆,2024,3,2024-03,流通,9,0,0,0.020431923532754,0.5,,,,,0.0,0.0,0.3076023391812865,0.3760233918128655,0.0,0.531209903243964,0.6187839744480125,-0.3408811480407243,1,常规加密抽检,1
重庆,2024,4,2024-04,流通,15,0,0,0.0194649092668352,0.5,,,,,0.0,0.0,0.3059314954051796,0.36432748538011694,0.0,0.5269909806995733,0.6000806350632951,-0.3918720575800452,1,常规加密抽检,1
重庆,2024,5,2024-05,流通,11,0,0,0.0226109788842575,0.5,,,,,0.0,0.0,0.31044277360066835,0.395906432748538,0.0,0.5568492214652815,0.6301844692614925,-0.3120604530389901,1,常规加密抽检,1
重庆,2024,6,2024-06,流通,43,0,0,0.029648373496459,0.5,,,,,0.0,0.0,0.314703425229741,0.4257309941520468,0.0,0.6207646093367364,0.6480660134303432,-0.2936756523037934,1,常规加密抽检,1
重庆,2024,7,2024-07,流通,34,0,0,0.0297724387729924,0.5,,,,,0.0,0.0,0.3134502923976608,0.41695906432748536,0.0,0.6045895014088322,0.6429382717704453,-0.31039858648962565,1,常规加密抽检,1
重庆,2024,8,2024-08,流通,27,0,0,0.0274484417421197,0.5,,,,,0.0,0.0,0.3098579782790309,0.391812865497076,0.0,0.5697047973300838,0.6229684885370682,-0.35319892692017696,1,常规加密抽检,1
重庆,2024,9,2024-09,流通,46,0,0,0.0240294501896756,0.5,,,,,0.0,0.0,0.3044277360066833,0.3538011695906433,0.0,0.5705747972567768,0.5842782850869722,-0.4319868564355836,1,常规加密抽检,1
重庆,2024,10,2024-10,流通,18,0,0,0.022947579618881,0.5,,,,,0.0,0.0,0.3035923141186299,0.347953216374269,0.0,0.5129839544320768,0.5872852831708045,-0.4172531745812832,1,常规加密抽检,1
重庆,2024,11,2024-11,流通,42,1,0,0.0231683215613403,0.3333333333333333,,,,,0.0,0.0,0.3018379281537176,0.33567251461988307,0.0,0.5847055920725764,0.5983229421359991,-0.46543670931796766,1,常规加密抽检,1
重庆,2024,12,2024-12,流通,57,0,0,0.0296892217507599,0.3389830508474576,,,,,0.0,0.0,0.3053467000835422,0.36023391812865496,0.0,0.6141525040744434,0.5780453979271511,-0.3286314702819815,0,维持/不加码,0
重庆,2023,1,2023-01,生产,9,0,0,0.0909090909090909,0.5,,,,,0.0,0.0,0.3817460317460317,0.8950292397660818,0.0,0.7869448894525413,1.0278777795025447,0.5085393155414895,1,常规加密抽检,1
重庆,2023,2,2023-02,生产,3,0,0,0.07380073800738,0.5,,,,,0.0,0.0,0.3776942355889724,0.8666666666666667,0.0,0.7852072333426584,1.0011065914711916,0.3876356897958696,1,常规加密抽检,1
重庆,2023,3,2023-03,生产,1,0,0,0.1431383073895151,0.5,,,,,0.0,0.0,0.3837092731829574,0.9087719298245615,0.3068528194400547,0.6767364989924575,0.9412953513323149,0.8820911814636149,1,常规加密抽检,1
重庆,2023,4,2023-04,生产,5,0,0,0.1061289466702043,0.5,,,,,0.0,0.0,0.37819548872180453,0.8701754385964913,0.0,0.7632460116023093,0.9599494404081846,0.3552225093280811,1,常规加密抽检,1
重庆,2023,5,2023-05,生产,15,0,0,0.1198733918890407,0.5,,,,,0.0,0.0,0.3736842105263158,0.8385964912280702,0.0,0.6989536315928707,0.8902495307361998,0.28608954924343444,1,常规加密抽检,1
重庆,2023,6,2023-06,生产,11,0,0,0.0894029375210535,0.5,,,,,0.0,0.0,0.36716791979949875,0.7929824561403509,0.0,0.7513707373157847,0.894344484538855,0.24764792473416625,1,常规加密抽检,1
重庆,2023,7,2023-07,生产,3,0,0,0.0841235985944386,0.5,,,,,0.0,0.0,0.36624895572263994,0.7865497076023392,0.0,0.7389783141548546,0.9007320008568002,0.2454461113768499,1,常规加密抽检,1
重庆,2023,8,2023-08,生产,2,0,0,0.081176296716059,0.5,,,,,0.0,0.0,0.3659147869674185,0.7842105263157895,0.0,0.738659368381206,0.9007897173242674,0.23894899387687346,1,常规加密抽检,1
重庆,2023,9,2023-09,生产,6,0,0,0.0716895451351887,0.5,,,,,0.0,0.0,0.3634085213032581,0.7666666666666667,0.0,0.7538068153585802,0.8871918088254237,0.22262033209005416,1,常规加密抽检,1
重庆,2023,10,2023-10,生产,5,0,0,0.0653365153622878,0.5,,,,,0.0,0.0,0.3610693400167084,0.7502923976608187,0.0,0.7545762420316939,0.878289981657462,0.2000320367091039,1,常规加密抽检,1
重庆,2023,11,2023-11,生产,4,0,0,0.0610889935090023,0.5,,,,,0.0,0.0,0.35964912280701755,0.7403508771929824,0.0,0.7520485140349104,0.8681932980362616,0.19119308251615846,1,常规加密抽检,1
重庆,2023,12,2023-12,生产,4,0,0,0.0762228363916209,0.5,,,,,0.0,0.0,0.36240601503759395,0.7596491228070176,0.0,0.7380388419469853,0.8829720247535559,0.21849403885952967,1,常规加密抽检,1
重庆,2024,3,2024-03,生产,2,0,0,0.0741178595965803,0.5,,,,,0.0,0.0,0.36207184628237254,0.7573099415204678,0.0,0.731484964517568,0.8792403179628961,0.21207763344248998,1,常规加密抽检,1
重庆,2024,4,2024-04,生产,7,0,0,0.0657297053837066,0.5,,,,,0.0,0.0,0.3593984962406015,0.7385964912280701,0.0,0.7619601354392604,0.8683582424861197,0.1655252911574321,1,常规加密抽检,1
重庆,2024,6,2024-06,生产,16,0,0,0.051333598793081,0.5,,,,,0.0,0.0,0.35413533834586464,0.7017543859649122,0.0,0.7415437585416589,0.8449017713944269,0.10227095908636484,1,常规加密抽检,1
重庆,2024,7,2024-07,生产,3,0,0,0.0497663531863131,0.5,,,,,0.0,0.0,0.35371762740183793,0.6988304093567251,0.0,0.7350770303255264,0.8360929107513747,0.11737537028139615,1,常规加密抽检,1
重庆,2024,9,2024-09,生产,7,0,0,0.0456253274082172,0.5,,,,,0.0,0.0,0.35137844611528823,0.6824561403508772,0.0,0.7312829888378204,0.8244587711012575,0.0704145105702647,1,常规加密抽检,1
重庆,2024,10,2024-10,生产,8,0,0,0.0415119912759021,0.5,,,,,0.0,0.0,0.3484544695071011,0.6619883040935672,0.0,0.7209777155903921,0.8102252408208054,0.049505631032735545,1,常规加密抽检,1
重庆,2024,11,2024-11,生产,4,0,0,0.0399691073968377,0.5,,,,,0.0,0.0,0.3477861319966583,0.6573099415204678,0.0,0.7105330204199211,0.8059533977706642,0.04095766712988466,1,常规加密抽检,1
重庆,2024,12,2024-12,生产,16,0,0,0.0333827013481926,0.5,,,,,0.0,0.0,0.34227234753550545,0.6187134502923977,0.0,0.7030989234613476,0.7817754027016356,0.015166452323294957,1,常规加密抽检,1
重庆,2023,5,2023-05,餐饮,9,0,0,0.0909090909090909,0.5,,,,,0.0,0.0,0.3817460317460317,0.8950292397660818,0.0,0.7869448894525413,1.0278777795025447,0.5085393155414895,1,常规加密抽检,1
重庆,2023,6,2023-06,餐饮,82,0,0,0.0108049702863317,0.5,,,,,0.0,0.0,0.3186299081035923,0.45321637426900585,0.0,0.645079698548395,0.6751176530264882,-0.2037377923135158,1,常规加密抽检,1
重庆,2023,7,2023-07,餐饮,14,0,0,0.0098017594158151,0.5,,,,,0.0,0.0,0.3137009189640768,0.41871345029239765,0.0,0.587142722574871,0.6477829972895033,-0.29369565258807817,1,常规加密抽检,1
重庆,2023,8,2023-08,餐饮,4,0,0,0.009898895159564,0.5,,,,,0.0,0.0,0.31436925647451963,0.4233918128654971,0.0,0.5706644204577841,0.644694462021238,-0.27233255969413367,1,常规加密抽检,1
重庆,2023,9,2023-09,餐饮,18,0,0,0.0087665233212258,0.5,,,,,0.0,0.0,0.30776942355889725,0.37719298245614036,0.0,0.5444875583961893,0.6159135787896758,-0.38076047516091477,1,常规加密抽检,1
重庆,2023,10,2023-10,餐饮,14,0,0,0.0081654789216314,0.5,,,,,0.0,0.0,0.30434419381787803,0.3532163742690059,0.0,0.5187366521892008,0.5913122088760738,-0.40611675049550144,1,常规加密抽检,1
重庆,2023,11,2023-11,餐饮,31,0,0,0.0067822612029792,0.5,,,,,0.0,0.0,0.29632414369256477,0.2970760233918129,0.0,0.47629250711981463,0.5482489842981527,-0.5491379140248697,1,常规加密抽检,1
重庆,2023,12,2023-12,餐饮,66,0,0,0.0048503361172229,0.5,,,,,0.0,0.0,0.28345864661654135,0.20701754385964913,0.0,0.4970258316251145,0.4925851482653425,-0.624906344579828,0,维持/不加码,0
重庆,2024,3,2024-03,餐饮,2,0,0,0.0050514562836035,0.5,,,,,0.0,0.0,0.285296574770259,0.2198830409356725,0.0,0.45171278349940225,0.4899929404938629,-0.5564184977456157,1,常规加密抽检,1
重庆,2024,4,2024-04,餐饮,5,0,0,0.0051769325643069,0.5,,,,,0.0,0.0,0.2864661654135338,0.22807017543859648,0.0,0.43256571129390253,0.5032038404001847,-0.5771733100352497,1,常规加密抽检,1
重庆,2024,6,2024-06,餐饮,104,0,0,0.0034769746891082,0.5,,,,,0.0,0.0,0.27151211361737676,0.12339181286549708,0.0,0.5214436220965012,0.48694645671602776,-0.6418987946038345,0,维持/不加码,0
重庆,2024,7,2024-07,餐饮,23,0,0,0.0033746613181053,0.5,,,,,0.0,0.0,0.27042606516290724,0.11578947368421053,0.0,0.31714350608613173,0.4100585816377429,-0.7854841876704058,1,常规加密抽检,1
重庆,2024,8,2024-08,餐饮,1,0,0,0.0035384485747588,0.5,,,,,0.0,0.0,0.2721804511278195,0.1280701754385965,0.3068528194400547,0.445751690665262,0.4229329087947643,0.027280375688787148,0,维持/不加码,0
重庆,2024,9,2024-09,餐饮,29,0,0,0.003360449421568,0.5,,,,,0.0,0.0,0.2702589807852966,0.11461988304093568,0.0,0.3199566593875446,0.40457511531095286,-0.787644248409432,1,常规加密抽检,1
重庆,2024,10,2024-10,餐饮,41,0,0,0.0030883234351072,0.5,,,,,0.0,0.0,0.26750208855472013,0.09532163742690059,0.0,0.333899822471616,0.40676423930138156,-0.7856331818111603,1,常规加密抽检,1
重庆,2024,11,2024-11,餐饮,18,0,0,0.0030702133085552,0.5,,,,,0.0,0.0,0.2672514619883041,0.0935672514619883,0.0,0.30120200252621476,0.4046510161271775,-0.8078503920549167,1,常规加密抽检,1
重庆,2024,12,2024-12,餐饮,71,0,0,0.0026279499232121,0.5,,,,,0.0,0.0,0.26290726817042603,0.06315789473684211,0.0,0.404259947129609,0.42486856587069,-0.7746581384036021,1,常规加密抽检,1
陕西,2023,1,2023-01,流通,20,0,0,0.0454545454545454,0.5,,,,,0.0,0.0,0.3670843776106934,0.7923976608187134,0.0,0.7535262814307427,0.9626079991562181,0.375452261735494,1,常规加密抽检,1
陕西,2023,3,2023-03,流通,5,0,0,0.0384615384615384,0.5,,,,,0.0,0.0,0.36311612364243945,0.7646198830409356,0.0,0.759701567234014,0.8869997691445412,0.25191381768844934,1,常规加密抽检,1
陕西,2023,4,2023-04,流通,2,0,0,0.0373134328358209,0.5,,,,,0.0,0.0,0.3621971595655806,0.758187134502924,0.0,0.7685070761870794,0.8756374818576786,0.24069663211278702,1,常规加密抽检,1
陕西,2023,5,2023-05,流通,6,0,0,0.0316856780735107,0.5,,,,,0.0,0.0,0.3576441102756892,0.7263157894736842,0.0,0.7370847225601895,0.8575394769170712,0.17265510007154428,1,常规加密抽检,1
陕西,2023,6,2023-06,流通,2,0,0,0.0623402531014276,0.5,,,,,0.0,0.0,0.36649958228905594,0.7883040935672515,0.0,0.7587926939068124,0.9026086786633088,0.24489536845971616,1,常规加密抽检,1
陕西,2023,7,2023-07,流通,10,0,0,0.0726996714960606,0.5,,,,,0.0,0.0,0.3655806182121971,0.7818713450292397,0.0,0.7588123555735931,0.9035459452419466,0.22467769797998804,1,常规加密抽检,1
陕西,2023,8,2023-08,流通,6,0,0,0.0638872019656429,0.5,,,,,0.0,0.0,0.3624895572263993,0.7602339181286549,0.0,0.7620354060649676,0.885775269813856,0.210088624074955,1,常规加密抽检,1
陕西,2023,9,2023-09,流通,9,0,0,0.0535725848398276,0.5,,,,,0.0,0.0,0.3581453634085213,0.7298245614035088,0.0,0.7568702369233302,0.8634590766723628,0.1454138086570741,1,常规加密抽检,1
陕西,2023,10,2023-10,流通,16,0,0,0.0564551077249538,0.5,,,,,0.0,0.0,0.356140350877193,0.7157894736842105,0.0,0.7419319783084714,0.8574195672792609,0.12417197395406797,1,常规加密抽检,1
陕西,2023,11,2023-11,流通,17,0,0,0.0448516404292405,0.5,,,,,0.0,0.0,0.3502088554720134,0.6742690058479532,0.0,0.7329150678130396,0.8222208242656116,0.07112630955302467,1,常规加密抽检,1
陕西,2023,12,2023-12,流通,26,0,0,0.0337611751406947,0.5,,,,,0.0,0.0,0.3406015037593985,0.6070175438596491,0.0,0.7055625511669351,0.7685147199332744,0.013866600578322077,1,常规加密抽检,1
陕西,2024,1,2024-01,流通,9,0,0,0.0313135427067972,0.5,,,,,0.0,0.0,0.3388471177944862,0.5947368421052631,0.0,0.6752789132411282,0.7709859639562441,-0.026016374814511398,1,常规加密抽检,1
陕西,2024,2,2024-02,流通,6,0,0,0.0299824494788278,0.5,,,,,0.0,0.0,0.3378446115288221,0.5877192982456141,0.0,0.6701058150306237,0.764690270319864,-0.03980415975623515,1,常规加密抽检,1
陕西,2024,3,2024-03,流通,6,0,0,0.0287374407352607,0.5,,,,,0.0,0.0,0.3369256474519632,0.5812865497076023,0.0,0.6657634483939111,0.7612935566848195,-0.048567560723451156,1,常规加密抽检,1
陕西,2024,4,2024-04,流通,3,0,0,0.0283634240652165,0.5,,,,,0.0,0.0,0.3371762740183793,0.5830409356725146,0.0,0.673367129933467,0.7586908630600904,-0.05498241482720767,1,常规加密抽检,1
陕西,2024,5,2024-05,流通,10,0,0,0.0353440497733735,0.5,,,,,0.0,0.0,0.3399331662489557,0.6023391812865497,0.0,0.6852331555237562,0.7735081804570617,-0.013544032288408121,1,常规加密抽检,1
陕西,2024,6,2024-06,流通,15,0,0,0.0312797072346177,0.5,,,,,0.0,0.0,0.3363408521303258,0.5771929824561404,0.0,0.6809771441246327,0.7564805283295625,-0.04105652109756569,1,常规加密抽检,1
陕西,2024,7,2024-07,流通,7,0,0,0.029847555171053,0.5,,,,,0.0,0.0,0.335421888053467,0.5707602339181287,0.0,0.6576674099151502,0.7574736699174722,-0.05943510961940419,1,常规加密抽检,1
陕西,2024,8,2024-08,流通,7,0,0,0.0285121632238056,0.5,,,,,0.0,0.0,0.33400167084377613,0.5608187134502924,0.0,0.6500207634833711,0.7526509413984813,-0.07179115699420613,1,常规加密抽检,1
陕西,2024,9,2024-09,流通,12,0,0,0.0261946150011322,0.5,,,,,0.0,0.0,0.3309941520467836,0.539766081871345,0.0,0.644143566336601,0.7414321640209754,-0.09903307874348947,1,常规加密抽检,1
陕西,2024,10,2024-10,流通,13,0,0,0.0240073250530768,0.5,,,,,0.0,0.0,0.32807017543859646,0.519298245614035,0.0,0.6404958950863174,0.7263706576061161,-0.13214482849345244,1,常规加密抽检,1
陕西,2024,11,2024-11,流通,13,0,0,0.0221237572178006,0.5,,,,,0.0,0.0,0.3252297410192147,0.4994152046783626,0.0,0.6341337455587174,0.7103397325342024,-0.16417899578323522,1,常规加密抽检,1
陕西,2024,12,2024-12,流通,26,0,0,0.0250865464700002,0.5,,,,,0.0,0.0,0.32506265664160405,0.4982456140350877,0.0,0.6730808283595389,0.7088038337996031,-0.16682241405694412,1,常规加密抽检,1
陕西,2023,2,2023-02,生产,1,0,0,0.3333333333333333,0.5,,,,,0.0,0.0,0.39557226399331663,0.991812865497076,0.3068528194400547,0.8535117258293617,1.039199005213665,1.0369628048992694,1,常规加密抽检,1
陕西,2023,6,2023-06,生产,1,0,0,0.2531645569620253,0.5,,,,,0.0,0.0,0.393734335839599,0.9789473684210527,0.3068528194400547,0.8390859258333923,1.0143777417460038,0.9736888644288973,1,常规加密抽检,1
陕西,2023,7,2023-07,生产,1,0,0,0.2060793405461102,0.5,,,,,0.0,0.0,0.39172932330827065,0.9649122807017544,0.3068528194400547,0.8029058097163534,0.9280218886888988,0.8750267022160385,1,常规加密抽检,1
陕西,2024,5,2024-05,生产,1,0,0,0.1751351824689682,0.5,,,,,0.0,0.0,0.3900584795321637,0.9532163742690059,0.3068528194400547,0.786414196670214,0.9354641084562304,0.8616015017451853,1,常规加密抽检,1
陕西,2024,6,2024-06,生产,3,0,0,0.1173105672625798,0.5,,,,,0.0,0.0,0.38575605680868835,0.9230994152046783,0.0,0.755396404768978,1.0197496239734285,0.4465040189804774,1,常规加密抽检,1
陕西,2024,9,2024-09,生产,1,0,0,0.1087173697979545,0.5,,,,,0.0,0.0,0.38454469507101086,0.9146198830409357,0.3068528194400547,0.6977411325233339,0.9056533080012885,0.8480094517234645,1,常规加密抽检,1
陕西,2024,12,2024-12,生产,2,0,0,0.0922657831041545,0.5,,,,,0.0,0.0,0.3821219715956558,0.8976608187134503,0.0,0.7706829902948883,0.997267171648489,0.4078239342920043,1,常规加密抽检,1
陕西,2023,1,2023-01,餐饮,2,0,0,0.25,0.5,,,,,0.0,0.0,0.3927318295739348,0.9719298245614035,0.0,0.9623560465135498,1.1383928804756471,0.6665237804141428,1,常规加密抽检,1
陕西,2023,3,2023-03,餐饮,31,0,0,0.0286532951289398,0.5,,,,,0.0,0.0,0.35538847117794486,0.7105263157894737,0.0,0.7322071858072977,0.8504257828560187,0.2387377163079294,1,常规加密抽检,1
陕西,2023,5,2023-05,餐饮,1,0,0,0.0291928185666326,0.5,,,,,0.0,0.0,0.3558897243107769,0.7140350877192982,0.3068528194400547,0.6741227349942972,0.8081266997246553,0.6531538653123763,1,常规加密抽检,1
陕西,2023,7,2023-07,餐饮,30,0,0,0.015963666694603,0.5,,,,,0.0,0.0,0.33583959899749377,0.5736842105263158,0.0,0.7069685631055986,0.7496540023340759,-0.008037872802681131,1,常规加密抽检,1
陕西,2023,8,2023-08,餐饮,1,0,0,0.0164988901402838,0.5,,,,,0.0,0.0,0.33734335839598995,0.5842105263157895,0.3068528194400547,0.6263972993327858,0.7567690529230845,0.5290110972107767,1,常规加密抽检,1
陕西,2023,9,2023-09,餐饮,11,0,0,0.0145603578659316,0.5,,,,,0.0,0.0,0.3316624895572264,0.5444444444444444,0.0,0.6522019632666886,0.7408302558235931,-0.09828479185031519,1,常规加密抽检,1
陕西,2023,10,2023-10,餐饮,64,0,0,0.0154624451151843,0.5,,,,,0.0,0.0,0.3194653299916458,0.4590643274853801,0.0,0.6316796454013833,0.6682247692516915,-0.22379291254643463,1,常规加密抽检,1
陕西,2023,11,2023-11,餐饮,17,0,0,0.0139307240598693,0.5,,,,,0.0,0.0,0.31478696741854634,0.4263157894736842,0.0,0.5941817933351871,0.6508951545492506,-0.2910658978489845,1,常规加密抽检,1
陕西,2023,12,2023-12,餐饮,9,0,0,0.0204287110809027,0.5,,,,,0.0,0.0,0.3238930659983291,0.49005847953216375,0.0,0.6102192335221527,0.708432782065173,-0.17771243906893652,1,常规加密抽检,1
陕西,2024,1,2024-01,餐饮,19,0,0,0.0182207777308591,0.5,,,,,0.0,0.0,0.3190476190476191,0.45614035087719296,0.0,0.6283919955447964,0.6762053413504127,-0.23950105302549923,1,常规加密抽检,1
陕西,2024,2,2024-02,餐饮,2,0,0,0.0182998255669075,0.5,,,,,0.0,0.0,0.3205513784461153,0.4666666666666667,0.0,0.5989728438813655,0.6699519424994155,-0.21279100551355756,1,常规加密抽检,1
陕西,2024,5,2024-05,餐饮,1,0,0,0.0185099598445076,0.5,,,,,0.0,0.0,0.32222222222222224,0.4783625730994152,0.3068528194400547,0.5764830554273541,0.6868207920656265,0.45804396050583596,1,常规加密抽检,1
陕西,2024,7,2024-07,餐饮,16,0,0,0.0168690362864437,0.5,,,,,0.0,0.0,0.3173767752715121,0.4444444444444444,0.0,0.6133375822315964,0.6639979354950442,-0.2525589732190935,1,常规加密抽检,1
陕西,2024,8,2024-08,餐饮,7,1,1,0.0230424312394894,0.6666666666666666,0.0004575666666666,0.0004575666666666,229.47475777664457,1.0,39530000.0,0.9273814057668844,0.8692564745196325,0.49473684210526314,0.0,0.7429875779316228,1.1992405769212882,1.5549070810829497,2,重点专项抽检,2
陕西,2024,9,2024-09,餐饮,13,0,0,0.0214305485618192,0.6610169491525423,,,,,0.0,0.0,0.3230576441102757,0.4842105263157895,0.0,0.8571678588605786,0.8827007021337708,0.027353992240086666,1,常规加密抽检,1
陕西,2024,10,2024-10,餐饮,17,0,0,0.0195188167586888,0.6554694229112834,,,,,0.0,0.0,0.31879699248120297,0.4543859649122807,0.0,0.8445057434864888,0.8624606355185357,-0.027688967596694196,1,常规加密抽检,1
陕西,2024,11,2024-11,餐饮,12,0,0,0.0184195164522065,0.6500284351896408,,,,,0.0,0.0,0.31687552213868003,0.4409356725146199,0.0,0.8112875481868992,0.8342519101066198,-0.051788274236328855,1,常规加密抽检,1
陕西,2024,12,2024-12,餐饮,29,3,3,0.0369149749360713,0.8280163513453959,0.0003942555555555,0.00056943,298.5594289942116,1.0,39530000.0,0.9055191680398064,0.8732664995822891,0.5274853801169591,0.0,1.756644862877665,2.218315659355213,2.426554847930469,2,重点专项抽检,2
青海,2023,6,2023-06,流通,1,0,0,0.3333333333333333,0.5,,,,,0.0,0.0,0.39557226399331663,0.991812865497076,0.3068528194400547,0.8535117258293617,1.039199005213665,1.0369628048992694,1,常规加密抽检,1
青海,2023,8,2023-08,流通,2,0,0,0.202020202020202,0.5,,,,,0.0,0.0,0.3910609857978279,0.960233918128655,0.0,0.9018254265737735,1.1181224326567833,0.6537469610921499,1,常规加密抽检,1
青海,2023,9,2023-09,流通,4,0,0,0.2272081794944618,0.5,,,,,0.0,0.0,0.3888888888888889,0.9450292397660819,0.0,0.7688752308899841,0.8569403675887054,0.42973752828863465,1,常规加密抽检,1
青海,2023,10,2023-10,流通,5,0,0,0.1448481415797732,0.5,,,,,0.0,0.0,0.3838763575605681,0.9099415204678363,0.0,0.7445487215160267,0.90110751869643,0.393562200091279,1,常规加密抽检,1
青海,2023,11,2023-11,流通,4,0,0,0.1718548145067074,0.5,,,,,0.0,0.0,0.3832915622389307,0.9058479532163742,0.0,0.7076681202544378,0.8096883299100367,0.3358177797264716,1,常规加密抽检,1
青海,2024,6,2024-06,流通,2,0,0,0.1547206921737656,0.5,,,,,0.0,0.0,0.3816207184628237,0.8941520467836257,0.0,0.7194914572892948,0.8698781687513463,0.33262093261195214,1,常规加密抽检,1
青海,2024,7,2024-07,流通,2,0,0,0.1405041342317987,0.5,,,,,0.0,0.0,0.37969924812030076,0.8807017543859649,0.0,0.7333835062492878,0.8864979653286943,0.3357251563888328,1,常规加密抽检,1
青海,2024,8,2024-08,流通,1,0,0,0.1351342874304008,0.5,,,,,0.0,0.0,0.379281537176274,0.8777777777777778,0.3068528194400547,0.6833536989745839,0.9315446053655244,0.8554845289994691,1,常规加密抽检,1
青海,2024,9,2024-09,流通,5,0,0,0.108046902929037,0.5,,,,,0.0,0.0,0.3761904761904762,0.856140350877193,0.0,0.7587884559386927,0.9281657989680877,0.3159915504430789,1,常规加密抽检,1
青海,2024,12,2024-12,流通,1,0,0,0.1476411163108452,0.5,,,,,0.0,0.0,0.3786967418546366,0.8736842105263158,0.3068528194400547,0.6782617251670252,0.9386632135965537,0.8711930323042446,1,常规加密抽检,1
青海,2023,10,2023-10,生产,1,0,0,0.3333333333333333,0.5,,,,,0.0,0.0,0.39557226399331663,0.991812865497076,0.3068528194400547,0.8535117258293617,1.039199005213665,1.0369628048992694,1,常规加密抽检,1
青海,2024,11,2024-11,生产,1,0,0,0.2531645569620253,0.5,,,,,0.0,0.0,0.393734335839599,0.9789473684210527,0.3068528194400547,0.8390859258333923,1.0143777417460038,0.9736888644288973,1,常规加密抽检,1
青海,2023,8,2023-08,餐饮,8,0,0,0.1,0.5,,,,,0.0,0.0,0.38362573099415204,0.908187134502924,0.0,0.7831434796104013,1.0138160794501248,0.5049939862426778,1,常规加密抽检,1
青海,2023,9,2023-09,餐饮,2,0,0,0.0862068965517241,0.5,,,,,0.0,0.0,0.3808688387635756,0.8888888888888888,0.0,0.7774579511671483,0.9964761900186524,0.39522424892416275,1,常规加密抽检,1
青海,2023,10,2023-10,餐饮,15,0,0,0.0382848392036753,0.5,,,,,0.0,0.0,0.36290726817042607,0.7631578947368421,0.0,0.7582739709018985,0.9169903947479124,0.2603922840379855,1,常规加密抽检,1
青海,2023,11,2023-11,餐饮,2,0,0,0.0371553838151148,0.5,,,,,0.0,0.0,0.3619047619047619,0.756140350877193,0.0,0.7671772664309292,0.8742663895256784,0.2393199945975758,1,常规加密抽检,1
青海,2023,12,2023-12,餐饮,2,0,0,0.036142444602668,0.5,,,,,0.0,0.0,0.36123642439431913,0.7514619883040936,0.0,0.7645434429798718,0.8696119957614346,0.23174389292879116,1,常规加密抽检,1
青海,2024,7,2024-07,餐饮,6,0,0,0.0308786027802785,0.5,,,,,0.0,0.0,0.35680868838763574,0.7204678362573099,0.0,0.7338502820447443,0.8529324850222011,0.1617029003180417,1,常规加密抽检,1
青海,2024,8,2024-08,餐饮,7,0,0,0.0264091662043246,0.5,,,,,0.0,0.0,0.3535505430242272,0.6976608187134503,0.0,0.717872290947662,0.8319262784372108,0.11579642866813082,1,常规加密抽检,1
青海,2024,9,2024-09,餐饮,2,0,0,0.0262657747987565,0.5,,,,,0.0,0.0,0.35304928989139517,0.6941520467836257,0.0,0.732162553071553,0.8115873370351633,0.13976035650951274,1,常规加密抽检,1
青海,2024,10,2024-10,餐饮,11,0,0,0.0211556302022165,0.5,,,,,0.0,0.0,0.346031746031746,0.6450292397660818,0.0,0.6956948948248286,0.8042677497726362,0.05645283699020802,1,常规加密抽检,1
青海,2024,11,2024-11,餐饮,3,0,0,0.0208310316180286,0.5,,,,,0.0,0.0,0.3454469507101086,0.6409356725146199,0.0,0.697864900791382,0.7837956257974702,0.04135213252512571,1,常规加密抽检,1
青海,2024,12,2024-12,餐饮,5,0,0,0.019721905920486,0.5,,,,,0.0,0.0,0.3433583959899749,0.6263157894736842,0.0,0.6804279133796114,0.788469876457269,0.01928478422426967,1,常规加密抽检,1
香港,2023,10,2023-10,流通,1,0,0,0.3333333333333333,0.5,,,,,,0.0,0.39557226399331663,0.991812865497076,0.3068528194400547,0.8535117258293617,1.039199005213665,1.0369628048992694,1,常规加密抽检,1
黑龙江,2023,1,2023-01,流通,1,0,0,0.3333333333333333,0.5,,,,,0.0,0.0,0.39557226399331663,0.991812865497076,0.3068528194400547,0.8535117258293617,1.039199005213665,1.0369628048992694,1,常规加密抽检,1
黑龙江,2023,2,2023-02,流通,18,0,0,0.0477326968973747,0.5,,,,,0.0,0.0,0.3677527151211362,0.7970760233918128,0.0,0.7483898631580005,0.9659497744075055,0.37973182927350346,1,常规加密抽检,1
黑龙江,2023,4,2023-04,流通,6,0,0,0.0384578405922507,0.5,,,,,0.0,0.0,0.36299081035923136,0.7637426900584795,0.0,0.7568239619735038,0.8869710214763187,0.25152516334567954,1,常规加密抽检,1
黑龙江,2023,5,2023-05,流通,7,0,0,0.0314441924541799,0.5,,,,,0.0,0.0,0.3573934837092732,0.724561403508772,0.0,0.7346523652112062,0.856289949952368,0.16457250989471883,1,常规加密抽检,1
黑龙江,2023,6,2023-06,流通,51,0,0,0.0122982689955796,0.5,,,,,0.0,0.0,0.32447786131996653,0.49415204678362573,0.0,0.6365595982838018,0.699185100727538,-0.1642735774175411,1,常规加密抽检,1
黑龙江,2023,7,2023-07,流通,16,0,0,0.0214255159730418,0.5,,,,,0.0,0.0,0.333500417710944,0.5573099415204679,0.0,0.6779751037425119,0.7473407967149374,-0.08017717706844567,1,常规加密抽检,1
黑龙江,2023,8,2023-08,流通,3,0,0,0.0212466183621313,0.5,,,,,0.0,0.0,0.3336675020885547,0.5584795321637427,0.0,0.6594199893346707,0.7401709439073216,-0.08350791775502579,1,常规加密抽检,1
黑龙江,2023,9,2023-09,流通,13,0,0,0.0289409711340956,0.5,,,,,0.0,0.0,0.33826232247284876,0.5906432748538012,0.0,0.6797793224168103,0.7662636541966193,-0.02813760230450693,1,常规加密抽检,1
黑龙江,2023,11,2023-11,流通,5,0,0,0.0279686359183083,0.5,,,,,0.0,0.0,0.3375104427736007,0.5853801169590643,0.0,0.6683611046089586,0.7619603621127744,-0.04519031921243734,1,常规加密抽检,1
黑龙江,2023,12,2023-12,流通,14,0,0,0.0430945910782934,0.5,,,,,0.0,0.0,0.34327485380116957,0.6257309941520468,0.0,0.7108709955990985,0.7806708508461908,0.017648190038658168,1,常规加密抽检,1
黑龙江,2024,1,2024-01,流通,1,0,0,0.0431192946034743,0.5,,,,,0.0,0.0,0.34411027568922303,0.631578947368421,0.3068528194400547,0.6694724813497278,0.807470413902407,0.5743735468302047,1,常规加密抽检,1
黑龙江,2024,2,2024-02,流通,2,0,0,0.0427214673861759,0.5,,,,,0.0,0.0,0.34444444444444444,0.6339181286549708,0.0,0.7100538505258147,0.7942285585362557,0.04007177223662946,1,常规加密抽检,1
黑龙江,2024,3,2024-03,流通,5,0,0,0.0410745159777252,0.5,,,,,0.0,0.0,0.3437761069340017,0.6292397660818714,0.0,0.6986145933825804,0.7900709059420813,0.003067622769715936,1,常规加密抽检,1
黑龙江,2024,4,2024-04,流通,4,0,0,0.0399014501414007,0.5,,,,,0.0,0.0,0.34344193817878027,0.6269005847953216,0.0,0.6979864922588849,0.7878464737158731,-0.0014335264170237672,1,常规加密抽检,1
黑龙江,2024,5,2024-05,流通,3,0,0,0.0391569858225257,0.5,,,,,0.0,0.0,0.3435254803675856,0.6274853801169591,0.0,0.7011422741079367,0.7878498885050873,0.010246733124267701,1,常规加密抽检,1
黑龙江,2024,6,2024-06,流通,65,0,0,0.02345312459378,0.5,,,,,0.0,0.0,0.3240601503759399,0.49122807017543857,0.0,0.653795555615406,0.6901259766663682,-0.15230012926629824,1,常规加密抽检,1
黑龙江,2024,7,2024-07,流通,3,0,0,0.023305962422689,0.5,,,,,0.0,0.0,0.3243107769423559,0.49298245614035086,0.0,0.6165402184865162,0.7078549351683862,-0.17112623450392656,1,常规加密抽检,1
黑龙江,2024,8,2024-08,流通,4,1,1,0.0296406686082221,0.6666666666666666,0.0009952833333333,0.0009952833333333,105.49759699917944,1.0,30290000.0,0.9666146844939306,0.8766081871345028,0.5304093567251462,0.0,0.823375097071123,1.3632624773326825,1.7774411366057203,2,重点专项抽检,2
黑龙江,2024,9,2024-09,流通,13,0,0,0.0274753982570698,0.6610169491525423,,,,,0.0,0.0,0.3274018379281537,0.5146198830409356,0.0,0.8577250556741361,0.8732325787234677,0.06683134069259257,1,常规加密抽检,1
黑龙江,2024,10,2024-10,流通,2,0,0,0.0274242546817506,0.6554694229112834,,,,,0.0,0.0,0.3281537176274018,0.5198830409356725,0.0,0.7631851307533438,0.8786344314428546,0.034027605404038305,1,常规加密抽检,1
黑龙江,2024,11,2024-11,流通,32,0,0,0.0226822276313387,0.6500284351896408,,,,,0.0,0.0,0.32197159565580613,0.4766081871345029,0.0,0.8437217400692022,0.8660929004766902,-0.018878182146667526,1,常规加密抽检,1
黑龙江,2024,12,2024-12,流通,13,0,0,0.0213049808940839,0.6446978932805709,,,,,0.0,0.0,0.3191311612364244,0.4567251461988304,0.0,0.8122286982110997,0.825832040866034,-0.03612016645517449,1,常规加密抽检,1
黑龙江,2023,4,2023-04,生产,5,0,0,0.1428571428571428,0.5,,,,,0.0,0.0,0.387468671679198,0.9350877192982456,0.0,0.8163774969993315,1.0185641914065442,0.5042795132166641,1,常规加密抽检,1
黑龙江,2023,8,2023-08,生产,5,0,0,0.0851063829787234,0.5,,,,,0.0,0.0,0.3803675856307435,0.8853801169590644,0.0,0.7766915654707246,1.0253410797570264,0.4545394573141036,1,常规加密抽检,1
黑龙江,2023,9,2023-09,生产,4,0,0,0.0655200655200655,0.5,,,,,0.0,0.0,0.37602339181286554,0.8549707602339182,0.0,0.79165485180202,0.98532747707347,0.3806700895770212,1,常规加密抽检,1
黑龙江,2023,11,2023-11,生产,1,0,0,0.0641051324171641,0.5,,,,,0.0,0.0,0.3755221386800334,0.8514619883040936,0.3068528194400547,0.7072356478831625,0.8737095623961507,0.8332716880588965,1,常规加密抽检,1
黑龙江,2024,6,2024-06,生产,1,0,0,0.0628164131435492,0.5,,,,,0.0,0.0,0.37510442773600666,0.8485380116959065,0.3068528194400547,0.7064768990585198,0.8714134018798861,0.8287791676847993,1,常规加密抽检,1
黑龙江,2024,8,2024-08,生产,5,0,0,0.0494475816617153,0.5,,,,,0.0,0.0,0.3685045948203843,0.8023391812865497,0.0,0.7806568635790806,0.9263964925749649,0.3212049031198754,1,常规加密抽检,1
黑龙江,2024,9,2024-09,生产,9,0,0,0.0353203825392794,0.5,,,,,0.0,0.0,0.36056808688387637,0.7467836257309941,0.0,0.7444723377402378,0.878324507192404,0.20898686485539608,1,常规加密抽检,1
黑龙江,2024,10,2024-10,生产,4,0,0,0.0322615498733191,0.5,,,,,0.0,0.0,0.3584795321637427,0.7321637426900585,0.0,0.7405190259347458,0.861572835753654,0.1953120483347398,1,常规加密抽检,1
黑龙江,2024,11,2024-11,生产,7,0,0,0.0273621629498139,0.5,,,,,0.0,0.0,0.35438596491228075,0.7035087719298245,0.0,0.7214632659396096,0.8368196064460848,0.1255885204229671,1,常规加密抽检,1
黑龙江,2024,12,2024-12,生产,4,0,0,0.0257602643115288,0.5,,,,,0.0,0.0,0.352297410192147,0.6888888888888889,0.0,0.7178815458504456,0.8262937749011586,0.11037580993352532,1,常规加密抽检,1
黑龙江,2023,1,2023-01,餐饮,150,0,0,0.006578947368421,0.5,,,,,0.0,0.0,0.2953216374269006,0.29005847953216374,0.0,0.6394918137221184,0.6380107896733666,-0.35655413609007586,0,维持/不加码,0
黑龙江,2023,2,2023-02,餐饮,7,0,0,0.0066006600660066,0.5,,,,,0.0,0.0,0.29540517961570595,0.29064327485380115,0.0,0.47903922373149843,0.5605847603779108,-0.4862801912420162,1,常规加密抽检,1
黑龙江,2023,3,2023-03,餐饮,7,0,0,0.0066214202946532,0.5,,,,,0.0,0.0,0.2955722639933166,0.291812865497076,0.0,0.47999863060361814,0.5616261312070029,-0.4845398737484529,1,常规加密抽检,1
黑龙江,2023,4,2023-04,餐饮,56,0,0,0.0050106790096392,0.5,,,,,0.0,0.0,0.2847953216374269,0.21637426900584794,0.0,0.4750467233967738,0.4867566573822164,-0.632132215661091,1,常规加密抽检,1
黑龙江,2023,5,2023-05,餐饮,3,0,0,0.0051895465666122,0.5,,,,,0.0,0.0,0.2865497076023392,0.22865497076023392,0.0,0.44721469368673905,0.49691093639174244,-0.5581355253733329,1,常规加密抽检,1
黑龙江,2023,6,2023-06,餐饮,16,0,0,0.0050210807722591,0.5,,,,,0.0,0.0,0.2849624060150376,0.21754385964912282,0.0,0.38384482374710127,0.4866158397867105,-0.6497078755579088,1,常规加密抽检,1
黑龙江,2023,7,2023-07,餐饮,9,0,0,0.0050428060124849,0.5,,,,,0.0,0.0,0.28504594820384294,0.21812865497076023,0.0,0.4089293695610853,0.4911320861606999,-0.6073769261535963,1,常规加密抽检,1
黑龙江,2023,8,2023-08,餐饮,65,0,0,0.0039449726929497,0.5,,,,,0.0,0.0,0.2761069340016708,0.15555555555555556,0.0,0.4545546973017881,0.4651064732544732,-0.6867627907897165,1,常规加密抽检,1
黑龙江,2023,9,2023-09,餐饮,4,0,0,0.0040830855607217,0.5,,,,,0.0,0.0,0.27669172932330827,0.15964912280701754,0.0,0.38122004234050577,0.46141187440783094,-0.6669587141342049,1,常规加密抽检,1
黑龙江,2023,10,2023-10,餐饮,17,0,0,0.0040037286045803,0.5,,,,,0.0,0.0,0.2764411027568922,0.15789473684210525,0.0,0.3381009213075282,0.44314375013459373,-0.7300670631596132,1,常规加密抽检,1
黑龙江,2023,11,2023-11,餐饮,67,0,0,0.0032853797090523,0.5,,,,,0.0,0.0,0.26917293233082706,0.10701754385964912,0.0,0.42466968678729167,0.44302055409751595,-0.7350548514462569,1,常规加密抽检,1
黑龙江,2023,12,2023-12,餐饮,20,0,0,0.0032335264515583,0.5,,,,,0.0,0.0,0.26883876357560565,0.10467836257309941,0.0,0.3089081633239749,0.4070600194196971,-0.7930918486397353,1,常规加密抽检,1
黑龙江,2024,2,2024-02,餐饮,10,0,0,0.0032905898295597,0.5,,,,,0.0,0.0,0.2692564745196324,0.10760233918128655,0.0,0.31400316571056086,0.40919790034345116,-0.7771180630466782,1,常规加密抽检,1
黑龙江,2024,4,2024-04,餐饮,7,0,0,0.0033806392832991,0.5,,,,,0.0,0.0,0.27050960735171264,0.11637426900584795,0.0,0.335908276384248,0.42055855964960176,-0.7412492836035615,1,常规加密抽检,1
黑龙江,2024,5,2024-05,餐饮,4,0,0,0.0035073943363055,0.5,,,,,0.0,0.0,0.2717627401837928,0.12514619883040937,0.0,0.3512597528410774,0.4394898910674737,-0.7116526688578838,1,常规加密抽检,1
黑龙江,2024,6,2024-06,餐饮,32,0,0,0.003300805631889,0.5,,,,,0.0,0.0,0.26942355889724307,0.10877192982456141,0.0,0.3198117494979541,0.40263747817439255,-0.7888345304114885,1,常规加密抽检,1
黑龙江,2024,7,2024-07,餐饮,6,0,0,0.0034024191718584,0.5,,,,,0.0,0.0,0.27076023391812865,0.11812865497076024,0.0,0.3396420051447103,0.42606535876381346,-0.7311929414780044,1,常规加密抽检,1
黑龙江,2024,8,2024-08,餐饮,2,0,0,0.0035547580424599,0.5,,,,,0.0,0.0,0.27251461988304093,0.1304093567251462,0.0,0.38516756288063203,0.4415849160332317,-0.6839511865905409,1,常规加密抽检,1
黑龙江,2024,9,2024-09,餐饮,274,0,0,0.0018472424900935,0.5,,,,,0.0,0.0,0.2573934837092732,0.02456140350877193,0.0,0.6478458705994113,0.6209386014009256,-0.4907613101978969,0,维持/不加码,0
黑龙江,2024,10,2024-10,餐饮,14,0,0,0.0018925770554544,0.5,,,,,0.0,0.0,0.25764411027568923,0.02631578947368421,0.0,0.2598501039390508,0.36832415704299637,-0.8892334045905134,1,常规加密抽检,1
黑龙江,2024,12,2024-12,餐饮,38,0,0,0.0018516424517154,0.5,,,,,0.0,0.0,0.2574770258980785,0.025146198830409357,0.0,0.2751150774668671,0.37339643069907963,-0.8566325886373599,1,常规加密抽检,1
